{
  "lang": "de",
  "lang_factory": "trf",
  "name": "trf_bertbasecased_lg",
  "description": "Provides weights and configuration for the pretrained transformer model `bert-base-german-cased`, published by deepset. The package uses HuggingFace's `transformers` implementation of the model. Pretrained transformer models assign detailed contextual word representations, using knowledge drawn from a large corpus of unlabelled text. You can use the contextual word representations as features in a variety of pipeline components that can be trained on your own data.",
  "notes": "Requires the `spacy-transformers` package to be installed. A CUDA-compatible GPU is advised for reasonable performance.",
  "author": "deepset (repackaged by Explosion)",
  "email": "contact@explosion.ai",
  "url": "https://github.com/explosion/spacy-transformers",
  "license": "MIT",
  "sources": [
    {
      "name": "bert-base-german-cased",
      "author": "deepset",
      "url": "https://deepset.ai/german-bert"
    }
  ],
  "version": "2.2.0",
  "requirements": [
    "spacy-transformers>=0.5.0"
  ],
  "spacy_version": ">=2.2.1",
  "vectors": {
    "width": 0,
    "vectors": 0,
    "keys": 0,
    "name": null
  },
  "pipeline": [
    "sentencizer",
    "trf_wordpiecer",
    "trf_tok2vec"
  ],
  "labels": {},
  "size": "386 MB",
  "checksum": "f9f27bfd138f5b55b3177bb2d933d1825a107275f599c11797f9c2f5dea048b4"
}