{
  "name": "core_news_sm",
  "lang": "el",
  "description": "Greek pipeline with POS tags, dependencies and named entities. Syntax (dependencies and POS tags) trained from the Universal Dependencies conversion of the Greek Dependency Treebank. Named entity annotations were created by Giannis Daras using Prodigy, using the OntoNotes 5 annotation schema.",
  "author": "Explosion and Giannis Daras",
  "email": "contact@explosion.ai",
  "license": "CC BY-NC-SA 3.0",
  "sources": [
    {
      "name": "UD Greek GDT v2.5",
      "url": "https://github.com/UniversalDependencies/UD_Greek-GDT",
      "license": "CC BY-NC-SA 3.0",
      "author": "Prokopidis, Prokopis"
    },
    {
      "name": "Greek NER Corpus (Google Summer of Code 2018)",
      "author": "Giannis Daras",
      "url": "https://github.com/eellak/gsoc2018-spacy"
    }
  ],
  "url": "https://github.com/eellak/gsoc2018-spacy",
  "pipeline": [
    "tagger",
    "parser",
    "ner"
  ],
  "version": "2.3.0",
  "spacy_version": ">=2.3.0,<2.4.0",
  "parent_package": "spacy",
  "accuracy": {
    "las": 79.6197593274,
    "uas": 83.9496675642,
    "token_acc": 99.9014195584,
    "las_per_type": {
      "advmod": {
        "p": 71.6666666667,
        "r": 72.676056338,
        "f": 72.1678321678
      },
      "case": {
        "p": 93.2835820896,
        "r": 93.4829059829,
        "f": 93.3831376734
      },
      "det": {
        "p": 92.4528301887,
        "r": 93.2065217391,
        "f": 92.8281461434
      },
      "obl": {
        "p": 71.007751938,
        "r": 72.125984252,
        "f": 71.5625
      },
      "nmod": {
        "p": 72.3849372385,
        "r": 74.3127147766,
        "f": 73.3361593896
      },
      "nsubj": {
        "p": 69.373549884,
        "r": 69.8598130841,
        "f": 69.6158323632
      },
      "amod": {
        "p": 84.595959596,
        "r": 81.3106796117,
        "f": 82.9207920792
      },
      "flat": {
        "p": 63.4408602151,
        "r": 59.595959596,
        "f": 61.4583333333
      },
      "root": {
        "p": 87.4384236453,
        "r": 88.0893300248,
        "f": 87.7626699629
      },
      "obj": {
        "p": 71.2,
        "r": 81.1550151976,
        "f": 75.8522727273
      },
      "acl:relcl": {
        "p": 70.2247191011,
        "r": 67.9347826087,
        "f": 69.0607734807
      },
      "aux": {
        "p": 96.6911764706,
        "r": 96.6911764706,
        "f": 96.6911764706
      },
      "nsubj:pass": {
        "p": 68.0555555556,
        "r": 59.3939393939,
        "f": 63.430420712
      },
      "conj": {
        "p": 52.9085872576,
        "r": 52.4725274725,
        "f": 52.6896551724
      },
      "cop": {
        "p": 69.696969697,
        "r": 68.3168316832,
        "f": 69.0
      },
      "cc": {
        "p": 82.9113924051,
        "r": 81.6199376947,
        "f": 82.2605965463
      },
      "mark": {
        "p": 87.0503597122,
        "r": 84.6153846154,
        "f": 85.8156028369
      },
      "acl": {
        "p": 70.8333333333,
        "r": 38.6363636364,
        "f": 50.0
      },
      "advcl": {
        "p": 52.5423728814,
        "r": 58.4905660377,
        "f": 55.3571428571
      },
      "xcomp": {
        "p": 66.6666666667,
        "r": 61.9047619048,
        "f": 64.1975308642
      },
      "nummod": {
        "p": 84.8101265823,
        "r": 80.7228915663,
        "f": 82.7160493827
      },
      "parataxis": {
        "p": 40.0,
        "r": 11.7647058824,
        "f": 18.1818181818
      },
      "orphan": {
        "p": 0.0,
        "r": 0.0,
        "f": 0.0
      },
      "appos": {
        "p": 17.0731707317,
        "r": 14.2857142857,
        "f": 15.5555555556
      },
      "obl:agent": {
        "p": 60.0,
        "r": 36.0,
        "f": 45.0
      },
      "csubj": {
        "p": 50.0,
        "r": 36.3636363636,
        "f": 42.1052631579
      },
      "fixed": {
        "p": 50.0,
        "r": 71.4285714286,
        "f": 58.8235294118
      },
      "csubj:pass": {
        "p": 66.6666666667,
        "r": 66.6666666667,
        "f": 66.6666666667
      },
      "dep": {
        "p": 0.0,
        "r": 0.0,
        "f": 0.0
      },
      "vocative": {
        "p": 75.0,
        "r": 42.8571428571,
        "f": 54.5454545455
      },
      "ccomp": {
        "p": 75.3623188406,
        "r": 75.3623188406,
        "f": 75.3623188406
      },
      "compound": {
        "p": 0.0,
        "r": 0.0,
        "f": 0.0
      },
      "iobj": {
        "p": 50.0,
        "r": 100.0,
        "f": 66.6666666667
      },
      "expl": {
        "p": 0.0,
        "r": 0.0,
        "f": 0.0
      }
    },
    "tags_acc": 87.5844719578,
    "ents_f": 68.1127982646,
    "ents_p": 70.4035874439,
    "ents_r": 65.9663865546,
    "ents_per_type": {
      "ORG": {
        "p": 66.2162162162,
        "r": 69.014084507,
        "f": 67.5862068966
      },
      "GPE": {
        "p": 72.619047619,
        "r": 70.1149425287,
        "f": 71.3450292398
      },
      "PERSON": {
        "p": 77.7777777778,
        "r": 65.625,
        "f": 71.186440678
      },
      "LOC": {
        "p": 0.0,
        "r": 0.0,
        "f": 0.0
      },
      "EVENT": {
        "p": 37.5,
        "r": 50.0,
        "f": 42.8571428571
      },
      "PRODUCT": {
        "p": 66.6666666667,
        "r": 25.0,
        "f": 36.3636363636
      }
    }
  },
  "speed": {
    "cpu": 3745.2105399267,
    "gpu": null,
    "nwords": 6191
  },
  "labels": {
    "tagger": [
      "ADJ__Case=Acc|Degree=Cmp|Gender=Fem|Number=Plur",
      "ADJ__Case=Acc|Degree=Cmp|Gender=Fem|Number=Sing",
      "ADJ__Case=Acc|Degree=Cmp|Gender=Masc|Number=Plur",
      "ADJ__Case=Acc|Degree=Cmp|Gender=Masc|Number=Sing",
      "ADJ__Case=Acc|Degree=Cmp|Gender=Neut|Number=Plur",
      "ADJ__Case=Acc|Degree=Cmp|Gender=Neut|Number=Sing",
      "ADJ__Case=Acc|Degree=Sup|Gender=Fem|Number=Plur",
      "ADJ__Case=Acc|Degree=Sup|Gender=Masc|Number=Plur",
      "ADJ__Case=Acc|Degree=Sup|Gender=Neut|Number=Plur",
      "ADJ__Case=Acc|Degree=Sup|Gender=Neut|Number=Sing",
      "ADJ__Case=Acc|Gender=Fem|Number=Plur",
      "ADJ__Case=Acc|Gender=Fem|Number=Sing",
      "ADJ__Case=Acc|Gender=Masc|Number=Plur",
      "ADJ__Case=Acc|Gender=Masc|Number=Sing",
      "ADJ__Case=Acc|Gender=Neut|Number=Plur",
      "ADJ__Case=Acc|Gender=Neut|Number=Sing",
      "ADJ__Case=Dat|Gender=Fem|Number=Sing",
      "ADJ__Case=Gen|Degree=Cmp|Gender=Fem|Number=Plur",
      "ADJ__Case=Gen|Degree=Cmp|Gender=Fem|Number=Sing",
      "ADJ__Case=Gen|Degree=Cmp|Gender=Masc|Number=Plur",
      "ADJ__Case=Gen|Degree=Cmp|Gender=Masc|Number=Sing",
      "ADJ__Case=Gen|Degree=Cmp|Gender=Neut|Number=Plur",
      "ADJ__Case=Gen|Degree=Cmp|Gender=Neut|Number=Sing",
      "ADJ__Case=Gen|Degree=Sup|Gender=Fem|Number=Sing",
      "ADJ__Case=Gen|Degree=Sup|Gender=Masc|Number=Plur",
      "ADJ__Case=Gen|Gender=Fem|Number=Plur",
      "ADJ__Case=Gen|Gender=Fem|Number=Sing",
      "ADJ__Case=Gen|Gender=Masc|Number=Plur",
      "ADJ__Case=Gen|Gender=Masc|Number=Sing",
      "ADJ__Case=Gen|Gender=Neut|Number=Plur",
      "ADJ__Case=Gen|Gender=Neut|Number=Sing",
      "ADJ__Case=Nom|Degree=Cmp|Gender=Fem|Number=Plur",
      "ADJ__Case=Nom|Degree=Cmp|Gender=Fem|Number=Sing",
      "ADJ__Case=Nom|Degree=Cmp|Gender=Masc|Number=Plur",
      "ADJ__Case=Nom|Degree=Cmp|Gender=Masc|Number=Sing",
      "ADJ__Case=Nom|Degree=Cmp|Gender=Neut|Number=Plur",
      "ADJ__Case=Nom|Degree=Cmp|Gender=Neut|Number=Sing",
      "ADJ__Case=Nom|Degree=Sup|Gender=Fem|Number=Plur",
      "ADJ__Case=Nom|Degree=Sup|Gender=Fem|Number=Sing",
      "ADJ__Case=Nom|Degree=Sup|Gender=Masc|Number=Plur",
      "ADJ__Case=Nom|Degree=Sup|Gender=Neut|Number=Plur",
      "ADJ__Case=Nom|Degree=Sup|Gender=Neut|Number=Sing",
      "ADJ__Case=Nom|Gender=Fem|Number=Plur",
      "ADJ__Case=Nom|Gender=Fem|Number=Sing",
      "ADJ__Case=Nom|Gender=Masc|Number=Plur",
      "ADJ__Case=Nom|Gender=Masc|Number=Sing",
      "ADJ__Case=Nom|Gender=Neut|Number=Plur",
      "ADJ__Case=Nom|Gender=Neut|Number=Sing",
      "ADJ__Case=Voc|Gender=Masc|Number=Plur",
      "ADJ__Case=Voc|Gender=Masc|Number=Sing",
      "ADP",
      "ADP__Case=Acc|Gender=Fem|Number=Sing",
      "ADP__Case=Acc|Gender=Neut|Number=Plur",
      "ADV",
      "ADV__Abbr=Yes",
      "ADV__Degree=Cmp",
      "ADV__Degree=Sup",
      "AUX",
      "AUX__Aspect=Imp|Mood=Ind|Number=Plur|Person=1|Tense=Pres|VerbForm=Fin|Voice=Act",
      "AUX__Aspect=Imp|Mood=Ind|Number=Plur|Person=1|Tense=Pres|VerbForm=Fin|Voice=Pass",
      "AUX__Aspect=Imp|Mood=Ind|Number=Plur|Person=2|Tense=Pres|VerbForm=Fin|Voice=Act",
      "AUX__Aspect=Imp|Mood=Ind|Number=Plur|Person=2|Tense=Pres|VerbForm=Fin|Voice=Pass",
      "AUX__Aspect=Imp|Mood=Ind|Number=Plur|Person=3|Tense=Past|VerbForm=Fin|Voice=Act",
      "AUX__Aspect=Imp|Mood=Ind|Number=Plur|Person=3|Tense=Past|VerbForm=Fin|Voice=Pass",
      "AUX__Aspect=Imp|Mood=Ind|Number=Plur|Person=3|Tense=Pres|VerbForm=Fin|Voice=Act",
      "AUX__Aspect=Imp|Mood=Ind|Number=Plur|Person=3|Tense=Pres|VerbForm=Fin|Voice=Pass",
      "AUX__Aspect=Imp|Mood=Ind|Number=Sing|Person=1|Tense=Pres|VerbForm=Fin|Voice=Act",
      "AUX__Aspect=Imp|Mood=Ind|Number=Sing|Person=1|Tense=Pres|VerbForm=Fin|Voice=Pass",
      "AUX__Aspect=Imp|Mood=Ind|Number=Sing|Person=3|Tense=Past|VerbForm=Fin|Voice=Act",
      "AUX__Aspect=Imp|Mood=Ind|Number=Sing|Person=3|Tense=Past|VerbForm=Fin|Voice=Pass",
      "AUX__Aspect=Imp|Mood=Ind|Number=Sing|Person=3|Tense=Pres|VerbForm=Fin|Voice=Act",
      "AUX__Aspect=Imp|Mood=Ind|Number=Sing|Person=3|Tense=Pres|VerbForm=Fin|Voice=Pass",
      "AUX__Aspect=Imp|VerbForm=Conv|Voice=Act",
      "AUX__Aspect=Perf|Mood=Ind|Number=Plur|Person=2|Tense=Past|VerbForm=Fin|Voice=Act",
      "AUX__Aspect=Perf|Mood=Ind|Number=Plur|Person=3|Tense=Past|VerbForm=Fin|Voice=Pass",
      "AUX__Aspect=Perf|Mood=Ind|Number=Sing|Person=3|Tense=Past|VerbForm=Fin|Voice=Pass",
      "AsPpSp_AtDf__Case=Acc|Gender=Fem|Number=Plur",
      "AsPpSp_AtDf__Case=Acc|Gender=Fem|Number=Sing",
      "AsPpSp_AtDf__Case=Acc|Gender=Masc|Number=Plur",
      "AsPpSp_AtDf__Case=Acc|Gender=Masc|Number=Sing",
      "AsPpSp_AtDf__Case=Acc|Gender=Neut|Number=Plur",
      "AsPpSp_AtDf__Case=Acc|Gender=Neut|Number=Sing",
      "CCONJ",
      "DET__Case=Acc|Definite=Def|Gender=Fem|Number=Plur|PronType=Art",
      "DET__Case=Acc|Definite=Def|Gender=Fem|Number=Sing|PronType=Art",
      "DET__Case=Acc|Definite=Def|Gender=Masc|Number=Plur|PronType=Art",
      "DET__Case=Acc|Definite=Def|Gender=Masc|Number=Sing|PronType=Art",
      "DET__Case=Acc|Definite=Def|Gender=Neut|Number=Plur|PronType=Art",
      "DET__Case=Acc|Definite=Def|Gender=Neut|Number=Sing|PronType=Art",
      "DET__Case=Acc|Definite=Ind|Gender=Fem|Number=Sing|PronType=Art",
      "DET__Case=Acc|Definite=Ind|Gender=Masc|Number=Sing|PronType=Art",
      "DET__Case=Acc|Definite=Ind|Gender=Neut|Number=Sing|PronType=Art",
      "DET__Case=Dat|Definite=Def|Gender=Fem|Number=Sing|PronType=Art",
      "DET__Case=Dat|Definite=Def|Gender=Neut|Number=Sing|PronType=Art",
      "DET__Case=Gen|Definite=Def|Gender=Fem|Number=Plur|PronType=Art",
      "DET__Case=Gen|Definite=Def|Gender=Fem|Number=Sing|PronType=Art",
      "DET__Case=Gen|Definite=Def|Gender=Masc|Number=Plur|PronType=Art",
      "DET__Case=Gen|Definite=Def|Gender=Masc|Number=Sing|PronType=Art",
      "DET__Case=Gen|Definite=Def|Gender=Neut|Number=Plur|PronType=Art",
      "DET__Case=Gen|Definite=Def|Gender=Neut|Number=Sing|PronType=Art",
      "DET__Case=Gen|Definite=Ind|Gender=Fem|Number=Sing|PronType=Art",
      "DET__Case=Gen|Definite=Ind|Gender=Masc|Number=Sing|PronType=Art",
      "DET__Case=Gen|Definite=Ind|Gender=Neut|Number=Sing|PronType=Art",
      "DET__Case=Nom|Definite=Def|Gender=Fem|Number=Plur|PronType=Art",
      "DET__Case=Nom|Definite=Def|Gender=Fem|Number=Sing|PronType=Art",
      "DET__Case=Nom|Definite=Def|Gender=Masc|Number=Plur|PronType=Art",
      "DET__Case=Nom|Definite=Def|Gender=Masc|Number=Sing|PronType=Art",
      "DET__Case=Nom|Definite=Def|Gender=Neut|Number=Plur|PronType=Art",
      "DET__Case=Nom|Definite=Def|Gender=Neut|Number=Sing|PronType=Art",
      "DET__Case=Nom|Definite=Ind|Gender=Fem|Number=Sing|PronType=Art",
      "DET__Case=Nom|Definite=Ind|Gender=Masc|Number=Sing|PronType=Art",
      "DET__Case=Nom|Definite=Ind|Gender=Neut|Number=Sing|PronType=Art",
      "NOUN",
      "NOUN__Abbr=Yes",
      "NOUN__Case=Acc|Gender=Fem|Number=Plur",
      "NOUN__Case=Acc|Gender=Fem|Number=Sing",
      "NOUN__Case=Acc|Gender=Masc|Number=Plur",
      "NOUN__Case=Acc|Gender=Masc|Number=Sing",
      "NOUN__Case=Acc|Gender=Neut|Number=Plur",
      "NOUN__Case=Acc|Gender=Neut|Number=Sing",
      "NOUN__Case=Dat|Gender=Fem|Number=Sing",
      "NOUN__Case=Dat|Gender=Masc|Number=Sing",
      "NOUN__Case=Dat|Gender=Neut|Number=Sing",
      "NOUN__Case=Gen|Gender=Fem|Number=Plur",
      "NOUN__Case=Gen|Gender=Fem|Number=Sing",
      "NOUN__Case=Gen|Gender=Masc|Number=Plur",
      "NOUN__Case=Gen|Gender=Masc|Number=Sing",
      "NOUN__Case=Gen|Gender=Neut|Number=Plur",
      "NOUN__Case=Gen|Gender=Neut|Number=Sing",
      "NOUN__Case=Nom|Gender=Fem|Number=Plur",
      "NOUN__Case=Nom|Gender=Fem|Number=Sing",
      "NOUN__Case=Nom|Gender=Masc|Number=Plur",
      "NOUN__Case=Nom|Gender=Masc|Number=Sing",
      "NOUN__Case=Nom|Gender=Neut|Number=Plur",
      "NOUN__Case=Nom|Gender=Neut|Number=Sing",
      "NOUN__Case=Voc|Gender=Fem|Number=Plur",
      "NOUN__Case=Voc|Gender=Fem|Number=Sing",
      "NOUN__Case=Voc|Gender=Masc|Number=Plur",
      "NOUN__Case=Voc|Gender=Masc|Number=Sing",
      "NUM__Case=Acc|Gender=Fem|Number=Plur|NumType=Card",
      "NUM__Case=Acc|Gender=Fem|Number=Plur|NumType=Ord",
      "NUM__Case=Acc|Gender=Fem|Number=Plur|NumType=Sets",
      "NUM__Case=Acc|Gender=Fem|Number=Sing|NumType=Card",
      "NUM__Case=Acc|Gender=Fem|Number=Sing|NumType=Ord",
      "NUM__Case=Acc|Gender=Masc|Number=Plur|NumType=Card",
      "NUM__Case=Acc|Gender=Masc|Number=Sing|NumType=Card",
      "NUM__Case=Acc|Gender=Masc|Number=Sing|NumType=Mult",
      "NUM__Case=Acc|Gender=Masc|Number=Sing|NumType=Ord",
      "NUM__Case=Acc|Gender=Neut|Number=Plur|NumType=Card",
      "NUM__Case=Acc|Gender=Neut|Number=Plur|NumType=Ord",
      "NUM__Case=Acc|Gender=Neut|Number=Sing|NumType=Card",
      "NUM__Case=Acc|Gender=Neut|Number=Sing|NumType=Mult",
      "NUM__Case=Acc|Gender=Neut|Number=Sing|NumType=Ord",
      "NUM__Case=Gen|Gender=Fem|Number=Plur|NumType=Card",
      "NUM__Case=Gen|Gender=Fem|Number=Plur|NumType=Ord",
      "NUM__Case=Gen|Gender=Fem|Number=Plur|NumType=Sets",
      "NUM__Case=Gen|Gender=Fem|Number=Sing|NumType=Ord",
      "NUM__Case=Gen|Gender=Masc|Number=Plur|NumType=Card",
      "NUM__Case=Gen|Gender=Masc|Number=Sing|NumType=Ord",
      "NUM__Case=Gen|Gender=Neut|Number=Plur|NumType=Card",
      "NUM__Case=Gen|Gender=Neut|Number=Sing|NumType=Ord",
      "NUM__Case=Nom|Gender=Fem|Number=Plur|NumType=Card",
      "NUM__Case=Nom|Gender=Fem|Number=Plur|NumType=Ord",
      "NUM__Case=Nom|Gender=Fem|Number=Plur|NumType=Sets",
      "NUM__Case=Nom|Gender=Fem|Number=Sing|NumType=Card",
      "NUM__Case=Nom|Gender=Fem|Number=Sing|NumType=Mult",
      "NUM__Case=Nom|Gender=Fem|Number=Sing|NumType=Ord",
      "NUM__Case=Nom|Gender=Masc|Number=Plur|NumType=Card",
      "NUM__Case=Nom|Gender=Masc|Number=Plur|NumType=Ord",
      "NUM__Case=Nom|Gender=Masc|Number=Sing|NumType=Card",
      "NUM__Case=Nom|Gender=Masc|Number=Sing|NumType=Ord",
      "NUM__Case=Nom|Gender=Neut|Number=Plur|NumType=Card",
      "NUM__Case=Nom|Gender=Neut|Number=Plur|NumType=Ord",
      "NUM__Case=Nom|Gender=Neut|Number=Sing|NumType=Card",
      "NUM__Case=Nom|Gender=Neut|Number=Sing|NumType=Ord",
      "NUM__NumType=Card",
      "PART",
      "PRON__Case=Acc|Gender=Fem|Number=Plur|Person=3|PronType=Dem",
      "PRON__Case=Acc|Gender=Fem|Number=Plur|Person=3|PronType=Ind",
      "PRON__Case=Acc|Gender=Fem|Number=Plur|Person=3|PronType=Prs",
      "PRON__Case=Acc|Gender=Fem|Number=Plur|Person=3|PronType=Rel",
      "PRON__Case=Acc|Gender=Fem|Number=Sing|Person=3|PronType=Dem",
      "PRON__Case=Acc|Gender=Fem|Number=Sing|Person=3|PronType=Ind",
      "PRON__Case=Acc|Gender=Fem|Number=Sing|Person=3|PronType=Ind,Rel",
      "PRON__Case=Acc|Gender=Fem|Number=Sing|Person=3|PronType=Prs",
      "PRON__Case=Acc|Gender=Fem|Number=Sing|Person=3|PronType=Rel",
      "PRON__Case=Acc|Gender=Masc|Number=Plur|Person=1|PronType=Prs",
      "PRON__Case=Acc|Gender=Masc|Number=Plur|Person=2|PronType=Prs",
      "PRON__Case=Acc|Gender=Masc|Number=Plur|Person=3|PronType=Dem",
      "PRON__Case=Acc|Gender=Masc|Number=Plur|Person=3|PronType=Ind",
      "PRON__Case=Acc|Gender=Masc|Number=Plur|Person=3|PronType=Ind,Rel",
      "PRON__Case=Acc|Gender=Masc|Number=Plur|Person=3|PronType=Prs",
      "PRON__Case=Acc|Gender=Masc|Number=Plur|Person=3|PronType=Rel",
      "PRON__Case=Acc|Gender=Masc|Number=Sing|Person=1|PronType=Prs",
      "PRON__Case=Acc|Gender=Masc|Number=Sing|Person=3|PronType=Dem",
      "PRON__Case=Acc|Gender=Masc|Number=Sing|Person=3|PronType=Ind",
      "PRON__Case=Acc|Gender=Masc|Number=Sing|Person=3|PronType=Ind,Rel",
      "PRON__Case=Acc|Gender=Masc|Number=Sing|Person=3|PronType=Int",
      "PRON__Case=Acc|Gender=Masc|Number=Sing|Person=3|PronType=Prs",
      "PRON__Case=Acc|Gender=Masc|Number=Sing|Person=3|PronType=Rel",
      "PRON__Case=Acc|Gender=Neut|Number=Plur|Person=3|PronType=Dem",
      "PRON__Case=Acc|Gender=Neut|Number=Plur|Person=3|PronType=Ind",
      "PRON__Case=Acc|Gender=Neut|Number=Plur|Person=3|PronType=Ind,Rel",
      "PRON__Case=Acc|Gender=Neut|Number=Plur|Person=3|PronType=Prs",
      "PRON__Case=Acc|Gender=Neut|Number=Plur|Person=3|PronType=Rel",
      "PRON__Case=Acc|Gender=Neut|Number=Sing|Person=3|PronType=Dem",
      "PRON__Case=Acc|Gender=Neut|Number=Sing|Person=3|PronType=Ind",
      "PRON__Case=Acc|Gender=Neut|Number=Sing|Person=3|PronType=Ind,Rel",
      "PRON__Case=Acc|Gender=Neut|Number=Sing|Person=3|PronType=Int",
      "PRON__Case=Acc|Gender=Neut|Number=Sing|Person=3|PronType=Prs",
      "PRON__Case=Acc|Gender=Neut|Number=Sing|Person=3|PronType=Rel",
      "PRON__Case=Gen|Gender=Fem|Number=Plur|Person=3|Poss=Yes|PronType=Prs",
      "PRON__Case=Gen|Gender=Fem|Number=Plur|Person=3|PronType=Dem",
      "PRON__Case=Gen|Gender=Fem|Number=Plur|Person=3|PronType=Ind",
      "PRON__Case=Gen|Gender=Fem|Number=Plur|Person=3|PronType=Prs",
      "PRON__Case=Gen|Gender=Fem|Number=Plur|Person=3|PronType=Rel",
      "PRON__Case=Gen|Gender=Fem|Number=Sing|Person=3|Poss=Yes|PronType=Prs",
      "PRON__Case=Gen|Gender=Fem|Number=Sing|Person=3|PronType=Dem",
      "PRON__Case=Gen|Gender=Fem|Number=Sing|Person=3|PronType=Ind",
      "PRON__Case=Gen|Gender=Fem|Number=Sing|Person=3|PronType=Prs",
      "PRON__Case=Gen|Gender=Fem|Number=Sing|Person=3|PronType=Rel",
      "PRON__Case=Gen|Gender=Masc|Number=Plur|Person=1|Poss=Yes|PronType=Prs",
      "PRON__Case=Gen|Gender=Masc|Number=Plur|Person=1|PronType=Prs",
      "PRON__Case=Gen|Gender=Masc|Number=Plur|Person=2|Poss=Yes|PronType=Prs",
      "PRON__Case=Gen|Gender=Masc|Number=Plur|Person=2|PronType=Prs",
      "PRON__Case=Gen|Gender=Masc|Number=Plur|Person=3|Poss=Yes|PronType=Prs",
      "PRON__Case=Gen|Gender=Masc|Number=Plur|Person=3|PronType=Dem",
      "PRON__Case=Gen|Gender=Masc|Number=Plur|Person=3|PronType=Ind",
      "PRON__Case=Gen|Gender=Masc|Number=Plur|Person=3|PronType=Ind,Rel",
      "PRON__Case=Gen|Gender=Masc|Number=Plur|Person=3|PronType=Prs",
      "PRON__Case=Gen|Gender=Masc|Number=Plur|Person=3|PronType=Rel",
      "PRON__Case=Gen|Gender=Masc|Number=Sing|Person=1|Poss=Yes|PronType=Prs",
      "PRON__Case=Gen|Gender=Masc|Number=Sing|Person=1|PronType=Prs",
      "PRON__Case=Gen|Gender=Masc|Number=Sing|Person=3|Poss=Yes|PronType=Prs",
      "PRON__Case=Gen|Gender=Masc|Number=Sing|Person=3|PronType=Dem",
      "PRON__Case=Gen|Gender=Masc|Number=Sing|Person=3|PronType=Ind",
      "PRON__Case=Gen|Gender=Masc|Number=Sing|Person=3|PronType=Int",
      "PRON__Case=Gen|Gender=Masc|Number=Sing|Person=3|PronType=Prs",
      "PRON__Case=Gen|Gender=Masc|Number=Sing|Person=3|PronType=Rel",
      "PRON__Case=Gen|Gender=Neut|Number=Plur|Person=3|Poss=Yes|PronType=Prs",
      "PRON__Case=Gen|Gender=Neut|Number=Plur|Person=3|PronType=Dem",
      "PRON__Case=Gen|Gender=Neut|Number=Plur|Person=3|PronType=Ind",
      "PRON__Case=Gen|Gender=Neut|Number=Plur|Person=3|PronType=Ind,Rel",
      "PRON__Case=Gen|Gender=Neut|Number=Plur|Person=3|PronType=Rel",
      "PRON__Case=Gen|Gender=Neut|Number=Sing|Person=3|Poss=Yes|PronType=Prs",
      "PRON__Case=Gen|Gender=Neut|Number=Sing|Person=3|PronType=Dem",
      "PRON__Case=Gen|Gender=Neut|Number=Sing|Person=3|PronType=Ind",
      "PRON__Case=Gen|Gender=Neut|Number=Sing|Person=3|PronType=Prs",
      "PRON__Case=Gen|Gender=Neut|Number=Sing|Person=3|PronType=Rel",
      "PRON__Case=Nom|Gender=Fem|Number=Plur|Person=3|PronType=Dem",
      "PRON__Case=Nom|Gender=Fem|Number=Plur|Person=3|PronType=Ind",
      "PRON__Case=Nom|Gender=Fem|Number=Plur|Person=3|PronType=Int",
      "PRON__Case=Nom|Gender=Fem|Number=Plur|Person=3|PronType=Rel",
      "PRON__Case=Nom|Gender=Fem|Number=Sing|Person=3|PronType=Dem",
      "PRON__Case=Nom|Gender=Fem|Number=Sing|Person=3|PronType=Ind",
      "PRON__Case=Nom|Gender=Fem|Number=Sing|Person=3|PronType=Ind,Rel",
      "PRON__Case=Nom|Gender=Fem|Number=Sing|Person=3|PronType=Rel",
      "PRON__Case=Nom|Gender=Masc|Number=Plur|Person=1|PronType=Prs",
      "PRON__Case=Nom|Gender=Masc|Number=Plur|Person=2|PronType=Prs",
      "PRON__Case=Nom|Gender=Masc|Number=Plur|Person=3|PronType=Dem",
      "PRON__Case=Nom|Gender=Masc|Number=Plur|Person=3|PronType=Ind",
      "PRON__Case=Nom|Gender=Masc|Number=Plur|Person=3|PronType=Ind,Rel",
      "PRON__Case=Nom|Gender=Masc|Number=Plur|Person=3|PronType=Int",
      "PRON__Case=Nom|Gender=Masc|Number=Plur|Person=3|PronType=Rel",
      "PRON__Case=Nom|Gender=Masc|Number=Sing|Person=1|PronType=Prs",
      "PRON__Case=Nom|Gender=Masc|Number=Sing|Person=3|PronType=Dem",
      "PRON__Case=Nom|Gender=Masc|Number=Sing|Person=3|PronType=Ind",
      "PRON__Case=Nom|Gender=Masc|Number=Sing|Person=3|PronType=Ind,Rel",
      "PRON__Case=Nom|Gender=Masc|Number=Sing|Person=3|PronType=Int",
      "PRON__Case=Nom|Gender=Masc|Number=Sing|Person=3|PronType=Rel",
      "PRON__Case=Nom|Gender=Neut|Number=Plur|Person=3|PronType=Dem",
      "PRON__Case=Nom|Gender=Neut|Number=Plur|Person=3|PronType=Ind",
      "PRON__Case=Nom|Gender=Neut|Number=Plur|Person=3|PronType=Rel",
      "PRON__Case=Nom|Gender=Neut|Number=Sing|Person=3|PronType=Dem",
      "PRON__Case=Nom|Gender=Neut|Number=Sing|Person=3|PronType=Ind",
      "PRON__Case=Nom|Gender=Neut|Number=Sing|Person=3|PronType=Ind,Rel",
      "PRON__Case=Nom|Gender=Neut|Number=Sing|Person=3|PronType=Int",
      "PRON__Case=Nom|Gender=Neut|Number=Sing|Person=3|PronType=Rel",
      "PROPN__Case=Acc|Gender=Fem|Number=Plur",
      "PROPN__Case=Acc|Gender=Fem|Number=Sing",
      "PROPN__Case=Acc|Gender=Masc|Number=Plur",
      "PROPN__Case=Acc|Gender=Masc|Number=Sing",
      "PROPN__Case=Acc|Gender=Neut|Number=Plur",
      "PROPN__Case=Acc|Gender=Neut|Number=Sing",
      "PROPN__Case=Gen|Gender=Fem|Number=Plur",
      "PROPN__Case=Gen|Gender=Fem|Number=Sing",
      "PROPN__Case=Gen|Gender=Masc|Number=Plur",
      "PROPN__Case=Gen|Gender=Masc|Number=Sing",
      "PROPN__Case=Gen|Gender=Neut|Number=Plur",
      "PROPN__Case=Gen|Gender=Neut|Number=Sing",
      "PROPN__Case=Nom|Gender=Fem|Number=Plur",
      "PROPN__Case=Nom|Gender=Fem|Number=Sing",
      "PROPN__Case=Nom|Gender=Masc|Number=Plur",
      "PROPN__Case=Nom|Gender=Masc|Number=Sing",
      "PROPN__Case=Nom|Gender=Neut|Number=Plur",
      "PROPN__Case=Nom|Gender=Neut|Number=Sing",
      "PUNCT",
      "SCONJ",
      "SYM",
      "VERB__Aspect=Imp|Mood=Ind|Number=Plur|Person=1|Tense=Past|VerbForm=Fin|Voice=Act",
      "VERB__Aspect=Imp|Mood=Ind|Number=Plur|Person=1|Tense=Pres|VerbForm=Fin|Voice=Act",
      "VERB__Aspect=Imp|Mood=Ind|Number=Plur|Person=1|Tense=Pres|VerbForm=Fin|Voice=Pass",
      "VERB__Aspect=Imp|Mood=Ind|Number=Plur|Person=2|Tense=Past|VerbForm=Fin|Voice=Act",
      "VERB__Aspect=Imp|Mood=Ind|Number=Plur|Person=2|Tense=Pres|VerbForm=Fin|Voice=Act",
      "VERB__Aspect=Imp|Mood=Ind|Number=Plur|Person=2|Tense=Pres|VerbForm=Fin|Voice=Pass",
      "VERB__Aspect=Imp|Mood=Ind|Number=Plur|Person=3|Tense=Past|VerbForm=Fin|Voice=Act",
      "VERB__Aspect=Imp|Mood=Ind|Number=Plur|Person=3|Tense=Past|VerbForm=Fin|Voice=Pass",
      "VERB__Aspect=Imp|Mood=Ind|Number=Plur|Person=3|Tense=Pres|VerbForm=Fin|Voice=Act",
      "VERB__Aspect=Imp|Mood=Ind|Number=Plur|Person=3|Tense=Pres|VerbForm=Fin|Voice=Pass",
      "VERB__Aspect=Imp|Mood=Ind|Number=Sing|Person=1|Tense=Past|VerbForm=Fin|Voice=Act",
      "VERB__Aspect=Imp|Mood=Ind|Number=Sing|Person=1|Tense=Pres|VerbForm=Fin|Voice=Act",
      "VERB__Aspect=Imp|Mood=Ind|Number=Sing|Person=1|Tense=Pres|VerbForm=Fin|Voice=Pass",
      "VERB__Aspect=Imp|Mood=Ind|Number=Sing|Person=3|Tense=Past|VerbForm=Fin|Voice=Act",
      "VERB__Aspect=Imp|Mood=Ind|Number=Sing|Person=3|Tense=Past|VerbForm=Fin|Voice=Pass",
      "VERB__Aspect=Imp|Mood=Ind|Number=Sing|Person=3|Tense=Pres|VerbForm=Fin|Voice=Act",
      "VERB__Aspect=Imp|Mood=Ind|Number=Sing|Person=3|Tense=Pres|VerbForm=Fin|Voice=Pass",
      "VERB__Aspect=Imp|VerbForm=Conv|Voice=Act",
      "VERB__Aspect=Perf|Case=Acc|Gender=Fem|Number=Plur|VerbForm=Part|Voice=Pass",
      "VERB__Aspect=Perf|Case=Acc|Gender=Fem|Number=Sing|VerbForm=Part|Voice=Pass",
      "VERB__Aspect=Perf|Case=Acc|Gender=Masc|Number=Plur|VerbForm=Part|Voice=Pass",
      "VERB__Aspect=Perf|Case=Acc|Gender=Masc|Number=Sing|VerbForm=Part|Voice=Pass",
      "VERB__Aspect=Perf|Case=Acc|Gender=Neut|Number=Plur|VerbForm=Part|Voice=Pass",
      "VERB__Aspect=Perf|Case=Acc|Gender=Neut|Number=Sing|VerbForm=Part|Voice=Pass",
      "VERB__Aspect=Perf|Case=Gen|Gender=Fem|Number=Plur|VerbForm=Part|Voice=Pass",
      "VERB__Aspect=Perf|Case=Gen|Gender=Fem|Number=Sing|VerbForm=Part|Voice=Pass",
      "VERB__Aspect=Perf|Case=Gen|Gender=Masc|Number=Plur|VerbForm=Part|Voice=Pass",
      "VERB__Aspect=Perf|Case=Gen|Gender=Masc|Number=Sing|VerbForm=Part|Voice=Pass",
      "VERB__Aspect=Perf|Case=Nom|Gender=Fem|Number=Plur|VerbForm=Part|Voice=Pass",
      "VERB__Aspect=Perf|Case=Nom|Gender=Fem|Number=Sing|VerbForm=Part|Voice=Pass",
      "VERB__Aspect=Perf|Case=Nom|Gender=Masc|Number=Plur|VerbForm=Part|Voice=Pass",
      "VERB__Aspect=Perf|Case=Nom|Gender=Masc|Number=Sing|VerbForm=Part|Voice=Pass",
      "VERB__Aspect=Perf|Case=Nom|Gender=Neut|Number=Plur|VerbForm=Part|Voice=Pass",
      "VERB__Aspect=Perf|Case=Nom|Gender=Neut|Number=Sing|VerbForm=Part|Voice=Pass",
      "VERB__Aspect=Perf|Mood=Imp|Number=Plur|Person=2|VerbForm=Fin|Voice=Act",
      "VERB__Aspect=Perf|Mood=Ind|Number=Plur|Person=1|Tense=Past|VerbForm=Fin|Voice=Act",
      "VERB__Aspect=Perf|Mood=Ind|Number=Plur|Person=1|Tense=Past|VerbForm=Fin|Voice=Pass",
      "VERB__Aspect=Perf|Mood=Ind|Number=Plur|Person=1|VerbForm=Fin|Voice=Act",
      "VERB__Aspect=Perf|Mood=Ind|Number=Plur|Person=1|VerbForm=Fin|Voice=Pass",
      "VERB__Aspect=Perf|Mood=Ind|Number=Plur|Person=2|Tense=Past|VerbForm=Fin|Voice=Act",
      "VERB__Aspect=Perf|Mood=Ind|Number=Plur|Person=2|Tense=Past|VerbForm=Fin|Voice=Pass",
      "VERB__Aspect=Perf|Mood=Ind|Number=Plur|Person=2|VerbForm=Fin|Voice=Act",
      "VERB__Aspect=Perf|Mood=Ind|Number=Plur|Person=2|VerbForm=Fin|Voice=Pass",
      "VERB__Aspect=Perf|Mood=Ind|Number=Plur|Person=3|Tense=Past|VerbForm=Fin|Voice=Act",
      "VERB__Aspect=Perf|Mood=Ind|Number=Plur|Person=3|Tense=Past|VerbForm=Fin|Voice=Pass",
      "VERB__Aspect=Perf|Mood=Ind|Number=Plur|Person=3|VerbForm=Fin|Voice=Act",
      "VERB__Aspect=Perf|Mood=Ind|Number=Plur|Person=3|VerbForm=Fin|Voice=Pass",
      "VERB__Aspect=Perf|Mood=Ind|Number=Sing|Person=1|Tense=Past|VerbForm=Fin|Voice=Act",
      "VERB__Aspect=Perf|Mood=Ind|Number=Sing|Person=1|Tense=Past|VerbForm=Fin|Voice=Pass",
      "VERB__Aspect=Perf|Mood=Ind|Number=Sing|Person=1|VerbForm=Fin|Voice=Act",
      "VERB__Aspect=Perf|Mood=Ind|Number=Sing|Person=1|VerbForm=Fin|Voice=Pass",
      "VERB__Aspect=Perf|Mood=Ind|Number=Sing|Person=2|Tense=Past|VerbForm=Fin|Voice=Pass",
      "VERB__Aspect=Perf|Mood=Ind|Number=Sing|Person=3|Tense=Past|VerbForm=Fin|Voice=Act",
      "VERB__Aspect=Perf|Mood=Ind|Number=Sing|Person=3|Tense=Past|VerbForm=Fin|Voice=Pass",
      "VERB__Aspect=Perf|Mood=Ind|Number=Sing|Person=3|VerbForm=Fin|Voice=Act",
      "VERB__Aspect=Perf|Mood=Ind|Number=Sing|Person=3|VerbForm=Fin|Voice=Pass",
      "VERB__Aspect=Perf|VerbForm=Inf|Voice=Act",
      "VERB__Aspect=Perf|VerbForm=Inf|Voice=Pass",
      "X__Foreign=Yes",
      "_SP"
    ],
    "parser": [
      "ROOT",
      "acl",
      "acl:relcl",
      "advcl",
      "advmod",
      "amod",
      "appos",
      "aux",
      "case",
      "cc",
      "ccomp",
      "conj",
      "cop",
      "csubj",
      "csubj:pass",
      "dep",
      "det",
      "fixed",
      "flat",
      "iobj",
      "mark",
      "nmod",
      "nsubj",
      "nsubj:pass",
      "nummod",
      "obj",
      "obl",
      "obl:agent",
      "parataxis",
      "punct",
      "vocative",
      "xcomp"
    ],
    "ner": [
      "EVENT",
      "GPE",
      "LOC",
      "ORG",
      "PERSON",
      "PRODUCT"
    ]
  },
  "size": "11 MB",
  "checksum": "0b853fb1233352d7f3ee49aa5cf5d021dc2c88d117cdcf553e206f49d41fb082"
}