{
  "accuracy": {
    "ents_f": 86.1988173603,
    "ents_p": 86.0404254134,
    "ents_r": 86.3577935506,
    "las": 90.2397123685,
    "tags_acc": 96.9653413302,
    "token_acc": 99.1754815703,
    "uas": 92.0023891469
  },
  "author": "Explosion AI",
  "description": "English multi-task CNN trained on OntoNotes, with GloVe vectors trained on Common Crawl. Assigns word vectors, context-specific token vectors, POS tags, dependency parse and named entities.",
  "email": "contact@explosion.ai",
  "lang": "en",
  "license": "MIT",
  "name": "core_web_md",
  "parent_package": "spacy-nightly",
  "pipeline": [
    "tagger",
    "parser",
    "ner"
  ],
  "sources": [
    "OntoNotes 5",
    "Common Crawl"
  ],
  "spacy_version": ">=2.1.0a0",
  "speed": {
    "cpu": 5207.4553271236,
    "gpu": null,
    "nwords": 291344
  },
  "url": "https://explosion.ai",
  "vectors": {
    "keys": 684830,
    "name": "en_model.vectors",
    "vectors": 20000,
    "width": 300
  },
  "version": "2.1.0a0",
  "size": "107 MB",
  "checksum": "a0d4c50173fe0ff1509ad0661e702c54bbcefb255ef958b2e3f53f5b41b225c4"
}