{
  "accuracy": {
    "ents_f": 85.5099988828,
    "ents_p": 85.4670314332,
    "ents_r": 85.5530095568,
    "las": 89.682797403,
    "tags_acc": 96.8320691599,
    "token_acc": 99.0646795541,
    "uas": 91.5689404737
  },
  "author": "Explosion AI",
  "description": "English multi-task CNN trained on OntoNotes. Assigns context-specific token vectors, POS tags, dependency parse and named entities.",
  "email": "contact@explosion.ai",
  "lang": "en",
  "license": "MIT",
  "name": "core_web_sm",
  "parent_package": "spacy-nightly",
  "pipeline": [
    "tagger",
    "parser",
    "ner"
  ],
  "sources": [
    "OntoNotes 5"
  ],
  "spacy_version": ">=2.1.0a4",
  "speed": {
    "cpu": 7436.9320951768,
    "gpu": null,
    "nwords": 291344
  },
  "url": "https://explosion.ai",
  "version": "2.1.0a7",
  "size": "10 MB",
  "checksum": "0b6264abb56aa6163dc431c98f625791945f225738c0906c09abfd763f655ec2"
}