{
  "accuracy": {
    "ents_f": 85.494302433,
    "ents_p": 85.6597845601,
    "ents_r": 85.3294584474,
    "las": 89.6400460442,
    "tags_acc": 96.7982889278,
    "token_acc": 99.0646795541,
    "uas": 91.5273154342
  },
  "author": "Explosion AI",
  "description": "English multi-task CNN trained on OntoNotes. Assigns context-specific token vectors, POS tags, dependency parse and named entities.",
  "email": "contact@explosion.ai",
  "lang": "en",
  "license": "MIT",
  "name": "core_web_sm",
  "parent_package": "spacy-nightly",
  "pipeline": [
    "tagger",
    "parser",
    "ner"
  ],
  "sources": [
    "OntoNotes 5"
  ],
  "spacy_version": ">=2.1.0a4",
  "speed": {
    "cpu": 7435.3852845254,
    "gpu": null,
    "nwords": 291344
  },
  "url": "https://explosion.ai",
  "version": "2.1.0a6",
  "size": "10 MB",
  "checksum": "5298d86a0f24fa41aaa9900eda33c43ee7565a1a8eb6146c9573bea5ca208954"
}