{
  "lang": "en",
  "name": "core_web_lg",
  "license": "MIT",
  "author": "Explosion",
  "url": "https://explosion.ai",
  "email": "contact@explosion.ai",
  "description": "English multi-task CNN trained on OntoNotes, with GloVe vectors trained on Common Crawl. Assigns word vectors, POS tags, dependency parses and named entities.",
  "sources": [
    {
      "name": "OntoNotes 5",
      "url": "https://catalog.ldc.upenn.edu/LDC2013T19",
      "license": "commercial (licensed by Explosion)"
    },
    {
      "name": "GloVe Common Crawl",
      "author": "Jeffrey Pennington, Richard Socher, and Christopher D. Manning",
      "url": "https://nlp.stanford.edu/projects/glove/",
      "license": "Public Domain Dedication and License v1.0"
    }
  ],
  "pipeline": [
    "tagger",
    "parser",
    "ner"
  ],
  "version": "2.3.1",
  "spacy_version": ">=2.3.0,<2.4.0",
  "parent_package": "spacy",
  "accuracy": {
    "las": 90.2824918166,
    "uas": 92.0872303261,
    "token_acc": 99.756964111,
    "las_per_type": {
      "root": {
        "p": 89.3440514469,
        "r": 91.6243487437,
        "f": 90.4698336209
      },
      "compound": {
        "p": 91.38111215,
        "r": 92.5261750947,
        "f": 91.9500788665
      },
      "nsubj": {
        "p": 96.1099309612,
        "r": 95.1290025844,
        "f": 95.6169510182
      },
      "npadvmod": {
        "p": 78.2608695652,
        "r": 72.8952042629,
        "f": 75.4828030164
      },
      "dobj": {
        "p": 93.3265209873,
        "r": 94.5980399968,
        "f": 93.9579788707
      },
      "cc": {
        "p": 84.7146821088,
        "r": 83.975125568,
        "f": 84.3432826857
      },
      "conj": {
        "p": 78.7817769947,
        "r": 78.7916928886,
        "f": 78.7867346297
      },
      "det": {
        "p": 97.8565607172,
        "r": 97.9084274473,
        "f": 97.8824872114
      },
      "nmod": {
        "p": 75.1145038168,
        "r": 59.9634369287,
        "f": 66.6892578787
      },
      "appos": {
        "p": 68.6072548142,
        "r": 66.464208243,
        "f": 67.5187307184
      },
      "nsubjpass": {
        "p": 92.9308565531,
        "r": 92.358974359,
        "f": 92.6440329218
      },
      "auxpass": {
        "p": 95.3832362169,
        "r": 96.9476082005,
        "f": 96.1590600994
      },
      "neg": {
        "p": 94.4610778443,
        "r": 94.9824385349,
        "f": 94.7210407806
      },
      "nummod": {
        "p": 93.7666489078,
        "r": 88.8888888889,
        "f": 91.262639357
      },
      "prep": {
        "p": 86.3739163211,
        "r": 86.9408506279,
        "f": 86.656456218
      },
      "amod": {
        "p": 92.1603358919,
        "r": 91.0139293813,
        "f": 91.5835452116
      },
      "pobj": {
        "p": 96.3114754098,
        "r": 96.886288676,
        "f": 96.5980269339
      },
      "aux": {
        "p": 98.2387475538,
        "r": 98.3087057148,
        "f": 98.273714184
      },
      "acl": {
        "p": 75.6526674234,
        "r": 72.7223131478,
        "f": 74.1585535466
      },
      "ccomp": {
        "p": 80.8120242046,
        "r": 84.3177189409,
        "f": 82.5276587262
      },
      "acomp": {
        "p": 91.4650844363,
        "r": 90.8019936565,
        "f": 91.1323328786
      },
      "mark": {
        "p": 91.2050406931,
        "r": 92.0508744038,
        "f": 91.6260055387
      },
      "advcl": {
        "p": 70.1213080169,
        "r": 66.9604633594,
        "f": 68.5044441582
      },
      "poss": {
        "p": 97.3336006415,
        "r": 97.7254428341,
        "f": 97.5291281639
      },
      "case": {
        "p": 98.1150793651,
        "r": 98.998998999,
        "f": 98.5550572995
      },
      "xcomp": {
        "p": 89.8384201077,
        "r": 89.8061737258,
        "f": 89.8222940226
      },
      "advmod": {
        "p": 86.0723054779,
        "r": 85.5148048452,
        "f": 85.7926494789
      },
      "pcomp": {
        "p": 90.520984081,
        "r": 87.6050420168,
        "f": 89.0391459075
      },
      "relcl": {
        "p": 77.3776223776,
        "r": 80.2393038434,
        "f": 78.7824848701
      },
      "attr": {
        "p": 91.0874897792,
        "r": 93.6921783011,
        "f": 92.3714759536
      },
      "quantmod": {
        "p": 84.9023090586,
        "r": 77.6604386677,
        "f": 81.1200678829
      },
      "dative": {
        "p": 78.9340101523,
        "r": 71.3302752294,
        "f": 74.9397590361
      },
      "oprd": {
        "p": 83.3333333333,
        "r": 74.6268656716,
        "f": 78.7401574803
      },
      "prt": {
        "p": 81.9865319865,
        "r": 87.2759856631,
        "f": 84.5486111111
      },
      "parataxis": {
        "p": 65.0306748466,
        "r": 45.9869848156,
        "f": 53.875476493
      },
      "agent": {
        "p": 90.3945111492,
        "r": 94.4444444444,
        "f": 92.375109553
      },
      "expl": {
        "p": 98.9361702128,
        "r": 99.5717344754,
        "f": 99.2529348986
      },
      "predet": {
        "p": 83.7398373984,
        "r": 88.4120171674,
        "f": 86.012526096
      },
      "dep": {
        "p": 39.1791044776,
        "r": 17.0454545455,
        "f": 23.7556561086
      },
      "intj": {
        "p": 70.3829787234,
        "r": 60.5860805861,
        "f": 65.1181102362
      },
      "meta": {
        "p": 23.1707317073,
        "r": 36.5384615385,
        "f": 28.3582089552
      },
      "csubj": {
        "p": 71.511627907,
        "r": 72.7810650888,
        "f": 72.1407624633
      },
      "preconj": {
        "p": 55.6818181818,
        "r": 56.976744186,
        "f": 56.3218390805
      },
      "csubjpass": {
        "p": 55.5555555556,
        "r": 83.3333333333,
        "f": 66.6666666667
      }
    },
    "tags_acc": 97.2217880521,
    "ents_f": 86.4011180992,
    "ents_p": 86.4276926518,
    "ents_r": 86.3745598838,
    "ents_per_type": {
      "DATE": {
        "p": 84.974271012,
        "r": 86.3367026839,
        "f": 85.6500691563
      },
      "ORG": {
        "p": 84.5070422535,
        "r": 84.7645429363,
        "f": 84.6355967363
      },
      "LAW": {
        "p": 61.2244897959,
        "r": 50.0,
        "f": 55.0458715596
      },
      "PERSON": {
        "p": 88.7375782113,
        "r": 94.4009397024,
        "f": 91.4816922785
      },
      "WORK_OF_ART": {
        "p": 46.9387755102,
        "r": 34.328358209,
        "f": 39.6551724138
      },
      "GPE": {
        "p": 92.9434202161,
        "r": 91.0903426791,
        "f": 92.0075519194
      },
      "NORP": {
        "p": 90.3339191564,
        "r": 91.4590747331,
        "f": 90.8930150309
      },
      "CARDINAL": {
        "p": 83.8688946015,
        "r": 87.8787878788,
        "f": 85.827030582
      },
      "LOC": {
        "p": 73.3905579399,
        "r": 68.4,
        "f": 70.8074534161
      },
      "PRODUCT": {
        "p": 56.043956044,
        "r": 25.1231527094,
        "f": 34.693877551
      },
      "MONEY": {
        "p": 92.5609756098,
        "r": 91.2259615385,
        "f": 91.8886198547
      },
      "ORDINAL": {
        "p": 80.1444043321,
        "r": 84.7328244275,
        "f": 82.3747680891
      },
      "EVENT": {
        "p": 58.1395348837,
        "r": 37.037037037,
        "f": 45.2488687783
      },
      "QUANTITY": {
        "p": 79.7101449275,
        "r": 69.1823899371,
        "f": 74.0740740741
      },
      "FAC": {
        "p": 47.2527472527,
        "r": 53.0864197531,
        "f": 50.0
      },
      "PERCENT": {
        "p": 91.2052117264,
        "r": 87.5,
        "f": 89.3141945774
      },
      "TIME": {
        "p": 71.0622710623,
        "r": 74.0458015267,
        "f": 72.523364486
      },
      "LANGUAGE": {
        "p": 73.6842105263,
        "r": 60.8695652174,
        "f": 66.6666666667
      }
    }
  },
  "speed": {
    "cpu": 5652.8958119303,
    "gpu": null,
    "nwords": 291315
  },
  "labels": {
    "tagger": [
      "$",
      "''",
      ",",
      "-LRB-",
      "-RRB-",
      ".",
      ":",
      "ADD",
      "AFX",
      "CC",
      "CD",
      "DT",
      "EX",
      "FW",
      "HYPH",
      "IN",
      "JJ",
      "JJR",
      "JJS",
      "LS",
      "MD",
      "NFP",
      "NN",
      "NNP",
      "NNPS",
      "NNS",
      "PDT",
      "POS",
      "PRP",
      "PRP$",
      "RB",
      "RBR",
      "RBS",
      "RP",
      "SYM",
      "TO",
      "UH",
      "VB",
      "VBD",
      "VBG",
      "VBN",
      "VBP",
      "VBZ",
      "WDT",
      "WP",
      "WP$",
      "WRB",
      "XX",
      "_SP",
      "``"
    ],
    "parser": [
      "ROOT",
      "acl",
      "acomp",
      "advcl",
      "advmod",
      "agent",
      "amod",
      "appos",
      "attr",
      "aux",
      "auxpass",
      "case",
      "cc",
      "ccomp",
      "compound",
      "conj",
      "csubj",
      "csubjpass",
      "dative",
      "dep",
      "det",
      "dobj",
      "expl",
      "intj",
      "mark",
      "meta",
      "neg",
      "nmod",
      "npadvmod",
      "nsubj",
      "nsubjpass",
      "nummod",
      "oprd",
      "parataxis",
      "pcomp",
      "pobj",
      "poss",
      "preconj",
      "predet",
      "prep",
      "prt",
      "punct",
      "quantmod",
      "relcl",
      "xcomp"
    ],
    "ner": [
      "CARDINAL",
      "DATE",
      "EVENT",
      "FAC",
      "GPE",
      "LANGUAGE",
      "LAW",
      "LOC",
      "MONEY",
      "NORP",
      "ORDINAL",
      "ORG",
      "PERCENT",
      "PERSON",
      "PRODUCT",
      "QUANTITY",
      "TIME",
      "WORK_OF_ART"
    ]
  },
  "vectors": {
    "width": 300,
    "vectors": 684831,
    "keys": 684830,
    "name": "en_core_web_lg.vectors"
  },
  "size": "746 MB",
  "checksum": "978be907fecfb9c1ab60a80a70fbc51a4ad62db91ebd672c3165f89640f05b4e"
}