{
  "lang": "en",
  "name": "core_web_sm",
  "version": "3.0.0",
  "description": "English pipeline optimized for CPU. Components: tok2vec, tagger, parser, senter, ner, attribute_ruler, lemmatizer.",
  "author": "Explosion",
  "email": "contact@explosion.ai",
  "url": "https://explosion.ai",
  "license": "MIT",
  "spacy_version": ">=3.0.0,<3.1.0",
  "spacy_git_version": "e7db07a0b",
  "vectors": {
    "width": 0,
    "vectors": 0,
    "keys": 0,
    "name": null
  },
  "labels": {
    "tok2vec": [],
    "tagger": [
      "$",
      "''",
      ",",
      "-LRB-",
      "-RRB-",
      ".",
      ":",
      "ADD",
      "AFX",
      "CC",
      "CD",
      "DT",
      "EX",
      "FW",
      "HYPH",
      "IN",
      "JJ",
      "JJR",
      "JJS",
      "LS",
      "MD",
      "NFP",
      "NN",
      "NNP",
      "NNPS",
      "NNS",
      "PDT",
      "POS",
      "PRP",
      "PRP$",
      "RB",
      "RBR",
      "RBS",
      "RP",
      "SYM",
      "TO",
      "UH",
      "VB",
      "VBD",
      "VBG",
      "VBN",
      "VBP",
      "VBZ",
      "WDT",
      "WP",
      "WP$",
      "WRB",
      "XX",
      "``"
    ],
    "parser": [
      "ROOT",
      "acl",
      "acomp",
      "advcl",
      "advmod",
      "agent",
      "amod",
      "appos",
      "attr",
      "aux",
      "auxpass",
      "case",
      "cc",
      "ccomp",
      "compound",
      "conj",
      "csubj",
      "csubjpass",
      "dative",
      "dep",
      "det",
      "dobj",
      "expl",
      "intj",
      "mark",
      "meta",
      "neg",
      "nmod",
      "npadvmod",
      "nsubj",
      "nsubjpass",
      "nummod",
      "oprd",
      "parataxis",
      "pcomp",
      "pobj",
      "poss",
      "preconj",
      "predet",
      "prep",
      "prt",
      "punct",
      "quantmod",
      "relcl",
      "xcomp"
    ],
    "senter": [
      "I",
      "S"
    ],
    "ner": [
      "CARDINAL",
      "DATE",
      "EVENT",
      "FAC",
      "GPE",
      "LANGUAGE",
      "LAW",
      "LOC",
      "MONEY",
      "NORP",
      "ORDINAL",
      "ORG",
      "PERCENT",
      "PERSON",
      "PRODUCT",
      "QUANTITY",
      "TIME",
      "WORK_OF_ART"
    ],
    "attribute_ruler": [],
    "lemmatizer": []
  },
  "pipeline": [
    "tok2vec",
    "tagger",
    "parser",
    "ner",
    "attribute_ruler",
    "lemmatizer"
  ],
  "components": [
    "tok2vec",
    "tagger",
    "parser",
    "senter",
    "ner",
    "attribute_ruler",
    "lemmatizer"
  ],
  "disabled": [
    "senter"
  ],
  "performance": {
    "token_acc": 0.9993053983,
    "tag_acc": 0.9721120187,
    "dep_uas": 0.9163332177,
    "dep_las": 0.8977001329,
    "ents_p": 0.8483091787,
    "ents_r": 0.8354366987,
    "ents_f": 0.8418237327,
    "sents_p": 0.8979094784,
    "sents_r": 0.8755194934,
    "sents_f": 0.8865731463,
    "speed": 10859.3473736922,
    "dep_las_per_type": {
      "prep": {
        "p": 0.8527070662,
        "r": 0.8617340163,
        "f": 0.8571967767
      },
      "det": {
        "p": 0.9763465375,
        "r": 0.9778194569,
        "f": 0.9770824421
      },
      "pobj": {
        "p": 0.9603007636,
        "r": 0.9679560181,
        "f": 0.964113195
      },
      "nsubj": {
        "p": 0.9573928142,
        "r": 0.9421248631,
        "f": 0.9496974782
      },
      "aux": {
        "p": 0.9790575916,
        "r": 0.9821953174,
        "f": 0.9806239445
      },
      "advmod": {
        "p": 0.854986932,
        "r": 0.8531886253,
        "f": 0.854086832
      },
      "relcl": {
        "p": 0.7642653352,
        "r": 0.7775761974,
        "f": 0.7708633094
      },
      "root": {
        "p": 0.9100514766,
        "r": 0.886338149,
        "f": 0.8980382983
      },
      "xcomp": {
        "p": 0.8736915562,
        "r": 0.8987796123,
        "f": 0.8860580326
      },
      "amod": {
        "p": 0.9145399052,
        "r": 0.9124068675,
        "f": 0.9134721411
      },
      "compound": {
        "p": 0.916965122,
        "r": 0.9268211183,
        "f": 0.9218667775
      },
      "poss": {
        "p": 0.9734833266,
        "r": 0.9754428341,
        "f": 0.9744620953
      },
      "ccomp": {
        "p": 0.7768093975,
        "r": 0.8350305499,
        "f": 0.8048684727
      },
      "attr": {
        "p": 0.8984280532,
        "r": 0.9373423045,
        "f": 0.917472731
      },
      "case": {
        "p": 0.9772502473,
        "r": 0.988988989,
        "f": 0.9830845771
      },
      "mark": {
        "p": 0.9032,
        "r": 0.8974562798,
        "f": 0.9003189793
      },
      "intj": {
        "p": 0.6546026751,
        "r": 0.6095238095,
        "f": 0.6312594841
      },
      "advcl": {
        "p": 0.6674341264,
        "r": 0.6570133468,
        "f": 0.6621827411
      },
      "cc": {
        "p": 0.8301659851,
        "r": 0.8254993422,
        "f": 0.827826087
      },
      "neg": {
        "p": 0.9471057884,
        "r": 0.9523331661,
        "f": 0.9497122842
      },
      "conj": {
        "p": 0.7557513461,
        "r": 0.7774420947,
        "f": 0.7664432862
      },
      "nsubjpass": {
        "p": 0.9228764982,
        "r": 0.9082051282,
        "f": 0.9154820367
      },
      "auxpass": {
        "p": 0.9466903598,
        "r": 0.9708428246,
        "f": 0.9586144849
      },
      "dobj": {
        "p": 0.9196734059,
        "r": 0.9424655351,
        "f": 0.9309299854
      },
      "nummod": {
        "p": 0.9364191251,
        "r": 0.9297979798,
        "f": 0.9330968069
      },
      "npadvmod": {
        "p": 0.7637178052,
        "r": 0.7268206039,
        "f": 0.7448125228
      },
      "prt": {
        "p": 0.8143564356,
        "r": 0.8844086022,
        "f": 0.8479381443
      },
      "pcomp": {
        "p": 0.8705388383,
        "r": 0.8711484594,
        "f": 0.8708435422
      },
      "expl": {
        "p": 0.9789029536,
        "r": 0.9935760171,
        "f": 0.9861849097
      },
      "acl": {
        "p": 0.7324106113,
        "r": 0.692853246,
        "f": 0.7120829829
      },
      "agent": {
        "p": 0.8938356164,
        "r": 0.935483871,
        "f": 0.9141856392
      },
      "dative": {
        "p": 0.7704485488,
        "r": 0.6697247706,
        "f": 0.7165644172
      },
      "acomp": {
        "p": 0.9058931019,
        "r": 0.8993197279,
        "f": 0.902594447
      },
      "dep": {
        "p": 0.4608695652,
        "r": 0.1720779221,
        "f": 0.2505910165
      },
      "csubj": {
        "p": 0.6709677419,
        "r": 0.6153846154,
        "f": 0.6419753086
      },
      "quantmod": {
        "p": 0.8619768477,
        "r": 0.7863525589,
        "f": 0.8224299065
      },
      "nmod": {
        "p": 0.7531948882,
        "r": 0.5746496039,
        "f": 0.6519184238
      },
      "appos": {
        "p": 0.6889692586,
        "r": 0.6611713666,
        "f": 0.6747841488
      },
      "predet": {
        "p": 0.8442622951,
        "r": 0.8841201717,
        "f": 0.8637316562
      },
      "preconj": {
        "p": 0.580952381,
        "r": 0.7093023256,
        "f": 0.6387434555
      },
      "oprd": {
        "p": 0.8193548387,
        "r": 0.7582089552,
        "f": 0.7875968992
      },
      "parataxis": {
        "p": 0.5831134565,
        "r": 0.4793926247,
        "f": 0.5261904762
      },
      "meta": {
        "p": 0.4705882353,
        "r": 0.3076923077,
        "f": 0.3720930233
      },
      "csubjpass": {
        "p": 0.8333333333,
        "r": 0.8333333333,
        "f": 0.8333333333
      }
    },
    "ents_per_type": {
      "DATE": {
        "p": 0.8645768025,
        "r": 0.8755555556,
        "f": 0.8700315457
      },
      "GPE": {
        "p": 0.9231436001,
        "r": 0.8912133891,
        "f": 0.9068975305
      },
      "ORDINAL": {
        "p": 0.7709497207,
        "r": 0.8571428571,
        "f": 0.8117647059
      },
      "ORG": {
        "p": 0.8055629139,
        "r": 0.8062036055,
        "f": 0.8058831324
      },
      "QUANTITY": {
        "p": 0.8235294118,
        "r": 0.6153846154,
        "f": 0.7044025157
      },
      "CARDINAL": {
        "p": 0.8196721311,
        "r": 0.8620689655,
        "f": 0.8403361345
      },
      "PERSON": {
        "p": 0.8394070414,
        "r": 0.887075718,
        "f": 0.8625833069
      },
      "NORP": {
        "p": 0.910801964,
        "r": 0.8904,
        "f": 0.9004854369
      },
      "FAC": {
        "p": 0.375,
        "r": 0.3,
        "f": 0.3333333333
      },
      "TIME": {
        "p": 0.7392638037,
        "r": 0.7046783626,
        "f": 0.7215568862
      },
      "LOC": {
        "p": 0.7425373134,
        "r": 0.6337579618,
        "f": 0.6838487973
      },
      "WORK_OF_ART": {
        "p": 0.4608695652,
        "r": 0.2731958763,
        "f": 0.3430420712
      },
      "LAW": {
        "p": 0.5641025641,
        "r": 0.34375,
        "f": 0.427184466
      },
      "EVENT": {
        "p": 0.5913978495,
        "r": 0.316091954,
        "f": 0.4119850187
      },
      "MONEY": {
        "p": 0.9208633094,
        "r": 0.906729634,
        "f": 0.9137418203
      },
      "PERCENT": {
        "p": 0.9106858054,
        "r": 0.8744257274,
        "f": 0.8921875
      },
      "LANGUAGE": {
        "p": 0.7407407407,
        "r": 0.625,
        "f": 0.6779661017
      },
      "PRODUCT": {
        "p": 0.6144578313,
        "r": 0.2417061611,
        "f": 0.3469387755
      }
    }
  },
  "sources": [
    {
      "name": "OntoNotes 5",
      "url": "https://catalog.ldc.upenn.edu/LDC2013T19",
      "license": "commercial (licensed by Explosion)"
    }
  ],
  "requirements": [],
  "size": "13 MB",
  "checksum": "0673b3ce4a28a19e99dc0fc3f8f7fe67b936c41749e6b70f778ec5f9f78f3a66",
  "checksum_whl": "dfba97b3cb5c177f60c4087a5b4f5c9d7f5c0fce7150d8aa7c0aab4eb4811a07"
}