{
  "accuracy": {
    "ents_f": 85.5737521659,
    "ents_p": 85.5833193583,
    "ents_r": 85.5641871123,
    "las": 89.9641242344,
    "tags_acc": 96.8357375523,
    "token_acc": 99.1794885891,
    "uas": 91.7956559973
  },
  "author": "Explosion AI",
  "description": "English multi-task CNN trained on OntoNotes. Assigns context-specific token vectors, POS tags, dependency parse and named entities.",
  "email": "contact@explosion.ai",
  "lang": "en",
  "license": "MIT",
  "name": "core_web_sm",
  "parent_package": "spacy-nightly",
  "pipeline": [
    "tagger",
    "parser",
    "ner"
  ],
  "sources": [
    "OntoNotes 5"
  ],
  "spacy_version": ">=2.1.0a0",
  "speed": {
    "cpu": 5377.9676043123,
    "gpu": null,
    "nwords": 291344
  },
  "url": "https://explosion.ai",
  "version": "2.1.0a0",
  "size": "27 MB",
  "checksum": "a89043cee50de180778df480a13f47e6e9ce4fd0400e155d82510d3ae6cbc6ae"
}