{
  "lang": "en", 
  "pipeline": [
    "tagger", 
    "parser", 
    "ner"
  ],
  "vectors": {
    "width": 0,
    "entries": 55
  },
  "accuracy": {
    "token_acc": 99.8725812767, 
    "ents_p": 84.5320744238, 
    "ents_r": 85.0611971162, 
    "uas": 91.6484818256, 
    "tags_acc": 97.0523543219, 
    "ents_f": 84.7958103516, 
    "las": 89.7702475217
  }, 
  "name": "core_web_sm", 
  "license": "CC BY-SA 3.0", 
  "author": "Explosion AI", 
  "url": "https://explosion.ai", 
  "checksum": "63b22fc641c1b02c6387ecbc2dd979178486e07e0a9f7df28a446c51ebfe16d6", 
  "size": "34 MB", 
  "sources": [
    "OntoNotes 5", 
    "Common Crawl"
  ], 
  "version": "2.0.0a7", 
  "spacy_version": ">=2.0.0a17", 
  "parent_package": "spacy-nightly", 
  "speed": {
    "gpu": 4806.2357873156, 
    "nwords": 291344, 
    "cpu": 3728.4435018985
  }, 
  "email": "contact@explosion.ai", 
  "description": "English multi-task CNN trained on OntoNotes, with GloVe vectors trained on Common Crawl. Assigns word vectors, context-specific token vectors, POS tags, dependency parse and named entities."
}
