{
  "lang": "en",
  "name": "core_web_trf",
  "version": "3.0.0a1",
  "description": "English transformer pipeline (roberta-base). Components: transformer, tagger, parser, ner, attribute_ruler, lemmatizer.",
  "author": "Explosion",
  "email": "contact@explosion.ai",
  "url": "https://explosion.ai",
  "license": "MIT",
  "spacy_version": ">=3.0.0rc3,<3.1.0",
  "spacy_git_version": "b331653ad",
  "vectors": {
    "width": 0,
    "vectors": 0,
    "keys": 0,
    "name": null
  },
  "labels": {
    "transformer": [],
    "tagger": [
      "$",
      "''",
      ",",
      "-LRB-",
      "-RRB-",
      ".",
      ":",
      "ADD",
      "AFX",
      "CC",
      "CD",
      "DT",
      "EX",
      "FW",
      "HYPH",
      "IN",
      "JJ",
      "JJR",
      "JJS",
      "LS",
      "MD",
      "NFP",
      "NN",
      "NNP",
      "NNPS",
      "NNS",
      "PDT",
      "POS",
      "PRP",
      "PRP$",
      "RB",
      "RBR",
      "RBS",
      "RP",
      "SYM",
      "TO",
      "UH",
      "VB",
      "VBD",
      "VBG",
      "VBN",
      "VBP",
      "VBZ",
      "WDT",
      "WP",
      "WP$",
      "WRB",
      "XX",
      "``"
    ],
    "parser": [
      "ROOT",
      "acl",
      "acomp",
      "advcl",
      "advmod",
      "agent",
      "amod",
      "appos",
      "attr",
      "aux",
      "auxpass",
      "case",
      "cc",
      "ccomp",
      "compound",
      "conj",
      "csubj",
      "csubjpass",
      "dative",
      "dep",
      "det",
      "dobj",
      "expl",
      "intj",
      "mark",
      "meta",
      "neg",
      "nmod",
      "npadvmod",
      "nsubj",
      "nsubjpass",
      "nummod",
      "oprd",
      "parataxis",
      "pcomp",
      "pobj",
      "poss",
      "preconj",
      "predet",
      "prep",
      "prt",
      "punct",
      "quantmod",
      "relcl",
      "xcomp"
    ],
    "ner": [
      "CARDINAL",
      "DATE",
      "EVENT",
      "FAC",
      "GPE",
      "LANGUAGE",
      "LAW",
      "LOC",
      "MONEY",
      "NORP",
      "ORDINAL",
      "ORG",
      "PERCENT",
      "PERSON",
      "PRODUCT",
      "QUANTITY",
      "TIME",
      "WORK_OF_ART"
    ],
    "attribute_ruler": [],
    "lemmatizer": []
  },
  "pipeline": [
    "transformer",
    "tagger",
    "parser",
    "ner",
    "attribute_ruler",
    "lemmatizer"
  ],
  "components": [
    "transformer",
    "tagger",
    "parser",
    "ner",
    "attribute_ruler",
    "lemmatizer"
  ],
  "disabled": [],
  "performance": {
    "token_acc": 0.9993053983,
    "tag_acc": 0.9781655642,
    "dep_uas": 0.9522575819,
    "dep_las": 0.9386627816,
    "ents_p": 0.9016005637,
    "ents_r": 0.8970853365,
    "ents_f": 0.8993372829,
    "sents_p": 0.9457170214,
    "sents_r": 0.8470215713,
    "sents_f": 0.8936525612,
    "speed": 5120.8310248619,
    "dep_las_per_type": {
      "prep": {
        "p": 0.9214507223,
        "r": 0.9244925062,
        "f": 0.9229691081
      },
      "det": {
        "p": 0.9904116855,
        "r": 0.9897251896,
        "f": 0.9900683185
      },
      "pobj": {
        "p": 0.9838722336,
        "r": 0.9846063224,
        "f": 0.9842391411
      },
      "nsubj": {
        "p": 0.9807346294,
        "r": 0.979101862,
        "f": 0.9799175656
      },
      "aux": {
        "p": 0.9897513591,
        "r": 0.9886940265,
        "f": 0.9892224103
      },
      "advmod": {
        "p": 0.8983022357,
        "r": 0.8992091536,
        "f": 0.8987554659
      },
      "relcl": {
        "p": 0.8840114204,
        "r": 0.898766328,
        "f": 0.8913278158
      },
      "root": {
        "p": 0.9677300794,
        "r": 0.8684609803,
        "f": 0.9154121615
      },
      "xcomp": {
        "p": 0.9399280576,
        "r": 0.9379038047,
        "f": 0.9389148401
      },
      "amod": {
        "p": 0.9450356911,
        "r": 0.9435050211,
        "f": 0.9442697358
      },
      "compound": {
        "p": 0.9508132581,
        "r": 0.9473713522,
        "f": 0.9490891846
      },
      "poss": {
        "p": 0.9853354761,
        "r": 0.9873188406,
        "f": 0.9863261613
      },
      "ccomp": {
        "p": 0.856952381,
        "r": 0.916293279,
        "f": 0.8856299213
      },
      "attr": {
        "p": 0.9516928159,
        "r": 0.9693019344,
        "f": 0.9604166667
      },
      "case": {
        "p": 0.9875807253,
        "r": 0.994994995,
        "f": 0.9912739965
      },
      "mark": {
        "p": 0.9462083443,
        "r": 0.9554848967,
        "f": 0.9508239947
      },
      "intj": {
        "p": 0.5897435897,
        "r": 0.7582417582,
        "f": 0.6634615385
      },
      "advcl": {
        "p": 0.8044904137,
        "r": 0.803072274,
        "f": 0.8037807183
      },
      "cc": {
        "p": 0.8889416232,
        "r": 0.896065064,
        "f": 0.8924891298
      },
      "neg": {
        "p": 0.9623871615,
        "r": 0.9628700452,
        "f": 0.9626285428
      },
      "conj": {
        "p": 0.8623929591,
        "r": 0.9127643505,
        "f": 0.8868639922
      },
      "nsubjpass": {
        "p": 0.9558748076,
        "r": 0.9553846154,
        "f": 0.9556296486
      },
      "auxpass": {
        "p": 0.964753728,
        "r": 0.9726651481,
        "f": 0.9686932849
      },
      "dobj": {
        "p": 0.9727837021,
        "r": 0.974101522,
        "f": 0.973442166
      },
      "nummod": {
        "p": 0.9497461929,
        "r": 0.9449494949,
        "f": 0.9473417722
      },
      "npadvmod": {
        "p": 0.8559792669,
        "r": 0.8213143872,
        "f": 0.8382886149
      },
      "prt": {
        "p": 0.8857142857,
        "r": 0.9166666667,
        "f": 0.9009247028
      },
      "pcomp": {
        "p": 0.9410511364,
        "r": 0.9278711485,
        "f": 0.9344146685
      },
      "expl": {
        "p": 0.9935897436,
        "r": 0.9957173448,
        "f": 0.9946524064
      },
      "acl": {
        "p": 0.8534059946,
        "r": 0.8543371522,
        "f": 0.8538713195
      },
      "agent": {
        "p": 0.9523809524,
        "r": 0.9677419355,
        "f": 0.96
      },
      "dative": {
        "p": 0.8359550562,
        "r": 0.8532110092,
        "f": 0.8444948922
      },
      "acomp": {
        "p": 0.9428962997,
        "r": 0.9360544218,
        "f": 0.939462904
      },
      "dep": {
        "p": 0.4414893617,
        "r": 0.4042207792,
        "f": 0.4220338983
      },
      "csubj": {
        "p": 0.9090909091,
        "r": 0.8875739645,
        "f": 0.8982035928
      },
      "quantmod": {
        "p": 0.8870151771,
        "r": 0.8545897644,
        "f": 0.8705006206
      },
      "nmod": {
        "p": 0.835335689,
        "r": 0.7202925046,
        "f": 0.7735602094
      },
      "appos": {
        "p": 0.7966597077,
        "r": 0.8277657267,
        "f": 0.8119148936
      },
      "predet": {
        "p": 0.8645418327,
        "r": 0.9313304721,
        "f": 0.8966942149
      },
      "preconj": {
        "p": 0.6956521739,
        "r": 0.7441860465,
        "f": 0.7191011236
      },
      "oprd": {
        "p": 0.89375,
        "r": 0.8537313433,
        "f": 0.8732824427
      },
      "csubjpass": {
        "p": 0.8333333333,
        "r": 0.8333333333,
        "f": 0.8333333333
      },
      "parataxis": {
        "p": 0.595505618,
        "r": 0.6898047722,
        "f": 0.6391959799
      },
      "meta": {
        "p": 0.1684210526,
        "r": 0.6153846154,
        "f": 0.2644628099
      }
    },
    "ents_per_type": {
      "DATE": {
        "p": 0.8966064066,
        "r": 0.8974603175,
        "f": 0.8970331588
      },
      "GPE": {
        "p": 0.9566694987,
        "r": 0.9422594142,
        "f": 0.9494097808
      },
      "ORDINAL": {
        "p": 0.8264984227,
        "r": 0.8136645963,
        "f": 0.8200312989
      },
      "ORG": {
        "p": 0.9026783347,
        "r": 0.9024390244,
        "f": 0.9025586637
      },
      "FAC": {
        "p": 0.5586592179,
        "r": 0.7692307692,
        "f": 0.6472491909
      },
      "QUANTITY": {
        "p": 0.7239583333,
        "r": 0.7637362637,
        "f": 0.743315508
      },
      "LOC": {
        "p": 0.8155339806,
        "r": 0.8025477707,
        "f": 0.808988764
      },
      "CARDINAL": {
        "p": 0.8644271146,
        "r": 0.8567181926,
        "f": 0.8605553897
      },
      "PERSON": {
        "p": 0.94816,
        "r": 0.9670365535,
        "f": 0.9575052513
      },
      "NORP": {
        "p": 0.928,
        "r": 0.928,
        "f": 0.928
      },
      "LAW": {
        "p": 0.6571428571,
        "r": 0.71875,
        "f": 0.6865671642
      },
      "MONEY": {
        "p": 0.913253012,
        "r": 0.8949232586,
        "f": 0.9039952296
      },
      "TIME": {
        "p": 0.751396648,
        "r": 0.7865497076,
        "f": 0.7685714286
      },
      "EVENT": {
        "p": 0.8114754098,
        "r": 0.5689655172,
        "f": 0.6689189189
      },
      "PRODUCT": {
        "p": 0.6296296296,
        "r": 0.4834123223,
        "f": 0.5469168901
      },
      "WORK_OF_ART": {
        "p": 0.6206896552,
        "r": 0.5567010309,
        "f": 0.5869565217
      },
      "PERCENT": {
        "p": 0.9178515008,
        "r": 0.8897396631,
        "f": 0.9035769829
      },
      "LANGUAGE": {
        "p": 0.96,
        "r": 0.75,
        "f": 0.8421052632
      }
    }
  },
  "sources": [
    {
      "name": "OntoNotes 5",
      "url": "https://catalog.ldc.upenn.edu/LDC2013T19",
      "license": "commercial (licensed by Explosion)"
    }
  ],
  "requirements": [
    "spacy-transformers>=1.0.0rc1,<1.1.0"
  ],
  "parent_package": "spacy-nightly",
  "size": "438 MB",
  "checksum": "64ea841ba29b8ce604af5d67f24e831e03074c72884502a940fddd5df09d7b6d"
}