{
  "lang": "en",
  "lang_factory": "trf",
  "name": "trf_robertabase_lg",
  "description": "Provides weights and configuration for the pretrained transformer model `roberta-base`, published by Facebook. The package uses HuggingFace's `transformers` implementation of the model. Pretrained transformer models assign detailed contextual word representations, using knowledge drawn from a large corpus of unlabelled text. You can use the contextual word representations as features in a variety of pipeline components that can be trained on your own data.",
  "notes": "Requires the `spacy-transformers` package to be installed. A CUDA-compatible GPU is advised for reasonable performance.",
  "author": "Facebook (repackaged by Explosion)",
  "email": "contact@explosion.ai",
  "url": "https://github.com/explosion/spacy-transformers",
  "license": "MIT",
  "sources": [
    {
      "name": "roberta-base",
      "author": "Facebook",
      "url": "https://github.com/pytorch/fairseq/tree/master/examples/roberta"
    }
  ],
  "version": "2.2.0",
  "requirements": [
    "spacy-transformers>=0.5.0"
  ],
  "spacy_version": ">=2.2.1",
  "vectors": {
    "width": 0,
    "vectors": 0,
    "keys": 0,
    "name": null
  },
  "pipeline": [
    "sentencizer",
    "trf_wordpiecer",
    "trf_tok2vec"
  ],
  "labels": {},
  "size": "278 MB",
  "checksum": "cf32b4f5dbbd3ac4e2584f1cec77a91ceabc3b452005380b652bfc890de80680"
}