{
  "lang": "es",
  "name": "core_news_md",
  "license": "GPL",
  "author": "Explosion",
  "url": "https://explosion.ai",
  "email": "contact@explosion.ai",
  "sources": [
    {
      "name": "UD Spanish AnCora v2.5",
      "url": "https://github.com/UniversalDependencies/UD_Spanish-AnCora",
      "license": "GNU GPL 3.0",
      "author": "Mart\u00ednez Alonso, H\u00e9ctor; Zeman, Daniel"
    },
    {
      "name": "WikiNER",
      "url": "https://figshare.com/articles/Learning_multilingual_named_entity_recognition_from_Wikipedia/5462500",
      "license": "CC BY 4.0"
    },
    {
      "name": "OSCAR (Common Crawl)",
      "url": "https://oscar-corpus.com/",
      "license": "CC0"
    },
    {
      "name": "Wikipedia (20200301)",
      "url": "https://dumps.wikimedia.org/",
      "license": "CC BY-SA 3.0"
    }
  ],
  "description": "Spanish multi-task CNN trained on UD Spanish AnCora and WikiNER. Assigns word vectors, POS tags, dependency parses and named entities. Word vectors trained using FastText CBOW on Wikipedia and OSCAR (Common Crawl).",
  "notes": "Because the model is trained on Wikipedia, it may perform inconsistently on many genres, such as social media text. The NER accuracy refers to the \"silver standard\" annotations in the WikiNER corpus. Accuracy on these annotations tends to be higher than correct human annotations.",
  "pipeline": [
    "tagger",
    "parser",
    "ner"
  ],
  "version": "2.3.0",
  "spacy_version": ">=2.3.0,<2.4.0",
  "parent_package": "spacy",
  "accuracy": {
    "las": 88.6745990237,
    "uas": 91.6034693166,
    "token_acc": 99.8946218842,
    "las_per_type": {
      "det": {
        "p": 97.6497239134,
        "r": 98.2478632479,
        "f": 97.9478804232
      },
      "amod": {
        "p": 91.969273743,
        "r": 91.713091922,
        "f": 91.8410041841
      },
      "nsubj": {
        "p": 89.9854862119,
        "r": 90.7095830285,
        "f": 90.3460837887
      },
      "case": {
        "p": 96.512890095,
        "r": 96.7755102041,
        "f": 96.6440217391
      },
      "nmod": {
        "p": 84.8859060403,
        "r": 83.7172359015,
        "f": 84.2975206612
      },
      "flat": {
        "p": 91.6978309648,
        "r": 92.042042042,
        "f": 91.8696140877
      },
      "obj": {
        "p": 84.7789115646,
        "r": 86.8971528181,
        "f": 85.824964132
      },
      "root": {
        "p": 92.3122765197,
        "r": 93.6517533253,
        "f": 92.9771908764
      },
      "obl": {
        "p": 72.7848101266,
        "r": 74.4176013805,
        "f": 73.5921501706
      },
      "compound": {
        "p": 89.7435897436,
        "r": 70.0,
        "f": 78.6516853933
      },
      "appos": {
        "p": 69.3548387097,
        "r": 71.9665271967,
        "f": 70.636550308
      },
      "cc": {
        "p": 92.8374655647,
        "r": 92.3920493489,
        "f": 92.6142219169
      },
      "cop": {
        "p": 88.2599580713,
        "r": 90.3433476395,
        "f": 89.2895015907
      },
      "conj": {
        "p": 72.9465449804,
        "r": 71.4103382259,
        "f": 72.1702676556
      },
      "nummod": {
        "p": 88.2661996497,
        "r": 88.8888888889,
        "f": 88.5764499121
      },
      "mark": {
        "p": 90.8256880734,
        "r": 91.3680781759,
        "f": 91.0960757781
      },
      "advcl": {
        "p": 63.0880579011,
        "r": 64.4882860666,
        "f": 63.7804878049
      },
      "acl": {
        "p": 75.9348034516,
        "r": 75.4285714286,
        "f": 75.6808408982
      },
      "iobj": {
        "p": 82.2033898305,
        "r": 53.8888888889,
        "f": 65.1006711409
      },
      "xcomp": {
        "p": 82.6530612245,
        "r": 79.6068796069,
        "f": 81.1013767209
      },
      "advmod": {
        "p": 85.201793722,
        "r": 84.6325167038,
        "f": 84.9162011173
      },
      "fixed": {
        "p": 87.550744249,
        "r": 82.3155216285,
        "f": 84.8524590164
      },
      "ccomp": {
        "p": 82.4593128391,
        "r": 85.393258427,
        "f": 83.9006439742
      },
      "aux": {
        "p": 96.1483594864,
        "r": 95.8748221906,
        "f": 96.0113960114
      },
      "csubj": {
        "p": 71.5789473684,
        "r": 71.5789473684,
        "f": 71.5789473684
      },
      "parataxis": {
        "p": 68.0,
        "r": 40.0,
        "f": 50.3703703704
      },
      "dep": {
        "p": 8.3333333333,
        "r": 11.1111111111,
        "f": 9.5238095238
      },
      "expl:pass": {
        "p": 80.0,
        "r": 26.6666666667,
        "f": 40.0
      },
      "nsubj:pass": {
        "p": 0.0,
        "r": 0.0,
        "f": 0.0
      },
      "aux:pass": {
        "p": 0.0,
        "r": 0.0,
        "f": 0.0
      },
      "orphan": {
        "p": 0.0,
        "r": 0.0,
        "f": 0.0
      }
    },
    "tags_acc": 97.5407242639,
    "ents_f": 89.8350164576,
    "ents_p": 89.9606098333,
    "ents_r": 89.7097732731,
    "ents_per_type": {
      "ORG": {
        "p": 85.3734192317,
        "r": 82.6900855096,
        "f": 84.0103310636
      },
      "PER": {
        "p": 94.2412067386,
        "r": 95.3229716241,
        "f": 94.7790025875
      },
      "MISC": {
        "p": 83.8357921745,
        "r": 79.4408144659,
        "f": 81.5791526878
      },
      "LOC": {
        "p": 89.8248779888,
        "r": 90.5041322314,
        "f": 90.1632258197
      }
    }
  },
  "speed": {
    "cpu": 7604.3230577231,
    "gpu": null,
    "nwords": 699524
  },
  "labels": {
    "tagger": [
      "ADJ",
      "ADJ__AdpType=Prep",
      "ADJ__AdpType=Preppron|Gender=Masc|Number=Sing",
      "ADJ__AdvType=Tim",
      "ADJ__Degree=Abs|Gender=Fem|Number=Plur",
      "ADJ__Degree=Abs|Gender=Fem|Number=Sing",
      "ADJ__Degree=Abs|Gender=Masc|Number=Plur",
      "ADJ__Degree=Abs|Gender=Masc|Number=Sing",
      "ADJ__Degree=Cmp",
      "ADJ__Degree=Cmp|Number=Plur",
      "ADJ__Degree=Cmp|Number=Sing",
      "ADJ__Degree=Sup|Gender=Fem|Number=Plur",
      "ADJ__Degree=Sup|Gender=Fem|Number=Sing",
      "ADJ__Degree=Sup|Gender=Masc|Number=Plur",
      "ADJ__Degree=Sup|Gender=Masc|Number=Sing",
      "ADJ__Gender=Fem|Number=Plur",
      "ADJ__Gender=Fem|Number=Plur|NumType=Ord",
      "ADJ__Gender=Fem|Number=Plur|VerbForm=Part",
      "ADJ__Gender=Fem|Number=Sing",
      "ADJ__Gender=Fem|Number=Sing|NumType=Ord",
      "ADJ__Gender=Fem|Number=Sing|VerbForm=Part",
      "ADJ__Gender=Masc",
      "ADJ__Gender=Masc|Number=Plur",
      "ADJ__Gender=Masc|Number=Plur|NumType=Ord",
      "ADJ__Gender=Masc|Number=Plur|VerbForm=Part",
      "ADJ__Gender=Masc|Number=Sing",
      "ADJ__Gender=Masc|Number=Sing|NumType=Ord",
      "ADJ__Gender=Masc|Number=Sing|VerbForm=Part",
      "ADJ__Number=Plur",
      "ADJ__Number=Sing",
      "ADP__AdpType=Prep",
      "ADP__AdpType=Preppron",
      "ADV",
      "ADV__AdpType=Prep",
      "ADV__AdpType=Preppron",
      "ADV__AdpType=Prep|Degree=Cmp",
      "ADV__AdvType=Tim",
      "ADV__Case=Acc|Person=3|PrepCase=Pre|PronType=Prs|Reflex=Yes",
      "ADV__Degree=Cmp",
      "ADV__Polarity=Neg",
      "AUX",
      "AUX_PRON__Case=Acc,Dat|Number=Plur|Person=1|PrepCase=Npr|PronType=Prs|Reflex=Yes|VerbForm=Ger",
      "AUX_PRON__Case=Acc,Dat|Number=Plur|Person=1|PrepCase=Npr|PronType=Prs|VerbForm=Inf",
      "AUX_PRON__Case=Acc,Dat|Number=Plur|Person=2|PrepCase=Npr|PronType=Prs|VerbForm=Inf",
      "AUX_PRON__Case=Acc,Dat|Number=Sing|Person=1|PrepCase=Npr|PronType=Prs|VerbForm=Ger",
      "AUX_PRON__Case=Acc,Dat|Number=Sing|Person=1|PrepCase=Npr|PronType=Prs|VerbForm=Inf",
      "AUX_PRON__Case=Acc,Dat|Number=Sing|Person=2|PrepCase=Npr|PronType=Prs|VerbForm=Inf",
      "AUX_PRON__Case=Acc,Dat|Person=3|PrepCase=Npr|PronType=Prs|Reflex=Yes|VerbForm=Ger",
      "AUX_PRON__Case=Acc,Dat|Person=3|PrepCase=Npr|PronType=Prs|Reflex=Yes|VerbForm=Inf",
      "AUX_PRON__Case=Acc|Gender=Fem|Number=Plur|Person=3|PrepCase=Npr|PronType=Prs|VerbForm=Inf",
      "AUX_PRON__Case=Acc|Gender=Fem|Number=Sing|Person=3|PrepCase=Npr|PronType=Prs|VerbForm=Inf",
      "AUX_PRON__Case=Acc|Gender=Masc|Number=Plur|Person=3|PrepCase=Npr|PronType=Prs|VerbForm=Inf",
      "AUX_PRON__Case=Acc|Gender=Masc|Number=Sing|Person=3|PrepCase=Npr|PronType=Prs|VerbForm=Ger",
      "AUX_PRON__Case=Acc|Gender=Masc|Number=Sing|Person=3|PrepCase=Npr|PronType=Prs|VerbForm=Inf",
      "AUX_PRON__Case=Dat|Number=Plur|Person=3|PronType=Prs|VerbForm=Ger",
      "AUX_PRON__Case=Dat|Number=Plur|Person=3|PronType=Prs|VerbForm=Inf",
      "AUX_PRON__Case=Dat|Number=Sing|Person=3|PronType=Prs|VerbForm=Ger",
      "AUX_PRON__Case=Dat|Number=Sing|Person=3|PronType=Prs|VerbForm=Inf",
      "AUX__Gender=Fem|Number=Plur|Tense=Past|VerbForm=Part",
      "AUX__Gender=Fem|Number=Sing|Tense=Past|VerbForm=Part",
      "AUX__Gender=Masc|Number=Plur|Tense=Past|VerbForm=Part",
      "AUX__Gender=Masc|Number=Sing|Tense=Past|VerbForm=Part",
      "AUX__Mood=Cnd|Number=Plur|Person=1|VerbForm=Fin",
      "AUX__Mood=Cnd|Number=Plur|Person=3|VerbForm=Fin",
      "AUX__Mood=Cnd|Number=Sing|Person=1|VerbForm=Fin",
      "AUX__Mood=Cnd|Number=Sing|Person=2|VerbForm=Fin",
      "AUX__Mood=Cnd|Number=Sing|Person=3|VerbForm=Fin",
      "AUX__Mood=Imp|Number=Plur|Person=3|VerbForm=Fin",
      "AUX__Mood=Imp|Number=Sing|Person=2|VerbForm=Fin",
      "AUX__Mood=Imp|Number=Sing|Person=3|VerbForm=Fin",
      "AUX__Mood=Ind|Number=Plur|Person=1|Tense=Fut|VerbForm=Fin",
      "AUX__Mood=Ind|Number=Plur|Person=1|Tense=Imp|VerbForm=Fin",
      "AUX__Mood=Ind|Number=Plur|Person=1|Tense=Past|VerbForm=Fin",
      "AUX__Mood=Ind|Number=Plur|Person=1|Tense=Pres|VerbForm=Fin",
      "AUX__Mood=Ind|Number=Plur|Person=2|Tense=Pres|VerbForm=Fin",
      "AUX__Mood=Ind|Number=Plur|Person=3|Tense=Fut|VerbForm=Fin",
      "AUX__Mood=Ind|Number=Plur|Person=3|Tense=Imp|VerbForm=Fin",
      "AUX__Mood=Ind|Number=Plur|Person=3|Tense=Past|VerbForm=Fin",
      "AUX__Mood=Ind|Number=Plur|Person=3|Tense=Pres|VerbForm=Fin",
      "AUX__Mood=Ind|Number=Sing|Person=1|Tense=Fut|VerbForm=Fin",
      "AUX__Mood=Ind|Number=Sing|Person=1|Tense=Imp|VerbForm=Fin",
      "AUX__Mood=Ind|Number=Sing|Person=1|Tense=Past|VerbForm=Fin",
      "AUX__Mood=Ind|Number=Sing|Person=1|Tense=Pres|VerbForm=Fin",
      "AUX__Mood=Ind|Number=Sing|Person=2|Tense=Fut|VerbForm=Fin",
      "AUX__Mood=Ind|Number=Sing|Person=2|Tense=Imp|VerbForm=Fin",
      "AUX__Mood=Ind|Number=Sing|Person=2|Tense=Pres|VerbForm=Fin",
      "AUX__Mood=Ind|Number=Sing|Person=3|Tense=Fut|VerbForm=Fin",
      "AUX__Mood=Ind|Number=Sing|Person=3|Tense=Imp|VerbForm=Fin",
      "AUX__Mood=Ind|Number=Sing|Person=3|Tense=Past|VerbForm=Fin",
      "AUX__Mood=Ind|Number=Sing|Person=3|Tense=Pres|VerbForm=Fin",
      "AUX__Mood=Sub|Number=Plur|Person=1|Tense=Imp|VerbForm=Fin",
      "AUX__Mood=Sub|Number=Plur|Person=1|Tense=Pres|VerbForm=Fin",
      "AUX__Mood=Sub|Number=Plur|Person=3|Tense=Imp|VerbForm=Fin",
      "AUX__Mood=Sub|Number=Plur|Person=3|Tense=Pres|VerbForm=Fin",
      "AUX__Mood=Sub|Number=Sing|Person=1|Tense=Imp|VerbForm=Fin",
      "AUX__Mood=Sub|Number=Sing|Person=1|Tense=Pres|VerbForm=Fin",
      "AUX__Mood=Sub|Number=Sing|Person=2|Tense=Pres|VerbForm=Fin",
      "AUX__Mood=Sub|Number=Sing|Person=3|Tense=Imp|VerbForm=Fin",
      "AUX__Mood=Sub|Number=Sing|Person=3|Tense=Pres|VerbForm=Fin",
      "AUX__Number=Sing|VerbForm=Fin",
      "AUX__VerbForm=Ger",
      "AUX__VerbForm=Inf",
      "CCONJ",
      "DET__Case=Acc|Definite=Def|Gender=Masc|Number=Sing|Person=3|PrepCase=Npr|PronType=Prs",
      "DET__Case=Acc|Gender=Masc|Number=Sing|Person=3|PrepCase=Npr|PronType=Prs",
      "DET__Case=Dat|Number=Plur|Person=3|PronType=Prs",
      "DET__Definite=Def|Gender=Fem|Number=Plur|PronType=Art",
      "DET__Definite=Def|Gender=Fem|Number=Sing|PronType=Art",
      "DET__Definite=Def|Gender=Masc|Number=Plur|PronType=Art",
      "DET__Definite=Def|Gender=Masc|Number=Sing|PronType=Art",
      "DET__Definite=Ind|Gender=Fem|Number=Plur|PronType=Art",
      "DET__Definite=Ind|Gender=Fem|Number=Sing|NumType=Card|PronType=Art",
      "DET__Definite=Ind|Gender=Fem|Number=Sing|PronType=Art",
      "DET__Definite=Ind|Gender=Masc|Number=Plur|PronType=Art",
      "DET__Definite=Ind|Gender=Masc|Number=Sing|NumType=Card|PronType=Art",
      "DET__Definite=Ind|Gender=Masc|Number=Sing|PronType=Art",
      "DET__Degree=Abs|Gender=Masc|Number=Plur|NumType=Card|PronType=Ind",
      "DET__Degree=Abs|Gender=Masc|Number=Sing|PronType=Ind",
      "DET__Gender=Fem|Number=Plur|NumType=Card|PronType=Dem",
      "DET__Gender=Fem|Number=Plur|NumType=Card|PronType=Ind",
      "DET__Gender=Fem|Number=Plur|Number[psor]=Plur|Person=1|Poss=Yes|PronType=Prs",
      "DET__Gender=Fem|Number=Plur|Number[psor]=Plur|Person=2|Poss=Yes|PronType=Prs",
      "DET__Gender=Fem|Number=Plur|Person=3|Poss=Yes|PronType=Prs",
      "DET__Gender=Fem|Number=Plur|PronType=Dem",
      "DET__Gender=Fem|Number=Plur|PronType=Ind",
      "DET__Gender=Fem|Number=Plur|PronType=Tot",
      "DET__Gender=Fem|Number=Sing|NumType=Card|PronType=Dem",
      "DET__Gender=Fem|Number=Sing|NumType=Card|PronType=Ind",
      "DET__Gender=Fem|Number=Sing|NumType=Card|PronType=Int,Rel",
      "DET__Gender=Fem|Number=Sing|Number[psor]=Plur|Person=1|Poss=Yes|PronType=Prs",
      "DET__Gender=Fem|Number=Sing|Number[psor]=Plur|Person=2|Poss=Yes|PronType=Prs",
      "DET__Gender=Fem|Number=Sing|Number[psor]=Sing|Person=1|Poss=Yes|PronType=Ind",
      "DET__Gender=Fem|Number=Sing|Person=3|Poss=Yes|PronType=Ind",
      "DET__Gender=Fem|Number=Sing|Person=3|Poss=Yes|PronType=Prs",
      "DET__Gender=Fem|Number=Sing|PronType=Dem",
      "DET__Gender=Fem|Number=Sing|PronType=Ind",
      "DET__Gender=Fem|Number=Sing|PronType=Neg",
      "DET__Gender=Fem|Number=Sing|PronType=Tot",
      "DET__Gender=Masc|Number=Plur|NumType=Card|PronType=Dem",
      "DET__Gender=Masc|Number=Plur|NumType=Card|PronType=Ind",
      "DET__Gender=Masc|Number=Plur|NumType=Card|PronType=Int,Rel",
      "DET__Gender=Masc|Number=Plur|Number[psor]=Plur|Person=1|Poss=Yes|PronType=Prs",
      "DET__Gender=Masc|Number=Plur|Person=3|Poss=Yes|PronType=Prs",
      "DET__Gender=Masc|Number=Plur|PronType=Art",
      "DET__Gender=Masc|Number=Plur|PronType=Dem",
      "DET__Gender=Masc|Number=Plur|PronType=Ind",
      "DET__Gender=Masc|Number=Plur|PronType=Tot",
      "DET__Gender=Masc|Number=Sing|NumType=Card|PronType=Dem",
      "DET__Gender=Masc|Number=Sing|NumType=Card|PronType=Ind",
      "DET__Gender=Masc|Number=Sing|NumType=Card|PronType=Int,Rel",
      "DET__Gender=Masc|Number=Sing|Number[psor]=Plur|Person=1|Poss=Yes|PronType=Prs",
      "DET__Gender=Masc|Number=Sing|Number[psor]=Sing|Person=1|Poss=Yes|PronType=Ind",
      "DET__Gender=Masc|Number=Sing|Person=3|Poss=Yes|PronType=Ind",
      "DET__Gender=Masc|Number=Sing|Person=3|Poss=Yes|PronType=Prs",
      "DET__Gender=Masc|Number=Sing|PronType=Dem",
      "DET__Gender=Masc|Number=Sing|PronType=Ind",
      "DET__Gender=Masc|Number=Sing|PronType=Neg",
      "DET__Gender=Masc|Number=Sing|PronType=Tot",
      "DET__Number=Plur|NumType=Card|PronType=Ind",
      "DET__Number=Plur|Number[psor]=Sing|Person=1|Poss=Yes|PronType=Prs",
      "DET__Number=Plur|Number[psor]=Sing|Person=2|Poss=Yes|PronType=Prs",
      "DET__Number=Plur|Person=3|Poss=Yes|PronType=Prs",
      "DET__Number=Plur|PronType=Dem",
      "DET__Number=Plur|PronType=Ind",
      "DET__Number=Sing|NumType=Card|PronType=Ind",
      "DET__Number=Sing|Number[psor]=Sing|Person=1|Poss=Yes|PronType=Prs",
      "DET__Number=Sing|Number[psor]=Sing|Person=2|Poss=Yes|PronType=Prs",
      "DET__Number=Sing|Person=3|Poss=Yes|PronType=Prs",
      "DET__Number=Sing|PronType=Dem",
      "DET__Number=Sing|PronType=Ind",
      "DET__Number=Sing|PronType=Int,Rel",
      "DET__Number=Sing|PronType=Tot",
      "DET__PronType=Ind",
      "DET__PronType=Int,Rel",
      "INTJ",
      "NOUN",
      "NOUN__AdvType=Tim",
      "NOUN__AdvType=Tim|Gender=Masc|Number=Sing",
      "NOUN__Case=Acc,Dat|Gender=Masc|Number=Plur|Person=2|PrepCase=Npr|PronType=Prs",
      "NOUN__Case=Acc,Dat|Number=Sing|Person=1|PrepCase=Npr|PronType=Prs",
      "NOUN__Case=Acc,Dat|Person=3|PrepCase=Npr|PronType=Prs|Reflex=Yes",
      "NOUN__Case=Acc|Number=Sing|Person=2|PrepCase=Pre|PronType=Prs",
      "NOUN__Case=Nom|Number=Sing|Person=1|PronType=Prs",
      "NOUN__Gender=Fem",
      "NOUN__Gender=Fem|Number=Plur",
      "NOUN__Gender=Fem|Number=Sing",
      "NOUN__Gender=Masc",
      "NOUN__Gender=Masc|Number=Plur",
      "NOUN__Gender=Masc|Number=Sing",
      "NOUN__Gender=Masc|Number=Sing|VerbForm=Fin",
      "NOUN__Gender=Masc|Number=Sing|VerbForm=Part",
      "NOUN__NumForm=Digit",
      "NOUN__Number=Plur",
      "NOUN__Number=Sing",
      "NOUN__Number=Sing|VerbForm=Fin",
      "NOUN__VerbForm=Fin",
      "NUM__Gender=Fem|Number=Plur|NumType=Card",
      "NUM__Gender=Fem|Number=Sing|NumType=Card",
      "NUM__Gender=Fem|Number=Sing|NumType=Ord",
      "NUM__Gender=Masc|Number=Plur|NumType=Card",
      "NUM__Gender=Masc|Number=Sing|NumType=Card",
      "NUM__NumForm=Digit|NumType=Card",
      "NUM__NumForm=Digit|NumType=Frac",
      "NUM__NumType=Card",
      "NUM__Number=Plur|NumType=Card",
      "NUM__Number=Sing|NumType=Card",
      "PART",
      "PRON__Case=Acc,Dat|Gender=Masc|Number=Plur|Person=1|PrepCase=Npr|PronType=Prs",
      "PRON__Case=Acc,Dat|Number=Plur|Person=1|PrepCase=Npr|PronType=Prs",
      "PRON__Case=Acc,Dat|Number=Plur|Person=1|PrepCase=Npr|PronType=Prs|Reflex=Yes",
      "PRON__Case=Acc,Dat|Number=Plur|Person=2|PrepCase=Npr|PronType=Prs",
      "PRON__Case=Acc,Dat|Number=Sing|Person=1|PrepCase=Npr|PronType=Prs",
      "PRON__Case=Acc,Dat|Number=Sing|Person=1|PrepCase=Npr|PronType=Prs|Reflex=Yes",
      "PRON__Case=Acc,Dat|Number=Sing|Person=2|PrepCase=Npr|PronType=Prs",
      "PRON__Case=Acc,Dat|Number=Sing|Person=2|PrepCase=Npr|PronType=Prs|Reflex=Yes",
      "PRON__Case=Acc,Dat|Person=3|PrepCase=Npr|PronType=Prs|Reflex=Yes",
      "PRON__Case=Acc,Nom|Gender=Fem|Number=Plur|Person=3|PronType=Prs",
      "PRON__Case=Acc,Nom|Gender=Fem|Number=Sing|Person=3|PronType=Prs",
      "PRON__Case=Acc,Nom|Gender=Masc|Number=Plur|Person=1|PronType=Prs",
      "PRON__Case=Acc,Nom|Gender=Masc|Number=Plur|Person=3|PronType=Prs",
      "PRON__Case=Acc,Nom|Gender=Masc|Number=Sing|Person=3|PronType=Prs",
      "PRON__Case=Acc,Nom|Number=Plur|Person=2|Polite=Form|PronType=Prs",
      "PRON__Case=Acc,Nom|Number=Sing|Person=2|Polite=Form|PronType=Prs",
      "PRON__Case=Acc|Gender=Fem|Number=Plur|Person=3|PrepCase=Npr|PronType=Prs",
      "PRON__Case=Acc|Gender=Fem|Number=Sing|Person=3|PrepCase=Npr|PronType=Prs",
      "PRON__Case=Acc|Gender=Masc|Number=Plur|Person=3|PrepCase=Npr|PronType=Prs",
      "PRON__Case=Acc|Gender=Masc|Number=Sing|Person=3|PrepCase=Npr|PronType=Prs",
      "PRON__Case=Acc|Number=Sing|Person=1|PrepCase=Pre|PronType=Prs",
      "PRON__Case=Acc|Number=Sing|Person=2|PrepCase=Pre|PronType=Prs",
      "PRON__Case=Acc|Person=3|PrepCase=Pre|PronType=Prs|Reflex=Yes",
      "PRON__Case=Com|Number=Sing|Person=1|PrepCase=Pre|PronType=Prs",
      "PRON__Case=Com|Number=Sing|Person=2|PrepCase=Pre|PronType=Prs",
      "PRON__Case=Com|Person=3|PrepCase=Pre|PronType=Prs|Reflex=Yes",
      "PRON__Case=Dat|Number=Plur|Person=3|PronType=Prs",
      "PRON__Case=Dat|Number=Sing|Person=3|PronType=Prs",
      "PRON__Case=Nom|Number=Sing|Person=1|PronType=Prs",
      "PRON__Case=Nom|Number=Sing|Person=2|PronType=Prs",
      "PRON__Degree=Abs|Gender=Masc|Number=Plur|NumType=Card|PronType=Ind",
      "PRON__Gender=Fem|Number=Plur|NumType=Card|PronType=Ind",
      "PRON__Gender=Fem|Number=Plur|NumType=Card|PronType=Int,Rel",
      "PRON__Gender=Fem|Number=Plur|Number[psor]=Plur|Person=1|Poss=Yes|PronType=Prs",
      "PRON__Gender=Fem|Number=Plur|Person=3|Poss=Yes|PronType=Prs",
      "PRON__Gender=Fem|Number=Plur|Poss=Yes|PronType=Int,Rel",
      "PRON__Gender=Fem|Number=Plur|PronType=Dem",
      "PRON__Gender=Fem|Number=Plur|PronType=Ind",
      "PRON__Gender=Fem|Number=Plur|PronType=Tot",
      "PRON__Gender=Fem|Number=Sing|NumType=Card|PronType=Dem",
      "PRON__Gender=Fem|Number=Sing|NumType=Card|PronType=Ind",
      "PRON__Gender=Fem|Number=Sing|Number[psor]=Plur|Person=1|Poss=Yes|PronType=Prs",
      "PRON__Gender=Fem|Number=Sing|Number[psor]=Sing|Person=1|Poss=Yes|PronType=Ind",
      "PRON__Gender=Fem|Number=Sing|Number[psor]=Sing|Person=2|Poss=Yes|PronType=Ind",
      "PRON__Gender=Fem|Number=Sing|Person=1|Poss=Yes|PronType=Prs",
      "PRON__Gender=Fem|Number=Sing|Person=3|Poss=Yes|PronType=Prs",
      "PRON__Gender=Fem|Number=Sing|Poss=Yes|PronType=Int,Rel",
      "PRON__Gender=Fem|Number=Sing|PronType=Dem",
      "PRON__Gender=Fem|Number=Sing|PronType=Ind",
      "PRON__Gender=Fem|Number=Sing|PronType=Neg",
      "PRON__Gender=Fem|Number=Sing|PronType=Tot",
      "PRON__Gender=Masc|Number=Plur|NumType=Card|PronType=Dem",
      "PRON__Gender=Masc|Number=Plur|NumType=Card|PronType=Ind",
      "PRON__Gender=Masc|Number=Plur|NumType=Card|PronType=Int,Rel",
      "PRON__Gender=Masc|Number=Plur|Person=2|Poss=Yes|PronType=Ind",
      "PRON__Gender=Masc|Number=Plur|Poss=Yes|PronType=Int,Rel",
      "PRON__Gender=Masc|Number=Plur|PronType=Dem",
      "PRON__Gender=Masc|Number=Plur|PronType=Ind",
      "PRON__Gender=Masc|Number=Plur|PronType=Tot",
      "PRON__Gender=Masc|Number=Sing|NumType=Card|PronType=Dem",
      "PRON__Gender=Masc|Number=Sing|NumType=Card|PronType=Ind",
      "PRON__Gender=Masc|Number=Sing|NumType=Card|PronType=Int,Rel",
      "PRON__Gender=Masc|Number=Sing|Number[psor]=Plur|Person=1|Poss=Yes|PronType=Prs",
      "PRON__Gender=Masc|Number=Sing|Number[psor]=Sing|Person=1|Poss=Yes|PronType=Ind",
      "PRON__Gender=Masc|Number=Sing|Number[psor]=Sing|Person=2|Poss=Yes|PronType=Ind",
      "PRON__Gender=Masc|Number=Sing|Person=3|Poss=Yes|PronType=Prs",
      "PRON__Gender=Masc|Number=Sing|Poss=Yes|PronType=Int,Rel",
      "PRON__Gender=Masc|Number=Sing|PronType=Dem",
      "PRON__Gender=Masc|Number=Sing|PronType=Ind",
      "PRON__Gender=Masc|Number=Sing|PronType=Neg",
      "PRON__Gender=Masc|Number=Sing|PronType=Tot",
      "PRON__Number=Plur|NumType=Card|PronType=Ind",
      "PRON__Number=Plur|Person=3|Poss=Yes|PronType=Prs",
      "PRON__Number=Plur|PronType=Dem",
      "PRON__Number=Plur|PronType=Ind",
      "PRON__Number=Plur|PronType=Int,Rel",
      "PRON__Number=Sing|Person=3|Poss=Yes|PronType=Prs",
      "PRON__Number=Sing|PronType=Dem",
      "PRON__Number=Sing|PronType=Ind",
      "PRON__Number=Sing|PronType=Int,Rel",
      "PRON__Number=Sing|PronType=Neg",
      "PRON__Number=Sing|PronType=Tot",
      "PRON__PronType=Dem",
      "PRON__PronType=Ind",
      "PRON__PronType=Int,Rel",
      "PRON__PronType=Neg",
      "PROPN",
      "PROPN__Case=Acc,Dat|Number=Plur|Person=1|PrepCase=Npr|PronType=Prs",
      "PROPN__Case=Acc,Dat|Number=Sing|Person=2|PrepCase=Npr|PronType=Prs",
      "PROPN__Case=Acc,Dat|Person=3|PrepCase=Npr|PronType=Prs|Reflex=Yes",
      "PROPN__Case=Acc,Nom|Gender=Fem|Number=Sing|Person=3|PronType=Prs",
      "PROPN__Case=Acc,Nom|Gender=Masc|Number=Sing|Person=3|PronType=Prs",
      "PROPN__Case=Acc|Person=3|PrepCase=Pre|PronType=Prs|Reflex=Yes",
      "PROPN__Case=Dat|Number=Sing|Person=3|PronType=Prs",
      "PROPN__Case=Nom|Number=Sing|Person=1|PronType=Prs",
      "PROPN__Case=Nom|Number=Sing|Person=2|PronType=Prs",
      "PROPN__PronType=Ind",
      "PROPN__VerbForm=Fin",
      "PUNCT",
      "PUNCT_VERB_PRON_PUNCT__Case=Acc,Dat|Number=Sing|Person=2|PrepCase=Npr|PronType=Prs|PunctType=Quot|VerbForm=Inf",
      "PUNCT__PunctSide=Fin|PunctType=Brck",
      "PUNCT__PunctSide=Fin|PunctType=Excl",
      "PUNCT__PunctSide=Fin|PunctType=Qest",
      "PUNCT__PunctSide=Ini|PunctType=Brck",
      "PUNCT__PunctSide=Ini|PunctType=Excl",
      "PUNCT__PunctSide=Ini|PunctType=Qest",
      "PUNCT__PunctType=Colo",
      "PUNCT__PunctType=Comm",
      "PUNCT__PunctType=Dash",
      "PUNCT__PunctType=Peri",
      "PUNCT__PunctType=Quot",
      "PUNCT__PunctType=Semi",
      "SCONJ",
      "SCONJ__PronType=Int,Rel",
      "SYM",
      "SYM__NumForm=Digit",
      "SYM__NumForm=Digit|NumType=Frac",
      "VERB_PRON__Case=Acc,Dat|Mood=Imp|Number=Plur,Sing|Person=1,2|PrepCase=Npr|PronType=Prs|VerbForm=Fin",
      "VERB_PRON__Case=Acc,Dat|Mood=Imp|Number=Plur|Person=3|PrepCase=Npr|PronType=Prs|Reflex=Yes|VerbForm=Fin",
      "VERB_PRON__Case=Acc,Dat|Mood=Imp|Number=Sing|Person=1,3|PrepCase=Npr|PronType=Prs|VerbForm=Fin",
      "VERB_PRON__Case=Acc,Dat|Mood=Imp|Number=Sing|Person=2,3|PrepCase=Npr|PronType=Prs|VerbForm=Fin",
      "VERB_PRON__Case=Acc,Dat|Mood=Imp|Number=Sing|Person=2|PrepCase=Npr|PronType=Prs|Reflex=Yes|VerbForm=Fin",
      "VERB_PRON__Case=Acc,Dat|Mood=Imp|Number=Sing|Person=3|PrepCase=Npr|PronType=Prs|Reflex=Yes|VerbForm=Fin",
      "VERB_PRON__Case=Acc,Dat|Number=Plur|Person=1|PrepCase=Npr|PronType=Prs|VerbForm=Ger",
      "VERB_PRON__Case=Acc,Dat|Number=Plur|Person=1|PrepCase=Npr|PronType=Prs|VerbForm=Inf",
      "VERB_PRON__Case=Acc,Dat|Number=Plur|Person=2|PrepCase=Npr|PronType=Prs|VerbForm=Inf",
      "VERB_PRON__Case=Acc,Dat|Number=Sing|Person=1|PrepCase=Npr|PronType=Prs|VerbForm=Ger",
      "VERB_PRON__Case=Acc,Dat|Number=Sing|Person=1|PrepCase=Npr|PronType=Prs|VerbForm=Inf",
      "VERB_PRON__Case=Acc,Dat|Number=Sing|Person=2|PrepCase=Npr|PronType=Prs|VerbForm=Inf",
      "VERB_PRON__Case=Acc,Dat|Person=3|PrepCase=Npr|PronType=Prs|Reflex=Yes|VerbForm=Ger",
      "VERB_PRON__Case=Acc,Dat|Person=3|PrepCase=Npr|PronType=Prs|Reflex=Yes|VerbForm=Inf",
      "VERB_PRON__Case=Acc|Gender=Fem|Number=Plur|Person=3|PrepCase=Npr|PronType=Prs|VerbForm=Ger",
      "VERB_PRON__Case=Acc|Gender=Fem|Number=Plur|Person=3|PrepCase=Npr|PronType=Prs|VerbForm=Inf",
      "VERB_PRON__Case=Acc|Gender=Fem|Number=Sing|Person=3|PrepCase=Npr|PronType=Prs|VerbForm=Ger",
      "VERB_PRON__Case=Acc|Gender=Fem|Number=Sing|Person=3|PrepCase=Npr|PronType=Prs|VerbForm=Inf",
      "VERB_PRON__Case=Acc|Gender=Masc|Mood=Imp|Number=Plur,Sing|Person=1,3|PrepCase=Npr|PronType=Prs|VerbForm=Fin",
      "VERB_PRON__Case=Acc|Gender=Masc|Mood=Imp|Number=Plur|Person=1,3|PrepCase=Npr|PronType=Prs|VerbForm=Fin",
      "VERB_PRON__Case=Acc|Gender=Masc|Mood=Imp|Number=Sing|Person=2,3|PrepCase=Npr|PronType=Prs|VerbForm=Fin",
      "VERB_PRON__Case=Acc|Gender=Masc|Mood=Imp|Number=Sing|Person=3|PrepCase=Npr|PronType=Prs|VerbForm=Fin",
      "VERB_PRON__Case=Acc|Gender=Masc|Number=Plur|Person=3|PrepCase=Npr|PronType=Prs|VerbForm=Ger",
      "VERB_PRON__Case=Acc|Gender=Masc|Number=Plur|Person=3|PrepCase=Npr|PronType=Prs|VerbForm=Inf",
      "VERB_PRON__Case=Acc|Gender=Masc|Number=Sing|Person=3|PrepCase=Npr|PronType=Prs|VerbForm=Ger",
      "VERB_PRON__Case=Acc|Gender=Masc|Number=Sing|Person=3|PrepCase=Npr|PronType=Prs|VerbForm=Inf",
      "VERB_PRON__Case=Dat|Mood=Imp|Number=Sing|Person=3|PronType=Prs|VerbForm=Fin",
      "VERB_PRON__Case=Dat|Number=Plur|Person=3|PronType=Prs|VerbForm=Ger",
      "VERB_PRON__Case=Dat|Number=Plur|Person=3|PronType=Prs|VerbForm=Inf",
      "VERB_PRON__Case=Dat|Number=Sing|Person=3|PronType=Prs|VerbForm=Ger",
      "VERB_PRON__Case=Dat|Number=Sing|Person=3|PronType=Prs|VerbForm=Inf",
      "VERB__Case=Acc,Dat|Person=3|PrepCase=Npr|PronType=Prs|Reflex=Yes",
      "VERB__Case=Com|Person=3|PronType=Prs|Reflex=Yes",
      "VERB__Gender=Fem|Number=Plur|Tense=Past|VerbForm=Part",
      "VERB__Gender=Fem|Number=Sing|Tense=Past|VerbForm=Part",
      "VERB__Gender=Masc|Mood=Ind|Number=Sing|Person=3|Tense=Pres|VerbForm=Fin",
      "VERB__Gender=Masc|Number=Plur|Tense=Past|VerbForm=Part",
      "VERB__Gender=Masc|Number=Sing|Tense=Past|VerbForm=Part",
      "VERB__Mood=Cnd|Number=Plur|Person=1|VerbForm=Fin",
      "VERB__Mood=Cnd|Number=Plur|Person=3|VerbForm=Fin",
      "VERB__Mood=Cnd|Number=Sing|Person=1|VerbForm=Fin",
      "VERB__Mood=Cnd|Number=Sing|Person=2|VerbForm=Fin",
      "VERB__Mood=Cnd|Number=Sing|Person=3|VerbForm=Fin",
      "VERB__Mood=Imp|Number=Plur|Person=1|VerbForm=Fin",
      "VERB__Mood=Imp|Number=Plur|Person=2|VerbForm=Fin",
      "VERB__Mood=Imp|Number=Plur|Person=3|VerbForm=Fin",
      "VERB__Mood=Imp|Number=Sing|Person=2|VerbForm=Fin",
      "VERB__Mood=Imp|Number=Sing|Person=3|VerbForm=Fin",
      "VERB__Mood=Ind|Number=Plur|Person=1|Tense=Fut|VerbForm=Fin",
      "VERB__Mood=Ind|Number=Plur|Person=1|Tense=Imp|VerbForm=Fin",
      "VERB__Mood=Ind|Number=Plur|Person=1|Tense=Past|VerbForm=Fin",
      "VERB__Mood=Ind|Number=Plur|Person=1|Tense=Pres|VerbForm=Fin",
      "VERB__Mood=Ind|Number=Plur|Person=2|Tense=Pres|VerbForm=Fin",
      "VERB__Mood=Ind|Number=Plur|Person=3|Tense=Fut|VerbForm=Fin",
      "VERB__Mood=Ind|Number=Plur|Person=3|Tense=Imp|VerbForm=Fin",
      "VERB__Mood=Ind|Number=Plur|Person=3|Tense=Past|VerbForm=Fin",
      "VERB__Mood=Ind|Number=Plur|Person=3|Tense=Pres|VerbForm=Fin",
      "VERB__Mood=Ind|Number=Sing|Person=1|Tense=Fut|VerbForm=Fin",
      "VERB__Mood=Ind|Number=Sing|Person=1|Tense=Imp|VerbForm=Fin",
      "VERB__Mood=Ind|Number=Sing|Person=1|Tense=Past|VerbForm=Fin",
      "VERB__Mood=Ind|Number=Sing|Person=1|Tense=Pres|VerbForm=Fin",
      "VERB__Mood=Ind|Number=Sing|Person=2|Tense=Fut|VerbForm=Fin",
      "VERB__Mood=Ind|Number=Sing|Person=2|Tense=Imp|VerbForm=Fin",
      "VERB__Mood=Ind|Number=Sing|Person=2|Tense=Past|VerbForm=Fin",
      "VERB__Mood=Ind|Number=Sing|Person=2|Tense=Pres|VerbForm=Fin",
      "VERB__Mood=Ind|Number=Sing|Person=3|Tense=Fut|VerbForm=Fin",
      "VERB__Mood=Ind|Number=Sing|Person=3|Tense=Imp|VerbForm=Fin",
      "VERB__Mood=Ind|Number=Sing|Person=3|Tense=Past|VerbForm=Fin",
      "VERB__Mood=Ind|Number=Sing|Person=3|Tense=Pres|VerbForm=Fin",
      "VERB__Mood=Ind|Person=3|Tense=Pres|VerbForm=Fin",
      "VERB__Mood=Sub|Number=Plur|Person=1|Tense=Imp|VerbForm=Fin",
      "VERB__Mood=Sub|Number=Plur|Person=1|Tense=Pres|VerbForm=Fin",
      "VERB__Mood=Sub|Number=Plur|Person=2|Tense=Pres|VerbForm=Fin",
      "VERB__Mood=Sub|Number=Plur|Person=3|Tense=Imp|VerbForm=Fin",
      "VERB__Mood=Sub|Number=Plur|Person=3|Tense=Pres|VerbForm=Fin",
      "VERB__Mood=Sub|Number=Sing|Person=1|Tense=Imp|VerbForm=Fin",
      "VERB__Mood=Sub|Number=Sing|Person=1|Tense=Pres|VerbForm=Fin",
      "VERB__Mood=Sub|Number=Sing|Person=2|Tense=Pres|VerbForm=Fin",
      "VERB__Mood=Sub|Number=Sing|Person=3|Tense=Imp|VerbForm=Fin",
      "VERB__Mood=Sub|Number=Sing|Person=3|Tense=Pres|VerbForm=Fin",
      "VERB__VerbForm=Ger",
      "VERB__VerbForm=Inf",
      "X",
      "X__NumType=Card",
      "_SP"
    ],
    "parser": [
      "ROOT",
      "acl",
      "advcl",
      "advmod",
      "amod",
      "appos",
      "aux",
      "case",
      "cc",
      "ccomp",
      "compound",
      "conj",
      "cop",
      "csubj",
      "dep",
      "det",
      "expl:pass",
      "fixed",
      "flat",
      "iobj",
      "mark",
      "nmod",
      "nsubj",
      "nummod",
      "obj",
      "obl",
      "parataxis",
      "punct",
      "xcomp"
    ],
    "ner": [
      "LOC",
      "MISC",
      "ORG",
      "PER"
    ]
  },
  "vectors": {
    "width": 300,
    "vectors": 20000,
    "keys": 500000,
    "name": "es_core_news_md.vectors"
  },
  "size": "45 MB",
  "checksum": "c2ff5ba73807adb11ea7176f1423825bbb79518b616db3edc23d8f7ceb1ae35b"
}