{
  "lang": "es",
  "name": "core_news_sm",
  "license": "GPL",
  "author": "Explosion",
  "url": "https://explosion.ai",
  "email": "contact@explosion.ai",
  "sources": [
    {
      "name": "UD Spanish AnCora v2.5",
      "url": "https://github.com/UniversalDependencies/UD_Spanish-AnCora",
      "license": "GNU GPL 3.0",
      "author": "Mart\u00ednez Alonso, H\u00e9ctor; Zeman, Daniel"
    },
    {
      "name": "WikiNER",
      "url": "https://figshare.com/articles/Learning_multilingual_named_entity_recognition_from_Wikipedia/5462500",
      "license": "CC BY 4.0"
    }
  ],
  "description": "Spanish multi-task CNN trained on UD Spanish AnCora and WikiNER. Assigns context-specific token vectors, POS tags, dependency parses and named entities.",
  "notes": "Because the model is trained on Wikipedia, it may perform inconsistently on many genres, such as social media text. The NER accuracy refers to the \"silver standard\" annotations in the WikiNER corpus. Accuracy on these annotations tends to be higher than correct human annotations.",
  "pipeline": [
    "tagger",
    "parser",
    "ner"
  ],
  "version": "2.3.0",
  "spacy_version": ">=2.3.0,<2.4.0",
  "parent_package": "spacy",
  "accuracy": {
    "las": 87.4335396147,
    "uas": 90.7609169354,
    "token_acc": 99.8946218842,
    "las_per_type": {
      "root": {
        "p": 91.646778043,
        "r": 92.8657799274,
        "f": 92.2522522523
      },
      "case": {
        "p": 96.1340206186,
        "r": 96.4217687075,
        "f": 96.2776796631
      },
      "det": {
        "p": 97.1817023085,
        "r": 97.7492877493,
        "f": 97.4646687025
      },
      "amod": {
        "p": 90.3373155306,
        "r": 89.5194986072,
        "f": 89.926547744
      },
      "iobj": {
        "p": 80.1886792453,
        "r": 47.2222222222,
        "f": 59.4405594406
      },
      "mark": {
        "p": 89.5888948211,
        "r": 91.0966340934,
        "f": 90.336473755
      },
      "advcl": {
        "p": 59.5210946408,
        "r": 64.3649815043,
        "f": 61.8483412322
      },
      "obl": {
        "p": 72.3275862069,
        "r": 72.3899913719,
        "f": 72.3587753342
      },
      "nmod": {
        "p": 82.3810789264,
        "r": 82.0757214721,
        "f": 82.2281167109
      },
      "ccomp": {
        "p": 81.9343065693,
        "r": 84.0823970037,
        "f": 82.9944547135
      },
      "cop": {
        "p": 88.3474576271,
        "r": 89.4849785408,
        "f": 88.9125799574
      },
      "xcomp": {
        "p": 82.5268817204,
        "r": 75.42997543,
        "f": 78.8189987163
      },
      "cc": {
        "p": 92.0110192837,
        "r": 91.5695681974,
        "f": 91.7897629681
      },
      "obj": {
        "p": 82.135812905,
        "r": 84.6891342243,
        "f": 83.392933772
      },
      "conj": {
        "p": 70.8744247206,
        "r": 68.7938736439,
        "f": 69.8186528497
      },
      "nsubj": {
        "p": 87.3463485177,
        "r": 88.3686905633,
        "f": 87.8545454545
      },
      "flat": {
        "p": 90.1627218935,
        "r": 91.5165165165,
        "f": 90.8345752608
      },
      "appos": {
        "p": 64.7368421053,
        "r": 68.6192468619,
        "f": 66.6215301286
      },
      "advmod": {
        "p": 85.0170261067,
        "r": 83.4075723831,
        "f": 84.2046093311
      },
      "fixed": {
        "p": 86.9158878505,
        "r": 82.8244274809,
        "f": 84.8208469055
      },
      "parataxis": {
        "p": 63.2653061224,
        "r": 36.4705882353,
        "f": 46.2686567164
      },
      "acl": {
        "p": 74.3217054264,
        "r": 73.0476190476,
        "f": 73.679154659
      },
      "aux": {
        "p": 95.8512160229,
        "r": 95.3058321479,
        "f": 95.577746077
      },
      "dep": {
        "p": 28.5714285714,
        "r": 22.2222222222,
        "f": 25.0
      },
      "compound": {
        "p": 89.1625615764,
        "r": 72.4,
        "f": 79.9116997792
      },
      "nummod": {
        "p": 89.6613190731,
        "r": 88.7125220459,
        "f": 89.1843971631
      },
      "expl:pass": {
        "p": 57.1428571429,
        "r": 17.7777777778,
        "f": 27.1186440678
      },
      "csubj": {
        "p": 76.7441860465,
        "r": 69.4736842105,
        "f": 72.9281767956
      },
      "nsubj:pass": {
        "p": 0.0,
        "r": 0.0,
        "f": 0.0
      },
      "aux:pass": {
        "p": 0.0,
        "r": 0.0,
        "f": 0.0
      },
      "orphan": {
        "p": 0.0,
        "r": 0.0,
        "f": 0.0
      }
    },
    "tags_acc": 97.1840573735,
    "ents_f": 89.4073281354,
    "ents_p": 89.5469671914,
    "ents_r": 89.2681239061,
    "ents_per_type": {
      "ORG": {
        "p": 83.6992840095,
        "r": 81.0492257915,
        "f": 82.3529411765
      },
      "LOC": {
        "p": 89.3907219863,
        "r": 90.4545454545,
        "f": 89.919487348
      },
      "PER": {
        "p": 93.7994350282,
        "r": 94.6955653786,
        "f": 94.2453700419
      },
      "MISC": {
        "p": 84.3561777633,
        "r": 78.7418325482,
        "f": 81.4523734675
      }
    }
  },
  "speed": {
    "cpu": 7043.338699903,
    "gpu": null,
    "nwords": 699524
  },
  "labels": {
    "tagger": [
      "ADJ",
      "ADJ__AdpType=Prep",
      "ADJ__AdpType=Preppron|Gender=Masc|Number=Sing",
      "ADJ__AdvType=Tim",
      "ADJ__Degree=Abs|Gender=Fem|Number=Plur",
      "ADJ__Degree=Abs|Gender=Fem|Number=Sing",
      "ADJ__Degree=Abs|Gender=Masc|Number=Plur",
      "ADJ__Degree=Abs|Gender=Masc|Number=Sing",
      "ADJ__Degree=Cmp",
      "ADJ__Degree=Cmp|Number=Plur",
      "ADJ__Degree=Cmp|Number=Sing",
      "ADJ__Degree=Sup|Gender=Fem|Number=Plur",
      "ADJ__Degree=Sup|Gender=Fem|Number=Sing",
      "ADJ__Degree=Sup|Gender=Masc|Number=Plur",
      "ADJ__Degree=Sup|Gender=Masc|Number=Sing",
      "ADJ__Gender=Fem|Number=Plur",
      "ADJ__Gender=Fem|Number=Plur|NumType=Ord",
      "ADJ__Gender=Fem|Number=Plur|VerbForm=Part",
      "ADJ__Gender=Fem|Number=Sing",
      "ADJ__Gender=Fem|Number=Sing|NumType=Ord",
      "ADJ__Gender=Fem|Number=Sing|VerbForm=Part",
      "ADJ__Gender=Masc",
      "ADJ__Gender=Masc|Number=Plur",
      "ADJ__Gender=Masc|Number=Plur|NumType=Ord",
      "ADJ__Gender=Masc|Number=Plur|VerbForm=Part",
      "ADJ__Gender=Masc|Number=Sing",
      "ADJ__Gender=Masc|Number=Sing|NumType=Ord",
      "ADJ__Gender=Masc|Number=Sing|VerbForm=Part",
      "ADJ__Number=Plur",
      "ADJ__Number=Sing",
      "ADP__AdpType=Prep",
      "ADP__AdpType=Preppron",
      "ADV",
      "ADV__AdpType=Prep",
      "ADV__AdpType=Preppron",
      "ADV__AdpType=Prep|Degree=Cmp",
      "ADV__AdvType=Tim",
      "ADV__Case=Acc|Person=3|PrepCase=Pre|PronType=Prs|Reflex=Yes",
      "ADV__Degree=Cmp",
      "ADV__Polarity=Neg",
      "AUX",
      "AUX_PRON__Case=Acc,Dat|Number=Plur|Person=1|PrepCase=Npr|PronType=Prs|Reflex=Yes|VerbForm=Ger",
      "AUX_PRON__Case=Acc,Dat|Number=Plur|Person=1|PrepCase=Npr|PronType=Prs|VerbForm=Inf",
      "AUX_PRON__Case=Acc,Dat|Number=Plur|Person=2|PrepCase=Npr|PronType=Prs|VerbForm=Inf",
      "AUX_PRON__Case=Acc,Dat|Number=Sing|Person=1|PrepCase=Npr|PronType=Prs|VerbForm=Ger",
      "AUX_PRON__Case=Acc,Dat|Number=Sing|Person=1|PrepCase=Npr|PronType=Prs|VerbForm=Inf",
      "AUX_PRON__Case=Acc,Dat|Number=Sing|Person=2|PrepCase=Npr|PronType=Prs|VerbForm=Inf",
      "AUX_PRON__Case=Acc,Dat|Person=3|PrepCase=Npr|PronType=Prs|Reflex=Yes|VerbForm=Ger",
      "AUX_PRON__Case=Acc,Dat|Person=3|PrepCase=Npr|PronType=Prs|Reflex=Yes|VerbForm=Inf",
      "AUX_PRON__Case=Acc|Gender=Fem|Number=Plur|Person=3|PrepCase=Npr|PronType=Prs|VerbForm=Inf",
      "AUX_PRON__Case=Acc|Gender=Fem|Number=Sing|Person=3|PrepCase=Npr|PronType=Prs|VerbForm=Inf",
      "AUX_PRON__Case=Acc|Gender=Masc|Number=Plur|Person=3|PrepCase=Npr|PronType=Prs|VerbForm=Inf",
      "AUX_PRON__Case=Acc|Gender=Masc|Number=Sing|Person=3|PrepCase=Npr|PronType=Prs|VerbForm=Ger",
      "AUX_PRON__Case=Acc|Gender=Masc|Number=Sing|Person=3|PrepCase=Npr|PronType=Prs|VerbForm=Inf",
      "AUX_PRON__Case=Dat|Number=Plur|Person=3|PronType=Prs|VerbForm=Ger",
      "AUX_PRON__Case=Dat|Number=Plur|Person=3|PronType=Prs|VerbForm=Inf",
      "AUX_PRON__Case=Dat|Number=Sing|Person=3|PronType=Prs|VerbForm=Ger",
      "AUX_PRON__Case=Dat|Number=Sing|Person=3|PronType=Prs|VerbForm=Inf",
      "AUX__Gender=Fem|Number=Plur|Tense=Past|VerbForm=Part",
      "AUX__Gender=Fem|Number=Sing|Tense=Past|VerbForm=Part",
      "AUX__Gender=Masc|Number=Plur|Tense=Past|VerbForm=Part",
      "AUX__Gender=Masc|Number=Sing|Tense=Past|VerbForm=Part",
      "AUX__Mood=Cnd|Number=Plur|Person=1|VerbForm=Fin",
      "AUX__Mood=Cnd|Number=Plur|Person=3|VerbForm=Fin",
      "AUX__Mood=Cnd|Number=Sing|Person=1|VerbForm=Fin",
      "AUX__Mood=Cnd|Number=Sing|Person=2|VerbForm=Fin",
      "AUX__Mood=Cnd|Number=Sing|Person=3|VerbForm=Fin",
      "AUX__Mood=Imp|Number=Plur|Person=3|VerbForm=Fin",
      "AUX__Mood=Imp|Number=Sing|Person=2|VerbForm=Fin",
      "AUX__Mood=Imp|Number=Sing|Person=3|VerbForm=Fin",
      "AUX__Mood=Ind|Number=Plur|Person=1|Tense=Fut|VerbForm=Fin",
      "AUX__Mood=Ind|Number=Plur|Person=1|Tense=Imp|VerbForm=Fin",
      "AUX__Mood=Ind|Number=Plur|Person=1|Tense=Past|VerbForm=Fin",
      "AUX__Mood=Ind|Number=Plur|Person=1|Tense=Pres|VerbForm=Fin",
      "AUX__Mood=Ind|Number=Plur|Person=2|Tense=Pres|VerbForm=Fin",
      "AUX__Mood=Ind|Number=Plur|Person=3|Tense=Fut|VerbForm=Fin",
      "AUX__Mood=Ind|Number=Plur|Person=3|Tense=Imp|VerbForm=Fin",
      "AUX__Mood=Ind|Number=Plur|Person=3|Tense=Past|VerbForm=Fin",
      "AUX__Mood=Ind|Number=Plur|Person=3|Tense=Pres|VerbForm=Fin",
      "AUX__Mood=Ind|Number=Sing|Person=1|Tense=Fut|VerbForm=Fin",
      "AUX__Mood=Ind|Number=Sing|Person=1|Tense=Imp|VerbForm=Fin",
      "AUX__Mood=Ind|Number=Sing|Person=1|Tense=Past|VerbForm=Fin",
      "AUX__Mood=Ind|Number=Sing|Person=1|Tense=Pres|VerbForm=Fin",
      "AUX__Mood=Ind|Number=Sing|Person=2|Tense=Fut|VerbForm=Fin",
      "AUX__Mood=Ind|Number=Sing|Person=2|Tense=Imp|VerbForm=Fin",
      "AUX__Mood=Ind|Number=Sing|Person=2|Tense=Pres|VerbForm=Fin",
      "AUX__Mood=Ind|Number=Sing|Person=3|Tense=Fut|VerbForm=Fin",
      "AUX__Mood=Ind|Number=Sing|Person=3|Tense=Imp|VerbForm=Fin",
      "AUX__Mood=Ind|Number=Sing|Person=3|Tense=Past|VerbForm=Fin",
      "AUX__Mood=Ind|Number=Sing|Person=3|Tense=Pres|VerbForm=Fin",
      "AUX__Mood=Sub|Number=Plur|Person=1|Tense=Imp|VerbForm=Fin",
      "AUX__Mood=Sub|Number=Plur|Person=1|Tense=Pres|VerbForm=Fin",
      "AUX__Mood=Sub|Number=Plur|Person=3|Tense=Imp|VerbForm=Fin",
      "AUX__Mood=Sub|Number=Plur|Person=3|Tense=Pres|VerbForm=Fin",
      "AUX__Mood=Sub|Number=Sing|Person=1|Tense=Imp|VerbForm=Fin",
      "AUX__Mood=Sub|Number=Sing|Person=1|Tense=Pres|VerbForm=Fin",
      "AUX__Mood=Sub|Number=Sing|Person=2|Tense=Pres|VerbForm=Fin",
      "AUX__Mood=Sub|Number=Sing|Person=3|Tense=Imp|VerbForm=Fin",
      "AUX__Mood=Sub|Number=Sing|Person=3|Tense=Pres|VerbForm=Fin",
      "AUX__Number=Sing|VerbForm=Fin",
      "AUX__VerbForm=Ger",
      "AUX__VerbForm=Inf",
      "CCONJ",
      "DET__Case=Acc|Definite=Def|Gender=Masc|Number=Sing|Person=3|PrepCase=Npr|PronType=Prs",
      "DET__Case=Acc|Gender=Masc|Number=Sing|Person=3|PrepCase=Npr|PronType=Prs",
      "DET__Case=Dat|Number=Plur|Person=3|PronType=Prs",
      "DET__Definite=Def|Gender=Fem|Number=Plur|PronType=Art",
      "DET__Definite=Def|Gender=Fem|Number=Sing|PronType=Art",
      "DET__Definite=Def|Gender=Masc|Number=Plur|PronType=Art",
      "DET__Definite=Def|Gender=Masc|Number=Sing|PronType=Art",
      "DET__Definite=Ind|Gender=Fem|Number=Plur|PronType=Art",
      "DET__Definite=Ind|Gender=Fem|Number=Sing|NumType=Card|PronType=Art",
      "DET__Definite=Ind|Gender=Fem|Number=Sing|PronType=Art",
      "DET__Definite=Ind|Gender=Masc|Number=Plur|PronType=Art",
      "DET__Definite=Ind|Gender=Masc|Number=Sing|NumType=Card|PronType=Art",
      "DET__Definite=Ind|Gender=Masc|Number=Sing|PronType=Art",
      "DET__Degree=Abs|Gender=Masc|Number=Plur|NumType=Card|PronType=Ind",
      "DET__Degree=Abs|Gender=Masc|Number=Sing|PronType=Ind",
      "DET__Gender=Fem|Number=Plur|NumType=Card|PronType=Dem",
      "DET__Gender=Fem|Number=Plur|NumType=Card|PronType=Ind",
      "DET__Gender=Fem|Number=Plur|Number[psor]=Plur|Person=1|Poss=Yes|PronType=Prs",
      "DET__Gender=Fem|Number=Plur|Number[psor]=Plur|Person=2|Poss=Yes|PronType=Prs",
      "DET__Gender=Fem|Number=Plur|Person=3|Poss=Yes|PronType=Prs",
      "DET__Gender=Fem|Number=Plur|PronType=Dem",
      "DET__Gender=Fem|Number=Plur|PronType=Ind",
      "DET__Gender=Fem|Number=Plur|PronType=Tot",
      "DET__Gender=Fem|Number=Sing|NumType=Card|PronType=Dem",
      "DET__Gender=Fem|Number=Sing|NumType=Card|PronType=Ind",
      "DET__Gender=Fem|Number=Sing|NumType=Card|PronType=Int,Rel",
      "DET__Gender=Fem|Number=Sing|Number[psor]=Plur|Person=1|Poss=Yes|PronType=Prs",
      "DET__Gender=Fem|Number=Sing|Number[psor]=Plur|Person=2|Poss=Yes|PronType=Prs",
      "DET__Gender=Fem|Number=Sing|Number[psor]=Sing|Person=1|Poss=Yes|PronType=Ind",
      "DET__Gender=Fem|Number=Sing|Person=3|Poss=Yes|PronType=Ind",
      "DET__Gender=Fem|Number=Sing|Person=3|Poss=Yes|PronType=Prs",
      "DET__Gender=Fem|Number=Sing|PronType=Dem",
      "DET__Gender=Fem|Number=Sing|PronType=Ind",
      "DET__Gender=Fem|Number=Sing|PronType=Neg",
      "DET__Gender=Fem|Number=Sing|PronType=Tot",
      "DET__Gender=Masc|Number=Plur|NumType=Card|PronType=Dem",
      "DET__Gender=Masc|Number=Plur|NumType=Card|PronType=Ind",
      "DET__Gender=Masc|Number=Plur|NumType=Card|PronType=Int,Rel",
      "DET__Gender=Masc|Number=Plur|Number[psor]=Plur|Person=1|Poss=Yes|PronType=Prs",
      "DET__Gender=Masc|Number=Plur|Person=3|Poss=Yes|PronType=Prs",
      "DET__Gender=Masc|Number=Plur|PronType=Art",
      "DET__Gender=Masc|Number=Plur|PronType=Dem",
      "DET__Gender=Masc|Number=Plur|PronType=Ind",
      "DET__Gender=Masc|Number=Plur|PronType=Tot",
      "DET__Gender=Masc|Number=Sing|NumType=Card|PronType=Dem",
      "DET__Gender=Masc|Number=Sing|NumType=Card|PronType=Ind",
      "DET__Gender=Masc|Number=Sing|NumType=Card|PronType=Int,Rel",
      "DET__Gender=Masc|Number=Sing|Number[psor]=Plur|Person=1|Poss=Yes|PronType=Prs",
      "DET__Gender=Masc|Number=Sing|Number[psor]=Sing|Person=1|Poss=Yes|PronType=Ind",
      "DET__Gender=Masc|Number=Sing|Person=3|Poss=Yes|PronType=Ind",
      "DET__Gender=Masc|Number=Sing|Person=3|Poss=Yes|PronType=Prs",
      "DET__Gender=Masc|Number=Sing|PronType=Dem",
      "DET__Gender=Masc|Number=Sing|PronType=Ind",
      "DET__Gender=Masc|Number=Sing|PronType=Neg",
      "DET__Gender=Masc|Number=Sing|PronType=Tot",
      "DET__Number=Plur|NumType=Card|PronType=Ind",
      "DET__Number=Plur|Number[psor]=Sing|Person=1|Poss=Yes|PronType=Prs",
      "DET__Number=Plur|Number[psor]=Sing|Person=2|Poss=Yes|PronType=Prs",
      "DET__Number=Plur|Person=3|Poss=Yes|PronType=Prs",
      "DET__Number=Plur|PronType=Dem",
      "DET__Number=Plur|PronType=Ind",
      "DET__Number=Sing|NumType=Card|PronType=Ind",
      "DET__Number=Sing|Number[psor]=Sing|Person=1|Poss=Yes|PronType=Prs",
      "DET__Number=Sing|Number[psor]=Sing|Person=2|Poss=Yes|PronType=Prs",
      "DET__Number=Sing|Person=3|Poss=Yes|PronType=Prs",
      "DET__Number=Sing|PronType=Dem",
      "DET__Number=Sing|PronType=Ind",
      "DET__Number=Sing|PronType=Int,Rel",
      "DET__Number=Sing|PronType=Tot",
      "DET__PronType=Ind",
      "DET__PronType=Int,Rel",
      "INTJ",
      "NOUN",
      "NOUN__AdvType=Tim",
      "NOUN__AdvType=Tim|Gender=Masc|Number=Sing",
      "NOUN__Case=Acc,Dat|Gender=Masc|Number=Plur|Person=2|PrepCase=Npr|PronType=Prs",
      "NOUN__Case=Acc,Dat|Number=Sing|Person=1|PrepCase=Npr|PronType=Prs",
      "NOUN__Case=Acc,Dat|Person=3|PrepCase=Npr|PronType=Prs|Reflex=Yes",
      "NOUN__Case=Acc|Number=Sing|Person=2|PrepCase=Pre|PronType=Prs",
      "NOUN__Case=Nom|Number=Sing|Person=1|PronType=Prs",
      "NOUN__Gender=Fem",
      "NOUN__Gender=Fem|Number=Plur",
      "NOUN__Gender=Fem|Number=Sing",
      "NOUN__Gender=Masc",
      "NOUN__Gender=Masc|Number=Plur",
      "NOUN__Gender=Masc|Number=Sing",
      "NOUN__Gender=Masc|Number=Sing|VerbForm=Fin",
      "NOUN__Gender=Masc|Number=Sing|VerbForm=Part",
      "NOUN__NumForm=Digit",
      "NOUN__Number=Plur",
      "NOUN__Number=Sing",
      "NOUN__Number=Sing|VerbForm=Fin",
      "NOUN__VerbForm=Fin",
      "NUM__Gender=Fem|Number=Plur|NumType=Card",
      "NUM__Gender=Fem|Number=Sing|NumType=Card",
      "NUM__Gender=Fem|Number=Sing|NumType=Ord",
      "NUM__Gender=Masc|Number=Plur|NumType=Card",
      "NUM__Gender=Masc|Number=Sing|NumType=Card",
      "NUM__NumForm=Digit|NumType=Card",
      "NUM__NumForm=Digit|NumType=Frac",
      "NUM__NumType=Card",
      "NUM__Number=Plur|NumType=Card",
      "NUM__Number=Sing|NumType=Card",
      "PART",
      "PRON__Case=Acc,Dat|Gender=Masc|Number=Plur|Person=1|PrepCase=Npr|PronType=Prs",
      "PRON__Case=Acc,Dat|Number=Plur|Person=1|PrepCase=Npr|PronType=Prs",
      "PRON__Case=Acc,Dat|Number=Plur|Person=1|PrepCase=Npr|PronType=Prs|Reflex=Yes",
      "PRON__Case=Acc,Dat|Number=Plur|Person=2|PrepCase=Npr|PronType=Prs",
      "PRON__Case=Acc,Dat|Number=Sing|Person=1|PrepCase=Npr|PronType=Prs",
      "PRON__Case=Acc,Dat|Number=Sing|Person=1|PrepCase=Npr|PronType=Prs|Reflex=Yes",
      "PRON__Case=Acc,Dat|Number=Sing|Person=2|PrepCase=Npr|PronType=Prs",
      "PRON__Case=Acc,Dat|Number=Sing|Person=2|PrepCase=Npr|PronType=Prs|Reflex=Yes",
      "PRON__Case=Acc,Dat|Person=3|PrepCase=Npr|PronType=Prs|Reflex=Yes",
      "PRON__Case=Acc,Nom|Gender=Fem|Number=Plur|Person=3|PronType=Prs",
      "PRON__Case=Acc,Nom|Gender=Fem|Number=Sing|Person=3|PronType=Prs",
      "PRON__Case=Acc,Nom|Gender=Masc|Number=Plur|Person=1|PronType=Prs",
      "PRON__Case=Acc,Nom|Gender=Masc|Number=Plur|Person=3|PronType=Prs",
      "PRON__Case=Acc,Nom|Gender=Masc|Number=Sing|Person=3|PronType=Prs",
      "PRON__Case=Acc,Nom|Number=Plur|Person=2|Polite=Form|PronType=Prs",
      "PRON__Case=Acc,Nom|Number=Sing|Person=2|Polite=Form|PronType=Prs",
      "PRON__Case=Acc|Gender=Fem|Number=Plur|Person=3|PrepCase=Npr|PronType=Prs",
      "PRON__Case=Acc|Gender=Fem|Number=Sing|Person=3|PrepCase=Npr|PronType=Prs",
      "PRON__Case=Acc|Gender=Masc|Number=Plur|Person=3|PrepCase=Npr|PronType=Prs",
      "PRON__Case=Acc|Gender=Masc|Number=Sing|Person=3|PrepCase=Npr|PronType=Prs",
      "PRON__Case=Acc|Number=Sing|Person=1|PrepCase=Pre|PronType=Prs",
      "PRON__Case=Acc|Number=Sing|Person=2|PrepCase=Pre|PronType=Prs",
      "PRON__Case=Acc|Person=3|PrepCase=Pre|PronType=Prs|Reflex=Yes",
      "PRON__Case=Com|Number=Sing|Person=1|PrepCase=Pre|PronType=Prs",
      "PRON__Case=Com|Number=Sing|Person=2|PrepCase=Pre|PronType=Prs",
      "PRON__Case=Com|Person=3|PrepCase=Pre|PronType=Prs|Reflex=Yes",
      "PRON__Case=Dat|Number=Plur|Person=3|PronType=Prs",
      "PRON__Case=Dat|Number=Sing|Person=3|PronType=Prs",
      "PRON__Case=Nom|Number=Sing|Person=1|PronType=Prs",
      "PRON__Case=Nom|Number=Sing|Person=2|PronType=Prs",
      "PRON__Degree=Abs|Gender=Masc|Number=Plur|NumType=Card|PronType=Ind",
      "PRON__Gender=Fem|Number=Plur|NumType=Card|PronType=Ind",
      "PRON__Gender=Fem|Number=Plur|NumType=Card|PronType=Int,Rel",
      "PRON__Gender=Fem|Number=Plur|Number[psor]=Plur|Person=1|Poss=Yes|PronType=Prs",
      "PRON__Gender=Fem|Number=Plur|Person=3|Poss=Yes|PronType=Prs",
      "PRON__Gender=Fem|Number=Plur|Poss=Yes|PronType=Int,Rel",
      "PRON__Gender=Fem|Number=Plur|PronType=Dem",
      "PRON__Gender=Fem|Number=Plur|PronType=Ind",
      "PRON__Gender=Fem|Number=Plur|PronType=Tot",
      "PRON__Gender=Fem|Number=Sing|NumType=Card|PronType=Dem",
      "PRON__Gender=Fem|Number=Sing|NumType=Card|PronType=Ind",
      "PRON__Gender=Fem|Number=Sing|Number[psor]=Plur|Person=1|Poss=Yes|PronType=Prs",
      "PRON__Gender=Fem|Number=Sing|Number[psor]=Sing|Person=1|Poss=Yes|PronType=Ind",
      "PRON__Gender=Fem|Number=Sing|Number[psor]=Sing|Person=2|Poss=Yes|PronType=Ind",
      "PRON__Gender=Fem|Number=Sing|Person=1|Poss=Yes|PronType=Prs",
      "PRON__Gender=Fem|Number=Sing|Person=3|Poss=Yes|PronType=Prs",
      "PRON__Gender=Fem|Number=Sing|Poss=Yes|PronType=Int,Rel",
      "PRON__Gender=Fem|Number=Sing|PronType=Dem",
      "PRON__Gender=Fem|Number=Sing|PronType=Ind",
      "PRON__Gender=Fem|Number=Sing|PronType=Neg",
      "PRON__Gender=Fem|Number=Sing|PronType=Tot",
      "PRON__Gender=Masc|Number=Plur|NumType=Card|PronType=Dem",
      "PRON__Gender=Masc|Number=Plur|NumType=Card|PronType=Ind",
      "PRON__Gender=Masc|Number=Plur|NumType=Card|PronType=Int,Rel",
      "PRON__Gender=Masc|Number=Plur|Person=2|Poss=Yes|PronType=Ind",
      "PRON__Gender=Masc|Number=Plur|Poss=Yes|PronType=Int,Rel",
      "PRON__Gender=Masc|Number=Plur|PronType=Dem",
      "PRON__Gender=Masc|Number=Plur|PronType=Ind",
      "PRON__Gender=Masc|Number=Plur|PronType=Tot",
      "PRON__Gender=Masc|Number=Sing|NumType=Card|PronType=Dem",
      "PRON__Gender=Masc|Number=Sing|NumType=Card|PronType=Ind",
      "PRON__Gender=Masc|Number=Sing|NumType=Card|PronType=Int,Rel",
      "PRON__Gender=Masc|Number=Sing|Number[psor]=Plur|Person=1|Poss=Yes|PronType=Prs",
      "PRON__Gender=Masc|Number=Sing|Number[psor]=Sing|Person=1|Poss=Yes|PronType=Ind",
      "PRON__Gender=Masc|Number=Sing|Number[psor]=Sing|Person=2|Poss=Yes|PronType=Ind",
      "PRON__Gender=Masc|Number=Sing|Person=3|Poss=Yes|PronType=Prs",
      "PRON__Gender=Masc|Number=Sing|Poss=Yes|PronType=Int,Rel",
      "PRON__Gender=Masc|Number=Sing|PronType=Dem",
      "PRON__Gender=Masc|Number=Sing|PronType=Ind",
      "PRON__Gender=Masc|Number=Sing|PronType=Neg",
      "PRON__Gender=Masc|Number=Sing|PronType=Tot",
      "PRON__Number=Plur|NumType=Card|PronType=Ind",
      "PRON__Number=Plur|Person=3|Poss=Yes|PronType=Prs",
      "PRON__Number=Plur|PronType=Dem",
      "PRON__Number=Plur|PronType=Ind",
      "PRON__Number=Plur|PronType=Int,Rel",
      "PRON__Number=Sing|Person=3|Poss=Yes|PronType=Prs",
      "PRON__Number=Sing|PronType=Dem",
      "PRON__Number=Sing|PronType=Ind",
      "PRON__Number=Sing|PronType=Int,Rel",
      "PRON__Number=Sing|PronType=Neg",
      "PRON__Number=Sing|PronType=Tot",
      "PRON__PronType=Dem",
      "PRON__PronType=Ind",
      "PRON__PronType=Int,Rel",
      "PRON__PronType=Neg",
      "PROPN",
      "PROPN__Case=Acc,Dat|Number=Plur|Person=1|PrepCase=Npr|PronType=Prs",
      "PROPN__Case=Acc,Dat|Number=Sing|Person=2|PrepCase=Npr|PronType=Prs",
      "PROPN__Case=Acc,Dat|Person=3|PrepCase=Npr|PronType=Prs|Reflex=Yes",
      "PROPN__Case=Acc,Nom|Gender=Fem|Number=Sing|Person=3|PronType=Prs",
      "PROPN__Case=Acc,Nom|Gender=Masc|Number=Sing|Person=3|PronType=Prs",
      "PROPN__Case=Acc|Person=3|PrepCase=Pre|PronType=Prs|Reflex=Yes",
      "PROPN__Case=Dat|Number=Sing|Person=3|PronType=Prs",
      "PROPN__Case=Nom|Number=Sing|Person=1|PronType=Prs",
      "PROPN__Case=Nom|Number=Sing|Person=2|PronType=Prs",
      "PROPN__PronType=Ind",
      "PROPN__VerbForm=Fin",
      "PUNCT",
      "PUNCT_VERB_PRON_PUNCT__Case=Acc,Dat|Number=Sing|Person=2|PrepCase=Npr|PronType=Prs|PunctType=Quot|VerbForm=Inf",
      "PUNCT__PunctSide=Fin|PunctType=Brck",
      "PUNCT__PunctSide=Fin|PunctType=Excl",
      "PUNCT__PunctSide=Fin|PunctType=Qest",
      "PUNCT__PunctSide=Ini|PunctType=Brck",
      "PUNCT__PunctSide=Ini|PunctType=Excl",
      "PUNCT__PunctSide=Ini|PunctType=Qest",
      "PUNCT__PunctType=Colo",
      "PUNCT__PunctType=Comm",
      "PUNCT__PunctType=Dash",
      "PUNCT__PunctType=Peri",
      "PUNCT__PunctType=Quot",
      "PUNCT__PunctType=Semi",
      "SCONJ",
      "SCONJ__PronType=Int,Rel",
      "SYM",
      "SYM__NumForm=Digit",
      "SYM__NumForm=Digit|NumType=Frac",
      "VERB_PRON__Case=Acc,Dat|Mood=Imp|Number=Plur,Sing|Person=1,2|PrepCase=Npr|PronType=Prs|VerbForm=Fin",
      "VERB_PRON__Case=Acc,Dat|Mood=Imp|Number=Plur|Person=3|PrepCase=Npr|PronType=Prs|Reflex=Yes|VerbForm=Fin",
      "VERB_PRON__Case=Acc,Dat|Mood=Imp|Number=Sing|Person=1,3|PrepCase=Npr|PronType=Prs|VerbForm=Fin",
      "VERB_PRON__Case=Acc,Dat|Mood=Imp|Number=Sing|Person=2,3|PrepCase=Npr|PronType=Prs|VerbForm=Fin",
      "VERB_PRON__Case=Acc,Dat|Mood=Imp|Number=Sing|Person=2|PrepCase=Npr|PronType=Prs|Reflex=Yes|VerbForm=Fin",
      "VERB_PRON__Case=Acc,Dat|Mood=Imp|Number=Sing|Person=3|PrepCase=Npr|PronType=Prs|Reflex=Yes|VerbForm=Fin",
      "VERB_PRON__Case=Acc,Dat|Number=Plur|Person=1|PrepCase=Npr|PronType=Prs|VerbForm=Ger",
      "VERB_PRON__Case=Acc,Dat|Number=Plur|Person=1|PrepCase=Npr|PronType=Prs|VerbForm=Inf",
      "VERB_PRON__Case=Acc,Dat|Number=Plur|Person=2|PrepCase=Npr|PronType=Prs|VerbForm=Inf",
      "VERB_PRON__Case=Acc,Dat|Number=Sing|Person=1|PrepCase=Npr|PronType=Prs|VerbForm=Ger",
      "VERB_PRON__Case=Acc,Dat|Number=Sing|Person=1|PrepCase=Npr|PronType=Prs|VerbForm=Inf",
      "VERB_PRON__Case=Acc,Dat|Number=Sing|Person=2|PrepCase=Npr|PronType=Prs|VerbForm=Inf",
      "VERB_PRON__Case=Acc,Dat|Person=3|PrepCase=Npr|PronType=Prs|Reflex=Yes|VerbForm=Ger",
      "VERB_PRON__Case=Acc,Dat|Person=3|PrepCase=Npr|PronType=Prs|Reflex=Yes|VerbForm=Inf",
      "VERB_PRON__Case=Acc|Gender=Fem|Number=Plur|Person=3|PrepCase=Npr|PronType=Prs|VerbForm=Ger",
      "VERB_PRON__Case=Acc|Gender=Fem|Number=Plur|Person=3|PrepCase=Npr|PronType=Prs|VerbForm=Inf",
      "VERB_PRON__Case=Acc|Gender=Fem|Number=Sing|Person=3|PrepCase=Npr|PronType=Prs|VerbForm=Ger",
      "VERB_PRON__Case=Acc|Gender=Fem|Number=Sing|Person=3|PrepCase=Npr|PronType=Prs|VerbForm=Inf",
      "VERB_PRON__Case=Acc|Gender=Masc|Mood=Imp|Number=Plur,Sing|Person=1,3|PrepCase=Npr|PronType=Prs|VerbForm=Fin",
      "VERB_PRON__Case=Acc|Gender=Masc|Mood=Imp|Number=Plur|Person=1,3|PrepCase=Npr|PronType=Prs|VerbForm=Fin",
      "VERB_PRON__Case=Acc|Gender=Masc|Mood=Imp|Number=Sing|Person=2,3|PrepCase=Npr|PronType=Prs|VerbForm=Fin",
      "VERB_PRON__Case=Acc|Gender=Masc|Mood=Imp|Number=Sing|Person=3|PrepCase=Npr|PronType=Prs|VerbForm=Fin",
      "VERB_PRON__Case=Acc|Gender=Masc|Number=Plur|Person=3|PrepCase=Npr|PronType=Prs|VerbForm=Ger",
      "VERB_PRON__Case=Acc|Gender=Masc|Number=Plur|Person=3|PrepCase=Npr|PronType=Prs|VerbForm=Inf",
      "VERB_PRON__Case=Acc|Gender=Masc|Number=Sing|Person=3|PrepCase=Npr|PronType=Prs|VerbForm=Ger",
      "VERB_PRON__Case=Acc|Gender=Masc|Number=Sing|Person=3|PrepCase=Npr|PronType=Prs|VerbForm=Inf",
      "VERB_PRON__Case=Dat|Mood=Imp|Number=Sing|Person=3|PronType=Prs|VerbForm=Fin",
      "VERB_PRON__Case=Dat|Number=Plur|Person=3|PronType=Prs|VerbForm=Ger",
      "VERB_PRON__Case=Dat|Number=Plur|Person=3|PronType=Prs|VerbForm=Inf",
      "VERB_PRON__Case=Dat|Number=Sing|Person=3|PronType=Prs|VerbForm=Ger",
      "VERB_PRON__Case=Dat|Number=Sing|Person=3|PronType=Prs|VerbForm=Inf",
      "VERB__Case=Acc,Dat|Person=3|PrepCase=Npr|PronType=Prs|Reflex=Yes",
      "VERB__Case=Com|Person=3|PronType=Prs|Reflex=Yes",
      "VERB__Gender=Fem|Number=Plur|Tense=Past|VerbForm=Part",
      "VERB__Gender=Fem|Number=Sing|Tense=Past|VerbForm=Part",
      "VERB__Gender=Masc|Mood=Ind|Number=Sing|Person=3|Tense=Pres|VerbForm=Fin",
      "VERB__Gender=Masc|Number=Plur|Tense=Past|VerbForm=Part",
      "VERB__Gender=Masc|Number=Sing|Tense=Past|VerbForm=Part",
      "VERB__Mood=Cnd|Number=Plur|Person=1|VerbForm=Fin",
      "VERB__Mood=Cnd|Number=Plur|Person=3|VerbForm=Fin",
      "VERB__Mood=Cnd|Number=Sing|Person=1|VerbForm=Fin",
      "VERB__Mood=Cnd|Number=Sing|Person=2|VerbForm=Fin",
      "VERB__Mood=Cnd|Number=Sing|Person=3|VerbForm=Fin",
      "VERB__Mood=Imp|Number=Plur|Person=1|VerbForm=Fin",
      "VERB__Mood=Imp|Number=Plur|Person=2|VerbForm=Fin",
      "VERB__Mood=Imp|Number=Plur|Person=3|VerbForm=Fin",
      "VERB__Mood=Imp|Number=Sing|Person=2|VerbForm=Fin",
      "VERB__Mood=Imp|Number=Sing|Person=3|VerbForm=Fin",
      "VERB__Mood=Ind|Number=Plur|Person=1|Tense=Fut|VerbForm=Fin",
      "VERB__Mood=Ind|Number=Plur|Person=1|Tense=Imp|VerbForm=Fin",
      "VERB__Mood=Ind|Number=Plur|Person=1|Tense=Past|VerbForm=Fin",
      "VERB__Mood=Ind|Number=Plur|Person=1|Tense=Pres|VerbForm=Fin",
      "VERB__Mood=Ind|Number=Plur|Person=2|Tense=Pres|VerbForm=Fin",
      "VERB__Mood=Ind|Number=Plur|Person=3|Tense=Fut|VerbForm=Fin",
      "VERB__Mood=Ind|Number=Plur|Person=3|Tense=Imp|VerbForm=Fin",
      "VERB__Mood=Ind|Number=Plur|Person=3|Tense=Past|VerbForm=Fin",
      "VERB__Mood=Ind|Number=Plur|Person=3|Tense=Pres|VerbForm=Fin",
      "VERB__Mood=Ind|Number=Sing|Person=1|Tense=Fut|VerbForm=Fin",
      "VERB__Mood=Ind|Number=Sing|Person=1|Tense=Imp|VerbForm=Fin",
      "VERB__Mood=Ind|Number=Sing|Person=1|Tense=Past|VerbForm=Fin",
      "VERB__Mood=Ind|Number=Sing|Person=1|Tense=Pres|VerbForm=Fin",
      "VERB__Mood=Ind|Number=Sing|Person=2|Tense=Fut|VerbForm=Fin",
      "VERB__Mood=Ind|Number=Sing|Person=2|Tense=Imp|VerbForm=Fin",
      "VERB__Mood=Ind|Number=Sing|Person=2|Tense=Past|VerbForm=Fin",
      "VERB__Mood=Ind|Number=Sing|Person=2|Tense=Pres|VerbForm=Fin",
      "VERB__Mood=Ind|Number=Sing|Person=3|Tense=Fut|VerbForm=Fin",
      "VERB__Mood=Ind|Number=Sing|Person=3|Tense=Imp|VerbForm=Fin",
      "VERB__Mood=Ind|Number=Sing|Person=3|Tense=Past|VerbForm=Fin",
      "VERB__Mood=Ind|Number=Sing|Person=3|Tense=Pres|VerbForm=Fin",
      "VERB__Mood=Ind|Person=3|Tense=Pres|VerbForm=Fin",
      "VERB__Mood=Sub|Number=Plur|Person=1|Tense=Imp|VerbForm=Fin",
      "VERB__Mood=Sub|Number=Plur|Person=1|Tense=Pres|VerbForm=Fin",
      "VERB__Mood=Sub|Number=Plur|Person=2|Tense=Pres|VerbForm=Fin",
      "VERB__Mood=Sub|Number=Plur|Person=3|Tense=Imp|VerbForm=Fin",
      "VERB__Mood=Sub|Number=Plur|Person=3|Tense=Pres|VerbForm=Fin",
      "VERB__Mood=Sub|Number=Sing|Person=1|Tense=Imp|VerbForm=Fin",
      "VERB__Mood=Sub|Number=Sing|Person=1|Tense=Pres|VerbForm=Fin",
      "VERB__Mood=Sub|Number=Sing|Person=2|Tense=Pres|VerbForm=Fin",
      "VERB__Mood=Sub|Number=Sing|Person=3|Tense=Imp|VerbForm=Fin",
      "VERB__Mood=Sub|Number=Sing|Person=3|Tense=Pres|VerbForm=Fin",
      "VERB__VerbForm=Ger",
      "VERB__VerbForm=Inf",
      "X",
      "X__NumType=Card",
      "_SP"
    ],
    "parser": [
      "ROOT",
      "acl",
      "advcl",
      "advmod",
      "amod",
      "appos",
      "aux",
      "case",
      "cc",
      "ccomp",
      "compound",
      "conj",
      "cop",
      "csubj",
      "dep",
      "det",
      "expl:pass",
      "fixed",
      "flat",
      "iobj",
      "mark",
      "nmod",
      "nsubj",
      "nummod",
      "obj",
      "obl",
      "parataxis",
      "punct",
      "xcomp"
    ],
    "ner": [
      "LOC",
      "MISC",
      "ORG",
      "PER"
    ]
  },
  "size": "15 MB",
  "checksum": "0d249695c4cafbe20fb8b0adaa2de086d2d9e31780ee157dcae53d50c983b80b"
}