{
  "lang": "es",
  "name": "core_news_sm",
  "license": "GPL",
  "author": "Explosion",
  "url": "https://explosion.ai",
  "email": "contact@explosion.ai",
  "sources": [
    {
      "name": "Spanish UD AnCora Corpus",
      "url": "https://github.com/UniversalDependencies/UD_Spanish-AnCora",
      "license": "GPL"
    },
    {
      "name": "WikiNER",
      "url": "https://figshare.com/articles/Learning_multilingual_named_entity_recognition_from_Wikipedia/5462500",
      "license": "CC BY 4.0"
    }
  ],
  "description": "Spanish multi-task CNN trained on the AnCora and WikiNER corpus. Assigns context-specific token vectors, POS tags, dependency parse and named entities. Supports identification of PER, LOC, ORG and MISC entities.",
  "notes": "Because the model is trained on Wikipedia, it may perform inconsistently on many genres, such as social media text. The NER accuracy refers to the \"silver standard\" annotations in the WikiNER corpus. Accuracy on these annotations tends to be higher than correct human annotations.",
  "pipeline": [
    "tagger",
    "parser",
    "ner"
  ],
  "version": "2.2.5",
  "spacy_version": ">=2.2.2",
  "parent_package": "spacy",
  "accuracy": {
    "las": 86.9719228095,
    "uas": 90.183849096,
    "token_acc": 100.0,
    "tags_acc": 96.7601889571,
    "ents_f": 89.4179300782,
    "ents_p": 89.58873884,
    "ents_r": 89.2477714007
  },
  "speed": {
    "cpu": 7926.8677700972,
    "gpu": null,
    "nwords": 699524
  },
  "labels": {
    "tagger": [
      "ADJ__AdpType=Prep",
      "ADJ__AdpType=Preppron|Gender=Masc|Number=Sing",
      "ADJ__AdvType=Tim",
      "ADJ__Gender=Fem|Number=Plur",
      "ADJ__Gender=Fem|Number=Plur|NumType=Ord",
      "ADJ__Gender=Fem|Number=Plur|VerbForm=Part",
      "ADJ__Gender=Fem|Number=Sing",
      "ADJ__Gender=Fem|Number=Sing|NumType=Ord",
      "ADJ__Gender=Fem|Number=Sing|VerbForm=Part",
      "ADJ__Gender=Masc",
      "ADJ__Gender=Masc|Number=Plur",
      "ADJ__Gender=Masc|Number=Plur|NumType=Ord",
      "ADJ__Gender=Masc|Number=Plur|VerbForm=Part",
      "ADJ__Gender=Masc|Number=Sing",
      "ADJ__Gender=Masc|Number=Sing|NumType=Ord",
      "ADJ__Gender=Masc|Number=Sing|VerbForm=Part",
      "ADJ__Number=Plur",
      "ADJ__Number=Sing",
      "ADJ___",
      "ADP__AdpType=Prep",
      "ADP__AdpType=Preppron|Gender=Fem|Number=Sing",
      "ADP__AdpType=Preppron|Gender=Masc|Number=Plur",
      "ADP__AdpType=Preppron|Gender=Masc|Number=Sing",
      "ADV__AdpType=Prep",
      "ADV__AdpType=Preppron|Gender=Masc|Number=Sing",
      "ADV__AdvType=Tim",
      "ADV__Gender=Masc|Number=Sing",
      "ADV__Mood=Ind|Number=Sing|Person=3|Tense=Imp|VerbForm=Fin",
      "ADV__Number=Plur",
      "ADV__Polarity=Neg",
      "ADV___",
      "AUX__Gender=Fem|Number=Plur|Tense=Past|VerbForm=Part",
      "AUX__Gender=Fem|Number=Sing|Tense=Past|VerbForm=Part",
      "AUX__Gender=Masc|Number=Plur|Tense=Past|VerbForm=Part",
      "AUX__Gender=Masc|Number=Sing|Tense=Past|VerbForm=Part",
      "AUX__Mood=Cnd|Number=Plur|Person=1|VerbForm=Fin",
      "AUX__Mood=Cnd|Number=Plur|Person=3|VerbForm=Fin",
      "AUX__Mood=Cnd|Number=Sing|Person=1|VerbForm=Fin",
      "AUX__Mood=Cnd|Number=Sing|Person=2|VerbForm=Fin",
      "AUX__Mood=Cnd|Number=Sing|Person=3|VerbForm=Fin",
      "AUX__Mood=Imp|Number=Plur|Person=3|VerbForm=Fin",
      "AUX__Mood=Imp|Number=Sing|Person=2|VerbForm=Fin",
      "AUX__Mood=Imp|Number=Sing|Person=3|VerbForm=Fin",
      "AUX__Mood=Ind|Number=Plur|Person=1|Tense=Fut|VerbForm=Fin",
      "AUX__Mood=Ind|Number=Plur|Person=1|Tense=Imp|VerbForm=Fin",
      "AUX__Mood=Ind|Number=Plur|Person=1|Tense=Past|VerbForm=Fin",
      "AUX__Mood=Ind|Number=Plur|Person=1|Tense=Pres|VerbForm=Fin",
      "AUX__Mood=Ind|Number=Plur|Person=2|Tense=Pres|VerbForm=Fin",
      "AUX__Mood=Ind|Number=Plur|Person=3|Tense=Fut|VerbForm=Fin",
      "AUX__Mood=Ind|Number=Plur|Person=3|Tense=Imp|VerbForm=Fin",
      "AUX__Mood=Ind|Number=Plur|Person=3|Tense=Past|VerbForm=Fin",
      "AUX__Mood=Ind|Number=Plur|Person=3|Tense=Pres|VerbForm=Fin",
      "AUX__Mood=Ind|Number=Sing|Person=1|Tense=Fut|VerbForm=Fin",
      "AUX__Mood=Ind|Number=Sing|Person=1|Tense=Imp|VerbForm=Fin",
      "AUX__Mood=Ind|Number=Sing|Person=1|Tense=Past|VerbForm=Fin",
      "AUX__Mood=Ind|Number=Sing|Person=1|Tense=Pres|VerbForm=Fin",
      "AUX__Mood=Ind|Number=Sing|Person=2|Tense=Fut|VerbForm=Fin",
      "AUX__Mood=Ind|Number=Sing|Person=2|Tense=Imp|VerbForm=Fin",
      "AUX__Mood=Ind|Number=Sing|Person=2|Tense=Pres|VerbForm=Fin",
      "AUX__Mood=Ind|Number=Sing|Person=3|Tense=Fut|VerbForm=Fin",
      "AUX__Mood=Ind|Number=Sing|Person=3|Tense=Imp|VerbForm=Fin",
      "AUX__Mood=Ind|Number=Sing|Person=3|Tense=Past|VerbForm=Fin",
      "AUX__Mood=Ind|Number=Sing|Person=3|Tense=Pres|VerbForm=Fin",
      "AUX__Mood=Sub|Number=Plur|Person=1|Tense=Imp|VerbForm=Fin",
      "AUX__Mood=Sub|Number=Plur|Person=1|Tense=Pres|VerbForm=Fin",
      "AUX__Mood=Sub|Number=Plur|Person=3|Tense=Imp|VerbForm=Fin",
      "AUX__Mood=Sub|Number=Plur|Person=3|Tense=Pres|VerbForm=Fin",
      "AUX__Mood=Sub|Number=Sing|Person=1|Tense=Imp|VerbForm=Fin",
      "AUX__Mood=Sub|Number=Sing|Person=1|Tense=Pres|VerbForm=Fin",
      "AUX__Mood=Sub|Number=Sing|Person=2|Tense=Pres|VerbForm=Fin",
      "AUX__Mood=Sub|Number=Sing|Person=3|Tense=Imp|VerbForm=Fin",
      "AUX__Mood=Sub|Number=Sing|Person=3|Tense=Pres|VerbForm=Fin",
      "AUX__VerbForm=Ger",
      "AUX__VerbForm=Inf",
      "CCONJ___",
      "DET__Definite=Def|Gender=Fem|Number=Plur|PronType=Art",
      "DET__Definite=Def|Gender=Fem|Number=Sing|PronType=Art",
      "DET__Definite=Def|Gender=Masc|Number=Plur|PronType=Art",
      "DET__Definite=Def|Gender=Masc|Number=Sing|PronType=Art",
      "DET__Definite=Def|Gender=Masc|PronType=Art",
      "DET__Definite=Def|Number=Sing|PronType=Art",
      "DET__Definite=Ind|Gender=Fem|Number=Plur|PronType=Art",
      "DET__Definite=Ind|Gender=Fem|Number=Sing|NumType=Card|PronType=Art",
      "DET__Definite=Ind|Gender=Fem|Number=Sing|PronType=Art",
      "DET__Definite=Ind|Gender=Masc|Number=Plur|PronType=Art",
      "DET__Definite=Ind|Gender=Masc|Number=Sing|NumType=Card|PronType=Art",
      "DET__Definite=Ind|Gender=Masc|Number=Sing|PronType=Art",
      "DET__Gender=Fem|Number=Plur|Number[psor]=Plur|Person=1|Poss=Yes|PronType=Prs",
      "DET__Gender=Fem|Number=Plur|Number[psor]=Plur|Person=2|Poss=Yes|PronType=Prs",
      "DET__Gender=Fem|Number=Plur|Person=3|Poss=Yes|PronType=Prs",
      "DET__Gender=Fem|Number=Plur|PronType=Art",
      "DET__Gender=Fem|Number=Plur|PronType=Dem",
      "DET__Gender=Fem|Number=Plur|PronType=Ind",
      "DET__Gender=Fem|Number=Sing|Number[psor]=Plur|Person=1|Poss=Yes|PronType=Prs",
      "DET__Gender=Fem|Number=Sing|Number[psor]=Plur|Person=2|Poss=Yes|PronType=Prs",
      "DET__Gender=Fem|Number=Sing|Number[psor]=Sing|Person=1|Poss=Yes|PronType=Prs",
      "DET__Gender=Fem|Number=Sing|Person=3|Poss=Yes|PronType=Prs",
      "DET__Gender=Fem|Number=Sing|PronType=Art",
      "DET__Gender=Fem|Number=Sing|PronType=Dem",
      "DET__Gender=Fem|Number=Sing|PronType=Ind",
      "DET__Gender=Fem|Number=Sing|PronType=Int",
      "DET__Gender=Masc|Number=Plur|Number[psor]=Plur|Person=1|Poss=Yes|PronType=Prs",
      "DET__Gender=Masc|Number=Plur|Person=3|Poss=Yes|PronType=Prs",
      "DET__Gender=Masc|Number=Plur|PronType=Art",
      "DET__Gender=Masc|Number=Plur|PronType=Dem",
      "DET__Gender=Masc|Number=Plur|PronType=Ind",
      "DET__Gender=Masc|Number=Sing|Number[psor]=Plur|Person=1|Poss=Yes|PronType=Prs",
      "DET__Gender=Masc|Number=Sing|Number[psor]=Sing|Person=1|Poss=Yes|PronType=Prs",
      "DET__Gender=Masc|Number=Sing|Person=3|Poss=Yes|PronType=Prs",
      "DET__Gender=Masc|Number=Sing|PronType=Art",
      "DET__Gender=Masc|Number=Sing|PronType=Dem",
      "DET__Gender=Masc|Number=Sing|PronType=Ind",
      "DET__Gender=Masc|Number=Sing|PronType=Int",
      "DET__Gender=Masc|Number=Sing|PronType=Tot",
      "DET__Number=Plur|Number[psor]=Sing|Person=1|Poss=Yes|PronType=Prs",
      "DET__Number=Plur|Number[psor]=Sing|Person=2|Poss=Yes|PronType=Prs",
      "DET__Number=Plur|Person=3|Poss=Yes|PronType=Prs",
      "DET__Number=Plur|PronType=Dem",
      "DET__Number=Plur|PronType=Ind",
      "DET__Number=Sing|Number[psor]=Sing|Person=1|Poss=Yes|PronType=Prs",
      "DET__Number=Sing|Number[psor]=Sing|Person=2|Poss=Yes|PronType=Prs",
      "DET__Number=Sing|Person=3|Poss=Yes|PronType=Prs",
      "DET__Number=Sing|PronType=Dem",
      "DET__Number=Sing|PronType=Ind",
      "DET__PronType=Int",
      "DET__PronType=Rel",
      "INTJ___",
      "NOUN__AdvType=Tim",
      "NOUN__AdvType=Tim|Gender=Masc|Number=Sing",
      "NOUN__Gender=Fem",
      "NOUN__Gender=Fem|Number=Plur",
      "NOUN__Gender=Fem|Number=Sing",
      "NOUN__Gender=Masc",
      "NOUN__Gender=Masc|Number=Plur",
      "NOUN__Gender=Masc|Number=Sing",
      "NOUN__Gender=Masc|Number=Sing|VerbForm=Part",
      "NOUN__NumForm=Digit",
      "NOUN__Number=Plur",
      "NOUN__Number=Sing",
      "NOUN___",
      "NUM__Gender=Fem|Number=Plur|NumType=Card",
      "NUM__Gender=Fem|Number=Sing|NumType=Card",
      "NUM__Gender=Masc|Number=Plur|NumType=Card",
      "NUM__Gender=Masc|Number=Sing|NumType=Card",
      "NUM__NumForm=Digit",
      "NUM__NumForm=Digit|NumType=Card",
      "NUM__NumForm=Digit|NumType=Frac",
      "NUM__NumType=Card",
      "NUM__Number=Plur|NumType=Card",
      "NUM__Number=Sing|NumType=Card",
      "PART___",
      "PRON__Case=Acc|Gender=Fem|Number=Plur|Person=3|PronType=Prs",
      "PRON__Case=Acc|Gender=Fem|Number=Sing|Person=3|PronType=Prs",
      "PRON__Case=Acc|Gender=Masc|Number=Plur|Person=3|PronType=Prs",
      "PRON__Case=Acc|Gender=Masc|Number=Sing|Person=3|PronType=Prs",
      "PRON__Case=Acc|Number=Plur|Person=3|PronType=Prs",
      "PRON__Case=Acc|Number=Sing|Person=3|PronType=Prs",
      "PRON__Case=Acc|Person=3|PronType=Prs",
      "PRON__Case=Dat|Number=Plur|Person=3|PronType=Prs",
      "PRON__Case=Dat|Number=Sing|Person=3|PronType=Prs",
      "PRON__Case=Nom|Number=Sing|Person=1|PronType=Prs",
      "PRON__Case=Nom|Number=Sing|Person=2|PronType=Prs",
      "PRON__Gender=Fem|Number=Plur|Number[psor]=Plur|Person=1|Poss=Yes|PronType=Prs",
      "PRON__Gender=Fem|Number=Plur|Person=3|Poss=Yes|PronType=Prs",
      "PRON__Gender=Fem|Number=Plur|Person=3|PronType=Prs",
      "PRON__Gender=Fem|Number=Plur|PronType=Dem",
      "PRON__Gender=Fem|Number=Plur|PronType=Ind",
      "PRON__Gender=Fem|Number=Plur|PronType=Int",
      "PRON__Gender=Fem|Number=Plur|PronType=Rel",
      "PRON__Gender=Fem|Number=Sing|Number[psor]=Plur|Person=1|Poss=Yes|PronType=Prs",
      "PRON__Gender=Fem|Number=Sing|Number[psor]=Sing|Person=1|Poss=Yes|PronType=Prs",
      "PRON__Gender=Fem|Number=Sing|Number[psor]=Sing|Person=2|Poss=Yes|PronType=Prs",
      "PRON__Gender=Fem|Number=Sing|Person=1|PronType=Prs",
      "PRON__Gender=Fem|Number=Sing|Person=3|Poss=Yes|PronType=Prs",
      "PRON__Gender=Fem|Number=Sing|Person=3|PronType=Prs",
      "PRON__Gender=Fem|Number=Sing|PronType=Dem",
      "PRON__Gender=Fem|Number=Sing|PronType=Ind",
      "PRON__Gender=Fem|Number=Sing|PronType=Rel",
      "PRON__Gender=Masc|Number=Plur|Person=1|PronType=Prs",
      "PRON__Gender=Masc|Number=Plur|Person=2|Poss=Yes|PronType=Prs",
      "PRON__Gender=Masc|Number=Plur|Person=3|PronType=Prs",
      "PRON__Gender=Masc|Number=Plur|PronType=Dem",
      "PRON__Gender=Masc|Number=Plur|PronType=Ind",
      "PRON__Gender=Masc|Number=Plur|PronType=Int",
      "PRON__Gender=Masc|Number=Plur|PronType=Rel",
      "PRON__Gender=Masc|Number=Sing|Number[psor]=Plur|Person=1|Poss=Yes|PronType=Prs",
      "PRON__Gender=Masc|Number=Sing|Number[psor]=Sing|Person=1|Poss=Yes|PronType=Prs",
      "PRON__Gender=Masc|Number=Sing|Number[psor]=Sing|Person=2|Poss=Yes|PronType=Prs",
      "PRON__Gender=Masc|Number=Sing|Person=3|Poss=Yes|PronType=Prs",
      "PRON__Gender=Masc|Number=Sing|Person=3|PronType=Prs",
      "PRON__Gender=Masc|Number=Sing|PronType=Dem",
      "PRON__Gender=Masc|Number=Sing|PronType=Ind",
      "PRON__Gender=Masc|Number=Sing|PronType=Int",
      "PRON__Gender=Masc|Number=Sing|PronType=Rel",
      "PRON__Gender=Masc|Number=Sing|PronType=Tot",
      "PRON__Number=Plur|Person=1",
      "PRON__Number=Plur|Person=1|PronType=Prs",
      "PRON__Number=Plur|Person=2|Polite=Form|PronType=Prs",
      "PRON__Number=Plur|Person=2|PronType=Prs",
      "PRON__Number=Plur|Person=3|Poss=Yes|PronType=Prs",
      "PRON__Number=Plur|Person=3|PronType=Prs",
      "PRON__Number=Plur|PronType=Dem",
      "PRON__Number=Plur|PronType=Ind",
      "PRON__Number=Plur|PronType=Int",
      "PRON__Number=Plur|PronType=Rel",
      "PRON__Number=Sing|Person=1",
      "PRON__Number=Sing|Person=1|PrepCase=Pre|PronType=Prs",
      "PRON__Number=Sing|Person=1|PronType=Prs",
      "PRON__Number=Sing|Person=2",
      "PRON__Number=Sing|Person=2|Polite=Form|PronType=Prs",
      "PRON__Number=Sing|Person=2|PrepCase=Pre|PronType=Prs",
      "PRON__Number=Sing|Person=2|PronType=Prs",
      "PRON__Number=Sing|Person=3|Poss=Yes|PronType=Prs",
      "PRON__Number=Sing|Person=3|PronType=Prs",
      "PRON__Number=Sing|PronType=Dem",
      "PRON__Number=Sing|PronType=Ind",
      "PRON__Number=Sing|PronType=Int",
      "PRON__Number=Sing|PronType=Rel",
      "PRON__Person=1|PronType=Prs",
      "PRON__Person=3",
      "PRON__Person=3|PrepCase=Pre|PronType=Prs",
      "PRON__Person=3|PronType=Prs",
      "PRON__PronType=Ind",
      "PRON__PronType=Int",
      "PRON__PronType=Rel",
      "PRON___",
      "PROPN___",
      "PUNCT__PunctSide=Fin|PunctType=Brck",
      "PUNCT__PunctSide=Fin|PunctType=Excl",
      "PUNCT__PunctSide=Fin|PunctType=Qest",
      "PUNCT__PunctSide=Ini|PunctType=Brck",
      "PUNCT__PunctSide=Ini|PunctType=Excl",
      "PUNCT__PunctSide=Ini|PunctType=Qest",
      "PUNCT__PunctType=Colo",
      "PUNCT__PunctType=Comm",
      "PUNCT__PunctType=Dash",
      "PUNCT__PunctType=Peri",
      "PUNCT__PunctType=Quot",
      "PUNCT__PunctType=Semi",
      "PUNCT___",
      "SCONJ___",
      "SYM__NumForm=Digit",
      "SYM__NumForm=Digit|NumType=Frac",
      "SYM___",
      "VERB__Gender=Fem|Number=Plur|Tense=Past|VerbForm=Part",
      "VERB__Gender=Fem|Number=Sing|Tense=Past|VerbForm=Part",
      "VERB__Gender=Masc|Mood=Ind|Number=Sing|Person=3|Tense=Pres|VerbForm=Fin",
      "VERB__Gender=Masc|Number=Plur|Tense=Past|VerbForm=Part",
      "VERB__Gender=Masc|Number=Sing|Tense=Past|VerbForm=Part",
      "VERB__Mood=Cnd|Number=Plur|Person=1|VerbForm=Fin",
      "VERB__Mood=Cnd|Number=Plur|Person=3|VerbForm=Fin",
      "VERB__Mood=Cnd|Number=Sing|Person=1|VerbForm=Fin",
      "VERB__Mood=Cnd|Number=Sing|Person=2|VerbForm=Fin",
      "VERB__Mood=Cnd|Number=Sing|Person=3|VerbForm=Fin",
      "VERB__Mood=Imp|Number=Plur|Person=1|VerbForm=Fin",
      "VERB__Mood=Imp|Number=Plur|Person=2|VerbForm=Fin",
      "VERB__Mood=Imp|Number=Plur|Person=3|VerbForm=Fin",
      "VERB__Mood=Imp|Number=Sing|Person=2|VerbForm=Fin",
      "VERB__Mood=Imp|Number=Sing|Person=3|VerbForm=Fin",
      "VERB__Mood=Ind|Number=Plur|Person=1|Tense=Fut|VerbForm=Fin",
      "VERB__Mood=Ind|Number=Plur|Person=1|Tense=Imp|VerbForm=Fin",
      "VERB__Mood=Ind|Number=Plur|Person=1|Tense=Past|VerbForm=Fin",
      "VERB__Mood=Ind|Number=Plur|Person=1|Tense=Pres|VerbForm=Fin",
      "VERB__Mood=Ind|Number=Plur|Person=2|Tense=Pres|VerbForm=Fin",
      "VERB__Mood=Ind|Number=Plur|Person=3|Tense=Fut|VerbForm=Fin",
      "VERB__Mood=Ind|Number=Plur|Person=3|Tense=Imp|VerbForm=Fin",
      "VERB__Mood=Ind|Number=Plur|Person=3|Tense=Past|VerbForm=Fin",
      "VERB__Mood=Ind|Number=Plur|Person=3|Tense=Pres|VerbForm=Fin",
      "VERB__Mood=Ind|Number=Sing|Person=1|Tense=Fut|VerbForm=Fin",
      "VERB__Mood=Ind|Number=Sing|Person=1|Tense=Imp|VerbForm=Fin",
      "VERB__Mood=Ind|Number=Sing|Person=1|Tense=Past|VerbForm=Fin",
      "VERB__Mood=Ind|Number=Sing|Person=1|Tense=Pres|VerbForm=Fin",
      "VERB__Mood=Ind|Number=Sing|Person=2|Tense=Fut|VerbForm=Fin",
      "VERB__Mood=Ind|Number=Sing|Person=2|Tense=Imp|VerbForm=Fin",
      "VERB__Mood=Ind|Number=Sing|Person=2|Tense=Past|VerbForm=Fin",
      "VERB__Mood=Ind|Number=Sing|Person=2|Tense=Pres|VerbForm=Fin",
      "VERB__Mood=Ind|Number=Sing|Person=3|Tense=Fut|VerbForm=Fin",
      "VERB__Mood=Ind|Number=Sing|Person=3|Tense=Imp|VerbForm=Fin",
      "VERB__Mood=Ind|Number=Sing|Person=3|Tense=Past|VerbForm=Fin",
      "VERB__Mood=Ind|Number=Sing|Person=3|Tense=Pres|VerbForm=Fin",
      "VERB__Mood=Ind|Person=3|Tense=Pres|VerbForm=Fin",
      "VERB__Mood=Sub|Number=Plur|Person=1|Tense=Imp|VerbForm=Fin",
      "VERB__Mood=Sub|Number=Plur|Person=1|Tense=Pres|VerbForm=Fin",
      "VERB__Mood=Sub|Number=Plur|Person=2|Tense=Pres|VerbForm=Fin",
      "VERB__Mood=Sub|Number=Plur|Person=3|Tense=Imp|VerbForm=Fin",
      "VERB__Mood=Sub|Number=Plur|Person=3|Tense=Pres|VerbForm=Fin",
      "VERB__Mood=Sub|Number=Sing|Person=1|Tense=Imp|VerbForm=Fin",
      "VERB__Mood=Sub|Number=Sing|Person=1|Tense=Pres|VerbForm=Fin",
      "VERB__Mood=Sub|Number=Sing|Person=2|Tense=Pres|VerbForm=Fin",
      "VERB__Mood=Sub|Number=Sing|Person=3|Tense=Imp|VerbForm=Fin",
      "VERB__Mood=Sub|Number=Sing|Person=3|Tense=Pres|VerbForm=Fin",
      "VERB__VerbForm=Ger",
      "VERB__VerbForm=Inf",
      "X___",
      "_SP",
      "___Number=Sing|Person=2|PronType=Prs",
      "___PunctType=Quot",
      "___VerbForm=Inf"
    ],
    "parser": [
      "ROOT",
      "acl",
      "advcl",
      "advmod",
      "amod",
      "appos",
      "aux",
      "case",
      "cc",
      "ccomp",
      "compound",
      "conj",
      "cop",
      "csubj",
      "dep",
      "det",
      "expl:pass",
      "fixed",
      "flat",
      "iobj",
      "mark",
      "nmod",
      "nsubj",
      "nummod",
      "obj",
      "obl",
      "parataxis",
      "punct",
      "xcomp"
    ],
    "ner": [
      "LOC",
      "MISC",
      "ORG",
      "PER"
    ]
  },
  "size": "15 MB",
  "checksum": "d1bd75f7c0dcf2b6107d9aaae367a3f94dd7671ea0529e64727b15155ebf19a6"
}