{
  "lang": "es",
  "name": "core_news_lg",
  "version": "3.0.0a1",
  "description": "Spanish pipeline optimized for CPU. Components: tok2vec, morphologizer, parser, senter, ner, attribute_ruler, lemmatizer.",
  "author": "Explosion",
  "email": "contact@explosion.ai",
  "url": "https://explosion.ai",
  "license": "GNU GPL 3.0",
  "spacy_version": ">=3.0.0rc3,<3.1.0",
  "spacy_git_version": "43a752a2a",
  "vectors": {
    "width": 300,
    "vectors": 500000,
    "keys": 500000,
    "name": "es_vectors"
  },
  "labels": {
    "tok2vec": [],
    "morphologizer": [
      "Definite=Def|Gender=Masc|Number=Sing|POS=DET|PronType=Art",
      "Gender=Masc|Number=Sing|POS=NOUN",
      "AdpType=Preppron|POS=ADP",
      "Gender=Masc|Number=Sing|POS=ADJ",
      "AdpType=Prep|POS=ADP",
      "Definite=Def|Gender=Fem|Number=Plur|POS=DET|PronType=Art",
      "POS=PROPN",
      "Case=Acc,Dat|POS=PRON|Person=3|PrepCase=Npr|PronType=Prs|Reflex=Yes",
      "Mood=Ind|Number=Sing|POS=VERB|Person=3|Tense=Past|VerbForm=Fin",
      "POS=VERB|VerbForm=Inf",
      "Gender=Fem|Number=Sing|POS=DET|PronType=Dem",
      "Gender=Fem|Number=Sing|POS=NOUN",
      "Gender=Fem|Number=Plur|POS=NOUN",
      "Gender=Fem|Number=Plur|POS=DET|PronType=Ind",
      "POS=PRON|PronType=Int,Rel",
      "Mood=Sub|Number=Plur|POS=VERB|Person=3|Tense=Pres|VerbForm=Fin",
      "Definite=Def|Gender=Fem|Number=Sing|POS=DET|PronType=Art",
      "POS=SCONJ",
      "POS=NOUN",
      "Definite=Def|Gender=Masc|Number=Plur|POS=DET|PronType=Art",
      "Number=Plur|POS=NOUN",
      "Gender=Masc|Number=Plur|POS=DET|PronType=Ind",
      "Gender=Masc|Number=Plur|POS=NOUN",
      "POS=PUNCT|PunctType=Peri",
      "Mood=Ind|Number=Sing|POS=VERB|Person=3|Tense=Pres|VerbForm=Fin",
      "POS=PUNCT|PunctType=Comm",
      "Case=Acc|Gender=Fem|Number=Sing|POS=VERB|Person=3|PrepCase=Npr|PronType=Prs|VerbForm=Inf",
      "Mood=Ind|Number=Plur|POS=AUX|Person=3|Tense=Pres|VerbForm=Fin",
      "Gender=Masc|Number=Sing|POS=VERB|Tense=Past|VerbForm=Part",
      "Number=Plur|POS=ADJ",
      "POS=CCONJ",
      "Gender=Masc|Number=Plur|POS=PRON|PronType=Ind",
      "POS=ADV",
      "Mood=Ind|Number=Plur|POS=VERB|Person=3|Tense=Fut|VerbForm=Fin",
      "Gender=Masc|NumType=Card|Number=Plur|POS=DET|PronType=Dem",
      "Mood=Ind|Number=Sing|POS=AUX|Person=3|Tense=Pres|VerbForm=Fin",
      "Number=Sing|POS=ADJ",
      "Gender=Masc|Number=Plur|POS=ADJ|VerbForm=Part",
      "Gender=Masc|Number=Plur|POS=PRON|PronType=Tot",
      "POS=PRON|PronType=Ind",
      "POS=ADV|Polarity=Neg",
      "Case=Acc|Gender=Masc|Number=Sing|POS=PRON|Person=3|PrepCase=Npr|PronType=Prs",
      "Gender=Fem|Number=Sing|POS=ADJ",
      "Mood=Ind|Number=Plur|POS=VERB|Person=3|Tense=Past|VerbForm=Fin",
      "Number=Plur|POS=PRON|PronType=Int,Rel",
      "POS=PUNCT|PunctType=Quot",
      "POS=PUNCT",
      "Gender=Masc|Number=Sing|POS=ADJ|VerbForm=Part",
      "POS=PUNCT|PunctSide=Ini|PunctType=Brck",
      "POS=PUNCT|PunctSide=Fin|PunctType=Brck",
      "NumForm=Digit|NumType=Card|POS=NUM",
      "NumType=Card|POS=NUM",
      "POS=VERB|VerbForm=Ger",
      "Definite=Ind|Gender=Masc|Number=Sing|POS=DET|PronType=Art",
      "Gender=Masc|Number=Sing|POS=DET|PronType=Dem",
      "Gender=Fem|NumType=Ord|Number=Plur|POS=ADJ",
      "Number=Sing|POS=DET|Person=3|Poss=Yes|PronType=Prs",
      "Number=Sing|POS=NOUN",
      "Gender=Masc|Number=Plur|POS=ADJ",
      "Mood=Ind|Number=Sing|POS=AUX|Person=3|Tense=Fut|VerbForm=Fin",
      "Gender=Fem|Number=Sing|POS=ADJ|VerbForm=Part",
      "Mood=Ind|Number=Plur|POS=VERB|Person=3|Tense=Pres|VerbForm=Fin",
      "Degree=Cmp|POS=ADV",
      "POS=AUX|VerbForm=Inf",
      "Number=Plur|POS=DET|PronType=Ind",
      "Number=Plur|POS=DET|PronType=Dem",
      "Degree=Cmp|Number=Sing|POS=ADJ",
      "Mood=Ind|Number=Sing|POS=VERB|Person=3|Tense=Fut|VerbForm=Fin",
      "Case=Acc,Dat|POS=VERB|Person=3|PrepCase=Npr|PronType=Prs|Reflex=Yes|VerbForm=Inf",
      "Degree=Sup|Gender=Masc|Number=Plur|POS=ADJ",
      "Definite=Ind|Gender=Fem|Number=Sing|POS=DET|PronType=Art",
      "AdvType=Tim|POS=NOUN",
      "AdpType=Prep|POS=ADV",
      "Gender=Masc|Number=Sing|POS=PRON|PronType=Ind",
      "NumType=Card|Number=Plur|POS=NUM",
      "AdpType=Preppron|POS=ADV",
      "Case=Acc|Gender=Masc|Number=Sing|POS=VERB|Person=3|PrepCase=Npr|PronType=Prs|VerbForm=Inf",
      "NumForm=Digit|POS=NOUN",
      "Number=Sing|POS=PRON|PronType=Dem",
      "AdpType=Preppron|Gender=Masc|Number=Sing|POS=ADJ",
      "Number=Plur|POS=DET|Person=3|Poss=Yes|PronType=Prs",
      "Gender=Fem|Number=Plur|POS=ADJ",
      "Gender=Fem|Number=Plur|POS=PRON|PronType=Ind",
      "Gender=Masc|Number=Plur|POS=DET|PronType=Tot",
      "Mood=Ind|Number=Sing|POS=VERB|Person=3|Tense=Imp|VerbForm=Fin",
      "Mood=Ind|Number=Plur|POS=AUX|Person=3|Tense=Past|VerbForm=Fin",
      "Gender=Masc|Number=Plur|POS=VERB|Tense=Past|VerbForm=Part",
      "Gender=Masc|NumType=Ord|Number=Sing|POS=ADJ",
      "Gender=Masc|NumType=Ord|Number=Plur|POS=ADJ",
      "Gender=Masc|Number=Plur|POS=DET|PronType=Dem",
      "Gender=Masc|Number=Sing|POS=AUX|Tense=Past|VerbForm=Part",
      "Number=Sing|POS=DET|PronType=Tot",
      "Gender=Fem|Number=Sing|POS=PRON|PronType=Ind",
      "Mood=Ind|Number=Sing|POS=AUX|Person=1|Tense=Pres|VerbForm=Fin",
      "Mood=Ind|Number=Sing|POS=VERB|Person=1|Tense=Pres|VerbForm=Fin",
      "Degree=Cmp|Number=Plur|POS=ADJ",
      "POS=AUX|VerbForm=Ger",
      "Gender=Fem|POS=NOUN",
      "Gender=Fem|NumType=Ord|Number=Sing|POS=ADJ",
      "AdvType=Tim|POS=ADJ",
      "Mood=Ind|Number=Sing|POS=AUX|Person=3|Tense=Past|VerbForm=Fin",
      "Gender=Fem|Number=Sing|POS=VERB|Tense=Past|VerbForm=Part",
      "Case=Acc|Gender=Fem|Number=Sing|POS=PRON|Person=3|PrepCase=Npr|PronType=Prs",
      "Mood=Ind|Number=Sing|POS=VERB|Person=1|Tense=Imp|VerbForm=Fin",
      "Gender=Fem|Number=Plur|POS=ADJ|VerbForm=Part",
      "Gender=Fem|Number=Plur|POS=DET|PronType=Dem",
      "Gender=Masc|Number=Sing|POS=PRON|Poss=Yes|PronType=Int,Rel",
      "Number=Sing|POS=PRON|PronType=Int,Rel",
      "POS=ADJ",
      "Mood=Ind|Number=Sing|POS=AUX|Person=1|Tense=Imp|VerbForm=Fin",
      "Mood=Ind|Number=Plur|POS=VERB|Person=3|Tense=Imp|VerbForm=Fin",
      "Mood=Ind|Number=Plur|POS=AUX|Person=3|Tense=Imp|VerbForm=Fin",
      "Mood=Sub|Number=Sing|POS=VERB|Person=3|Tense=Pres|VerbForm=Fin",
      "Gender=Fem|Number=Plur|POS=DET|PronType=Tot",
      "Case=Acc,Nom|Gender=Masc|Number=Sing|POS=PRON|Person=3|PronType=Prs",
      "Mood=Sub|Number=Sing|POS=VERB|Person=1|Tense=Pres|VerbForm=Fin",
      "Definite=Ind|Gender=Fem|Number=Plur|POS=DET|PronType=Art",
      "Case=Acc,Nom|Gender=Fem|Number=Plur|POS=PRON|Person=3|PronType=Prs",
      "Mood=Ind|Number=Plur|POS=VERB|Person=1|Tense=Pres|VerbForm=Fin",
      "Case=Acc|Definite=Def|Gender=Masc|Number=Sing|POS=PRON|Person=3|PrepCase=Npr|PronType=Prs",
      "Gender=Fem|Number=Sing|POS=PRON|PronType=Dem",
      "Mood=Cnd|Number=Sing|POS=VERB|Person=1|VerbForm=Fin",
      "Gender=Masc|Number=Sing|POS=DET|PronType=Tot",
      "Number=Plur|POS=PRON|PronType=Ind",
      "Gender=Masc|Number=Sing|POS=DET|PronType=Ind",
      "Case=Dat|Number=Sing|POS=PRON|Person=3|PronType=Prs",
      "POS=PART",
      "Gender=Fem|Number=Sing|POS=DET|PronType=Ind",
      "Number=Sing|POS=DET|PronType=Ind",
      "Gender=Masc|NumType=Card|Number=Plur|POS=DET|PronType=Ind",
      "Mood=Cnd|Number=Plur|POS=AUX|Person=3|VerbForm=Fin",
      "NumForm=Digit|POS=SYM",
      "Mood=Imp|Number=Sing|POS=VERB|Person=2|VerbForm=Fin",
      "Case=Dat|Number=Sing|POS=VERB|Person=3|PronType=Prs|VerbForm=Inf",
      "Gender=Fem|Number=Plur|POS=PRON|PronType=Dem",
      "Mood=Cnd|Number=Sing|POS=AUX|Person=1|VerbForm=Fin",
      "NumForm=Digit|NumType=Frac|POS=NUM",
      "Gender=Fem|Number=Sing|POS=PRON|Poss=Yes|PronType=Int,Rel",
      "Mood=Sub|Number=Sing|POS=AUX|Person=1|Tense=Pres|VerbForm=Fin",
      "Mood=Sub|Number=Sing|POS=VERB|Person=1|Tense=Imp|VerbForm=Fin",
      "Gender=Fem|Number=Sing|Number[psor]=Plur|POS=DET|Person=1|Poss=Yes|PronType=Prs",
      "Case=Acc,Dat|Number=Plur|POS=PRON|Person=1|PrepCase=Npr|PronType=Prs",
      "Definite=Ind|Gender=Masc|Number=Plur|POS=DET|PronType=Art",
      "POS=PUNCT|PunctType=Colo",
      "Mood=Sub|Number=Plur|POS=AUX|Person=3|Tense=Pres|VerbForm=Fin",
      "Mood=Imp|Number=Plur|POS=VERB|Person=3|VerbForm=Fin",
      "Gender=Fem|Number=Sing|POS=DET|PronType=Neg",
      "Gender=Masc|Number=Sing|POS=PRON|PronType=Dem",
      "Case=Acc|Gender=Masc|Number=Plur|POS=PRON|Person=3|PrepCase=Npr|PronType=Prs",
      "Case=Acc|Gender=Fem|Number=Plur|POS=PRON|Person=3|PrepCase=Npr|PronType=Prs",
      "Gender=Fem|Number=Plur|POS=VERB|Tense=Past|VerbForm=Part",
      "Case=Acc|Gender=Fem|Number=Sing|POS=AUX|Person=3|PrepCase=Npr|PronType=Prs|VerbForm=Inf",
      "Number=Sing|POS=PRON|PronType=Neg",
      "POS=PUNCT|PunctType=Semi",
      "Case=Dat|Number=Plur|POS=PRON|Person=3|PronType=Prs",
      "Number=Sing|POS=PRON|PronType=Ind",
      "Mood=Sub|Number=Plur|POS=VERB|Person=3|Tense=Imp|VerbForm=Fin",
      "Case=Acc,Nom|Gender=Masc|Number=Plur|POS=PRON|Person=3|PronType=Prs",
      "POS=INTJ",
      "Gender=Masc|NumType=Card|Number=Sing|POS=PRON|PronType=Dem",
      "Mood=Ind|Number=Plur|POS=AUX|Person=3|Tense=Fut|VerbForm=Fin",
      "Degree=Sup|Gender=Masc|Number=Sing|POS=ADJ",
      "Mood=Ind|Number=Plur|POS=AUX|Person=1|Tense=Pres|VerbForm=Fin",
      "AdpType=Prep|POS=ADJ",
      "Number=Plur|POS=PRON|Person=3|Poss=Yes|PronType=Prs",
      "POS=PUNCT|PunctType=Dash",
      "Mood=Cnd|Number=Plur|POS=VERB|Person=1|VerbForm=Fin",
      "Gender=Masc|Number=Sing|POS=DET|PronType=Neg",
      "Gender=Fem|NumType=Card|Number=Plur|POS=NUM",
      "Case=Acc|Gender=Fem|Number=Plur|POS=VERB|Person=3|PrepCase=Npr|PronType=Prs|VerbForm=Inf",
      "Gender=Masc|Number=Sing|POS=PRON|PronType=Tot",
      "Gender=Masc|NumType=Card|Number=Plur|POS=NUM",
      "Gender=Masc|POS=NOUN",
      "Case=Acc,Dat|Number=Sing|POS=PRON|Person=1|PrepCase=Npr|PronType=Prs",
      "Gender=Fem|NumType=Card|Number=Sing|POS=DET|PronType=Ind",
      "Gender=Fem|NumType=Card|Number=Plur|POS=DET|PronType=Ind",
      "Case=Acc,Dat|POS=VERB|Person=3|PrepCase=Npr|PronType=Prs|Reflex=Yes|VerbForm=Ger",
      "Mood=Ind|Number=Sing|POS=AUX|Person=3|Tense=Imp|VerbForm=Fin",
      "POS=NOUN|VerbForm=Inf",
      "Mood=Ind|Number=Plur|POS=AUX|Person=1|Tense=Imp|VerbForm=Fin",
      "Mood=Sub|Number=Sing|POS=VERB|Person=3|Tense=Imp|VerbForm=Fin",
      "Gender=Masc|Number=Sing|Number[psor]=Plur|POS=DET|Person=1|Poss=Yes|PronType=Prs",
      "Gender=Masc|NumType=Card|Number=Sing|POS=NUM",
      "Mood=Sub|Number=Sing|POS=AUX|Person=1|Tense=Imp|VerbForm=Fin",
      "Gender=Masc|Number=Plur|POS=PRON|Poss=Yes|PronType=Int,Rel",
      "Case=Acc|Gender=Masc|Number=Plur|POS=VERB|Person=3|PrepCase=Npr|PronType=Prs|VerbForm=Inf",
      "Gender=Fem|NumType=Card|Number=Sing|POS=DET|PronType=Dem",
      "Mood=Imp|Number=Sing|POS=VERB|Person=3|VerbForm=Fin",
      "Mood=Sub|Number=Plur|POS=VERB|Person=1|Tense=Pres|VerbForm=Fin",
      "Mood=Ind|Number=Plur|POS=VERB|Person=1|Tense=Fut|VerbForm=Fin",
      "Gender=Masc|Number=Sing|POS=PRON|PronType=Neg",
      "Case=Acc,Dat|Number=Plur|POS=VERB|Person=1|PrepCase=Npr|PronType=Prs|VerbForm=Inf",
      "Case=Nom|Number=Sing|POS=PRON|Person=1|PronType=Prs",
      "Mood=Ind|Number=Sing|POS=VERB|Person=1|Tense=Past|VerbForm=Fin",
      "Mood=Ind|Number=Plur|POS=VERB|Person=1|Tense=Past|VerbForm=Fin",
      "Degree=Abs|Gender=Masc|Number=Sing|POS=ADJ",
      "Number=Sing|Number[psor]=Sing|POS=DET|Person=1|Poss=Yes|PronType=Prs",
      "Case=Acc,Nom|Gender=Masc|Number=Plur|POS=PRON|Person=1|PronType=Prs",
      "Mood=Imp|Number=Sing|POS=AUX|Person=3|VerbForm=Fin",
      "Mood=Sub|Number=Sing|POS=AUX|Person=3|Tense=Pres|VerbForm=Fin",
      "Gender=Masc|Number=Sing|POS=DET|Person=3|Poss=Yes|PronType=Prs",
      "Gender=Fem|Number=Sing|POS=DET|PronType=Tot",
      "POS=DET|PronType=Ind",
      "POS=DET|PronType=Int,Rel",
      "AdvType=Tim|POS=ADV",
      "Mood=Cnd|Number=Sing|POS=AUX|Person=3|VerbForm=Fin",
      "POS=PUNCT|PunctSide=Ini|PunctType=Qest",
      "POS=PUNCT|PunctSide=Fin|PunctType=Qest",
      "Number=Plur|Number[psor]=Sing|POS=DET|Person=1|Poss=Yes|PronType=Prs",
      "Gender=Masc|NumType=Card|Number=Sing|POS=DET|PronType=Ind",
      "Mood=Cnd|Number=Plur|POS=VERB|Person=3|VerbForm=Fin",
      "Case=Acc|Gender=Fem|Number=Sing|POS=VERB|Person=3|PrepCase=Npr|PronType=Prs|VerbForm=Ger",
      "Degree=Abs|Gender=Fem|Number=Sing|POS=ADJ",
      "Case=Acc,Dat|Number=Plur|POS=PRON|Person=1|PrepCase=Npr|PronType=Prs|Reflex=Yes",
      "Mood=Sub|Number=Plur|POS=VERB|Person=1|Tense=Imp|VerbForm=Fin",
      "Case=Acc,Dat|Number=Sing|POS=PRON|Person=1|PrepCase=Npr|PronType=Prs|Reflex=Yes",
      "POS=PUNCT|PunctSide=Ini|PunctType=Excl",
      "POS=PUNCT|PunctSide=Fin|PunctType=Excl",
      "Mood=Cnd|Number=Sing|POS=VERB|Person=3|VerbForm=Fin",
      "Case=Acc,Dat|Mood=Imp|Number=Sing|POS=VERB|Person=3|PrepCase=Npr|PronType=Prs|Reflex=Yes|VerbForm=Fin",
      "Gender=Fem|Number=Sing|POS=PRON|PronType=Tot",
      "Gender=Masc|Number=Plur|Number[psor]=Plur|POS=DET|Person=1|Poss=Yes|PronType=Prs",
      "Mood=Imp|Number=Plur|POS=VERB|Person=1|VerbForm=Fin",
      "Gender=Masc|NumType=Card|Number=Plur|POS=PRON|PronType=Ind",
      "Gender=Masc|NumType=Card|Number=Sing|POS=PRON|PronType=Ind",
      "Gender=Masc|Number=Plur|POS=PRON|PronType=Dem",
      "Case=Dat|Number=Plur|POS=VERB|Person=3|PronType=Prs|VerbForm=Inf",
      "Degree=Abs|Gender=Masc|NumType=Card|Number=Plur|POS=DET|PronType=Ind",
      "Case=Acc|Number=Sing|POS=PRON|Person=1|PrepCase=Pre|PronType=Prs",
      "Case=Acc,Dat|Mood=Imp|Number=Plur|POS=VERB|Person=3|PrepCase=Npr|PronType=Prs|Reflex=Yes|VerbForm=Fin",
      "Definite=Ind|Gender=Fem|NumType=Card|Number=Sing|POS=DET|PronType=Art",
      "Gender=Fem|NumType=Card|Number=Sing|POS=NUM",
      "Mood=Sub|Number=Plur|POS=AUX|Person=3|Tense=Imp|VerbForm=Fin",
      "Gender=Fem|Number=Plur|Number[psor]=Plur|POS=DET|Person=1|Poss=Yes|PronType=Prs",
      "POS=SCONJ|PronType=Int,Rel",
      "Case=Acc|POS=PRON|Person=3|PrepCase=Pre|PronType=Prs|Reflex=Yes",
      "Mood=Ind|Number=Sing|POS=VERB|Person=2|Tense=Pres|VerbForm=Fin",
      "Case=Acc,Dat|Number=Sing|POS=VERB|Person=1|PrepCase=Npr|PronType=Prs|VerbForm=Inf",
      "NumType=Card|Number=Sing|POS=DET|PronType=Ind",
      "Mood=Ind|Number=Plur|POS=VERB|Person=1|Tense=Imp|VerbForm=Fin",
      "Case=Acc,Dat|Number=Sing|POS=PRON|Person=2|PrepCase=Npr|PronType=Prs",
      "Case=Acc,Nom|Gender=Fem|Number=Sing|POS=PRON|Person=3|PronType=Prs",
      "Number=Sing|POS=DET|PronType=Dem",
      "Mood=Sub|Number=Sing|POS=AUX|Person=3|Tense=Imp|VerbForm=Fin",
      "POS=SYM",
      "Gender=Fem|Number=Sing|POS=PRON|PronType=Neg",
      "Case=Acc|Gender=Masc|Number=Sing|POS=VERB|Person=3|PrepCase=Npr|PronType=Prs|VerbForm=Ger",
      "Degree=Sup|Gender=Fem|Number=Sing|POS=ADJ",
      "Case=Nom|Number=Sing|POS=PRON|Person=2|PronType=Prs",
      "Number=Sing|Number[psor]=Sing|POS=DET|Person=2|Poss=Yes|PronType=Prs",
      "Case=Acc|Gender=Masc|Mood=Imp|Number=Sing|POS=VERB|Person=2,3|PrepCase=Npr|PronType=Prs|VerbForm=Fin",
      "Mood=Ind|Number=Sing|POS=AUX|Person=1|Tense=Fut|VerbForm=Fin",
      "Gender=Masc|Number=Sing|Number[psor]=Sing|POS=PRON|Person=1|Poss=Yes|PronType=Ind",
      "Case=Acc,Nom|Number=Sing|POS=PRON|Person=2|Polite=Form|PronType=Prs",
      "Case=Acc|Gender=Masc|Number=Plur|POS=VERB|Person=3|PrepCase=Npr|PronType=Prs|VerbForm=Ger",
      "Gender=Masc|NumType=Card|Number=Sing|POS=PRON|PronType=Int,Rel",
      "Gender=Fem|NumType=Card|Number=Plur|POS=PRON|PronType=Ind",
      "Case=Acc,Dat|Number=Plur|POS=VERB|Person=1|PrepCase=Npr|PronType=Prs|VerbForm=Ger",
      "Mood=Ind|Number=Plur|POS=VERB|Person=2|Tense=Pres|VerbForm=Fin",
      "Mood=Cnd|Number=Sing|POS=VERB|Person=2|VerbForm=Fin",
      "Mood=Ind|Number=Sing|POS=VERB|Person=1|Tense=Fut|VerbForm=Fin",
      "Mood=Cnd|Number=Plur|POS=AUX|Person=1|VerbForm=Fin",
      "NumType=Card|Number=Plur|POS=PRON|PronType=Ind",
      "Gender=Masc|NumType=Card|Number=Sing|POS=DET|PronType=Dem",
      "Degree=Abs|Gender=Masc|Number=Sing|POS=DET|PronType=Ind",
      "Gender=Fem|Number=Plur|POS=PRON|Poss=Yes|PronType=Int,Rel",
      "Mood=Ind|Number=Sing|POS=AUX|Person=1|Tense=Past|VerbForm=Fin",
      "Case=Acc,Nom|Number=Plur|POS=PRON|Person=2|Polite=Form|PronType=Prs",
      "Mood=Imp|Number=Sing|POS=AUX|Person=2|VerbForm=Fin",
      "Case=Acc,Dat|Number=Sing|POS=VERB|Person=2|PrepCase=Npr|PronType=Prs|VerbForm=Inf",
      "Gender=Fem|Number=Sing|Number[psor]=Sing|POS=PRON|Person=2|Poss=Yes|PronType=Ind",
      "NumType=Card|Number=Sing|POS=NUM",
      "Mood=Ind|Number=Sing|POS=VERB|Person=2|Tense=Past|VerbForm=Fin",
      "Mood=Ind|Number=Sing|POS=AUX|Person=2|Tense=Imp|VerbForm=Fin",
      "Mood=Ind|Number=Sing|POS=AUX|Person=2|Tense=Pres|VerbForm=Fin",
      "Case=Com|Number=Sing|POS=PRON|Person=2|PrepCase=Pre|PronType=Prs",
      "Mood=Ind|Number=Sing|POS=VERB|Person=2|Tense=Imp|VerbForm=Fin",
      "Case=Acc,Dat|Number=Sing|POS=PRON|Person=2|PrepCase=Npr|PronType=Prs|Reflex=Yes",
      "Case=Acc|Number=Sing|POS=PRON|Person=2|PrepCase=Pre|PronType=Prs",
      "Mood=Cnd|Number=Sing|POS=AUX|Person=2|VerbForm=Fin",
      "Mood=Sub|Number=Sing|POS=AUX|Person=2|Tense=Pres|VerbForm=Fin",
      "Number=Sing|POS=NOUN|VerbForm=Fin",
      "Case=Acc,Dat|Mood=Imp|Number=Plur,Sing|POS=VERB|Person=1,2|PrepCase=Npr|PronType=Prs|VerbForm=Fin",
      "Case=Acc,Dat|Mood=Imp|Number=Sing|POS=VERB|Person=2|PrepCase=Npr|PronType=Prs|Reflex=Yes|VerbForm=Fin",
      "Mood=Ind|Number=Sing|POS=VERB|Person=2|Tense=Fut|VerbForm=Fin",
      "Gender=Fem|NumType=Card|Number=Sing|POS=DET|PronType=Int,Rel",
      "Mood=Sub|Number=Sing|POS=VERB|Person=2|Tense=Pres|VerbForm=Fin",
      "Mood=Ind|Number=Sing|POS=AUX|Person=2|Tense=Fut|VerbForm=Fin",
      "Gender=Fem|Number=Plur|POS=PRON|PronType=Tot",
      "Gender=Masc|NumType=Card|Number=Plur|POS=DET|PronType=Int,Rel",
      "Case=Dat|Number=Sing|POS=VERB|Person=3|PronType=Prs|VerbForm=Ger",
      "Number=Sing|POS=VERB|VerbForm=Fin",
      "POS=VERB|VerbForm=Fin",
      "Degree=Abs|Gender=Masc|Number=Plur|POS=ADJ",
      "Degree=Abs|Gender=Fem|Number=Plur|POS=ADJ",
      "Case=Acc,Dat|POS=AUX|Person=3|PrepCase=Npr|PronType=Prs|Reflex=Yes|VerbForm=Ger",
      "Gender=Masc|Number=Sing|Number[psor]=Plur|POS=PRON|Person=1|Poss=Yes|PronType=Prs",
      "AdpType=Prep|Degree=Cmp|POS=ADV",
      "Mood=Sub|Number=Plur|POS=AUX|Person=1|Tense=Imp|VerbForm=Fin",
      "Gender=Fem|NumType=Card|Number=Plur|POS=DET|PronType=Dem",
      "Definite=Ind|Gender=Masc|NumType=Card|Number=Sing|POS=DET|PronType=Art",
      "Degree=Sup|Gender=Fem|Number=Plur|POS=ADJ",
      "Number=Plur|POS=PRON|PronType=Dem",
      "Case=Acc,Dat|Gender=Masc|Number=Plur|POS=PRON|Person=2|PrepCase=Npr|PronType=Prs",
      "Case=Acc|Gender=Fem|Number=Plur|POS=VERB|Person=3|PrepCase=Npr|PronType=Prs|VerbForm=Ger",
      "Gender=Masc|Number=Sing|POS=AUX|VerbForm=Fin",
      "Case=Acc,Dat|POS=AUX|Person=3|PrepCase=Npr|PronType=Prs|Reflex=Yes|VerbForm=Inf",
      "Mood=Ind|Number=Plur|POS=AUX|Person=1|Tense=Past|VerbForm=Fin",
      "Gender=Masc|NumType=Card|Number=Sing|POS=DET|PronType=Int,Rel",
      "Gender=Masc|Number=Plur|POS=DET|Person=3|Poss=Yes|PronType=Prs",
      "Case=Acc,Dat|Mood=Imp|Number=Sing|POS=VERB|Person=1,3|PrepCase=Npr|PronType=Prs|VerbForm=Fin",
      "Gender=Masc|NumType=Card|Number=Plur|POS=PRON|PronType=Int,Rel",
      "Gender=Masc|Number=Sing|POS=PRON|Person=3|Poss=Yes|PronType=Prs",
      "Gender=Masc|Number=Sing|Number[psor]=Sing|POS=DET|Person=1|Poss=Yes|PronType=Ind",
      "Mood=Ind|POS=VERB|Person=3|Tense=Pres|VerbForm=Fin",
      "Case=Acc,Dat|Number=Plur|POS=PRON|Person=2|PrepCase=Npr|PronType=Prs",
      "Gender=Masc|NumType=Card|Number=Plur|POS=PRON|PronType=Dem",
      "Gender=Fem|Number=Sing|POS=DET|Person=3|Poss=Yes|PronType=Prs",
      "Mood=Sub|Number=Plur|POS=VERB|Person=2|Tense=Pres|VerbForm=Fin",
      "Mood=Sub|Number=Plur|POS=AUX|Person=1|Tense=Pres|VerbForm=Fin",
      "Mood=Ind|Number=Plur|POS=AUX|Person=1|Tense=Fut|VerbForm=Fin",
      "Number=Sing|POS=PRON|Person=3|Poss=Yes|PronType=Prs",
      "Case=Acc,Dat|Number=Sing|POS=VERB|Person=2|PrepCase=Npr|PronType=Prs|PunctType=Quot|VerbForm=Inf",
      "Case=Com|POS=PRON|Person=3|PrepCase=Pre|PronType=Prs|Reflex=Yes",
      "NumForm=Digit|NumType=Frac|POS=SYM",
      "Case=Dat|Number=Sing|POS=AUX|Person=3|PronType=Prs|VerbForm=Inf",
      "Case=Acc|Gender=Masc|Number=Sing|POS=AUX|Person=3|PrepCase=Npr|PronType=Prs|VerbForm=Inf",
      "Gender=Fem|NumType=Card|Number=Sing|POS=PRON|PronType=Ind",
      "Gender=Masc|Mood=Ind|Number=Sing|POS=VERB|Person=3|Tense=Pres|VerbForm=Fin",
      "Case=Acc,Dat|Gender=Masc|Number=Plur|POS=PRON|Person=1|PrepCase=Npr|PronType=Prs",
      "Gender=Fem|Number=Sing|Number[psor]=Sing|POS=PRON|Person=1|Poss=Yes|PronType=Ind",
      "Case=Acc,Dat|Number=Plur|POS=VERB|Person=2|PrepCase=Npr|PronType=Prs|VerbForm=Inf",
      "Number=Sing|POS=PRON|PronType=Tot",
      "Mood=Ind|Number=Plur|POS=AUX|Person=2|Tense=Pres|VerbForm=Fin",
      "Case=Dat|Number=Plur|POS=VERB|Person=3|PronType=Prs|VerbForm=Ger",
      "NumType=Card|Number=Plur|POS=DET|PronType=Ind",
      "POS=PRON|PronType=Dem",
      "POS=AUX|VerbForm=Fin",
      "Gender=Fem|NumType=Card|Number=Plur|POS=PRON|PronType=Int,Rel",
      "Gender=Fem|Number=Sing|Number[psor]=Plur|POS=DET|Person=2|Poss=Yes|PronType=Prs",
      "Gender=Fem|Number=Plur|Number[psor]=Plur|POS=PRON|Person=1|Poss=Yes|PronType=Prs",
      "Case=Acc|Gender=Fem|Number=Plur|POS=AUX|Person=3|PrepCase=Npr|PronType=Prs|VerbForm=Inf",
      "Case=Acc|Gender=Masc|Number=Plur|POS=AUX|Person=3|PrepCase=Npr|PronType=Prs|VerbForm=Inf",
      "AdvType=Tim|Gender=Masc|Number=Sing|POS=NOUN",
      "Gender=Fem|Number=Sing|Number[psor]=Plur|POS=PRON|Person=1|Poss=Yes|PronType=Prs",
      "Gender=Fem|NumType=Card|Number=Sing|POS=PRON|PronType=Dem",
      "Gender=Fem|Number=Sing|Number[psor]=Sing|POS=DET|Person=1|Poss=Yes|PronType=Ind",
      "Gender=Masc|Number=Sing|Number[psor]=Sing|POS=PRON|Person=2|Poss=Yes|PronType=Ind",
      "Gender=Fem|Number=Plur|POS=PRON|Person=3|Poss=Yes|PronType=Prs",
      "Gender=Masc|Number=Plur|POS=DET|PronType=Art",
      "Gender=Masc|Number=Sing|POS=NOUN|VerbForm=Part",
      "Case=Acc|Gender=Masc|Number=Sing|POS=AUX|Person=3|PrepCase=Npr|PronType=Prs|VerbForm=Ger",
      "Gender=Masc|Number=Sing|POS=DET|Person=3|Poss=Yes|PronType=Ind",
      "Case=Acc,Dat|Number=Sing|POS=VERB|Person=1|PrepCase=Npr|PronType=Prs|VerbForm=Ger",
      "Case=Acc|Gender=Masc|Mood=Imp|Number=Plur|POS=VERB|Person=1,3|PrepCase=Npr|PronType=Prs|VerbForm=Fin",
      "Gender=Fem|Number=Sing|POS=PRON|Person=1|Poss=Yes|PronType=Prs",
      "Case=Com|Number=Sing|POS=PRON|Person=1|PrepCase=Pre|PronType=Prs",
      "POS=X",
      "Case=Com|POS=PRON|Person=3|PronType=Prs|Reflex=Yes",
      "POS=ADP",
      "Case=Acc|Gender=Masc|Mood=Imp|Number=Plur,Sing|POS=VERB|Person=1,3|PrepCase=Npr|PronType=Prs|VerbForm=Fin",
      "Case=Acc,Dat|Number=Sing|POS=AUX|Person=1|PrepCase=Npr|PronType=Prs|VerbForm=Inf",
      "Case=Acc|Gender=Masc|Mood=Imp|Number=Sing|POS=VERB|Person=3|PrepCase=Npr|PronType=Prs|VerbForm=Fin",
      "Mood=Imp|Number=Plur|POS=VERB|Person=2|VerbForm=Fin",
      "Gender=Masc|Number=Plur|POS=PRON|Person=2|Poss=Yes|PronType=Ind",
      "Case=Dat|Mood=Imp|Number=Sing|POS=VERB|Person=3|PronType=Prs|VerbForm=Fin",
      "Gender=Fem|Number=Sing|POS=PRON|Person=3|Poss=Yes|PronType=Prs",
      "Case=Acc,Dat|Mood=Imp|Number=Sing|POS=VERB|Person=2,3|PrepCase=Npr|PronType=Prs|VerbForm=Fin",
      "Gender=Fem|Number=Plur|POS=DET|Person=3|Poss=Yes|PronType=Prs",
      "Case=Acc,Dat|Number=Plur|POS=VERB|Person=1|PrepCase=Npr|PronType=Prs|Reflex=Yes|VerbForm=Ger",
      "Gender=Fem|Number=Plur|Number[psor]=Plur|POS=DET|Person=2|Poss=Yes|PronType=Prs",
      "Number=Plur|Number[psor]=Sing|POS=DET|Person=2|Poss=Yes|PronType=Prs",
      "POS=NOUN|PunctType=Comm",
      "Degree=Cmp|POS=ADJ",
      "Gender=Masc|POS=ADJ",
      "Degree=Abs|Gender=Masc|NumType=Card|Number=Plur|POS=PRON|PronType=Ind",
      "POS=PRON|PronType=Neg",
      "Gender=Fem|Number=Sing|POS=DET|Person=3|Poss=Yes|PronType=Ind",
      "Number=Sing|POS=DET|PronType=Int,Rel"
    ],
    "parser": [
      "ROOT",
      "acl",
      "advcl",
      "advmod",
      "amod",
      "appos",
      "aux",
      "case",
      "cc",
      "ccomp",
      "compound",
      "conj",
      "cop",
      "csubj",
      "dep",
      "det",
      "expl:pass",
      "fixed",
      "flat",
      "iobj",
      "mark",
      "nmod",
      "nsubj",
      "nummod",
      "obj",
      "obl",
      "parataxis",
      "punct",
      "xcomp"
    ],
    "senter": [
      "I",
      "S"
    ],
    "ner": [
      "LOC",
      "MISC",
      "ORG",
      "PER"
    ],
    "attribute_ruler": [],
    "lemmatizer": []
  },
  "pipeline": [
    "tok2vec",
    "morphologizer",
    "parser",
    "ner",
    "attribute_ruler",
    "lemmatizer"
  ],
  "components": [
    "tok2vec",
    "morphologizer",
    "parser",
    "senter",
    "ner",
    "attribute_ruler",
    "lemmatizer"
  ],
  "disabled": [
    "senter"
  ],
  "performance": {
    "tag_acc": 0.9774663817,
    "ents_p": 0.9013762405,
    "ents_r": 0.8984409981,
    "ents_f": 0.8999062258,
    "sents_p": 1.0,
    "sents_r": 1.0,
    "sents_f": 1.0,
    "speed": 11293.6823920325,
    "ents_per_type": {
      "LOC": {
        "p": 0.8966786649,
        "r": 0.9058677686,
        "f": 0.9012497944
      },
      "PER": {
        "p": 0.9478871242,
        "r": 0.9531584201,
        "f": 0.9505154639
      },
      "MISC": {
        "p": 0.8435102302,
        "r": 0.8018538216,
        "f": 0.822154709
      },
      "ORG": {
        "p": 0.8583773404,
        "r": 0.8264386411,
        "f": 0.8421052632
      }
    },
    "token_acc": 0.9999712591,
    "pos_acc": 0.9868785523,
    "morph_acc": 0.9835223297,
    "lemma_acc": 0.8003756732,
    "dep_uas": 0.9126985857,
    "dep_las": 0.8834092444,
    "morph_per_feat": {
      "Definite": {
        "p": 0.9984810127,
        "r": 0.9989868288,
        "f": 0.9987338567
      },
      "Gender": {
        "p": 0.9946908528,
        "r": 0.9904185022,
        "f": 0.99255008
      },
      "Number": {
        "p": 0.9981438141,
        "r": 0.9932540957,
        "f": 0.9956929517
      },
      "PronType": {
        "p": 0.9972147831,
        "r": 0.9920076726,
        "f": 0.9946044126
      },
      "PunctType": {
        "p": 0.9992028061,
        "r": 0.9990435198,
        "f": 0.9991231566
      },
      "AdpType": {
        "p": 0.9994155465,
        "r": 0.9966196526,
        "f": 0.9980156414
      },
      "VerbForm": {
        "p": 0.9929533354,
        "r": 0.9909360838,
        "f": 0.991943684
      },
      "Mood": {
        "p": 0.9907476869,
        "r": 0.9850820487,
        "f": 0.9879067448
      },
      "Person": {
        "p": 0.995099755,
        "r": 0.9895579534,
        "f": 0.9923211169
      },
      "Tense": {
        "p": 0.9899474526,
        "r": 0.9876909049,
        "f": 0.9888178914
      },
      "NumForm": {
        "p": 0.9900826446,
        "r": 0.9708265802,
        "f": 0.9803600655
      },
      "NumType": {
        "p": 0.982832618,
        "r": 0.9629941127,
        "f": 0.9728122345
      },
      "Poss": {
        "p": 1.0,
        "r": 1.0,
        "f": 1.0
      },
      "PunctSide": {
        "p": 1.0,
        "r": 0.998,
        "f": 0.998998999
      },
      "Case": {
        "p": 0.9974640744,
        "r": 0.9899328859,
        "f": 0.9936842105
      },
      "PrepCase": {
        "p": 0.9989572471,
        "r": 0.9896694215,
        "f": 0.994291645
      },
      "Reflex": {
        "p": 0.9935587762,
        "r": 0.9903691814,
        "f": 0.9919614148
      },
      "Degree": {
        "p": 0.9854545455,
        "r": 0.9644128114,
        "f": 0.9748201439
      },
      "Polarity": {
        "p": 1.0,
        "r": 0.9935064935,
        "f": 0.996742671
      },
      "AdvType": {
        "p": 0.9613259669,
        "r": 0.9255319149,
        "f": 0.9430894309
      },
      "Number[psor]": {
        "p": 0.9166666667,
        "r": 0.9428571429,
        "f": 0.9295774648
      }
    },
    "dep_las_per_type": {
      "det": {
        "p": 0.9785694011,
        "r": 0.9821937322,
        "f": 0.980378217
      },
      "nsubj": {
        "p": 0.8969988885,
        "r": 0.8855157279,
        "f": 0.8912203203
      },
      "case": {
        "p": 0.962967987,
        "r": 0.9658503401,
        "f": 0.9644070099
      },
      "amod": {
        "p": 0.9271014998,
        "r": 0.9254874652,
        "f": 0.9262937794
      },
      "nmod": {
        "p": 0.8367991577,
        "r": 0.8416732857,
        "f": 0.8392291447
      },
      "mark": {
        "p": 0.9043524987,
        "r": 0.9136807818,
        "f": 0.9089927086
      },
      "acl": {
        "p": 0.74,
        "r": 0.74,
        "f": 0.74
      },
      "advcl": {
        "p": 0.6175771971,
        "r": 0.6411837238,
        "f": 0.6291591047
      },
      "nummod": {
        "p": 0.8882978723,
        "r": 0.8835978836,
        "f": 0.8859416446
      },
      "obj": {
        "p": 0.8391804659,
        "r": 0.8686809994,
        "f": 0.8536759458
      },
      "obl": {
        "p": 0.7285591767,
        "r": 0.7329594478,
        "f": 0.7307526882
      },
      "advmod": {
        "p": 0.8489819005,
        "r": 0.8357461024,
        "f": 0.842312009
      },
      "fixed": {
        "p": 0.852393617,
        "r": 0.8155216285,
        "f": 0.833550065
      },
      "cc": {
        "p": 0.9243986254,
        "r": 0.9218642906,
        "f": 0.9231297186
      },
      "conj": {
        "p": 0.7105606258,
        "r": 0.6955966816,
        "f": 0.7029990326
      },
      "root": {
        "p": 0.9172165567,
        "r": 0.9244256348,
        "f": 0.9208069858
      },
      "flat": {
        "p": 0.9309309309,
        "r": 0.9309309309,
        "f": 0.9309309309
      },
      "xcomp": {
        "p": 0.8174807198,
        "r": 0.7813267813,
        "f": 0.7989949749
      },
      "compound": {
        "p": 0.8737864078,
        "r": 0.72,
        "f": 0.7894736842
      },
      "cop": {
        "p": 0.8974358974,
        "r": 0.9012875536,
        "f": 0.8993576017
      },
      "ccomp": {
        "p": 0.8241758242,
        "r": 0.8426966292,
        "f": 0.8333333333
      },
      "iobj": {
        "p": 0.8504672897,
        "r": 0.5055555556,
        "f": 0.6341463415
      },
      "aux": {
        "p": 0.9640804598,
        "r": 0.9544807966,
        "f": 0.9592566119
      },
      "appos": {
        "p": 0.6735483871,
        "r": 0.7280334728,
        "f": 0.6997319035
      },
      "csubj": {
        "p": 0.71875,
        "r": 0.7263157895,
        "f": 0.722513089
      },
      "expl:pass": {
        "p": 0.6818181818,
        "r": 0.3333333333,
        "f": 0.447761194
      },
      "dep": {
        "p": 0.0,
        "r": 0.0,
        "f": 0.0
      },
      "parataxis": {
        "p": 0.6875,
        "r": 0.3882352941,
        "f": 0.4962406015
      },
      "orphan": {
        "p": 0.0,
        "r": 0.0,
        "f": 0.0
      },
      "nsubj:pass": {
        "p": 0.0,
        "r": 0.0,
        "f": 0.0
      },
      "aux:pass": {
        "p": 0.0,
        "r": 0.0,
        "f": 0.0
      }
    }
  },
  "sources": [
    {
      "name": "UD Spanish AnCora v2.5",
      "url": "https://github.com/UniversalDependencies/UD_Spanish-AnCora",
      "license": "GNU GPL 3.0",
      "author": "Mart\u00ednez Alonso, H\u00e9ctor; Zeman, Daniel"
    },
    {
      "name": "WikiNER",
      "url": "https://figshare.com/articles/Learning_multilingual_named_entity_recognition_from_Wikipedia/5462500",
      "license": "CC BY 4.0"
    }
  ],
  "requirements": [],
  "parent_package": "spacy-nightly",
  "size": "547 MB",
  "checksum": "b2b68a87c47c91d924dfa039550941d607d9452ae5e66b835d3807943dfa79a2"
}