{
  "lang": "es",
  "name": "core_news_lg",
  "license": "GPL",
  "author": "Explosion",
  "url": "https://explosion.ai",
  "email": "contact@explosion.ai",
  "sources": [
    {
      "name": "UD Spanish AnCora v2.5",
      "url": "https://github.com/UniversalDependencies/UD_Spanish-AnCora",
      "license": "GNU GPL 3.0",
      "author": "Mart\u00ednez Alonso, H\u00e9ctor; Zeman, Daniel"
    },
    {
      "name": "WikiNER",
      "url": "https://figshare.com/articles/Learning_multilingual_named_entity_recognition_from_Wikipedia/5462500",
      "license": "CC BY 4.0"
    },
    {
      "name": "OSCAR (Common Crawl)",
      "url": "https://oscar-corpus.com/",
      "license": "CC0"
    },
    {
      "name": "Wikipedia (20200301)",
      "url": "https://dumps.wikimedia.org/",
      "license": "CC BY-SA 3.0"
    }
  ],
  "description": "Spanish multi-task CNN trained on UD Spanish AnCora and WikiNER. Assigns word vectors, POS tags, dependency parses and named entities. Word vectors trained using FastText CBOW on Wikipedia and OSCAR (Common Crawl).",
  "notes": "Because the model is trained on Wikipedia, it may perform inconsistently on many genres, such as social media text. The NER accuracy refers to the \"silver standard\" annotations in the WikiNER corpus. Accuracy on these annotations tends to be higher than correct human annotations.",
  "pipeline": [
    "tagger",
    "parser",
    "ner"
  ],
  "version": "2.3.1",
  "spacy_version": ">=2.3.0,<2.4.0",
  "parent_package": "spacy",
  "accuracy": {
    "las": 88.7022085662,
    "uas": 91.6004750542,
    "token_acc": 99.8946218842,
    "las_per_type": {
      "advmod": {
        "p": 85.1768669287,
        "r": 84.4654788419,
        "f": 84.8196812972
      },
      "obj": {
        "p": 85.502283105,
        "r": 87.0424171993,
        "f": 86.2654765333
      },
      "root": {
        "p": 93.2577565632,
        "r": 94.4981862152,
        "f": 93.8738738739
      },
      "case": {
        "p": 96.5138361367,
        "r": 96.8027210884,
        "f": 96.6580627632
      },
      "det": {
        "p": 97.7324263039,
        "r": 98.2336182336,
        "f": 97.9823813583
      },
      "obl": {
        "p": 74.4743481918,
        "r": 76.4020707506,
        "f": 75.4258943782
      },
      "nmod": {
        "p": 84.4647169305,
        "r": 83.3465713529,
        "f": 83.9019189765
      },
      "flat": {
        "p": 91.3497390007,
        "r": 91.966966967,
        "f": 91.6573138795
      },
      "nsubj": {
        "p": 89.1862567812,
        "r": 90.1975128018,
        "f": 89.6890343699
      },
      "cc": {
        "p": 93.0006930007,
        "r": 91.9808087731,
        "f": 92.4879393522
      },
      "conj": {
        "p": 72.1386527142,
        "r": 70.3892788768,
        "f": 71.2532299742
      },
      "mark": {
        "p": 90.1385927505,
        "r": 91.8023887079,
        "f": 90.9628832706
      },
      "cop": {
        "p": 89.8734177215,
        "r": 91.4163090129,
        "f": 90.6382978723
      },
      "acl": {
        "p": 76.6246362755,
        "r": 75.2380952381,
        "f": 75.9250360404
      },
      "advcl": {
        "p": 60.5080831409,
        "r": 64.6115906289,
        "f": 62.4925462135
      },
      "amod": {
        "p": 92.0474363446,
        "r": 91.8871866295,
        "f": 91.9672416797
      },
      "appos": {
        "p": 66.8421052632,
        "r": 70.8507670851,
        "f": 68.788083954
      },
      "nummod": {
        "p": 89.2857142857,
        "r": 88.1834215168,
        "f": 88.7311446318
      },
      "ccomp": {
        "p": 83.5793357934,
        "r": 84.8314606742,
        "f": 84.2007434944
      },
      "compound": {
        "p": 90.6735751295,
        "r": 70.0,
        "f": 79.006772009
      },
      "xcomp": {
        "p": 84.375,
        "r": 79.6068796069,
        "f": 81.9216182048
      },
      "fixed": {
        "p": 85.9625668449,
        "r": 81.8066157761,
        "f": 83.8331160365
      },
      "csubj": {
        "p": 79.5454545455,
        "r": 73.6842105263,
        "f": 76.5027322404
      },
      "iobj": {
        "p": 84.5454545455,
        "r": 51.6666666667,
        "f": 64.1379310345
      },
      "aux": {
        "p": 96.4336661912,
        "r": 96.1593172119,
        "f": 96.2962962963
      },
      "dep": {
        "p": 13.3333333333,
        "r": 22.2222222222,
        "f": 16.6666666667
      },
      "parataxis": {
        "p": 72.5490196078,
        "r": 43.5294117647,
        "f": 54.4117647059
      },
      "expl:pass": {
        "p": 63.1578947368,
        "r": 26.6666666667,
        "f": 37.5
      },
      "nsubj:pass": {
        "p": 0.0,
        "r": 0.0,
        "f": 0.0
      },
      "aux:pass": {
        "p": 0.0,
        "r": 0.0,
        "f": 0.0
      },
      "orphan": {
        "p": 0.0,
        "r": 0.0,
        "f": 0.0
      }
    },
    "tags_acc": 97.8398642365,
    "ents_f": 90.3215286624,
    "ents_p": 90.4533485742,
    "ents_r": 90.1900924004,
    "ents_per_type": {
      "LOC": {
        "p": 90.3831150166,
        "r": 90.9545454545,
        "f": 90.667929891
      },
      "MISC": {
        "p": 84.6865528792,
        "r": 80.6716304513,
        "f": 82.6303501946
      },
      "PER": {
        "p": 94.6020321761,
        "r": 95.5867674319,
        "f": 95.0918504859
      },
      "ORG": {
        "p": 85.4658089111,
        "r": 82.8980818119,
        "f": 84.1623650868
      }
    }
  },
  "speed": {
    "cpu": 7194.7270694214,
    "gpu": null,
    "nwords": 699524
  },
  "labels": {
    "tagger": [
      "ADJ",
      "ADJ__AdpType=Prep",
      "ADJ__AdpType=Preppron|Gender=Masc|Number=Sing",
      "ADJ__AdvType=Tim",
      "ADJ__Degree=Abs|Gender=Fem|Number=Plur",
      "ADJ__Degree=Abs|Gender=Fem|Number=Sing",
      "ADJ__Degree=Abs|Gender=Masc|Number=Plur",
      "ADJ__Degree=Abs|Gender=Masc|Number=Sing",
      "ADJ__Degree=Cmp",
      "ADJ__Degree=Cmp|Number=Plur",
      "ADJ__Degree=Cmp|Number=Sing",
      "ADJ__Degree=Sup|Gender=Fem|Number=Plur",
      "ADJ__Degree=Sup|Gender=Fem|Number=Sing",
      "ADJ__Degree=Sup|Gender=Masc|Number=Plur",
      "ADJ__Degree=Sup|Gender=Masc|Number=Sing",
      "ADJ__Gender=Fem|Number=Plur",
      "ADJ__Gender=Fem|Number=Plur|NumType=Ord",
      "ADJ__Gender=Fem|Number=Plur|VerbForm=Part",
      "ADJ__Gender=Fem|Number=Sing",
      "ADJ__Gender=Fem|Number=Sing|NumType=Ord",
      "ADJ__Gender=Fem|Number=Sing|VerbForm=Part",
      "ADJ__Gender=Masc",
      "ADJ__Gender=Masc|Number=Plur",
      "ADJ__Gender=Masc|Number=Plur|NumType=Ord",
      "ADJ__Gender=Masc|Number=Plur|VerbForm=Part",
      "ADJ__Gender=Masc|Number=Sing",
      "ADJ__Gender=Masc|Number=Sing|NumType=Ord",
      "ADJ__Gender=Masc|Number=Sing|VerbForm=Part",
      "ADJ__Number=Plur",
      "ADJ__Number=Sing",
      "ADP__AdpType=Prep",
      "ADP__AdpType=Preppron",
      "ADV",
      "ADV__AdpType=Prep",
      "ADV__AdpType=Preppron",
      "ADV__AdpType=Prep|Degree=Cmp",
      "ADV__AdvType=Tim",
      "ADV__Case=Acc|Person=3|PrepCase=Pre|PronType=Prs|Reflex=Yes",
      "ADV__Degree=Cmp",
      "ADV__Polarity=Neg",
      "AUX",
      "AUX_PRON__Case=Acc,Dat|Number=Plur|Person=1|PrepCase=Npr|PronType=Prs|Reflex=Yes|VerbForm=Ger",
      "AUX_PRON__Case=Acc,Dat|Number=Plur|Person=1|PrepCase=Npr|PronType=Prs|VerbForm=Inf",
      "AUX_PRON__Case=Acc,Dat|Number=Plur|Person=2|PrepCase=Npr|PronType=Prs|VerbForm=Inf",
      "AUX_PRON__Case=Acc,Dat|Number=Sing|Person=1|PrepCase=Npr|PronType=Prs|VerbForm=Ger",
      "AUX_PRON__Case=Acc,Dat|Number=Sing|Person=1|PrepCase=Npr|PronType=Prs|VerbForm=Inf",
      "AUX_PRON__Case=Acc,Dat|Number=Sing|Person=2|PrepCase=Npr|PronType=Prs|VerbForm=Inf",
      "AUX_PRON__Case=Acc,Dat|Person=3|PrepCase=Npr|PronType=Prs|Reflex=Yes|VerbForm=Ger",
      "AUX_PRON__Case=Acc,Dat|Person=3|PrepCase=Npr|PronType=Prs|Reflex=Yes|VerbForm=Inf",
      "AUX_PRON__Case=Acc|Gender=Fem|Number=Plur|Person=3|PrepCase=Npr|PronType=Prs|VerbForm=Inf",
      "AUX_PRON__Case=Acc|Gender=Fem|Number=Sing|Person=3|PrepCase=Npr|PronType=Prs|VerbForm=Inf",
      "AUX_PRON__Case=Acc|Gender=Masc|Number=Plur|Person=3|PrepCase=Npr|PronType=Prs|VerbForm=Inf",
      "AUX_PRON__Case=Acc|Gender=Masc|Number=Sing|Person=3|PrepCase=Npr|PronType=Prs|VerbForm=Ger",
      "AUX_PRON__Case=Acc|Gender=Masc|Number=Sing|Person=3|PrepCase=Npr|PronType=Prs|VerbForm=Inf",
      "AUX_PRON__Case=Dat|Number=Plur|Person=3|PronType=Prs|VerbForm=Ger",
      "AUX_PRON__Case=Dat|Number=Plur|Person=3|PronType=Prs|VerbForm=Inf",
      "AUX_PRON__Case=Dat|Number=Sing|Person=3|PronType=Prs|VerbForm=Ger",
      "AUX_PRON__Case=Dat|Number=Sing|Person=3|PronType=Prs|VerbForm=Inf",
      "AUX__Gender=Fem|Number=Plur|Tense=Past|VerbForm=Part",
      "AUX__Gender=Fem|Number=Sing|Tense=Past|VerbForm=Part",
      "AUX__Gender=Masc|Number=Plur|Tense=Past|VerbForm=Part",
      "AUX__Gender=Masc|Number=Sing|Tense=Past|VerbForm=Part",
      "AUX__Mood=Cnd|Number=Plur|Person=1|VerbForm=Fin",
      "AUX__Mood=Cnd|Number=Plur|Person=3|VerbForm=Fin",
      "AUX__Mood=Cnd|Number=Sing|Person=1|VerbForm=Fin",
      "AUX__Mood=Cnd|Number=Sing|Person=2|VerbForm=Fin",
      "AUX__Mood=Cnd|Number=Sing|Person=3|VerbForm=Fin",
      "AUX__Mood=Imp|Number=Plur|Person=3|VerbForm=Fin",
      "AUX__Mood=Imp|Number=Sing|Person=2|VerbForm=Fin",
      "AUX__Mood=Imp|Number=Sing|Person=3|VerbForm=Fin",
      "AUX__Mood=Ind|Number=Plur|Person=1|Tense=Fut|VerbForm=Fin",
      "AUX__Mood=Ind|Number=Plur|Person=1|Tense=Imp|VerbForm=Fin",
      "AUX__Mood=Ind|Number=Plur|Person=1|Tense=Past|VerbForm=Fin",
      "AUX__Mood=Ind|Number=Plur|Person=1|Tense=Pres|VerbForm=Fin",
      "AUX__Mood=Ind|Number=Plur|Person=2|Tense=Pres|VerbForm=Fin",
      "AUX__Mood=Ind|Number=Plur|Person=3|Tense=Fut|VerbForm=Fin",
      "AUX__Mood=Ind|Number=Plur|Person=3|Tense=Imp|VerbForm=Fin",
      "AUX__Mood=Ind|Number=Plur|Person=3|Tense=Past|VerbForm=Fin",
      "AUX__Mood=Ind|Number=Plur|Person=3|Tense=Pres|VerbForm=Fin",
      "AUX__Mood=Ind|Number=Sing|Person=1|Tense=Fut|VerbForm=Fin",
      "AUX__Mood=Ind|Number=Sing|Person=1|Tense=Imp|VerbForm=Fin",
      "AUX__Mood=Ind|Number=Sing|Person=1|Tense=Past|VerbForm=Fin",
      "AUX__Mood=Ind|Number=Sing|Person=1|Tense=Pres|VerbForm=Fin",
      "AUX__Mood=Ind|Number=Sing|Person=2|Tense=Fut|VerbForm=Fin",
      "AUX__Mood=Ind|Number=Sing|Person=2|Tense=Imp|VerbForm=Fin",
      "AUX__Mood=Ind|Number=Sing|Person=2|Tense=Pres|VerbForm=Fin",
      "AUX__Mood=Ind|Number=Sing|Person=3|Tense=Fut|VerbForm=Fin",
      "AUX__Mood=Ind|Number=Sing|Person=3|Tense=Imp|VerbForm=Fin",
      "AUX__Mood=Ind|Number=Sing|Person=3|Tense=Past|VerbForm=Fin",
      "AUX__Mood=Ind|Number=Sing|Person=3|Tense=Pres|VerbForm=Fin",
      "AUX__Mood=Sub|Number=Plur|Person=1|Tense=Imp|VerbForm=Fin",
      "AUX__Mood=Sub|Number=Plur|Person=1|Tense=Pres|VerbForm=Fin",
      "AUX__Mood=Sub|Number=Plur|Person=3|Tense=Imp|VerbForm=Fin",
      "AUX__Mood=Sub|Number=Plur|Person=3|Tense=Pres|VerbForm=Fin",
      "AUX__Mood=Sub|Number=Sing|Person=1|Tense=Imp|VerbForm=Fin",
      "AUX__Mood=Sub|Number=Sing|Person=1|Tense=Pres|VerbForm=Fin",
      "AUX__Mood=Sub|Number=Sing|Person=2|Tense=Pres|VerbForm=Fin",
      "AUX__Mood=Sub|Number=Sing|Person=3|Tense=Imp|VerbForm=Fin",
      "AUX__Mood=Sub|Number=Sing|Person=3|Tense=Pres|VerbForm=Fin",
      "AUX__Number=Sing|VerbForm=Fin",
      "AUX__VerbForm=Ger",
      "AUX__VerbForm=Inf",
      "CCONJ",
      "DET__Case=Acc|Definite=Def|Gender=Masc|Number=Sing|Person=3|PrepCase=Npr|PronType=Prs",
      "DET__Case=Acc|Gender=Masc|Number=Sing|Person=3|PrepCase=Npr|PronType=Prs",
      "DET__Case=Dat|Number=Plur|Person=3|PronType=Prs",
      "DET__Definite=Def|Gender=Fem|Number=Plur|PronType=Art",
      "DET__Definite=Def|Gender=Fem|Number=Sing|PronType=Art",
      "DET__Definite=Def|Gender=Masc|Number=Plur|PronType=Art",
      "DET__Definite=Def|Gender=Masc|Number=Sing|PronType=Art",
      "DET__Definite=Ind|Gender=Fem|Number=Plur|PronType=Art",
      "DET__Definite=Ind|Gender=Fem|Number=Sing|NumType=Card|PronType=Art",
      "DET__Definite=Ind|Gender=Fem|Number=Sing|PronType=Art",
      "DET__Definite=Ind|Gender=Masc|Number=Plur|PronType=Art",
      "DET__Definite=Ind|Gender=Masc|Number=Sing|NumType=Card|PronType=Art",
      "DET__Definite=Ind|Gender=Masc|Number=Sing|PronType=Art",
      "DET__Degree=Abs|Gender=Masc|Number=Plur|NumType=Card|PronType=Ind",
      "DET__Degree=Abs|Gender=Masc|Number=Sing|PronType=Ind",
      "DET__Gender=Fem|Number=Plur|NumType=Card|PronType=Dem",
      "DET__Gender=Fem|Number=Plur|NumType=Card|PronType=Ind",
      "DET__Gender=Fem|Number=Plur|Number[psor]=Plur|Person=1|Poss=Yes|PronType=Prs",
      "DET__Gender=Fem|Number=Plur|Number[psor]=Plur|Person=2|Poss=Yes|PronType=Prs",
      "DET__Gender=Fem|Number=Plur|Person=3|Poss=Yes|PronType=Prs",
      "DET__Gender=Fem|Number=Plur|PronType=Dem",
      "DET__Gender=Fem|Number=Plur|PronType=Ind",
      "DET__Gender=Fem|Number=Plur|PronType=Tot",
      "DET__Gender=Fem|Number=Sing|NumType=Card|PronType=Dem",
      "DET__Gender=Fem|Number=Sing|NumType=Card|PronType=Ind",
      "DET__Gender=Fem|Number=Sing|NumType=Card|PronType=Int,Rel",
      "DET__Gender=Fem|Number=Sing|Number[psor]=Plur|Person=1|Poss=Yes|PronType=Prs",
      "DET__Gender=Fem|Number=Sing|Number[psor]=Plur|Person=2|Poss=Yes|PronType=Prs",
      "DET__Gender=Fem|Number=Sing|Number[psor]=Sing|Person=1|Poss=Yes|PronType=Ind",
      "DET__Gender=Fem|Number=Sing|Person=3|Poss=Yes|PronType=Ind",
      "DET__Gender=Fem|Number=Sing|Person=3|Poss=Yes|PronType=Prs",
      "DET__Gender=Fem|Number=Sing|PronType=Dem",
      "DET__Gender=Fem|Number=Sing|PronType=Ind",
      "DET__Gender=Fem|Number=Sing|PronType=Neg",
      "DET__Gender=Fem|Number=Sing|PronType=Tot",
      "DET__Gender=Masc|Number=Plur|NumType=Card|PronType=Dem",
      "DET__Gender=Masc|Number=Plur|NumType=Card|PronType=Ind",
      "DET__Gender=Masc|Number=Plur|NumType=Card|PronType=Int,Rel",
      "DET__Gender=Masc|Number=Plur|Number[psor]=Plur|Person=1|Poss=Yes|PronType=Prs",
      "DET__Gender=Masc|Number=Plur|Person=3|Poss=Yes|PronType=Prs",
      "DET__Gender=Masc|Number=Plur|PronType=Art",
      "DET__Gender=Masc|Number=Plur|PronType=Dem",
      "DET__Gender=Masc|Number=Plur|PronType=Ind",
      "DET__Gender=Masc|Number=Plur|PronType=Tot",
      "DET__Gender=Masc|Number=Sing|NumType=Card|PronType=Dem",
      "DET__Gender=Masc|Number=Sing|NumType=Card|PronType=Ind",
      "DET__Gender=Masc|Number=Sing|NumType=Card|PronType=Int,Rel",
      "DET__Gender=Masc|Number=Sing|Number[psor]=Plur|Person=1|Poss=Yes|PronType=Prs",
      "DET__Gender=Masc|Number=Sing|Number[psor]=Sing|Person=1|Poss=Yes|PronType=Ind",
      "DET__Gender=Masc|Number=Sing|Person=3|Poss=Yes|PronType=Ind",
      "DET__Gender=Masc|Number=Sing|Person=3|Poss=Yes|PronType=Prs",
      "DET__Gender=Masc|Number=Sing|PronType=Dem",
      "DET__Gender=Masc|Number=Sing|PronType=Ind",
      "DET__Gender=Masc|Number=Sing|PronType=Neg",
      "DET__Gender=Masc|Number=Sing|PronType=Tot",
      "DET__Number=Plur|NumType=Card|PronType=Ind",
      "DET__Number=Plur|Number[psor]=Sing|Person=1|Poss=Yes|PronType=Prs",
      "DET__Number=Plur|Number[psor]=Sing|Person=2|Poss=Yes|PronType=Prs",
      "DET__Number=Plur|Person=3|Poss=Yes|PronType=Prs",
      "DET__Number=Plur|PronType=Dem",
      "DET__Number=Plur|PronType=Ind",
      "DET__Number=Sing|NumType=Card|PronType=Ind",
      "DET__Number=Sing|Number[psor]=Sing|Person=1|Poss=Yes|PronType=Prs",
      "DET__Number=Sing|Number[psor]=Sing|Person=2|Poss=Yes|PronType=Prs",
      "DET__Number=Sing|Person=3|Poss=Yes|PronType=Prs",
      "DET__Number=Sing|PronType=Dem",
      "DET__Number=Sing|PronType=Ind",
      "DET__Number=Sing|PronType=Int,Rel",
      "DET__Number=Sing|PronType=Tot",
      "DET__PronType=Ind",
      "DET__PronType=Int,Rel",
      "INTJ",
      "NOUN",
      "NOUN__AdvType=Tim",
      "NOUN__AdvType=Tim|Gender=Masc|Number=Sing",
      "NOUN__Case=Acc,Dat|Gender=Masc|Number=Plur|Person=2|PrepCase=Npr|PronType=Prs",
      "NOUN__Case=Acc,Dat|Number=Sing|Person=1|PrepCase=Npr|PronType=Prs",
      "NOUN__Case=Acc,Dat|Person=3|PrepCase=Npr|PronType=Prs|Reflex=Yes",
      "NOUN__Case=Acc|Number=Sing|Person=2|PrepCase=Pre|PronType=Prs",
      "NOUN__Case=Nom|Number=Sing|Person=1|PronType=Prs",
      "NOUN__Gender=Fem",
      "NOUN__Gender=Fem|Number=Plur",
      "NOUN__Gender=Fem|Number=Sing",
      "NOUN__Gender=Masc",
      "NOUN__Gender=Masc|Number=Plur",
      "NOUN__Gender=Masc|Number=Sing",
      "NOUN__Gender=Masc|Number=Sing|VerbForm=Fin",
      "NOUN__Gender=Masc|Number=Sing|VerbForm=Part",
      "NOUN__NumForm=Digit",
      "NOUN__Number=Plur",
      "NOUN__Number=Sing",
      "NOUN__Number=Sing|VerbForm=Fin",
      "NOUN__VerbForm=Fin",
      "NUM__Gender=Fem|Number=Plur|NumType=Card",
      "NUM__Gender=Fem|Number=Sing|NumType=Card",
      "NUM__Gender=Fem|Number=Sing|NumType=Ord",
      "NUM__Gender=Masc|Number=Plur|NumType=Card",
      "NUM__Gender=Masc|Number=Sing|NumType=Card",
      "NUM__NumForm=Digit|NumType=Card",
      "NUM__NumForm=Digit|NumType=Frac",
      "NUM__NumType=Card",
      "NUM__Number=Plur|NumType=Card",
      "NUM__Number=Sing|NumType=Card",
      "PART",
      "PRON__Case=Acc,Dat|Gender=Masc|Number=Plur|Person=1|PrepCase=Npr|PronType=Prs",
      "PRON__Case=Acc,Dat|Number=Plur|Person=1|PrepCase=Npr|PronType=Prs",
      "PRON__Case=Acc,Dat|Number=Plur|Person=1|PrepCase=Npr|PronType=Prs|Reflex=Yes",
      "PRON__Case=Acc,Dat|Number=Plur|Person=2|PrepCase=Npr|PronType=Prs",
      "PRON__Case=Acc,Dat|Number=Sing|Person=1|PrepCase=Npr|PronType=Prs",
      "PRON__Case=Acc,Dat|Number=Sing|Person=1|PrepCase=Npr|PronType=Prs|Reflex=Yes",
      "PRON__Case=Acc,Dat|Number=Sing|Person=2|PrepCase=Npr|PronType=Prs",
      "PRON__Case=Acc,Dat|Number=Sing|Person=2|PrepCase=Npr|PronType=Prs|Reflex=Yes",
      "PRON__Case=Acc,Dat|Person=3|PrepCase=Npr|PronType=Prs|Reflex=Yes",
      "PRON__Case=Acc,Nom|Gender=Fem|Number=Plur|Person=3|PronType=Prs",
      "PRON__Case=Acc,Nom|Gender=Fem|Number=Sing|Person=3|PronType=Prs",
      "PRON__Case=Acc,Nom|Gender=Masc|Number=Plur|Person=1|PronType=Prs",
      "PRON__Case=Acc,Nom|Gender=Masc|Number=Plur|Person=3|PronType=Prs",
      "PRON__Case=Acc,Nom|Gender=Masc|Number=Sing|Person=3|PronType=Prs",
      "PRON__Case=Acc,Nom|Number=Plur|Person=2|Polite=Form|PronType=Prs",
      "PRON__Case=Acc,Nom|Number=Sing|Person=2|Polite=Form|PronType=Prs",
      "PRON__Case=Acc|Gender=Fem|Number=Plur|Person=3|PrepCase=Npr|PronType=Prs",
      "PRON__Case=Acc|Gender=Fem|Number=Sing|Person=3|PrepCase=Npr|PronType=Prs",
      "PRON__Case=Acc|Gender=Masc|Number=Plur|Person=3|PrepCase=Npr|PronType=Prs",
      "PRON__Case=Acc|Gender=Masc|Number=Sing|Person=3|PrepCase=Npr|PronType=Prs",
      "PRON__Case=Acc|Number=Sing|Person=1|PrepCase=Pre|PronType=Prs",
      "PRON__Case=Acc|Number=Sing|Person=2|PrepCase=Pre|PronType=Prs",
      "PRON__Case=Acc|Person=3|PrepCase=Pre|PronType=Prs|Reflex=Yes",
      "PRON__Case=Com|Number=Sing|Person=1|PrepCase=Pre|PronType=Prs",
      "PRON__Case=Com|Number=Sing|Person=2|PrepCase=Pre|PronType=Prs",
      "PRON__Case=Com|Person=3|PrepCase=Pre|PronType=Prs|Reflex=Yes",
      "PRON__Case=Dat|Number=Plur|Person=3|PronType=Prs",
      "PRON__Case=Dat|Number=Sing|Person=3|PronType=Prs",
      "PRON__Case=Nom|Number=Sing|Person=1|PronType=Prs",
      "PRON__Case=Nom|Number=Sing|Person=2|PronType=Prs",
      "PRON__Degree=Abs|Gender=Masc|Number=Plur|NumType=Card|PronType=Ind",
      "PRON__Gender=Fem|Number=Plur|NumType=Card|PronType=Ind",
      "PRON__Gender=Fem|Number=Plur|NumType=Card|PronType=Int,Rel",
      "PRON__Gender=Fem|Number=Plur|Number[psor]=Plur|Person=1|Poss=Yes|PronType=Prs",
      "PRON__Gender=Fem|Number=Plur|Person=3|Poss=Yes|PronType=Prs",
      "PRON__Gender=Fem|Number=Plur|Poss=Yes|PronType=Int,Rel",
      "PRON__Gender=Fem|Number=Plur|PronType=Dem",
      "PRON__Gender=Fem|Number=Plur|PronType=Ind",
      "PRON__Gender=Fem|Number=Plur|PronType=Tot",
      "PRON__Gender=Fem|Number=Sing|NumType=Card|PronType=Dem",
      "PRON__Gender=Fem|Number=Sing|NumType=Card|PronType=Ind",
      "PRON__Gender=Fem|Number=Sing|Number[psor]=Plur|Person=1|Poss=Yes|PronType=Prs",
      "PRON__Gender=Fem|Number=Sing|Number[psor]=Sing|Person=1|Poss=Yes|PronType=Ind",
      "PRON__Gender=Fem|Number=Sing|Number[psor]=Sing|Person=2|Poss=Yes|PronType=Ind",
      "PRON__Gender=Fem|Number=Sing|Person=1|Poss=Yes|PronType=Prs",
      "PRON__Gender=Fem|Number=Sing|Person=3|Poss=Yes|PronType=Prs",
      "PRON__Gender=Fem|Number=Sing|Poss=Yes|PronType=Int,Rel",
      "PRON__Gender=Fem|Number=Sing|PronType=Dem",
      "PRON__Gender=Fem|Number=Sing|PronType=Ind",
      "PRON__Gender=Fem|Number=Sing|PronType=Neg",
      "PRON__Gender=Fem|Number=Sing|PronType=Tot",
      "PRON__Gender=Masc|Number=Plur|NumType=Card|PronType=Dem",
      "PRON__Gender=Masc|Number=Plur|NumType=Card|PronType=Ind",
      "PRON__Gender=Masc|Number=Plur|NumType=Card|PronType=Int,Rel",
      "PRON__Gender=Masc|Number=Plur|Person=2|Poss=Yes|PronType=Ind",
      "PRON__Gender=Masc|Number=Plur|Poss=Yes|PronType=Int,Rel",
      "PRON__Gender=Masc|Number=Plur|PronType=Dem",
      "PRON__Gender=Masc|Number=Plur|PronType=Ind",
      "PRON__Gender=Masc|Number=Plur|PronType=Tot",
      "PRON__Gender=Masc|Number=Sing|NumType=Card|PronType=Dem",
      "PRON__Gender=Masc|Number=Sing|NumType=Card|PronType=Ind",
      "PRON__Gender=Masc|Number=Sing|NumType=Card|PronType=Int,Rel",
      "PRON__Gender=Masc|Number=Sing|Number[psor]=Plur|Person=1|Poss=Yes|PronType=Prs",
      "PRON__Gender=Masc|Number=Sing|Number[psor]=Sing|Person=1|Poss=Yes|PronType=Ind",
      "PRON__Gender=Masc|Number=Sing|Number[psor]=Sing|Person=2|Poss=Yes|PronType=Ind",
      "PRON__Gender=Masc|Number=Sing|Person=3|Poss=Yes|PronType=Prs",
      "PRON__Gender=Masc|Number=Sing|Poss=Yes|PronType=Int,Rel",
      "PRON__Gender=Masc|Number=Sing|PronType=Dem",
      "PRON__Gender=Masc|Number=Sing|PronType=Ind",
      "PRON__Gender=Masc|Number=Sing|PronType=Neg",
      "PRON__Gender=Masc|Number=Sing|PronType=Tot",
      "PRON__Number=Plur|NumType=Card|PronType=Ind",
      "PRON__Number=Plur|Person=3|Poss=Yes|PronType=Prs",
      "PRON__Number=Plur|PronType=Dem",
      "PRON__Number=Plur|PronType=Ind",
      "PRON__Number=Plur|PronType=Int,Rel",
      "PRON__Number=Sing|Person=3|Poss=Yes|PronType=Prs",
      "PRON__Number=Sing|PronType=Dem",
      "PRON__Number=Sing|PronType=Ind",
      "PRON__Number=Sing|PronType=Int,Rel",
      "PRON__Number=Sing|PronType=Neg",
      "PRON__Number=Sing|PronType=Tot",
      "PRON__PronType=Dem",
      "PRON__PronType=Ind",
      "PRON__PronType=Int,Rel",
      "PRON__PronType=Neg",
      "PROPN",
      "PROPN__Case=Acc,Dat|Number=Plur|Person=1|PrepCase=Npr|PronType=Prs",
      "PROPN__Case=Acc,Dat|Number=Sing|Person=2|PrepCase=Npr|PronType=Prs",
      "PROPN__Case=Acc,Dat|Person=3|PrepCase=Npr|PronType=Prs|Reflex=Yes",
      "PROPN__Case=Acc,Nom|Gender=Fem|Number=Sing|Person=3|PronType=Prs",
      "PROPN__Case=Acc,Nom|Gender=Masc|Number=Sing|Person=3|PronType=Prs",
      "PROPN__Case=Acc|Person=3|PrepCase=Pre|PronType=Prs|Reflex=Yes",
      "PROPN__Case=Dat|Number=Sing|Person=3|PronType=Prs",
      "PROPN__Case=Nom|Number=Sing|Person=1|PronType=Prs",
      "PROPN__Case=Nom|Number=Sing|Person=2|PronType=Prs",
      "PROPN__PronType=Ind",
      "PROPN__VerbForm=Fin",
      "PUNCT",
      "PUNCT_VERB_PRON_PUNCT__Case=Acc,Dat|Number=Sing|Person=2|PrepCase=Npr|PronType=Prs|PunctType=Quot|VerbForm=Inf",
      "PUNCT__PunctSide=Fin|PunctType=Brck",
      "PUNCT__PunctSide=Fin|PunctType=Excl",
      "PUNCT__PunctSide=Fin|PunctType=Qest",
      "PUNCT__PunctSide=Ini|PunctType=Brck",
      "PUNCT__PunctSide=Ini|PunctType=Excl",
      "PUNCT__PunctSide=Ini|PunctType=Qest",
      "PUNCT__PunctType=Colo",
      "PUNCT__PunctType=Comm",
      "PUNCT__PunctType=Dash",
      "PUNCT__PunctType=Peri",
      "PUNCT__PunctType=Quot",
      "PUNCT__PunctType=Semi",
      "SCONJ",
      "SCONJ__PronType=Int,Rel",
      "SYM",
      "SYM__NumForm=Digit",
      "SYM__NumForm=Digit|NumType=Frac",
      "VERB_PRON__Case=Acc,Dat|Mood=Imp|Number=Plur,Sing|Person=1,2|PrepCase=Npr|PronType=Prs|VerbForm=Fin",
      "VERB_PRON__Case=Acc,Dat|Mood=Imp|Number=Plur|Person=3|PrepCase=Npr|PronType=Prs|Reflex=Yes|VerbForm=Fin",
      "VERB_PRON__Case=Acc,Dat|Mood=Imp|Number=Sing|Person=1,3|PrepCase=Npr|PronType=Prs|VerbForm=Fin",
      "VERB_PRON__Case=Acc,Dat|Mood=Imp|Number=Sing|Person=2,3|PrepCase=Npr|PronType=Prs|VerbForm=Fin",
      "VERB_PRON__Case=Acc,Dat|Mood=Imp|Number=Sing|Person=2|PrepCase=Npr|PronType=Prs|Reflex=Yes|VerbForm=Fin",
      "VERB_PRON__Case=Acc,Dat|Mood=Imp|Number=Sing|Person=3|PrepCase=Npr|PronType=Prs|Reflex=Yes|VerbForm=Fin",
      "VERB_PRON__Case=Acc,Dat|Number=Plur|Person=1|PrepCase=Npr|PronType=Prs|VerbForm=Ger",
      "VERB_PRON__Case=Acc,Dat|Number=Plur|Person=1|PrepCase=Npr|PronType=Prs|VerbForm=Inf",
      "VERB_PRON__Case=Acc,Dat|Number=Plur|Person=2|PrepCase=Npr|PronType=Prs|VerbForm=Inf",
      "VERB_PRON__Case=Acc,Dat|Number=Sing|Person=1|PrepCase=Npr|PronType=Prs|VerbForm=Ger",
      "VERB_PRON__Case=Acc,Dat|Number=Sing|Person=1|PrepCase=Npr|PronType=Prs|VerbForm=Inf",
      "VERB_PRON__Case=Acc,Dat|Number=Sing|Person=2|PrepCase=Npr|PronType=Prs|VerbForm=Inf",
      "VERB_PRON__Case=Acc,Dat|Person=3|PrepCase=Npr|PronType=Prs|Reflex=Yes|VerbForm=Ger",
      "VERB_PRON__Case=Acc,Dat|Person=3|PrepCase=Npr|PronType=Prs|Reflex=Yes|VerbForm=Inf",
      "VERB_PRON__Case=Acc|Gender=Fem|Number=Plur|Person=3|PrepCase=Npr|PronType=Prs|VerbForm=Ger",
      "VERB_PRON__Case=Acc|Gender=Fem|Number=Plur|Person=3|PrepCase=Npr|PronType=Prs|VerbForm=Inf",
      "VERB_PRON__Case=Acc|Gender=Fem|Number=Sing|Person=3|PrepCase=Npr|PronType=Prs|VerbForm=Ger",
      "VERB_PRON__Case=Acc|Gender=Fem|Number=Sing|Person=3|PrepCase=Npr|PronType=Prs|VerbForm=Inf",
      "VERB_PRON__Case=Acc|Gender=Masc|Mood=Imp|Number=Plur,Sing|Person=1,3|PrepCase=Npr|PronType=Prs|VerbForm=Fin",
      "VERB_PRON__Case=Acc|Gender=Masc|Mood=Imp|Number=Plur|Person=1,3|PrepCase=Npr|PronType=Prs|VerbForm=Fin",
      "VERB_PRON__Case=Acc|Gender=Masc|Mood=Imp|Number=Sing|Person=2,3|PrepCase=Npr|PronType=Prs|VerbForm=Fin",
      "VERB_PRON__Case=Acc|Gender=Masc|Mood=Imp|Number=Sing|Person=3|PrepCase=Npr|PronType=Prs|VerbForm=Fin",
      "VERB_PRON__Case=Acc|Gender=Masc|Number=Plur|Person=3|PrepCase=Npr|PronType=Prs|VerbForm=Ger",
      "VERB_PRON__Case=Acc|Gender=Masc|Number=Plur|Person=3|PrepCase=Npr|PronType=Prs|VerbForm=Inf",
      "VERB_PRON__Case=Acc|Gender=Masc|Number=Sing|Person=3|PrepCase=Npr|PronType=Prs|VerbForm=Ger",
      "VERB_PRON__Case=Acc|Gender=Masc|Number=Sing|Person=3|PrepCase=Npr|PronType=Prs|VerbForm=Inf",
      "VERB_PRON__Case=Dat|Mood=Imp|Number=Sing|Person=3|PronType=Prs|VerbForm=Fin",
      "VERB_PRON__Case=Dat|Number=Plur|Person=3|PronType=Prs|VerbForm=Ger",
      "VERB_PRON__Case=Dat|Number=Plur|Person=3|PronType=Prs|VerbForm=Inf",
      "VERB_PRON__Case=Dat|Number=Sing|Person=3|PronType=Prs|VerbForm=Ger",
      "VERB_PRON__Case=Dat|Number=Sing|Person=3|PronType=Prs|VerbForm=Inf",
      "VERB__Case=Acc,Dat|Person=3|PrepCase=Npr|PronType=Prs|Reflex=Yes",
      "VERB__Case=Com|Person=3|PronType=Prs|Reflex=Yes",
      "VERB__Gender=Fem|Number=Plur|Tense=Past|VerbForm=Part",
      "VERB__Gender=Fem|Number=Sing|Tense=Past|VerbForm=Part",
      "VERB__Gender=Masc|Mood=Ind|Number=Sing|Person=3|Tense=Pres|VerbForm=Fin",
      "VERB__Gender=Masc|Number=Plur|Tense=Past|VerbForm=Part",
      "VERB__Gender=Masc|Number=Sing|Tense=Past|VerbForm=Part",
      "VERB__Mood=Cnd|Number=Plur|Person=1|VerbForm=Fin",
      "VERB__Mood=Cnd|Number=Plur|Person=3|VerbForm=Fin",
      "VERB__Mood=Cnd|Number=Sing|Person=1|VerbForm=Fin",
      "VERB__Mood=Cnd|Number=Sing|Person=2|VerbForm=Fin",
      "VERB__Mood=Cnd|Number=Sing|Person=3|VerbForm=Fin",
      "VERB__Mood=Imp|Number=Plur|Person=1|VerbForm=Fin",
      "VERB__Mood=Imp|Number=Plur|Person=2|VerbForm=Fin",
      "VERB__Mood=Imp|Number=Plur|Person=3|VerbForm=Fin",
      "VERB__Mood=Imp|Number=Sing|Person=2|VerbForm=Fin",
      "VERB__Mood=Imp|Number=Sing|Person=3|VerbForm=Fin",
      "VERB__Mood=Ind|Number=Plur|Person=1|Tense=Fut|VerbForm=Fin",
      "VERB__Mood=Ind|Number=Plur|Person=1|Tense=Imp|VerbForm=Fin",
      "VERB__Mood=Ind|Number=Plur|Person=1|Tense=Past|VerbForm=Fin",
      "VERB__Mood=Ind|Number=Plur|Person=1|Tense=Pres|VerbForm=Fin",
      "VERB__Mood=Ind|Number=Plur|Person=2|Tense=Pres|VerbForm=Fin",
      "VERB__Mood=Ind|Number=Plur|Person=3|Tense=Fut|VerbForm=Fin",
      "VERB__Mood=Ind|Number=Plur|Person=3|Tense=Imp|VerbForm=Fin",
      "VERB__Mood=Ind|Number=Plur|Person=3|Tense=Past|VerbForm=Fin",
      "VERB__Mood=Ind|Number=Plur|Person=3|Tense=Pres|VerbForm=Fin",
      "VERB__Mood=Ind|Number=Sing|Person=1|Tense=Fut|VerbForm=Fin",
      "VERB__Mood=Ind|Number=Sing|Person=1|Tense=Imp|VerbForm=Fin",
      "VERB__Mood=Ind|Number=Sing|Person=1|Tense=Past|VerbForm=Fin",
      "VERB__Mood=Ind|Number=Sing|Person=1|Tense=Pres|VerbForm=Fin",
      "VERB__Mood=Ind|Number=Sing|Person=2|Tense=Fut|VerbForm=Fin",
      "VERB__Mood=Ind|Number=Sing|Person=2|Tense=Imp|VerbForm=Fin",
      "VERB__Mood=Ind|Number=Sing|Person=2|Tense=Past|VerbForm=Fin",
      "VERB__Mood=Ind|Number=Sing|Person=2|Tense=Pres|VerbForm=Fin",
      "VERB__Mood=Ind|Number=Sing|Person=3|Tense=Fut|VerbForm=Fin",
      "VERB__Mood=Ind|Number=Sing|Person=3|Tense=Imp|VerbForm=Fin",
      "VERB__Mood=Ind|Number=Sing|Person=3|Tense=Past|VerbForm=Fin",
      "VERB__Mood=Ind|Number=Sing|Person=3|Tense=Pres|VerbForm=Fin",
      "VERB__Mood=Ind|Person=3|Tense=Pres|VerbForm=Fin",
      "VERB__Mood=Sub|Number=Plur|Person=1|Tense=Imp|VerbForm=Fin",
      "VERB__Mood=Sub|Number=Plur|Person=1|Tense=Pres|VerbForm=Fin",
      "VERB__Mood=Sub|Number=Plur|Person=2|Tense=Pres|VerbForm=Fin",
      "VERB__Mood=Sub|Number=Plur|Person=3|Tense=Imp|VerbForm=Fin",
      "VERB__Mood=Sub|Number=Plur|Person=3|Tense=Pres|VerbForm=Fin",
      "VERB__Mood=Sub|Number=Sing|Person=1|Tense=Imp|VerbForm=Fin",
      "VERB__Mood=Sub|Number=Sing|Person=1|Tense=Pres|VerbForm=Fin",
      "VERB__Mood=Sub|Number=Sing|Person=2|Tense=Pres|VerbForm=Fin",
      "VERB__Mood=Sub|Number=Sing|Person=3|Tense=Imp|VerbForm=Fin",
      "VERB__Mood=Sub|Number=Sing|Person=3|Tense=Pres|VerbForm=Fin",
      "VERB__VerbForm=Ger",
      "VERB__VerbForm=Inf",
      "X",
      "X__NumType=Card",
      "_SP"
    ],
    "parser": [
      "ROOT",
      "acl",
      "advcl",
      "advmod",
      "amod",
      "appos",
      "aux",
      "case",
      "cc",
      "ccomp",
      "compound",
      "conj",
      "cop",
      "csubj",
      "dep",
      "det",
      "expl:pass",
      "fixed",
      "flat",
      "iobj",
      "mark",
      "nmod",
      "nsubj",
      "nummod",
      "obj",
      "obl",
      "parataxis",
      "punct",
      "xcomp"
    ],
    "ner": [
      "LOC",
      "MISC",
      "ORG",
      "PER"
    ]
  },
  "vectors": {
    "width": 300,
    "vectors": 500000,
    "keys": 500000,
    "name": "es_core_news_lg.vectors"
  },
  "size": "546 MB",
  "checksum": "913095f65e5ceef0b749e3a85f76af30f973b42cc918b80c2525f798b2e59bc2"
}