{
  "lang": "es",
  "name": "dep_news_trf",
  "version": "3.0.0",
  "description": "Spanish transformer pipeline (dccuchile/bert-base-spanish-wwm-cased). Components: transformer, morphologizer, parser, attribute_ruler, lemmatizer.",
  "author": "Explosion",
  "email": "contact@explosion.ai",
  "url": "https://explosion.ai",
  "license": "GNU GPL 3.0",
  "spacy_version": ">=3.0.0,<3.1.0",
  "spacy_git_version": "e7db07a0b",
  "vectors": {
    "width": 0,
    "vectors": 0,
    "keys": 0,
    "name": null
  },
  "labels": {
    "transformer": [],
    "morphologizer": [
      "Definite=Def|Gender=Masc|Number=Sing|POS=DET|PronType=Art",
      "Gender=Masc|Number=Sing|POS=NOUN",
      "AdpType=Preppron|POS=ADP",
      "Gender=Masc|Number=Sing|POS=ADJ",
      "AdpType=Prep|POS=ADP",
      "Definite=Def|Gender=Fem|Number=Plur|POS=DET|PronType=Art",
      "POS=PROPN",
      "Case=Acc,Dat|POS=PRON|Person=3|PrepCase=Npr|PronType=Prs|Reflex=Yes",
      "Mood=Ind|Number=Sing|POS=VERB|Person=3|Tense=Past|VerbForm=Fin",
      "POS=VERB|VerbForm=Inf",
      "Gender=Fem|Number=Sing|POS=DET|PronType=Dem",
      "Gender=Fem|Number=Sing|POS=NOUN",
      "Gender=Fem|Number=Plur|POS=NOUN",
      "Gender=Fem|Number=Plur|POS=DET|PronType=Ind",
      "POS=PRON|PronType=Int,Rel",
      "Mood=Sub|Number=Plur|POS=VERB|Person=3|Tense=Pres|VerbForm=Fin",
      "Definite=Def|Gender=Fem|Number=Sing|POS=DET|PronType=Art",
      "POS=SCONJ",
      "POS=NOUN",
      "Definite=Def|Gender=Masc|Number=Plur|POS=DET|PronType=Art",
      "Number=Plur|POS=NOUN",
      "Gender=Masc|Number=Plur|POS=DET|PronType=Ind",
      "Gender=Masc|Number=Plur|POS=NOUN",
      "POS=PUNCT|PunctType=Peri",
      "Mood=Ind|Number=Sing|POS=VERB|Person=3|Tense=Pres|VerbForm=Fin",
      "POS=PUNCT|PunctType=Comm",
      "Case=Acc|Gender=Fem|Number=Sing|POS=VERB|Person=3|PrepCase=Npr|PronType=Prs|VerbForm=Inf",
      "Mood=Ind|Number=Plur|POS=AUX|Person=3|Tense=Pres|VerbForm=Fin",
      "Gender=Masc|Number=Sing|POS=VERB|Tense=Past|VerbForm=Part",
      "Number=Plur|POS=ADJ",
      "POS=CCONJ",
      "Gender=Masc|Number=Plur|POS=PRON|PronType=Ind",
      "POS=ADV",
      "Mood=Ind|Number=Plur|POS=VERB|Person=3|Tense=Fut|VerbForm=Fin",
      "Gender=Masc|NumType=Card|Number=Plur|POS=DET|PronType=Dem",
      "Mood=Ind|Number=Sing|POS=AUX|Person=3|Tense=Pres|VerbForm=Fin",
      "Number=Sing|POS=ADJ",
      "Gender=Masc|Number=Plur|POS=ADJ|VerbForm=Part",
      "Gender=Masc|Number=Plur|POS=PRON|PronType=Tot",
      "POS=PRON|PronType=Ind",
      "POS=ADV|Polarity=Neg",
      "Case=Acc|Gender=Masc|Number=Sing|POS=PRON|Person=3|PrepCase=Npr|PronType=Prs",
      "Gender=Fem|Number=Sing|POS=ADJ",
      "Mood=Ind|Number=Plur|POS=VERB|Person=3|Tense=Past|VerbForm=Fin",
      "Number=Plur|POS=PRON|PronType=Int,Rel",
      "POS=PUNCT|PunctType=Quot",
      "POS=PUNCT",
      "Gender=Masc|Number=Sing|POS=ADJ|VerbForm=Part",
      "POS=PUNCT|PunctSide=Ini|PunctType=Brck",
      "POS=PUNCT|PunctSide=Fin|PunctType=Brck",
      "NumForm=Digit|NumType=Card|POS=NUM",
      "NumType=Card|POS=NUM",
      "POS=VERB|VerbForm=Ger",
      "Definite=Ind|Gender=Masc|Number=Sing|POS=DET|PronType=Art",
      "Gender=Masc|Number=Sing|POS=DET|PronType=Dem",
      "Gender=Fem|NumType=Ord|Number=Plur|POS=ADJ",
      "Number=Sing|POS=DET|Person=3|Poss=Yes|PronType=Prs",
      "Number=Sing|POS=NOUN",
      "Gender=Masc|Number=Plur|POS=ADJ",
      "Mood=Ind|Number=Sing|POS=AUX|Person=3|Tense=Fut|VerbForm=Fin",
      "Gender=Fem|Number=Sing|POS=ADJ|VerbForm=Part",
      "Mood=Ind|Number=Plur|POS=VERB|Person=3|Tense=Pres|VerbForm=Fin",
      "Degree=Cmp|POS=ADV",
      "POS=AUX|VerbForm=Inf",
      "Number=Plur|POS=DET|PronType=Ind",
      "Number=Plur|POS=DET|PronType=Dem",
      "Degree=Cmp|Number=Sing|POS=ADJ",
      "Mood=Ind|Number=Sing|POS=VERB|Person=3|Tense=Fut|VerbForm=Fin",
      "Case=Acc,Dat|POS=VERB|Person=3|PrepCase=Npr|PronType=Prs|Reflex=Yes|VerbForm=Inf",
      "Degree=Sup|Gender=Masc|Number=Plur|POS=ADJ",
      "Definite=Ind|Gender=Fem|Number=Sing|POS=DET|PronType=Art",
      "AdvType=Tim|POS=NOUN",
      "AdpType=Prep|POS=ADV",
      "Gender=Masc|Number=Sing|POS=PRON|PronType=Ind",
      "NumType=Card|Number=Plur|POS=NUM",
      "AdpType=Preppron|POS=ADV",
      "Case=Acc|Gender=Masc|Number=Sing|POS=VERB|Person=3|PrepCase=Npr|PronType=Prs|VerbForm=Inf",
      "NumForm=Digit|POS=NOUN",
      "Number=Sing|POS=PRON|PronType=Dem",
      "AdpType=Preppron|Gender=Masc|Number=Sing|POS=ADJ",
      "Number=Plur|POS=DET|Person=3|Poss=Yes|PronType=Prs",
      "Gender=Fem|Number=Plur|POS=ADJ",
      "Gender=Fem|Number=Plur|POS=PRON|PronType=Ind",
      "Gender=Masc|Number=Plur|POS=DET|PronType=Tot",
      "Mood=Ind|Number=Sing|POS=VERB|Person=3|Tense=Imp|VerbForm=Fin",
      "Mood=Ind|Number=Plur|POS=AUX|Person=3|Tense=Past|VerbForm=Fin",
      "Gender=Masc|Number=Plur|POS=VERB|Tense=Past|VerbForm=Part",
      "Gender=Masc|NumType=Ord|Number=Sing|POS=ADJ",
      "Gender=Masc|NumType=Ord|Number=Plur|POS=ADJ",
      "Gender=Masc|Number=Plur|POS=DET|PronType=Dem",
      "Gender=Masc|Number=Sing|POS=AUX|Tense=Past|VerbForm=Part",
      "Number=Sing|POS=DET|PronType=Tot",
      "Gender=Fem|Number=Sing|POS=PRON|PronType=Ind",
      "Mood=Ind|Number=Sing|POS=AUX|Person=1|Tense=Pres|VerbForm=Fin",
      "Mood=Ind|Number=Sing|POS=VERB|Person=1|Tense=Pres|VerbForm=Fin",
      "Degree=Cmp|Number=Plur|POS=ADJ",
      "POS=AUX|VerbForm=Ger",
      "Gender=Fem|POS=NOUN",
      "Gender=Fem|NumType=Ord|Number=Sing|POS=ADJ",
      "AdvType=Tim|POS=ADJ",
      "Mood=Ind|Number=Sing|POS=AUX|Person=3|Tense=Past|VerbForm=Fin",
      "Gender=Fem|Number=Sing|POS=VERB|Tense=Past|VerbForm=Part",
      "Case=Acc|Gender=Fem|Number=Sing|POS=PRON|Person=3|PrepCase=Npr|PronType=Prs",
      "Mood=Ind|Number=Sing|POS=VERB|Person=1|Tense=Imp|VerbForm=Fin",
      "Gender=Fem|Number=Plur|POS=ADJ|VerbForm=Part",
      "Gender=Fem|Number=Plur|POS=DET|PronType=Dem",
      "Gender=Masc|Number=Sing|POS=PRON|Poss=Yes|PronType=Int,Rel",
      "Number=Sing|POS=PRON|PronType=Int,Rel",
      "POS=ADJ",
      "Mood=Ind|Number=Sing|POS=AUX|Person=1|Tense=Imp|VerbForm=Fin",
      "Mood=Ind|Number=Plur|POS=VERB|Person=3|Tense=Imp|VerbForm=Fin",
      "Mood=Ind|Number=Plur|POS=AUX|Person=3|Tense=Imp|VerbForm=Fin",
      "Mood=Sub|Number=Sing|POS=VERB|Person=3|Tense=Pres|VerbForm=Fin",
      "Gender=Fem|Number=Plur|POS=DET|PronType=Tot",
      "Case=Acc,Nom|Gender=Masc|Number=Sing|POS=PRON|Person=3|PronType=Prs",
      "Mood=Sub|Number=Sing|POS=VERB|Person=1|Tense=Pres|VerbForm=Fin",
      "Definite=Ind|Gender=Fem|Number=Plur|POS=DET|PronType=Art",
      "Case=Acc,Nom|Gender=Fem|Number=Plur|POS=PRON|Person=3|PronType=Prs",
      "Mood=Ind|Number=Plur|POS=VERB|Person=1|Tense=Pres|VerbForm=Fin",
      "Case=Acc|Definite=Def|Gender=Masc|Number=Sing|POS=PRON|Person=3|PrepCase=Npr|PronType=Prs",
      "Gender=Fem|Number=Sing|POS=PRON|PronType=Dem",
      "Mood=Cnd|Number=Sing|POS=VERB|Person=1|VerbForm=Fin",
      "Gender=Masc|Number=Sing|POS=DET|PronType=Tot",
      "Number=Plur|POS=PRON|PronType=Ind",
      "Gender=Masc|Number=Sing|POS=DET|PronType=Ind",
      "Case=Dat|Number=Sing|POS=PRON|Person=3|PronType=Prs",
      "POS=PART",
      "Gender=Fem|Number=Sing|POS=DET|PronType=Ind",
      "Number=Sing|POS=DET|PronType=Ind",
      "Gender=Masc|NumType=Card|Number=Plur|POS=DET|PronType=Ind",
      "Mood=Cnd|Number=Plur|POS=AUX|Person=3|VerbForm=Fin",
      "NumForm=Digit|POS=SYM",
      "Mood=Imp|Number=Sing|POS=VERB|Person=2|VerbForm=Fin",
      "Case=Dat|Number=Sing|POS=VERB|Person=3|PronType=Prs|VerbForm=Inf",
      "Gender=Fem|Number=Plur|POS=PRON|PronType=Dem",
      "Mood=Cnd|Number=Sing|POS=AUX|Person=1|VerbForm=Fin",
      "NumForm=Digit|NumType=Frac|POS=NUM",
      "Gender=Fem|Number=Sing|POS=PRON|Poss=Yes|PronType=Int,Rel",
      "Mood=Sub|Number=Sing|POS=AUX|Person=1|Tense=Pres|VerbForm=Fin",
      "Mood=Sub|Number=Sing|POS=VERB|Person=1|Tense=Imp|VerbForm=Fin",
      "Gender=Fem|Number=Sing|Number[psor]=Plur|POS=DET|Person=1|Poss=Yes|PronType=Prs",
      "Case=Acc,Dat|Number=Plur|POS=PRON|Person=1|PrepCase=Npr|PronType=Prs",
      "Definite=Ind|Gender=Masc|Number=Plur|POS=DET|PronType=Art",
      "POS=PUNCT|PunctType=Colo",
      "Mood=Sub|Number=Plur|POS=AUX|Person=3|Tense=Pres|VerbForm=Fin",
      "Mood=Imp|Number=Plur|POS=VERB|Person=3|VerbForm=Fin",
      "Gender=Fem|Number=Sing|POS=DET|PronType=Neg",
      "Gender=Masc|Number=Sing|POS=PRON|PronType=Dem",
      "Case=Acc|Gender=Masc|Number=Plur|POS=PRON|Person=3|PrepCase=Npr|PronType=Prs",
      "Case=Acc|Gender=Fem|Number=Plur|POS=PRON|Person=3|PrepCase=Npr|PronType=Prs",
      "Gender=Fem|Number=Plur|POS=VERB|Tense=Past|VerbForm=Part",
      "Case=Acc|Gender=Fem|Number=Sing|POS=AUX|Person=3|PrepCase=Npr|PronType=Prs|VerbForm=Inf",
      "Number=Sing|POS=PRON|PronType=Neg",
      "POS=PUNCT|PunctType=Semi",
      "Case=Dat|Number=Plur|POS=PRON|Person=3|PronType=Prs",
      "Number=Sing|POS=PRON|PronType=Ind",
      "Mood=Sub|Number=Plur|POS=VERB|Person=3|Tense=Imp|VerbForm=Fin",
      "Case=Acc,Nom|Gender=Masc|Number=Plur|POS=PRON|Person=3|PronType=Prs",
      "POS=INTJ",
      "Gender=Masc|NumType=Card|Number=Sing|POS=PRON|PronType=Dem",
      "Mood=Ind|Number=Plur|POS=AUX|Person=3|Tense=Fut|VerbForm=Fin",
      "Degree=Sup|Gender=Masc|Number=Sing|POS=ADJ",
      "Mood=Ind|Number=Plur|POS=AUX|Person=1|Tense=Pres|VerbForm=Fin",
      "AdpType=Prep|POS=ADJ",
      "Number=Plur|POS=PRON|Person=3|Poss=Yes|PronType=Prs",
      "POS=PUNCT|PunctType=Dash",
      "Mood=Cnd|Number=Plur|POS=VERB|Person=1|VerbForm=Fin",
      "Gender=Masc|Number=Sing|POS=DET|PronType=Neg",
      "Gender=Fem|NumType=Card|Number=Plur|POS=NUM",
      "Case=Acc|Gender=Fem|Number=Plur|POS=VERB|Person=3|PrepCase=Npr|PronType=Prs|VerbForm=Inf",
      "Gender=Masc|Number=Sing|POS=PRON|PronType=Tot",
      "Gender=Masc|NumType=Card|Number=Plur|POS=NUM",
      "Gender=Masc|POS=NOUN",
      "Case=Acc,Dat|Number=Sing|POS=PRON|Person=1|PrepCase=Npr|PronType=Prs",
      "Gender=Fem|NumType=Card|Number=Sing|POS=DET|PronType=Ind",
      "Gender=Fem|NumType=Card|Number=Plur|POS=DET|PronType=Ind",
      "Case=Acc,Dat|POS=VERB|Person=3|PrepCase=Npr|PronType=Prs|Reflex=Yes|VerbForm=Ger",
      "Mood=Ind|Number=Sing|POS=AUX|Person=3|Tense=Imp|VerbForm=Fin",
      "POS=NOUN|VerbForm=Inf",
      "Mood=Ind|Number=Plur|POS=AUX|Person=1|Tense=Imp|VerbForm=Fin",
      "Mood=Sub|Number=Sing|POS=VERB|Person=3|Tense=Imp|VerbForm=Fin",
      "Gender=Masc|Number=Sing|Number[psor]=Plur|POS=DET|Person=1|Poss=Yes|PronType=Prs",
      "Gender=Masc|NumType=Card|Number=Sing|POS=NUM",
      "Mood=Sub|Number=Sing|POS=AUX|Person=1|Tense=Imp|VerbForm=Fin",
      "Gender=Masc|Number=Plur|POS=PRON|Poss=Yes|PronType=Int,Rel",
      "Case=Acc|Gender=Masc|Number=Plur|POS=VERB|Person=3|PrepCase=Npr|PronType=Prs|VerbForm=Inf",
      "Gender=Fem|NumType=Card|Number=Sing|POS=DET|PronType=Dem",
      "Mood=Imp|Number=Sing|POS=VERB|Person=3|VerbForm=Fin",
      "Mood=Sub|Number=Plur|POS=VERB|Person=1|Tense=Pres|VerbForm=Fin",
      "Mood=Ind|Number=Plur|POS=VERB|Person=1|Tense=Fut|VerbForm=Fin",
      "Gender=Masc|Number=Sing|POS=PRON|PronType=Neg",
      "Case=Acc,Dat|Number=Plur|POS=VERB|Person=1|PrepCase=Npr|PronType=Prs|VerbForm=Inf",
      "Case=Nom|Number=Sing|POS=PRON|Person=1|PronType=Prs",
      "Mood=Ind|Number=Sing|POS=VERB|Person=1|Tense=Past|VerbForm=Fin",
      "Mood=Ind|Number=Plur|POS=VERB|Person=1|Tense=Past|VerbForm=Fin",
      "Degree=Abs|Gender=Masc|Number=Sing|POS=ADJ",
      "Number=Sing|Number[psor]=Sing|POS=DET|Person=1|Poss=Yes|PronType=Prs",
      "Case=Acc,Nom|Gender=Masc|Number=Plur|POS=PRON|Person=1|PronType=Prs",
      "Mood=Imp|Number=Sing|POS=AUX|Person=3|VerbForm=Fin",
      "Mood=Sub|Number=Sing|POS=AUX|Person=3|Tense=Pres|VerbForm=Fin",
      "Gender=Masc|Number=Sing|POS=DET|Person=3|Poss=Yes|PronType=Prs",
      "Gender=Fem|Number=Sing|POS=DET|PronType=Tot",
      "POS=DET|PronType=Ind",
      "POS=DET|PronType=Int,Rel",
      "AdvType=Tim|POS=ADV",
      "Mood=Cnd|Number=Sing|POS=AUX|Person=3|VerbForm=Fin",
      "POS=PUNCT|PunctSide=Ini|PunctType=Qest",
      "POS=PUNCT|PunctSide=Fin|PunctType=Qest",
      "Number=Plur|Number[psor]=Sing|POS=DET|Person=1|Poss=Yes|PronType=Prs",
      "Gender=Masc|NumType=Card|Number=Sing|POS=DET|PronType=Ind",
      "Mood=Cnd|Number=Plur|POS=VERB|Person=3|VerbForm=Fin",
      "Case=Acc|Gender=Fem|Number=Sing|POS=VERB|Person=3|PrepCase=Npr|PronType=Prs|VerbForm=Ger",
      "Degree=Abs|Gender=Fem|Number=Sing|POS=ADJ",
      "Case=Acc,Dat|Number=Plur|POS=PRON|Person=1|PrepCase=Npr|PronType=Prs|Reflex=Yes",
      "Mood=Sub|Number=Plur|POS=VERB|Person=1|Tense=Imp|VerbForm=Fin",
      "Case=Acc,Dat|Number=Sing|POS=PRON|Person=1|PrepCase=Npr|PronType=Prs|Reflex=Yes",
      "POS=PUNCT|PunctSide=Ini|PunctType=Excl",
      "POS=PUNCT|PunctSide=Fin|PunctType=Excl",
      "Mood=Cnd|Number=Sing|POS=VERB|Person=3|VerbForm=Fin",
      "Case=Acc,Dat|Mood=Imp|Number=Sing|POS=VERB|Person=3|PrepCase=Npr|PronType=Prs|Reflex=Yes|VerbForm=Fin",
      "Gender=Fem|Number=Sing|POS=PRON|PronType=Tot",
      "Gender=Masc|Number=Plur|Number[psor]=Plur|POS=DET|Person=1|Poss=Yes|PronType=Prs",
      "Mood=Imp|Number=Plur|POS=VERB|Person=1|VerbForm=Fin",
      "Gender=Masc|NumType=Card|Number=Plur|POS=PRON|PronType=Ind",
      "Gender=Masc|NumType=Card|Number=Sing|POS=PRON|PronType=Ind",
      "Gender=Masc|Number=Plur|POS=PRON|PronType=Dem",
      "Case=Dat|Number=Plur|POS=VERB|Person=3|PronType=Prs|VerbForm=Inf",
      "Degree=Abs|Gender=Masc|NumType=Card|Number=Plur|POS=DET|PronType=Ind",
      "Case=Acc|Number=Sing|POS=PRON|Person=1|PrepCase=Pre|PronType=Prs",
      "Case=Acc,Dat|Mood=Imp|Number=Plur|POS=VERB|Person=3|PrepCase=Npr|PronType=Prs|Reflex=Yes|VerbForm=Fin",
      "Definite=Ind|Gender=Fem|NumType=Card|Number=Sing|POS=DET|PronType=Art",
      "Gender=Fem|NumType=Card|Number=Sing|POS=NUM",
      "Mood=Sub|Number=Plur|POS=AUX|Person=3|Tense=Imp|VerbForm=Fin",
      "Gender=Fem|Number=Plur|Number[psor]=Plur|POS=DET|Person=1|Poss=Yes|PronType=Prs",
      "POS=SCONJ|PronType=Int,Rel",
      "Case=Acc|POS=PRON|Person=3|PrepCase=Pre|PronType=Prs|Reflex=Yes",
      "Mood=Ind|Number=Sing|POS=VERB|Person=2|Tense=Pres|VerbForm=Fin",
      "Case=Acc,Dat|Number=Sing|POS=VERB|Person=1|PrepCase=Npr|PronType=Prs|VerbForm=Inf",
      "NumType=Card|Number=Sing|POS=DET|PronType=Ind",
      "Mood=Ind|Number=Plur|POS=VERB|Person=1|Tense=Imp|VerbForm=Fin",
      "Case=Acc,Dat|Number=Sing|POS=PRON|Person=2|PrepCase=Npr|PronType=Prs",
      "Case=Acc,Nom|Gender=Fem|Number=Sing|POS=PRON|Person=3|PronType=Prs",
      "Number=Sing|POS=DET|PronType=Dem",
      "Mood=Sub|Number=Sing|POS=AUX|Person=3|Tense=Imp|VerbForm=Fin",
      "POS=SYM",
      "Gender=Fem|Number=Sing|POS=PRON|PronType=Neg",
      "Case=Acc|Gender=Masc|Number=Sing|POS=VERB|Person=3|PrepCase=Npr|PronType=Prs|VerbForm=Ger",
      "Degree=Sup|Gender=Fem|Number=Sing|POS=ADJ",
      "Case=Nom|Number=Sing|POS=PRON|Person=2|PronType=Prs",
      "Number=Sing|Number[psor]=Sing|POS=DET|Person=2|Poss=Yes|PronType=Prs",
      "Case=Acc|Gender=Masc|Mood=Imp|Number=Sing|POS=VERB|Person=2,3|PrepCase=Npr|PronType=Prs|VerbForm=Fin",
      "Mood=Ind|Number=Sing|POS=AUX|Person=1|Tense=Fut|VerbForm=Fin",
      "Gender=Masc|Number=Sing|Number[psor]=Sing|POS=PRON|Person=1|Poss=Yes|PronType=Ind",
      "Case=Acc,Nom|Number=Sing|POS=PRON|Person=2|Polite=Form|PronType=Prs",
      "Case=Acc|Gender=Masc|Number=Plur|POS=VERB|Person=3|PrepCase=Npr|PronType=Prs|VerbForm=Ger",
      "Gender=Masc|NumType=Card|Number=Sing|POS=PRON|PronType=Int,Rel",
      "Gender=Fem|NumType=Card|Number=Plur|POS=PRON|PronType=Ind",
      "Case=Acc,Dat|Number=Plur|POS=VERB|Person=1|PrepCase=Npr|PronType=Prs|VerbForm=Ger",
      "Mood=Ind|Number=Plur|POS=VERB|Person=2|Tense=Pres|VerbForm=Fin",
      "Mood=Cnd|Number=Sing|POS=VERB|Person=2|VerbForm=Fin",
      "Mood=Ind|Number=Sing|POS=VERB|Person=1|Tense=Fut|VerbForm=Fin",
      "Mood=Cnd|Number=Plur|POS=AUX|Person=1|VerbForm=Fin",
      "NumType=Card|Number=Plur|POS=PRON|PronType=Ind",
      "Gender=Masc|NumType=Card|Number=Sing|POS=DET|PronType=Dem",
      "Degree=Abs|Gender=Masc|Number=Sing|POS=DET|PronType=Ind",
      "Gender=Fem|Number=Plur|POS=PRON|Poss=Yes|PronType=Int,Rel",
      "Mood=Ind|Number=Sing|POS=AUX|Person=1|Tense=Past|VerbForm=Fin",
      "Case=Acc,Nom|Number=Plur|POS=PRON|Person=2|Polite=Form|PronType=Prs",
      "Mood=Imp|Number=Sing|POS=AUX|Person=2|VerbForm=Fin",
      "Case=Acc,Dat|Number=Sing|POS=VERB|Person=2|PrepCase=Npr|PronType=Prs|VerbForm=Inf",
      "Gender=Fem|Number=Sing|Number[psor]=Sing|POS=PRON|Person=2|Poss=Yes|PronType=Ind",
      "NumType=Card|Number=Sing|POS=NUM",
      "Mood=Ind|Number=Sing|POS=VERB|Person=2|Tense=Past|VerbForm=Fin",
      "Mood=Ind|Number=Sing|POS=AUX|Person=2|Tense=Imp|VerbForm=Fin",
      "Mood=Ind|Number=Sing|POS=AUX|Person=2|Tense=Pres|VerbForm=Fin",
      "Case=Com|Number=Sing|POS=PRON|Person=2|PrepCase=Pre|PronType=Prs",
      "Mood=Ind|Number=Sing|POS=VERB|Person=2|Tense=Imp|VerbForm=Fin",
      "Case=Acc,Dat|Number=Sing|POS=PRON|Person=2|PrepCase=Npr|PronType=Prs|Reflex=Yes",
      "Case=Acc|Number=Sing|POS=PRON|Person=2|PrepCase=Pre|PronType=Prs",
      "Mood=Cnd|Number=Sing|POS=AUX|Person=2|VerbForm=Fin",
      "Mood=Sub|Number=Sing|POS=AUX|Person=2|Tense=Pres|VerbForm=Fin",
      "Number=Sing|POS=NOUN|VerbForm=Fin",
      "Case=Acc,Dat|Mood=Imp|Number=Plur,Sing|POS=VERB|Person=1,2|PrepCase=Npr|PronType=Prs|VerbForm=Fin",
      "Case=Acc,Dat|Mood=Imp|Number=Sing|POS=VERB|Person=2|PrepCase=Npr|PronType=Prs|Reflex=Yes|VerbForm=Fin",
      "Mood=Ind|Number=Sing|POS=VERB|Person=2|Tense=Fut|VerbForm=Fin",
      "Gender=Fem|NumType=Card|Number=Sing|POS=DET|PronType=Int,Rel",
      "Mood=Sub|Number=Sing|POS=VERB|Person=2|Tense=Pres|VerbForm=Fin",
      "Mood=Ind|Number=Sing|POS=AUX|Person=2|Tense=Fut|VerbForm=Fin",
      "Gender=Fem|Number=Plur|POS=PRON|PronType=Tot",
      "Gender=Masc|NumType=Card|Number=Plur|POS=DET|PronType=Int,Rel",
      "Case=Dat|Number=Sing|POS=VERB|Person=3|PronType=Prs|VerbForm=Ger",
      "Number=Sing|POS=VERB|VerbForm=Fin",
      "POS=VERB|VerbForm=Fin",
      "Degree=Abs|Gender=Masc|Number=Plur|POS=ADJ",
      "Degree=Abs|Gender=Fem|Number=Plur|POS=ADJ",
      "Case=Acc,Dat|POS=AUX|Person=3|PrepCase=Npr|PronType=Prs|Reflex=Yes|VerbForm=Ger",
      "Gender=Masc|Number=Sing|Number[psor]=Plur|POS=PRON|Person=1|Poss=Yes|PronType=Prs",
      "AdpType=Prep|Degree=Cmp|POS=ADV",
      "Mood=Sub|Number=Plur|POS=AUX|Person=1|Tense=Imp|VerbForm=Fin",
      "Gender=Fem|NumType=Card|Number=Plur|POS=DET|PronType=Dem",
      "Definite=Ind|Gender=Masc|NumType=Card|Number=Sing|POS=DET|PronType=Art",
      "Degree=Sup|Gender=Fem|Number=Plur|POS=ADJ",
      "Number=Plur|POS=PRON|PronType=Dem",
      "Case=Acc,Dat|Gender=Masc|Number=Plur|POS=PRON|Person=2|PrepCase=Npr|PronType=Prs",
      "Case=Acc|Gender=Fem|Number=Plur|POS=VERB|Person=3|PrepCase=Npr|PronType=Prs|VerbForm=Ger",
      "Gender=Masc|Number=Sing|POS=AUX|VerbForm=Fin",
      "Case=Acc,Dat|POS=AUX|Person=3|PrepCase=Npr|PronType=Prs|Reflex=Yes|VerbForm=Inf",
      "Mood=Ind|Number=Plur|POS=AUX|Person=1|Tense=Past|VerbForm=Fin",
      "Gender=Masc|NumType=Card|Number=Sing|POS=DET|PronType=Int,Rel",
      "Gender=Masc|Number=Plur|POS=DET|Person=3|Poss=Yes|PronType=Prs",
      "Case=Acc,Dat|Mood=Imp|Number=Sing|POS=VERB|Person=1,3|PrepCase=Npr|PronType=Prs|VerbForm=Fin",
      "Gender=Masc|NumType=Card|Number=Plur|POS=PRON|PronType=Int,Rel",
      "Gender=Masc|Number=Sing|POS=PRON|Person=3|Poss=Yes|PronType=Prs",
      "Gender=Masc|Number=Sing|Number[psor]=Sing|POS=DET|Person=1|Poss=Yes|PronType=Ind",
      "Mood=Ind|POS=VERB|Person=3|Tense=Pres|VerbForm=Fin",
      "Case=Acc,Dat|Number=Plur|POS=PRON|Person=2|PrepCase=Npr|PronType=Prs",
      "Gender=Masc|NumType=Card|Number=Plur|POS=PRON|PronType=Dem",
      "Gender=Fem|Number=Sing|POS=DET|Person=3|Poss=Yes|PronType=Prs",
      "Mood=Sub|Number=Plur|POS=VERB|Person=2|Tense=Pres|VerbForm=Fin",
      "Mood=Sub|Number=Plur|POS=AUX|Person=1|Tense=Pres|VerbForm=Fin",
      "Mood=Ind|Number=Plur|POS=AUX|Person=1|Tense=Fut|VerbForm=Fin",
      "Number=Sing|POS=PRON|Person=3|Poss=Yes|PronType=Prs",
      "Case=Acc,Dat|Number=Sing|POS=VERB|Person=2|PrepCase=Npr|PronType=Prs|PunctType=Quot|VerbForm=Inf",
      "Case=Com|POS=PRON|Person=3|PrepCase=Pre|PronType=Prs|Reflex=Yes",
      "NumForm=Digit|NumType=Frac|POS=SYM",
      "Case=Dat|Number=Sing|POS=AUX|Person=3|PronType=Prs|VerbForm=Inf",
      "Case=Acc|Gender=Masc|Number=Sing|POS=AUX|Person=3|PrepCase=Npr|PronType=Prs|VerbForm=Inf",
      "Gender=Fem|NumType=Card|Number=Sing|POS=PRON|PronType=Ind",
      "Gender=Masc|Mood=Ind|Number=Sing|POS=VERB|Person=3|Tense=Pres|VerbForm=Fin",
      "Case=Acc,Dat|Gender=Masc|Number=Plur|POS=PRON|Person=1|PrepCase=Npr|PronType=Prs",
      "Gender=Fem|Number=Sing|Number[psor]=Sing|POS=PRON|Person=1|Poss=Yes|PronType=Ind",
      "Case=Acc,Dat|Number=Plur|POS=VERB|Person=2|PrepCase=Npr|PronType=Prs|VerbForm=Inf",
      "Number=Sing|POS=PRON|PronType=Tot",
      "Mood=Ind|Number=Plur|POS=AUX|Person=2|Tense=Pres|VerbForm=Fin",
      "Case=Dat|Number=Plur|POS=VERB|Person=3|PronType=Prs|VerbForm=Ger",
      "NumType=Card|Number=Plur|POS=DET|PronType=Ind",
      "POS=PRON|PronType=Dem",
      "POS=AUX|VerbForm=Fin",
      "Gender=Fem|NumType=Card|Number=Plur|POS=PRON|PronType=Int,Rel",
      "Gender=Fem|Number=Sing|Number[psor]=Plur|POS=DET|Person=2|Poss=Yes|PronType=Prs",
      "Gender=Fem|Number=Plur|Number[psor]=Plur|POS=PRON|Person=1|Poss=Yes|PronType=Prs",
      "Case=Acc|Gender=Fem|Number=Plur|POS=AUX|Person=3|PrepCase=Npr|PronType=Prs|VerbForm=Inf",
      "Case=Acc|Gender=Masc|Number=Plur|POS=AUX|Person=3|PrepCase=Npr|PronType=Prs|VerbForm=Inf",
      "AdvType=Tim|Gender=Masc|Number=Sing|POS=NOUN",
      "Gender=Fem|Number=Sing|Number[psor]=Plur|POS=PRON|Person=1|Poss=Yes|PronType=Prs",
      "Gender=Fem|NumType=Card|Number=Sing|POS=PRON|PronType=Dem",
      "Gender=Fem|Number=Sing|Number[psor]=Sing|POS=DET|Person=1|Poss=Yes|PronType=Ind",
      "Gender=Masc|Number=Sing|Number[psor]=Sing|POS=PRON|Person=2|Poss=Yes|PronType=Ind",
      "Gender=Fem|Number=Plur|POS=PRON|Person=3|Poss=Yes|PronType=Prs",
      "Gender=Masc|Number=Plur|POS=DET|PronType=Art",
      "Gender=Masc|Number=Sing|POS=NOUN|VerbForm=Part",
      "Case=Acc|Gender=Masc|Number=Sing|POS=AUX|Person=3|PrepCase=Npr|PronType=Prs|VerbForm=Ger",
      "Gender=Masc|Number=Sing|POS=DET|Person=3|Poss=Yes|PronType=Ind",
      "Case=Acc,Dat|Number=Sing|POS=VERB|Person=1|PrepCase=Npr|PronType=Prs|VerbForm=Ger",
      "Case=Acc|Gender=Masc|Mood=Imp|Number=Plur|POS=VERB|Person=1,3|PrepCase=Npr|PronType=Prs|VerbForm=Fin",
      "Gender=Fem|Number=Sing|POS=PRON|Person=1|Poss=Yes|PronType=Prs",
      "Case=Com|Number=Sing|POS=PRON|Person=1|PrepCase=Pre|PronType=Prs",
      "POS=X",
      "Case=Com|POS=PRON|Person=3|PronType=Prs|Reflex=Yes",
      "POS=ADP",
      "Case=Acc|Gender=Masc|Mood=Imp|Number=Plur,Sing|POS=VERB|Person=1,3|PrepCase=Npr|PronType=Prs|VerbForm=Fin",
      "Case=Acc,Dat|Number=Sing|POS=AUX|Person=1|PrepCase=Npr|PronType=Prs|VerbForm=Inf",
      "Case=Acc|Gender=Masc|Mood=Imp|Number=Sing|POS=VERB|Person=3|PrepCase=Npr|PronType=Prs|VerbForm=Fin",
      "Mood=Imp|Number=Plur|POS=VERB|Person=2|VerbForm=Fin",
      "Gender=Masc|Number=Plur|POS=PRON|Person=2|Poss=Yes|PronType=Ind",
      "Case=Dat|Mood=Imp|Number=Sing|POS=VERB|Person=3|PronType=Prs|VerbForm=Fin",
      "Gender=Fem|Number=Sing|POS=PRON|Person=3|Poss=Yes|PronType=Prs",
      "Case=Acc,Dat|Mood=Imp|Number=Sing|POS=VERB|Person=2,3|PrepCase=Npr|PronType=Prs|VerbForm=Fin",
      "Gender=Fem|Number=Plur|POS=DET|Person=3|Poss=Yes|PronType=Prs",
      "Case=Acc,Dat|Number=Plur|POS=VERB|Person=1|PrepCase=Npr|PronType=Prs|Reflex=Yes|VerbForm=Ger",
      "Gender=Fem|Number=Plur|Number[psor]=Plur|POS=DET|Person=2|Poss=Yes|PronType=Prs",
      "Number=Plur|Number[psor]=Sing|POS=DET|Person=2|Poss=Yes|PronType=Prs",
      "POS=NOUN|PunctType=Comm",
      "Degree=Cmp|POS=ADJ",
      "Gender=Masc|POS=ADJ",
      "Degree=Abs|Gender=Masc|NumType=Card|Number=Plur|POS=PRON|PronType=Ind",
      "POS=PRON|PronType=Neg",
      "Gender=Fem|Number=Sing|POS=DET|Person=3|Poss=Yes|PronType=Ind",
      "Number=Sing|POS=DET|PronType=Int,Rel"
    ],
    "parser": [
      "ROOT",
      "acl",
      "advcl",
      "advmod",
      "amod",
      "appos",
      "aux",
      "case",
      "cc",
      "ccomp",
      "compound",
      "conj",
      "cop",
      "csubj",
      "dep",
      "det",
      "expl:pass",
      "fixed",
      "flat",
      "iobj",
      "mark",
      "nmod",
      "nsubj",
      "nummod",
      "obj",
      "obl",
      "parataxis",
      "punct",
      "xcomp"
    ],
    "attribute_ruler": [],
    "lemmatizer": []
  },
  "pipeline": [
    "transformer",
    "morphologizer",
    "parser",
    "attribute_ruler",
    "lemmatizer"
  ],
  "components": [
    "transformer",
    "morphologizer",
    "parser",
    "attribute_ruler",
    "lemmatizer"
  ],
  "disabled": [],
  "performance": {
    "token_acc": 0.9999712591,
    "tag_acc": 0.9812235822,
    "pos_acc": 0.9906549222,
    "morph_acc": 0.9872905724,
    "lemma_acc": 0.9886723018,
    "dep_uas": 0.9462513211,
    "dep_las": 0.9295271301,
    "sents_p": 0.9588059701,
    "sents_r": 0.9709794438,
    "sents_f": 0.9648543106,
    "speed": 4874.8913627746,
    "morph_per_feat": {
      "Definite": {
        "p": 0.998481269,
        "r": 0.9991556906,
        "f": 0.998818366
      },
      "Gender": {
        "p": 0.9968459495,
        "r": 0.9920154185,
        "f": 0.9944248178
      },
      "Number": {
        "p": 0.998830598,
        "r": 0.9946193383,
        "f": 0.9967205199
      },
      "PronType": {
        "p": 0.9979700855,
        "r": 0.9954177323,
        "f": 0.9966922749
      },
      "PunctType": {
        "p": 0.998563677,
        "r": 0.9974493863,
        "f": 0.9980062206
      },
      "AdpType": {
        "p": 0.9997661639,
        "r": 0.9967362163,
        "f": 0.998248891
      },
      "VerbForm": {
        "p": 0.9954630788,
        "r": 0.994374121,
        "f": 0.9949183019
      },
      "Mood": {
        "p": 0.9937749004,
        "r": 0.9922923918,
        "f": 0.9930330928
      },
      "Person": {
        "p": 0.9961625676,
        "r": 0.9939088061,
        "f": 0.9950344107
      },
      "Tense": {
        "p": 0.9936247723,
        "r": 0.9947572373,
        "f": 0.9941906823
      },
      "NumForm": {
        "p": 0.977086743,
        "r": 0.9675850891,
        "f": 0.9723127036
      },
      "NumType": {
        "p": 0.9769820972,
        "r": 0.9638351556,
        "f": 0.9703640982
      },
      "Poss": {
        "p": 1.0,
        "r": 0.9981718464,
        "f": 0.9990850869
      },
      "PunctSide": {
        "p": 0.9979919679,
        "r": 0.994,
        "f": 0.995991984
      },
      "Case": {
        "p": 0.9991561181,
        "r": 0.9932885906,
        "f": 0.9962137148
      },
      "PrepCase": {
        "p": 1.0,
        "r": 0.992768595,
        "f": 0.9963711768
      },
      "Reflex": {
        "p": 0.9951923077,
        "r": 0.9967897271,
        "f": 0.9959903769
      },
      "Degree": {
        "p": 0.9927272727,
        "r": 0.9715302491,
        "f": 0.9820143885
      },
      "Polarity": {
        "p": 1.0,
        "r": 0.9935064935,
        "f": 0.996742671
      },
      "AdvType": {
        "p": 0.9344262295,
        "r": 0.9095744681,
        "f": 0.9218328841
      },
      "Number[psor]": {
        "p": 1.0,
        "r": 1.0,
        "f": 1.0
      }
    },
    "dep_las_per_type": {
      "det": {
        "p": 0.983527407,
        "r": 0.9866096866,
        "f": 0.9850661357
      },
      "nsubj": {
        "p": 0.9602941176,
        "r": 0.9553767374,
        "f": 0.9578291162
      },
      "case": {
        "p": 0.9746317512,
        "r": 0.972244898,
        "f": 0.9734368615
      },
      "amod": {
        "p": 0.9502954466,
        "r": 0.9519498607,
        "f": 0.9511219342
      },
      "nmod": {
        "p": 0.8998935037,
        "r": 0.8948901244,
        "f": 0.89738484
      },
      "mark": {
        "p": 0.9375333689,
        "r": 0.9533116178,
        "f": 0.9453566622
      },
      "acl": {
        "p": 0.8694817658,
        "r": 0.8628571429,
        "f": 0.8661567878
      },
      "advcl": {
        "p": 0.7354368932,
        "r": 0.7472256473,
        "f": 0.7412844037
      },
      "nummod": {
        "p": 0.9289617486,
        "r": 0.8994708995,
        "f": 0.9139784946
      },
      "obj": {
        "p": 0.9305275295,
        "r": 0.9378268449,
        "f": 0.9341629287
      },
      "obl": {
        "p": 0.8316106804,
        "r": 0.8330457291,
        "f": 0.8323275862
      },
      "advmod": {
        "p": 0.879338843,
        "r": 0.8886414254,
        "f": 0.8839656605
      },
      "fixed": {
        "p": 0.8867438867,
        "r": 0.8765903308,
        "f": 0.8816378759
      },
      "cc": {
        "p": 0.9582763338,
        "r": 0.9602467443,
        "f": 0.9592605272
      },
      "conj": {
        "p": 0.8416666667,
        "r": 0.8379068283,
        "f": 0.8397825392
      },
      "root": {
        "p": 0.9480597015,
        "r": 0.9600967352,
        "f": 0.9540402523
      },
      "flat": {
        "p": 0.9535928144,
        "r": 0.9564564565,
        "f": 0.9550224888
      },
      "xcomp": {
        "p": 0.8796068796,
        "r": 0.8796068796,
        "f": 0.8796068796
      },
      "compound": {
        "p": 0.912037037,
        "r": 0.788,
        "f": 0.8454935622
      },
      "cop": {
        "p": 0.9333333333,
        "r": 0.9313304721,
        "f": 0.9323308271
      },
      "ccomp": {
        "p": 0.8864864865,
        "r": 0.9213483146,
        "f": 0.9035812672
      },
      "iobj": {
        "p": 0.8333333333,
        "r": 0.7222222222,
        "f": 0.7738095238
      },
      "aux": {
        "p": 0.9742120344,
        "r": 0.9672830725,
        "f": 0.9707351892
      },
      "appos": {
        "p": 0.8283783784,
        "r": 0.8549511855,
        "f": 0.8414550446
      },
      "csubj": {
        "p": 0.9032258065,
        "r": 0.8842105263,
        "f": 0.8936170213
      },
      "expl:pass": {
        "p": 0.8709677419,
        "r": 0.6,
        "f": 0.7105263158
      },
      "parataxis": {
        "p": 0.75,
        "r": 0.4941176471,
        "f": 0.5957446809
      },
      "orphan": {
        "p": 0.0,
        "r": 0.0,
        "f": 0.0
      },
      "dep": {
        "p": 0.0714285714,
        "r": 0.3333333333,
        "f": 0.1176470588
      },
      "nsubj:pass": {
        "p": 0.0,
        "r": 0.0,
        "f": 0.0
      },
      "aux:pass": {
        "p": 0.0,
        "r": 0.0,
        "f": 0.0
      }
    }
  },
  "sources": [
    {
      "name": "UD Spanish AnCora v2.5",
      "url": "https://github.com/UniversalDependencies/UD_Spanish-AnCora",
      "license": "GNU GPL 3.0",
      "author": "Mart\u00ednez Alonso, H\u00e9ctor; Zeman, Daniel"
    }
  ],
  "requirements": [
    "spacy-transformers>=1.0.0rc4,<1.1.0"
  ],
  "size": "390 MB",
  "checksum": "7bdf9f939099bfae203062a46115e3478ea932e3e9541f7139ab5770cba8911e",
  "checksum_whl": "a21b679cd43ad91c4e9964b3a84340806ea7d0b33afe65526c528cb1f0afaf74"
}