{
  "lang": "es", 
  "pipeline": [
    "ner"
  ], 
  "accuracy": {
    "token_acc": 100.0, 
    "ents_p": 88.7378561515, 
    "ents_r": 88.4886229495, 
    "uas": 0.0, 
    "tags_acc": 0.0, 
    "ents_f": 88.6130643025, 
    "las": 0.0
  }, 
  "name": "ent_wiki_sm", 
  "license": "CC BY-SA 3.0", 
  "author": "Explosion AI", 
  "url": "https://explosion.ai", 
  "checksum": "2ad7a6a6471f0baf33dd8ec343cdb9580d9c128b005b03c34bd68e6af9c40a9d", 
  "notes": "Because the model is trained on Wikipedia, it may perform inconsistently on many genres, such as social media text.", 
  "size": "14 MB", 
  "sources": [
    "Wikipedia"
  ], 
  "version": "2.0.0a0", 
  "spacy_version": ">=2.0.0a17", 
  "parent_package": "spacy-nightly", 
  "speed": {
    "gpu": 28580.7155620081, 
    "nwords": 699524, 
    "cpu": 18586.0477498645
  }, 
  "email": "contact@explosion.ai", 
  "description": "Spanish CNN trained on Nothman et al. (2010) Wikipedia corpus. Assigns named entities. Supports identification of PER, LOC, ORG and MISC entities."
}