{
  "lang": "it",
  "name": "core_news_sm",
  "license": "CC BY-NC-SA 3.0",
  "author": "Explosion",
  "url": "https://explosion.ai",
  "email": "contact@explosion.ai",
  "description": "Italian multi-task CNN trained on the Universal Dependencies and WikiNER corpus. Assigns context-specific token vectors, POS tags, dependency parse and named entities. Supports identification of PER, LOC, ORG and MISC entities.",
  "notes": "Because the model is trained on Wikipedia, it may perform inconsistently on many genres, such as social media text. The NER accuracy refers to the \"silver standard\" annotations in the WikiNER corpus. Accuracy on these annotations tends to be higher than correct human annotations.",
  "sources": [
    {
      "name": "Italian UD ISDT Corpus",
      "url": "https://github.com/UniversalDependencies/UD_Italian-ISDT",
      "license": "CC BY-NC-SA 3.0"
    },
    {
      "name": "WikiNER",
      "url": "https://figshare.com/articles/Learning_multilingual_named_entity_recognition_from_Wikipedia/5462500",
      "license": "CC BY 4.0"
    }
  ],
  "pipeline": [
    "tagger",
    "parser",
    "ner"
  ],
  "version": "2.2.5",
  "spacy_version": ">=2.2.2",
  "parent_package": "spacy",
  "accuracy": {
    "las": 86.6401799818,
    "uas": 90.3929921976,
    "token_acc": 100.0,
    "tags_acc": 95.864978903,
    "ents_f": 86.4021443525,
    "ents_p": 86.7262372349,
    "ents_r": 86.0804646992
  },
  "speed": {
    "cpu": 6869.0818955661,
    "gpu": null,
    "nwords": 687510
  },
  "labels": {
    "tagger": [
      "AP__Gender=Fem|Number=Plur|Poss=Yes|PronType=Prs",
      "AP__Gender=Fem|Number=Sing|Poss=Yes|PronType=Prs",
      "AP__Gender=Masc|Number=Plur|Poss=Yes|PronType=Prs",
      "AP__Gender=Masc|Number=Sing|Poss=Yes|PronType=Prs",
      "AP__Gender=Masc|Poss=Yes|PronType=Prs",
      "AP__Number=Sing|Poss=Yes|PronType=Prs",
      "AP__Poss=Yes|PronType=Prs",
      "A__Degree=Abs|Gender=Fem|Number=Plur",
      "A__Degree=Abs|Gender=Fem|Number=Sing",
      "A__Degree=Abs|Gender=Masc|Number=Plur",
      "A__Degree=Abs|Gender=Masc|Number=Sing",
      "A__Degree=Cmp",
      "A__Degree=Cmp|Number=Plur",
      "A__Degree=Cmp|Number=Sing",
      "A__Gender=Fem|Number=Plur",
      "A__Gender=Fem|Number=Sing",
      "A__Gender=Fem|Number=Sing|Poss=Yes|PronType=Prs",
      "A__Gender=Masc",
      "A__Gender=Masc|Number=Plur",
      "A__Gender=Masc|Number=Sing",
      "A__Number=Plur",
      "A__Number=Sing",
      "A___",
      "BN__PronType=Neg",
      "B__Degree=Abs",
      "B__Degree=Abs|Gender=Masc|Number=Sing",
      "B___",
      "CC___",
      "CS___",
      "DD__Gender=Fem|Number=Plur|PronType=Dem",
      "DD__Gender=Fem|Number=Sing|PronType=Dem",
      "DD__Gender=Masc|Number=Plur|PronType=Dem",
      "DD__Gender=Masc|Number=Sing|PronType=Dem",
      "DD__Gender=Masc|PronType=Dem",
      "DD__Number=Plur|PronType=Dem",
      "DD__Number=Sing|PronType=Dem",
      "DE__PronType=Exc",
      "DI__Definite=Def|Gender=Fem|Number=Plur|PronType=Art",
      "DI__Gender=Fem|Number=Plur",
      "DI__Gender=Fem|Number=Plur|PronType=Ind",
      "DI__Gender=Fem|Number=Sing|PronType=Ind",
      "DI__Gender=Masc|Number=Plur",
      "DI__Gender=Masc|Number=Plur|PronType=Ind",
      "DI__Gender=Masc|Number=Sing|PronType=Ind",
      "DI__Number=Sing|PronType=Art",
      "DI__Number=Sing|PronType=Ind",
      "DI__PronType=Ind",
      "DQ__Gender=Fem|Number=Plur|PronType=Int",
      "DQ__Gender=Fem|Number=Sing|PronType=Int",
      "DQ__Gender=Masc|Number=Plur|PronType=Int",
      "DQ__Gender=Masc|Number=Sing|PronType=Int",
      "DQ__Number=Plur|PronType=Int",
      "DQ__Number=Sing|PronType=Int",
      "DQ__PronType=Int",
      "DQ___",
      "DR__Number=Plur|PronType=Rel",
      "DR__PronType=Rel",
      "E__Gender=Masc|Number=Sing",
      "E___",
      "FB___",
      "FC___",
      "FF___",
      "FS___",
      "I__Polarity=Neg",
      "I__Polarity=Pos",
      "I___",
      "NO__Gender=Fem|Number=Plur|NumType=Ord",
      "NO__Gender=Fem|Number=Sing|NumType=Ord",
      "NO__Gender=Masc|Number=Plur",
      "NO__Gender=Masc|Number=Plur|NumType=Ord",
      "NO__Gender=Masc|Number=Sing|NumType=Ord",
      "NO__NumType=Ord",
      "NO__Number=Sing|NumType=Ord",
      "NO___",
      "N__Gender=Masc|Number=Sing",
      "N__NumType=Card",
      "N__NumType=Range",
      "N___",
      "PART___",
      "PC__Clitic=Yes|Definite=Def|Gender=Fem|Number=Plur|PronType=Art",
      "PC__Clitic=Yes|Gender=Fem|Number=Plur|Person=3|PronType=Prs",
      "PC__Clitic=Yes|Gender=Fem|Number=Plur|PronType=Prs",
      "PC__Clitic=Yes|Gender=Fem|Number=Sing|Person=3|PronType=Prs",
      "PC__Clitic=Yes|Gender=Fem|Person=3|PronType=Prs",
      "PC__Clitic=Yes|Gender=Masc|Number=Plur|Person=3|PronType=Prs",
      "PC__Clitic=Yes|Gender=Masc|Number=Sing|Person=3|PronType=Prs",
      "PC__Clitic=Yes|Gender=Masc|Number=Sing|PronType=Prs",
      "PC__Clitic=Yes|Number=Plur|Person=1|PronType=Prs",
      "PC__Clitic=Yes|Number=Plur|Person=2|PronType=Prs",
      "PC__Clitic=Yes|Number=Plur|Person=3|PronType=Prs",
      "PC__Clitic=Yes|Number=Plur|PronType=Prs",
      "PC__Clitic=Yes|Number=Sing|Person=1|PronType=Prs",
      "PC__Clitic=Yes|Number=Sing|Person=2|PronType=Prs",
      "PC__Clitic=Yes|Number=Sing|Person=3|PronType=Prs",
      "PC__Clitic=Yes|Person=3|PronType=Prs",
      "PC__Clitic=Yes|PronType=Prs",
      "PD__Gender=Fem|Number=Plur|PronType=Dem",
      "PD__Gender=Fem|Number=Sing|PronType=Dem",
      "PD__Gender=Masc|Number=Plur|PronType=Dem",
      "PD__Gender=Masc|Number=Sing|PronType=Dem",
      "PD__Number=Plur|PronType=Dem",
      "PD__Number=Sing|PronType=Dem",
      "PD__PronType=Dem",
      "PE__Gender=Fem|Number=Plur|Person=3|PronType=Prs",
      "PE__Gender=Fem|Number=Sing|Person=3|PronType=Prs",
      "PE__Gender=Masc|Number=Plur|Person=3|PronType=Prs",
      "PE__Gender=Masc|Number=Sing|Person=3|PronType=Prs",
      "PE__Number=Plur|Person=1|PronType=Prs",
      "PE__Number=Plur|Person=2|PronType=Prs",
      "PE__Number=Plur|Person=3|PronType=Prs",
      "PE__Number=Sing|Person=1|PronType=Prs",
      "PE__Number=Sing|Person=2|PronType=Prs",
      "PE__Number=Sing|Person=3|PronType=Prs",
      "PE__Person=3|PronType=Prs",
      "PE__PronType=Prs",
      "PI__Gender=Fem|Number=Plur|PronType=Ind",
      "PI__Gender=Fem|Number=Sing|PronType=Ind",
      "PI__Gender=Masc|Number=Plur|PronType=Ind",
      "PI__Gender=Masc|Number=Sing",
      "PI__Gender=Masc|Number=Sing|PronType=Ind",
      "PI__Number=Plur|PronType=Ind",
      "PI__Number=Sing|PronType=Ind",
      "PI__PronType=Ind",
      "PP__Gender=Fem|Number=Sing|Poss=Yes|PronType=Prs",
      "PP__Gender=Masc|Number=Plur|Poss=Yes|PronType=Prs",
      "PP__Gender=Masc|Number=Sing|Poss=Yes|PronType=Prs",
      "PP__Number=Plur|Poss=Yes|PronType=Prs",
      "PP__Number=Sing|Poss=Yes|PronType=Prs",
      "PQ__Gender=Fem|Number=Plur|PronType=Int",
      "PQ__Gender=Fem|Number=Sing|PronType=Int",
      "PQ__Gender=Masc|Number=Plur|PronType=Int",
      "PQ__Gender=Masc|Number=Sing|PronType=Int",
      "PQ__Number=Plur|PronType=Int",
      "PQ__Number=Sing|PronType=Int",
      "PQ__PronType=Int",
      "PR__Gender=Masc|Number=Plur|PronType=Rel",
      "PR__Gender=Masc|Number=Sing|PronType=Rel",
      "PR__Gender=Masc|PronType=Rel",
      "PR__Number=Plur|PronType=Rel",
      "PR__Number=Sing|PronType=Rel",
      "PR__Person=3|PronType=Rel",
      "PR__PronType=Rel",
      "RD__Definite=Def",
      "RD__Definite=Def|Gender=Fem",
      "RD__Definite=Def|Gender=Fem|Number=Plur|PronType=Art",
      "RD__Definite=Def|Gender=Fem|Number=Sing|PronType=Art",
      "RD__Definite=Def|Gender=Masc|Number=Plur|PronType=Art",
      "RD__Definite=Def|Gender=Masc|Number=Sing|PronType=Art",
      "RD__Definite=Def|Number=Plur|PronType=Art",
      "RD__Definite=Def|Number=Sing|PronType=Art",
      "RD__Definite=Def|PronType=Art",
      "RD__Gender=Fem|Number=Sing",
      "RD__Gender=Masc|Number=Sing",
      "RD__Number=Sing",
      "RD__Number=Sing|PronType=Art",
      "RI__Definite=Ind|Gender=Fem|Number=Plur|PronType=Art",
      "RI__Definite=Ind|Gender=Fem|Number=Sing|PronType=Art",
      "RI__Definite=Ind|Gender=Masc|Number=Plur|PronType=Art",
      "RI__Definite=Ind|Gender=Masc|Number=Sing|PronType=Art",
      "RI__Definite=Ind|Number=Sing|PronType=Art",
      "RI__Definite=Ind|PronType=Art",
      "SP__Gender=Fem|Number=Plur",
      "SP__NumType=Card",
      "SP___",
      "SW__Foreign=Yes",
      "SW__Foreign=Yes|Gender=Masc",
      "SW__Foreign=Yes|Number=Sing",
      "SYM___",
      "S__Gender=Fem",
      "S__Gender=Fem|Number=Plur",
      "S__Gender=Fem|Number=Sing",
      "S__Gender=Masc",
      "S__Gender=Masc|Number=Plur",
      "S__Gender=Masc|Number=Sing",
      "S__Gender=Masc|Number=Sing|Tense=Past|VerbForm=Part",
      "S__Number=Plur",
      "S__Number=Sing",
      "S___",
      "Sw___",
      "T__Gender=Fem|Number=Plur|PronType=Tot",
      "T__Gender=Fem|Number=Sing",
      "T__Gender=Fem|Number=Sing|PronType=Tot",
      "T__Gender=Masc|Number=Plur|PronType=Tot",
      "T__Gender=Masc|Number=Sing|PronType=Tot",
      "T__Number=Plur|PronType=Tot",
      "T__PronType=Tot",
      "VA__Gender=Fem|Number=Plur|Tense=Past|VerbForm=Part",
      "VA__Gender=Fem|Number=Sing|Tense=Past|VerbForm=Part",
      "VA__Gender=Masc|Number=Plur|Tense=Past|VerbForm=Part",
      "VA__Gender=Masc|Number=Sing|Tense=Past|VerbForm=Part",
      "VA__Mood=Cnd|Number=Plur|Person=1|Tense=Pres|VerbForm=Fin",
      "VA__Mood=Cnd|Number=Plur|Person=3|Tense=Pres|VerbForm=Fin",
      "VA__Mood=Cnd|Number=Sing|Person=1|Tense=Pres|VerbForm=Fin",
      "VA__Mood=Cnd|Number=Sing|Person=3|Tense=Pres|VerbForm=Fin",
      "VA__Mood=Ind|Number=Plur|Person=1|Tense=Fut|VerbForm=Fin",
      "VA__Mood=Ind|Number=Plur|Person=1|Tense=Imp|VerbForm=Fin",
      "VA__Mood=Ind|Number=Plur|Person=1|Tense=Pres|VerbForm=Fin",
      "VA__Mood=Ind|Number=Plur|Person=2|Tense=Fut|VerbForm=Fin",
      "VA__Mood=Ind|Number=Plur|Person=2|Tense=Imp|VerbForm=Fin",
      "VA__Mood=Ind|Number=Plur|Person=2|Tense=Pres|VerbForm=Fin",
      "VA__Mood=Ind|Number=Plur|Person=3|Tense=Fut|VerbForm=Fin",
      "VA__Mood=Ind|Number=Plur|Person=3|Tense=Imp|VerbForm=Fin",
      "VA__Mood=Ind|Number=Plur|Person=3|Tense=Past|VerbForm=Fin",
      "VA__Mood=Ind|Number=Plur|Person=3|Tense=Pres|VerbForm=Fin",
      "VA__Mood=Ind|Number=Sing|Person=1|Tense=Fut|VerbForm=Fin",
      "VA__Mood=Ind|Number=Sing|Person=1|Tense=Imp|VerbForm=Fin",
      "VA__Mood=Ind|Number=Sing|Person=1|Tense=Past|VerbForm=Fin",
      "VA__Mood=Ind|Number=Sing|Person=1|Tense=Pres|VerbForm=Fin",
      "VA__Mood=Ind|Number=Sing|Person=2|Tense=Fut|VerbForm=Fin",
      "VA__Mood=Ind|Number=Sing|Person=2|Tense=Pres|VerbForm=Fin",
      "VA__Mood=Ind|Number=Sing|Person=3|Tense=Fut|VerbForm=Fin",
      "VA__Mood=Ind|Number=Sing|Person=3|Tense=Imp|VerbForm=Fin",
      "VA__Mood=Ind|Number=Sing|Person=3|Tense=Past|VerbForm=Fin",
      "VA__Mood=Ind|Number=Sing|Person=3|Tense=Pres|VerbForm=Fin",
      "VA__Mood=Sub|Number=Plur|Person=2|Tense=Pres|VerbForm=Fin",
      "VA__Mood=Sub|Number=Plur|Person=3|Tense=Imp|VerbForm=Fin",
      "VA__Mood=Sub|Number=Plur|Person=3|Tense=Pres|VerbForm=Fin",
      "VA__Mood=Sub|Number=Sing|Person=1|Tense=Imp|VerbForm=Fin",
      "VA__Mood=Sub|Number=Sing|Person=3|Tense=Imp|VerbForm=Fin",
      "VA__Mood=Sub|Number=Sing|Person=3|Tense=Pres|VerbForm=Fin",
      "VA__VerbForm=Ger",
      "VA__VerbForm=Inf",
      "VM__Gender=Fem|Number=Sing|Tense=Past|VerbForm=Part",
      "VM__Gender=Masc|Number=Sing|Tense=Past|VerbForm=Part",
      "VM__Mood=Cnd|Number=Plur|Person=1|Tense=Pres|VerbForm=Fin",
      "VM__Mood=Cnd|Number=Plur|Person=2|Tense=Pres|VerbForm=Fin",
      "VM__Mood=Cnd|Number=Plur|Person=3|Tense=Pres|VerbForm=Fin",
      "VM__Mood=Cnd|Number=Sing|Person=1|Tense=Pres|VerbForm=Fin",
      "VM__Mood=Cnd|Number=Sing|Person=2|Tense=Pres|VerbForm=Fin",
      "VM__Mood=Cnd|Number=Sing|Person=3|Tense=Pres|VerbForm=Fin",
      "VM__Mood=Imp|Number=Plur|Person=2|Tense=Pres|VerbForm=Fin",
      "VM__Mood=Imp|Number=Sing|Person=2|Tense=Pres|VerbForm=Fin",
      "VM__Mood=Ind|Number=Plur|Person=1|Tense=Fut|VerbForm=Fin",
      "VM__Mood=Ind|Number=Plur|Person=1|Tense=Imp|VerbForm=Fin",
      "VM__Mood=Ind|Number=Plur|Person=1|Tense=Pres|VerbForm=Fin",
      "VM__Mood=Ind|Number=Plur|Person=2|Tense=Fut|VerbForm=Fin",
      "VM__Mood=Ind|Number=Plur|Person=2|Tense=Pres|VerbForm=Fin",
      "VM__Mood=Ind|Number=Plur|Person=3|Tense=Fut|VerbForm=Fin",
      "VM__Mood=Ind|Number=Plur|Person=3|Tense=Imp|VerbForm=Fin",
      "VM__Mood=Ind|Number=Plur|Person=3|Tense=Past|VerbForm=Fin",
      "VM__Mood=Ind|Number=Plur|Person=3|Tense=Pres|VerbForm=Fin",
      "VM__Mood=Ind|Number=Sing|Person=1|Tense=Imp|VerbForm=Fin",
      "VM__Mood=Ind|Number=Sing|Person=1|Tense=Pres|VerbForm=Fin",
      "VM__Mood=Ind|Number=Sing|Person=2|Tense=Fut|VerbForm=Fin",
      "VM__Mood=Ind|Number=Sing|Person=2|Tense=Imp|VerbForm=Fin",
      "VM__Mood=Ind|Number=Sing|Person=2|Tense=Pres|VerbForm=Fin",
      "VM__Mood=Ind|Number=Sing|Person=3|Tense=Fut|VerbForm=Fin",
      "VM__Mood=Ind|Number=Sing|Person=3|Tense=Imp|VerbForm=Fin",
      "VM__Mood=Ind|Number=Sing|Person=3|Tense=Past|VerbForm=Fin",
      "VM__Mood=Ind|Number=Sing|Person=3|Tense=Pres|VerbForm=Fin",
      "VM__Mood=Sub|Number=Plur|Person=1|Tense=Imp|VerbForm=Fin",
      "VM__Mood=Sub|Number=Plur|Person=1|Tense=Pres|VerbForm=Fin",
      "VM__Mood=Sub|Number=Plur|Person=3|Tense=Imp|VerbForm=Fin",
      "VM__Mood=Sub|Number=Plur|Person=3|Tense=Pres|VerbForm=Fin",
      "VM__Mood=Sub|Number=Sing|Person=3|Tense=Imp|VerbForm=Fin",
      "VM__Mood=Sub|Number=Sing|Person=3|Tense=Pres|VerbForm=Fin",
      "VM__VerbForm=Ger",
      "VM__VerbForm=Inf",
      "V__Gender=Fem|Number=Plur|Tense=Past|VerbForm=Part",
      "V__Gender=Fem|Number=Sing|Tense=Past|VerbForm=Part",
      "V__Gender=Masc|Number=Plur|Tense=Past|VerbForm=Fin",
      "V__Gender=Masc|Number=Plur|Tense=Past|VerbForm=Part",
      "V__Gender=Masc|Number=Sing|Tense=Past|VerbForm=Part",
      "V__Mood=Cnd|Number=Plur|Person=1|Tense=Pres|VerbForm=Fin",
      "V__Mood=Cnd|Number=Plur|Person=2|Tense=Pres|VerbForm=Fin",
      "V__Mood=Cnd|Number=Plur|Person=3|Tense=Pres|VerbForm=Fin",
      "V__Mood=Cnd|Number=Sing|Person=1|Tense=Pres|VerbForm=Fin",
      "V__Mood=Cnd|Number=Sing|Person=2|Tense=Pres|VerbForm=Fin",
      "V__Mood=Cnd|Number=Sing|Person=3|Tense=Pres|VerbForm=Fin",
      "V__Mood=Imp|Number=Plur|Person=1|Tense=Pres|VerbForm=Fin",
      "V__Mood=Imp|Number=Plur|Person=2|Tense=Pres|VerbForm=Fin",
      "V__Mood=Imp|Number=Sing|Person=2|Tense=Pres|VerbForm=Fin",
      "V__Mood=Imp|Number=Sing|Person=3|Tense=Pres|VerbForm=Fin",
      "V__Mood=Ind|Number=Plur|Person=1|Tense=Fut|VerbForm=Fin",
      "V__Mood=Ind|Number=Plur|Person=1|Tense=Imp|VerbForm=Fin",
      "V__Mood=Ind|Number=Plur|Person=1|Tense=Past|VerbForm=Fin",
      "V__Mood=Ind|Number=Plur|Person=1|Tense=Pres|VerbForm=Fin",
      "V__Mood=Ind|Number=Plur|Person=2|Tense=Fut|VerbForm=Fin",
      "V__Mood=Ind|Number=Plur|Person=2|Tense=Pres|VerbForm=Fin",
      "V__Mood=Ind|Number=Plur|Person=3|Tense=Fut|VerbForm=Fin",
      "V__Mood=Ind|Number=Plur|Person=3|Tense=Imp|VerbForm=Fin",
      "V__Mood=Ind|Number=Plur|Person=3|Tense=Past|VerbForm=Fin",
      "V__Mood=Ind|Number=Plur|Person=3|Tense=Pres|VerbForm=Fin",
      "V__Mood=Ind|Number=Sing|Person=1|Tense=Fut|VerbForm=Fin",
      "V__Mood=Ind|Number=Sing|Person=1|Tense=Imp|VerbForm=Fin",
      "V__Mood=Ind|Number=Sing|Person=1|Tense=Past|VerbForm=Fin",
      "V__Mood=Ind|Number=Sing|Person=1|Tense=Pres|VerbForm=Fin",
      "V__Mood=Ind|Number=Sing|Person=2|Tense=Fut|VerbForm=Fin",
      "V__Mood=Ind|Number=Sing|Person=2|Tense=Pres|VerbForm=Fin",
      "V__Mood=Ind|Number=Sing|Person=3|Tense=Fut|VerbForm=Fin",
      "V__Mood=Ind|Number=Sing|Person=3|Tense=Imp|VerbForm=Fin",
      "V__Mood=Ind|Number=Sing|Person=3|Tense=Past|VerbForm=Fin",
      "V__Mood=Ind|Number=Sing|Person=3|Tense=Pres|VerbForm=Fin",
      "V__Mood=Ind|Person=3|Tense=Pres|VerbForm=Fin",
      "V__Mood=Ind|Tense=Pres|VerbForm=Fin",
      "V__Mood=Sub|Number=Plur|Person=1|Tense=Imp|VerbForm=Fin",
      "V__Mood=Sub|Number=Plur|Person=1|Tense=Pres|VerbForm=Fin",
      "V__Mood=Sub|Number=Plur|Person=2|Tense=Imp|VerbForm=Fin",
      "V__Mood=Sub|Number=Plur|Person=2|Tense=Pres|VerbForm=Fin",
      "V__Mood=Sub|Number=Plur|Person=3|Tense=Imp|VerbForm=Fin",
      "V__Mood=Sub|Number=Plur|Person=3|Tense=Pres|VerbForm=Fin",
      "V__Mood=Sub|Number=Sing|Person=1|Tense=Imp|VerbForm=Fin",
      "V__Mood=Sub|Number=Sing|Person=1|Tense=Pres|VerbForm=Fin",
      "V__Mood=Sub|Number=Sing|Person=2|Tense=Pres|VerbForm=Fin",
      "V__Mood=Sub|Number=Sing|Person=3|Tense=Imp|VerbForm=Fin",
      "V__Mood=Sub|Number=Sing|Person=3|Tense=Pres|VerbForm=Fin",
      "V__Mood=Sub|Number=Sing|Person=3|VerbForm=Fin",
      "V__Number=Plur|Tense=Pres|VerbForm=Part",
      "V__Number=Sing|Tense=Pres|VerbForm=Part",
      "V__Tense=Past|VerbForm=Part",
      "V__VerbForm=Ger",
      "V__VerbForm=Inf",
      "X___",
      "_SP"
    ],
    "parser": [
      "ROOT",
      "acl",
      "acl:relcl",
      "advcl",
      "advmod",
      "amod",
      "appos",
      "aux",
      "aux:pass",
      "case",
      "cc",
      "ccomp",
      "compound",
      "conj",
      "cop",
      "csubj",
      "dep",
      "det",
      "det:poss",
      "det:predet",
      "discourse",
      "expl",
      "expl:impers",
      "expl:pass",
      "fixed",
      "flat",
      "flat:foreign",
      "flat:name",
      "iobj",
      "mark",
      "nmod",
      "nsubj",
      "nsubj:pass",
      "nummod",
      "obj",
      "obl",
      "obl:agent",
      "orphan",
      "parataxis",
      "punct",
      "vocative",
      "xcomp"
    ],
    "ner": [
      "LOC",
      "MISC",
      "ORG",
      "PER"
    ]
  },
  "size": "13 MB",
  "checksum": "fd829f6e657e220d37c926a6fa1199d2b3c35dff910975bb3076168dc0e8230b"
}