{
  "lang": "it",
  "name": "core_news_md",
  "license": "CC BY-NC-SA 3.0",
  "author": "Explosion",
  "url": "https://explosion.ai",
  "email": "contact@explosion.ai",
  "description": "Italian multi-task CNN trained on UD Italian ISDT and WikiNER. Assigns word vectors, POS tags, dependency parses and named entities. Word vectors trained using FastText CBOW on Wikipedia and OSCAR (Common Crawl).",
  "notes": "Because the model is trained on Wikipedia, it may perform inconsistently on many genres, such as social media text. The NER accuracy refers to the \"silver standard\" annotations in the WikiNER corpus. Accuracy on these annotations tends to be higher than correct human annotations.",
  "sources": [
    {
      "name": "UD Italian ISDT v2.5",
      "url": "https://github.com/UniversalDependencies/UD_Italian-ISDT",
      "license": "CC BY-NC-SA 3.0",
      "author": "Bosco, Cristina; Lenci, Alessandro; Montemagni, Simonetta; Simi, Maria"
    },
    {
      "name": "WikiNER",
      "url": "https://figshare.com/articles/Learning_multilingual_named_entity_recognition_from_Wikipedia/5462500",
      "license": "CC BY 4.0"
    },
    {
      "name": "OSCAR (Common Crawl)",
      "url": "https://oscar-corpus.com/",
      "license": "CC0"
    },
    {
      "name": "Wikipedia (20200301)",
      "url": "https://dumps.wikimedia.org/",
      "license": "CC BY-SA 3.0"
    }
  ],
  "pipeline": [
    "tagger",
    "parser",
    "ner"
  ],
  "version": "2.3.0",
  "spacy_version": ">=2.3.0,<2.4.0",
  "parent_package": "spacy",
  "accuracy": {
    "las": 87.9777766346,
    "uas": 91.5273419415,
    "token_acc": 99.8023537867,
    "las_per_type": {
      "root": {
        "p": 91.7253521127,
        "r": 92.3758865248,
        "f": 92.0494699647
      },
      "flat:name": {
        "p": 89.1719745223,
        "r": 88.6075949367,
        "f": 88.8888888889
      },
      "case": {
        "p": 97.8749241044,
        "r": 98.1132075472,
        "f": 97.9939209726
      },
      "nmod": {
        "p": 81.9415448852,
        "r": 80.2658486708,
        "f": 81.0950413223
      },
      "nummod": {
        "p": 91.1111111111,
        "r": 89.1304347826,
        "f": 90.1098901099
      },
      "det": {
        "p": 97.8840846366,
        "r": 97.7941176471,
        "f": 97.8390804598
      },
      "nsubj": {
        "p": 86.186770428,
        "r": 85.5212355212,
        "f": 85.8527131783
      },
      "aux": {
        "p": 95.7746478873,
        "r": 94.0092165899,
        "f": 94.8837209302
      },
      "advmod": {
        "p": 84.0182648402,
        "r": 84.4036697248,
        "f": 84.2105263158
      },
      "obj": {
        "p": 88.5644768856,
        "r": 91.0,
        "f": 89.7657213317
      },
      "cc": {
        "p": 93.0599369085,
        "r": 90.490797546,
        "f": 91.7573872473
      },
      "conj": {
        "p": 68.1481481481,
        "r": 74.5945945946,
        "f": 71.2258064516
      },
      "det:predet": {
        "p": 94.7368421053,
        "r": 100.0,
        "f": 97.2972972973
      },
      "amod": {
        "p": 92.0610687023,
        "r": 90.4047976012,
        "f": 91.2254160363
      },
      "mark": {
        "p": 91.5322580645,
        "r": 93.8016528926,
        "f": 92.6530612245
      },
      "cop": {
        "p": 85.4961832061,
        "r": 88.8888888889,
        "f": 87.1595330739
      },
      "xcomp": {
        "p": 76.3440860215,
        "r": 73.9583333333,
        "f": 75.1322751323
      },
      "obl": {
        "p": 81.3253012048,
        "r": 78.9473684211,
        "f": 80.118694362
      },
      "acl:relcl": {
        "p": 76.4705882353,
        "r": 75.9124087591,
        "f": 76.1904761905
      },
      "acl": {
        "p": 69.2307692308,
        "r": 62.6086956522,
        "f": 65.7534246575
      },
      "ccomp": {
        "p": 68.9655172414,
        "r": 64.5161290323,
        "f": 66.6666666667
      },
      "expl": {
        "p": 90.5405405405,
        "r": 85.8974358974,
        "f": 88.1578947368
      },
      "nsubj:pass": {
        "p": 83.5443037975,
        "r": 81.4814814815,
        "f": 82.5
      },
      "aux:pass": {
        "p": 87.9518072289,
        "r": 92.4050632911,
        "f": 90.1234567901
      },
      "parataxis": {
        "p": 54.5454545455,
        "r": 19.3548387097,
        "f": 28.5714285714
      },
      "advcl": {
        "p": 65.1315789474,
        "r": 69.7183098592,
        "f": 67.3469387755
      },
      "csubj": {
        "p": 75.0,
        "r": 46.1538461538,
        "f": 57.1428571429
      },
      "expl:impers": {
        "p": 75.0,
        "r": 75.0,
        "f": 75.0
      },
      "appos": {
        "p": 46.511627907,
        "r": 51.2820512821,
        "f": 48.7804878049
      },
      "fixed": {
        "p": 91.6666666667,
        "r": 78.5714285714,
        "f": 84.6153846154
      },
      "obl:agent": {
        "p": 85.3658536585,
        "r": 83.3333333333,
        "f": 84.3373493976
      },
      "vocative": {
        "p": 33.3333333333,
        "r": 33.3333333333,
        "f": 33.3333333333
      },
      "det:poss": {
        "p": 94.4444444444,
        "r": 100.0,
        "f": 97.1428571429
      },
      "iobj": {
        "p": 77.2727272727,
        "r": 85.0,
        "f": 80.9523809524
      },
      "expl:pass": {
        "p": 60.0,
        "r": 81.8181818182,
        "f": 69.2307692308
      },
      "flat": {
        "p": 100.0,
        "r": 100.0,
        "f": 100.0
      },
      "compound": {
        "p": 75.0,
        "r": 69.2307692308,
        "f": 72.0
      },
      "dep": {
        "p": 0.0,
        "r": 0.0,
        "f": 0.0
      },
      "discourse": {
        "p": 50.0,
        "r": 33.3333333333,
        "f": 40.0
      },
      "orphan": {
        "p": 0.0,
        "r": 0.0,
        "f": 0.0
      },
      "flat:foreign": {
        "p": 0.0,
        "r": 0.0,
        "f": 0.0
      }
    },
    "tags_acc": 96.2952971855,
    "ents_f": 88.5445468135,
    "ents_p": 88.762218174,
    "ents_r": 88.3279404312,
    "ents_per_type": {
      "LOC": {
        "p": 89.7425073871,
        "r": 91.6020368194,
        "f": 90.6627381806
      },
      "PER": {
        "p": 92.258018734,
        "r": 92.4022743426,
        "f": 92.3300901925
      },
      "ORG": {
        "p": 84.2255531763,
        "r": 80.0180831826,
        "f": 82.067926278
      },
      "MISC": {
        "p": 80.4390025385,
        "r": 74.0175872492,
        "f": 77.0948121646
      }
    }
  },
  "speed": {
    "cpu": 7355.1865562368,
    "gpu": null,
    "nwords": 687510
  },
  "labels": {
    "tagger": [
      "A",
      "AP__Gender=Fem|Number=Plur|Poss=Yes|PronType=Prs",
      "AP__Gender=Fem|Number=Sing|Poss=Yes|PronType=Prs",
      "AP__Gender=Masc|Number=Plur|Poss=Yes|PronType=Prs",
      "AP__Gender=Masc|Number=Sing|Poss=Yes|PronType=Prs",
      "AP__Gender=Masc|Poss=Yes|PronType=Prs",
      "AP__Number=Sing|Poss=Yes|PronType=Prs",
      "AP__Poss=Yes|PronType=Prs",
      "A__Degree=Abs|Gender=Fem|Number=Plur",
      "A__Degree=Abs|Gender=Fem|Number=Sing",
      "A__Degree=Abs|Gender=Masc|Number=Plur",
      "A__Degree=Abs|Gender=Masc|Number=Sing",
      "A__Degree=Cmp",
      "A__Degree=Cmp|Number=Plur",
      "A__Degree=Cmp|Number=Sing",
      "A__Gender=Fem",
      "A__Gender=Fem|Number=Plur",
      "A__Gender=Fem|Number=Plur|Tense=Past|VerbForm=Part",
      "A__Gender=Fem|Number=Sing",
      "A__Gender=Fem|Number=Sing|Poss=Yes|PronType=Prs",
      "A__Gender=Masc",
      "A__Gender=Masc|Number=Plur",
      "A__Gender=Masc|Number=Sing",
      "A__Number=Plur",
      "A__Number=Sing",
      "B",
      "BN__PronType=Neg",
      "B_PC__Clitic=Yes|Gender=Fem|Number=Plur|Person=3|PronType=Prs",
      "B_PC__Clitic=Yes|Gender=Masc|Number=Sing|Person=3|PronType=Prs",
      "B_PC__Clitic=Yes|PronType=Prs",
      "B__Degree=Abs",
      "B__Degree=Abs|Gender=Masc|Number=Sing",
      "CC",
      "CS",
      "CS__PronType=Rel",
      "DD__Gender=Fem|Number=Plur|PronType=Dem",
      "DD__Gender=Fem|Number=Sing|PronType=Dem",
      "DD__Gender=Masc|Number=Plur|PronType=Dem",
      "DD__Gender=Masc|Number=Sing|PronType=Dem",
      "DD__Gender=Masc|PronType=Dem",
      "DD__Number=Plur|PronType=Dem",
      "DD__Number=Sing|PronType=Dem",
      "DE__PronType=Exc",
      "DI__Definite=Def|Gender=Fem|Number=Plur|PronType=Art",
      "DI__Gender=Fem|Number=Plur",
      "DI__Gender=Fem|Number=Plur|PronType=Ind",
      "DI__Gender=Fem|Number=Sing|PronType=Ind",
      "DI__Gender=Masc|Number=Plur",
      "DI__Gender=Masc|Number=Plur|PronType=Ind",
      "DI__Gender=Masc|Number=Sing|PronType=Ind",
      "DI__Number=Sing|PronType=Art",
      "DI__Number=Sing|PronType=Ind",
      "DI__PronType=Ind",
      "DQ",
      "DQ__Gender=Fem|Number=Plur|PronType=Int",
      "DQ__Gender=Fem|Number=Sing|PronType=Int",
      "DQ__Gender=Masc|Number=Plur|PronType=Int",
      "DQ__Gender=Masc|Number=Sing|PronType=Int",
      "DQ__Number=Plur|PronType=Int",
      "DQ__Number=Sing|PronType=Int",
      "DQ__PronType=Int",
      "DR__Number=Plur|PronType=Rel",
      "DR__PronType=Rel",
      "E",
      "E_RD__Definite=Def|Gender=Fem|Number=Plur|PronType=Art",
      "E_RD__Definite=Def|Gender=Fem|Number=Sing|PronType=Art",
      "E_RD__Definite=Def|Gender=Masc|Number=Plur|PronType=Art",
      "E_RD__Definite=Def|Gender=Masc|Number=Sing|PronType=Art",
      "E_RD__Definite=Def|Number=Plur|PronType=Art",
      "E_RD__Definite=Def|Number=Sing|PronType=Art",
      "E__Gender=Masc|Number=Sing",
      "FB",
      "FC",
      "FF",
      "FS",
      "I",
      "I__Polarity=Neg",
      "I__Polarity=Pos",
      "N",
      "NO",
      "NO__Gender=Fem|Number=Plur|NumType=Ord",
      "NO__Gender=Fem|Number=Sing|NumType=Ord",
      "NO__Gender=Masc|Number=Plur",
      "NO__Gender=Masc|Number=Plur|NumType=Ord",
      "NO__Gender=Masc|Number=Sing|NumType=Ord",
      "NO__NumType=Ord",
      "NO__Number=Sing|NumType=Ord",
      "N__Gender=Masc|Number=Sing",
      "N__NumType=Card",
      "N__NumType=Ord",
      "N__NumType=Range",
      "PART",
      "PC_PC__Clitic=Yes|Gender=Fem|Number=Sing|Person=3|PronType=Prs",
      "PC_PC__Clitic=Yes|Gender=Masc|Number=Plur|Person=3|PronType=Prs",
      "PC_PC__Clitic=Yes|Gender=Masc|Number=Sing|Person=3|PronType=Prs",
      "PC_PC__Clitic=Yes|Person=3|PronType=Prs",
      "PC__Clitic=Yes|Definite=Def|Gender=Fem|Number=Plur|PronType=Art",
      "PC__Clitic=Yes|Gender=Fem|Number=Plur|Person=3|PronType=Prs",
      "PC__Clitic=Yes|Gender=Fem|Number=Plur|PronType=Prs",
      "PC__Clitic=Yes|Gender=Fem|Number=Sing|Person=3|PronType=Prs",
      "PC__Clitic=Yes|Gender=Fem|Person=3|PronType=Prs",
      "PC__Clitic=Yes|Gender=Masc|Number=Plur|Person=3|PronType=Prs",
      "PC__Clitic=Yes|Gender=Masc|Number=Sing|Person=3|PronType=Prs",
      "PC__Clitic=Yes|Gender=Masc|Number=Sing|PronType=Prs",
      "PC__Clitic=Yes|Number=Plur|Person=1|PronType=Prs",
      "PC__Clitic=Yes|Number=Plur|Person=2|PronType=Prs",
      "PC__Clitic=Yes|Number=Plur|Person=3|PronType=Prs",
      "PC__Clitic=Yes|Number=Plur|PronType=Prs",
      "PC__Clitic=Yes|Number=Sing|Person=1|PronType=Prs",
      "PC__Clitic=Yes|Number=Sing|Person=2|PronType=Prs",
      "PC__Clitic=Yes|Number=Sing|Person=3|PronType=Prs",
      "PC__Clitic=Yes|Person=3|PronType=Prs",
      "PC__Clitic=Yes|PronType=Prs",
      "PD__Gender=Fem|Number=Plur|PronType=Dem",
      "PD__Gender=Fem|Number=Sing|PronType=Dem",
      "PD__Gender=Masc|Number=Plur|PronType=Dem",
      "PD__Gender=Masc|Number=Sing|PronType=Dem",
      "PD__Number=Plur|PronType=Dem",
      "PD__Number=Sing|PronType=Dem",
      "PD__PronType=Dem",
      "PE__Gender=Fem|Number=Plur|Person=3|PronType=Prs",
      "PE__Gender=Fem|Number=Sing|Person=3|PronType=Prs",
      "PE__Gender=Masc|Number=Plur|Person=3|PronType=Prs",
      "PE__Gender=Masc|Number=Sing|Person=3|PronType=Prs",
      "PE__Number=Plur|Person=1|PronType=Prs",
      "PE__Number=Plur|Person=2|PronType=Prs",
      "PE__Number=Plur|Person=3|PronType=Prs",
      "PE__Number=Sing|Person=1|PronType=Prs",
      "PE__Number=Sing|Person=2|PronType=Prs",
      "PE__Number=Sing|Person=3|PronType=Prs",
      "PE__Person=3|PronType=Prs",
      "PE__PronType=Prs",
      "PI__Gender=Fem|Number=Plur|PronType=Ind",
      "PI__Gender=Fem|Number=Sing|PronType=Ind",
      "PI__Gender=Masc|Number=Plur|PronType=Ind",
      "PI__Gender=Masc|Number=Sing",
      "PI__Gender=Masc|Number=Sing|PronType=Ind",
      "PI__Number=Plur|PronType=Ind",
      "PI__Number=Sing|PronType=Ind",
      "PI__PronType=Ind",
      "PP__Gender=Fem|Number=Sing|Poss=Yes|PronType=Prs",
      "PP__Gender=Masc|Number=Plur|Poss=Yes|PronType=Prs",
      "PP__Gender=Masc|Number=Sing|Poss=Yes|PronType=Prs",
      "PP__Number=Plur|Poss=Yes|PronType=Prs",
      "PP__Number=Sing|Poss=Yes|PronType=Prs",
      "PQ__Gender=Fem|Number=Plur|PronType=Int",
      "PQ__Gender=Fem|Number=Sing|PronType=Int",
      "PQ__Gender=Masc|Number=Plur|PronType=Int",
      "PQ__Gender=Masc|Number=Plur|PronType=Rel",
      "PQ__Gender=Masc|Number=Sing|PronType=Int",
      "PQ__Number=Plur|PronType=Int",
      "PQ__Number=Sing|PronType=Int",
      "PQ__PronType=Int",
      "PR__Gender=Masc|Number=Plur|PronType=Rel",
      "PR__Gender=Masc|Number=Sing|PronType=Rel",
      "PR__Gender=Masc|PronType=Rel",
      "PR__Number=Plur|PronType=Rel",
      "PR__Number=Sing|PronType=Rel",
      "PR__Person=3|PronType=Rel",
      "PR__PronType=Rel",
      "RD__Definite=Def",
      "RD__Definite=Def|Gender=Fem",
      "RD__Definite=Def|Gender=Fem|Number=Plur|PronType=Art",
      "RD__Definite=Def|Gender=Fem|Number=Sing|PronType=Art",
      "RD__Definite=Def|Gender=Masc|Number=Plur|PronType=Art",
      "RD__Definite=Def|Gender=Masc|Number=Sing|PronType=Art",
      "RD__Definite=Def|Number=Plur|PronType=Art",
      "RD__Definite=Def|Number=Sing|PronType=Art",
      "RD__Definite=Def|PronType=Art",
      "RD__Gender=Fem|Number=Sing",
      "RD__Gender=Masc|Number=Sing",
      "RD__Number=Sing",
      "RD__Number=Sing|PronType=Art",
      "RI__Definite=Ind|Gender=Fem|Number=Plur|PronType=Art",
      "RI__Definite=Ind|Gender=Fem|Number=Sing|PronType=Art",
      "RI__Definite=Ind|Gender=Masc|Number=Plur|PronType=Art",
      "RI__Definite=Ind|Gender=Masc|Number=Sing|PronType=Art",
      "RI__Definite=Ind|Number=Sing|PronType=Art",
      "RI__Definite=Ind|PronType=Art",
      "S",
      "SP",
      "SP__Gender=Fem|Number=Plur",
      "SP__NumType=Card",
      "SW__Foreign=Yes",
      "SW__Foreign=Yes|Gender=Masc",
      "SW__Foreign=Yes|Number=Sing",
      "SYM",
      "S__Gender=Fem",
      "S__Gender=Fem|Number=Plur",
      "S__Gender=Fem|Number=Sing",
      "S__Gender=Masc",
      "S__Gender=Masc|Number=Plur",
      "S__Gender=Masc|Number=Plur|Tense=Past|VerbForm=Part",
      "S__Gender=Masc|Number=Sing",
      "S__Gender=Masc|Number=Sing|Tense=Past|VerbForm=Part",
      "S__Number=Plur",
      "S__Number=Sing",
      "Sw",
      "T__Gender=Fem|Number=Plur|PronType=Tot",
      "T__Gender=Fem|Number=Sing",
      "T__Gender=Fem|Number=Sing|PronType=Tot",
      "T__Gender=Masc|Number=Plur|PronType=Tot",
      "T__Gender=Masc|Number=Sing|PronType=Tot",
      "T__Number=Plur|PronType=Tot",
      "T__PronType=Tot",
      "VA_PC__Clitic=Yes|Gender=Fem|Number=Sing|Person=3|PronType=Prs|VerbForm=Inf",
      "VA_PC__Clitic=Yes|Gender=Masc|Number=Plur|Person=3|PronType=Prs|VerbForm=Inf",
      "VA_PC__Clitic=Yes|Gender=Masc|Number=Sing|Person=3|PronType=Prs|VerbForm=Inf",
      "VA_PC__Clitic=Yes|Number=Sing|Person=1|PronType=Prs|VerbForm=Ger",
      "VA_PC__Clitic=Yes|Number=Sing|Person=2|PronType=Prs|VerbForm=Inf",
      "VA_PC__Clitic=Yes|Person=3|PronType=Prs|VerbForm=Inf",
      "VA_PC__Clitic=Yes|PronType=Prs|VerbForm=Inf",
      "VA__Gender=Fem|Number=Plur|Tense=Past|VerbForm=Part",
      "VA__Gender=Fem|Number=Sing|Tense=Past|VerbForm=Part",
      "VA__Gender=Masc|Number=Plur|Tense=Past|VerbForm=Part",
      "VA__Gender=Masc|Number=Sing|Tense=Past|VerbForm=Part",
      "VA__Mood=Cnd|Number=Plur|Person=1|Tense=Pres|VerbForm=Fin",
      "VA__Mood=Cnd|Number=Plur|Person=3|Tense=Pres|VerbForm=Fin",
      "VA__Mood=Cnd|Number=Sing|Person=1|Tense=Pres|VerbForm=Fin",
      "VA__Mood=Cnd|Number=Sing|Person=3|Tense=Pres|VerbForm=Fin",
      "VA__Mood=Ind|Number=Plur|Person=1|Tense=Fut|VerbForm=Fin",
      "VA__Mood=Ind|Number=Plur|Person=1|Tense=Imp|VerbForm=Fin",
      "VA__Mood=Ind|Number=Plur|Person=1|Tense=Pres|VerbForm=Fin",
      "VA__Mood=Ind|Number=Plur|Person=2|Tense=Fut|VerbForm=Fin",
      "VA__Mood=Ind|Number=Plur|Person=2|Tense=Imp|VerbForm=Fin",
      "VA__Mood=Ind|Number=Plur|Person=2|Tense=Pres|VerbForm=Fin",
      "VA__Mood=Ind|Number=Plur|Person=3|Tense=Fut|VerbForm=Fin",
      "VA__Mood=Ind|Number=Plur|Person=3|Tense=Imp|VerbForm=Fin",
      "VA__Mood=Ind|Number=Plur|Person=3|Tense=Past|VerbForm=Fin",
      "VA__Mood=Ind|Number=Plur|Person=3|Tense=Pres|VerbForm=Fin",
      "VA__Mood=Ind|Number=Sing|Person=1|Tense=Fut|VerbForm=Fin",
      "VA__Mood=Ind|Number=Sing|Person=1|Tense=Imp|VerbForm=Fin",
      "VA__Mood=Ind|Number=Sing|Person=1|Tense=Past|VerbForm=Fin",
      "VA__Mood=Ind|Number=Sing|Person=1|Tense=Pres|VerbForm=Fin",
      "VA__Mood=Ind|Number=Sing|Person=2|Tense=Fut|VerbForm=Fin",
      "VA__Mood=Ind|Number=Sing|Person=2|Tense=Pres|VerbForm=Fin",
      "VA__Mood=Ind|Number=Sing|Person=3|Tense=Fut|VerbForm=Fin",
      "VA__Mood=Ind|Number=Sing|Person=3|Tense=Imp|VerbForm=Fin",
      "VA__Mood=Ind|Number=Sing|Person=3|Tense=Past|VerbForm=Fin",
      "VA__Mood=Ind|Number=Sing|Person=3|Tense=Pres|VerbForm=Fin",
      "VA__Mood=Sub|Number=Plur|Person=2|Tense=Pres|VerbForm=Fin",
      "VA__Mood=Sub|Number=Plur|Person=3|Tense=Imp|VerbForm=Fin",
      "VA__Mood=Sub|Number=Plur|Person=3|Tense=Pres|VerbForm=Fin",
      "VA__Mood=Sub|Number=Sing|Person=1|Tense=Imp|VerbForm=Fin",
      "VA__Mood=Sub|Number=Sing|Person=3|Tense=Imp|VerbForm=Fin",
      "VA__Mood=Sub|Number=Sing|Person=3|Tense=Pres|VerbForm=Fin",
      "VA__VerbForm=Ger",
      "VA__VerbForm=Inf",
      "VM_PC_PC__Clitic=Yes|Person=3|PronType=Prs|VerbForm=Inf",
      "VM_PC__Clitic=Yes|Gender=Masc|Number=Plur|Person=3|PronType=Prs|VerbForm=Inf",
      "VM_PC__Clitic=Yes|Gender=Masc|Number=Sing|Person=3|PronType=Prs|VerbForm=Inf",
      "VM_PC__Clitic=Yes|Number=Plur|Person=1|PronType=Prs|VerbForm=Inf",
      "VM_PC__Clitic=Yes|Number=Sing|Person=2|PronType=Prs|VerbForm=Inf",
      "VM_PC__Clitic=Yes|Person=3|PronType=Prs|VerbForm=Ger",
      "VM_PC__Clitic=Yes|Person=3|PronType=Prs|VerbForm=Inf",
      "VM_PC__Clitic=Yes|PronType=Prs|VerbForm=Inf",
      "VM__Gender=Fem|Number=Sing|Tense=Past|VerbForm=Part",
      "VM__Gender=Masc|Number=Sing|Tense=Past|VerbForm=Part",
      "VM__Mood=Cnd|Number=Plur|Person=1|Tense=Pres|VerbForm=Fin",
      "VM__Mood=Cnd|Number=Plur|Person=2|Tense=Pres|VerbForm=Fin",
      "VM__Mood=Cnd|Number=Plur|Person=3|Tense=Pres|VerbForm=Fin",
      "VM__Mood=Cnd|Number=Sing|Person=1|Tense=Pres|VerbForm=Fin",
      "VM__Mood=Cnd|Number=Sing|Person=2|Tense=Pres|VerbForm=Fin",
      "VM__Mood=Cnd|Number=Sing|Person=3|Tense=Pres|VerbForm=Fin",
      "VM__Mood=Imp|Number=Plur|Person=2|Tense=Pres|VerbForm=Fin",
      "VM__Mood=Imp|Number=Sing|Person=2|Tense=Pres|VerbForm=Fin",
      "VM__Mood=Ind|Number=Plur|Person=1|Tense=Fut|VerbForm=Fin",
      "VM__Mood=Ind|Number=Plur|Person=1|Tense=Imp|VerbForm=Fin",
      "VM__Mood=Ind|Number=Plur|Person=1|Tense=Pres|VerbForm=Fin",
      "VM__Mood=Ind|Number=Plur|Person=2|Tense=Fut|VerbForm=Fin",
      "VM__Mood=Ind|Number=Plur|Person=2|Tense=Pres|VerbForm=Fin",
      "VM__Mood=Ind|Number=Plur|Person=3|Tense=Fut|VerbForm=Fin",
      "VM__Mood=Ind|Number=Plur|Person=3|Tense=Imp|VerbForm=Fin",
      "VM__Mood=Ind|Number=Plur|Person=3|Tense=Past|VerbForm=Fin",
      "VM__Mood=Ind|Number=Plur|Person=3|Tense=Pres|VerbForm=Fin",
      "VM__Mood=Ind|Number=Sing|Person=1|Tense=Imp|VerbForm=Fin",
      "VM__Mood=Ind|Number=Sing|Person=1|Tense=Pres|VerbForm=Fin",
      "VM__Mood=Ind|Number=Sing|Person=2|Tense=Fut|VerbForm=Fin",
      "VM__Mood=Ind|Number=Sing|Person=2|Tense=Imp|VerbForm=Fin",
      "VM__Mood=Ind|Number=Sing|Person=2|Tense=Pres|VerbForm=Fin",
      "VM__Mood=Ind|Number=Sing|Person=3|Tense=Fut|VerbForm=Fin",
      "VM__Mood=Ind|Number=Sing|Person=3|Tense=Imp|VerbForm=Fin",
      "VM__Mood=Ind|Number=Sing|Person=3|Tense=Past|VerbForm=Fin",
      "VM__Mood=Ind|Number=Sing|Person=3|Tense=Pres|VerbForm=Fin",
      "VM__Mood=Sub|Number=Plur|Person=1|Tense=Imp|VerbForm=Fin",
      "VM__Mood=Sub|Number=Plur|Person=1|Tense=Pres|VerbForm=Fin",
      "VM__Mood=Sub|Number=Plur|Person=3|Tense=Imp|VerbForm=Fin",
      "VM__Mood=Sub|Number=Plur|Person=3|Tense=Pres|VerbForm=Fin",
      "VM__Mood=Sub|Number=Sing|Person=3|Tense=Imp|VerbForm=Fin",
      "VM__Mood=Sub|Number=Sing|Person=3|Tense=Pres|VerbForm=Fin",
      "VM__VerbForm=Ger",
      "VM__VerbForm=Inf",
      "V_B__Gender=Masc|Number=Sing|Tense=Past|VerbForm=Part",
      "V_B__VerbForm=Ger",
      "V_B__VerbForm=Inf",
      "V_PC_PC__Clitic=Yes|Gender=Fem|Number=Sing|Person=3|PronType=Prs|VerbForm=Inf",
      "V_PC_PC__Clitic=Yes|Gender=Masc|Number=Plur,Sing|Person=3|PronType=Prs|VerbForm=Inf",
      "V_PC_PC__Clitic=Yes|Gender=Masc|Number=Sing|Person=3|PronType=Prs|VerbForm=Ger",
      "V_PC_PC__Clitic=Yes|Gender=Masc|Number=Sing|Person=3|PronType=Prs|VerbForm=Inf",
      "V_PC_PC__Clitic=Yes|Mood=Imp|Number=Plur,Sing|Person=1,2|PronType=Prs|Tense=Pres|VerbForm=Fin",
      "V_PC_PC__Clitic=Yes|Number=Sing|Person=1|PronType=Prs|VerbForm=Inf",
      "V_PC_PC__Clitic=Yes|Person=3|PronType=Prs|VerbForm=Inf",
      "V_PC__Clitic=Yes|Gender=Fem,Masc|Number=Plur,Sing|Person=3|PronType=Prs|Tense=Past|VerbForm=Part",
      "V_PC__Clitic=Yes|Gender=Fem,Masc|Number=Sing|Person=3|PronType=Prs|Tense=Past|VerbForm=Part",
      "V_PC__Clitic=Yes|Gender=Fem|Mood=Imp|Number=Plur,Sing|Person=1,3|PronType=Prs|Tense=Pres|VerbForm=Fin",
      "V_PC__Clitic=Yes|Gender=Fem|Mood=Imp|Number=Plur|Person=1,3|PronType=Prs|Tense=Pres|VerbForm=Fin",
      "V_PC__Clitic=Yes|Gender=Fem|Mood=Imp|Number=Plur|Person=2,3|PronType=Prs|Tense=Pres|VerbForm=Fin",
      "V_PC__Clitic=Yes|Gender=Fem|Mood=Imp|Number=Sing|Person=2,3|PronType=Prs|Tense=Pres|VerbForm=Fin",
      "V_PC__Clitic=Yes|Gender=Fem|Number=Plur|Person=3|PronType=Prs|Tense=Past|VerbForm=Part",
      "V_PC__Clitic=Yes|Gender=Fem|Number=Plur|Person=3|PronType=Prs|VerbForm=Ger",
      "V_PC__Clitic=Yes|Gender=Fem|Number=Plur|Person=3|PronType=Prs|VerbForm=Inf",
      "V_PC__Clitic=Yes|Gender=Fem|Number=Sing|Person=3|PronType=Prs|Tense=Past|VerbForm=Part",
      "V_PC__Clitic=Yes|Gender=Fem|Number=Sing|Person=3|PronType=Prs|VerbForm=Ger",
      "V_PC__Clitic=Yes|Gender=Fem|Number=Sing|Person=3|PronType=Prs|VerbForm=Inf",
      "V_PC__Clitic=Yes|Gender=Fem|Person=3|PronType=Prs|VerbForm=Ger",
      "V_PC__Clitic=Yes|Gender=Fem|Person=3|PronType=Prs|VerbForm=Inf",
      "V_PC__Clitic=Yes|Gender=Masc|Mood=Imp|Number=Plur,Sing|Person=1,3|PronType=Prs|Tense=Pres|VerbForm=Fin",
      "V_PC__Clitic=Yes|Gender=Masc|Mood=Imp|Number=Plur,Sing|Person=2,3|PronType=Prs|Tense=Pres|VerbForm=Fin",
      "V_PC__Clitic=Yes|Gender=Masc|Mood=Imp|Number=Plur|Person=1,3|PronType=Prs|Tense=Pres|VerbForm=Fin",
      "V_PC__Clitic=Yes|Gender=Masc|Mood=Imp|Number=Plur|Person=2,3|PronType=Prs|Tense=Pres|VerbForm=Fin",
      "V_PC__Clitic=Yes|Gender=Masc|Mood=Imp|Number=Sing|Person=2,3|PronType=Prs|Tense=Pres|VerbForm=Fin",
      "V_PC__Clitic=Yes|Gender=Masc|Number=Plur,Sing|Person=3|PronType=Prs|Tense=Past|VerbForm=Part",
      "V_PC__Clitic=Yes|Gender=Masc|Number=Plur|Person=3|PronType=Prs|Tense=Past|VerbForm=Part",
      "V_PC__Clitic=Yes|Gender=Masc|Number=Plur|Person=3|PronType=Prs|VerbForm=Ger",
      "V_PC__Clitic=Yes|Gender=Masc|Number=Plur|Person=3|PronType=Prs|VerbForm=Inf",
      "V_PC__Clitic=Yes|Gender=Masc|Number=Sing|Person=3|PronType=Prs|Tense=Past|VerbForm=Part",
      "V_PC__Clitic=Yes|Gender=Masc|Number=Sing|Person=3|PronType=Prs|VerbForm=Ger",
      "V_PC__Clitic=Yes|Gender=Masc|Number=Sing|Person=3|PronType=Prs|VerbForm=Inf",
      "V_PC__Clitic=Yes|Mood=Imp|Number=Plur,Sing|Person=1,2|PronType=Prs|Tense=Pres|VerbForm=Fin",
      "V_PC__Clitic=Yes|Mood=Imp|Number=Plur|Person=1,2|PronType=Prs|Tense=Pres|VerbForm=Fin",
      "V_PC__Clitic=Yes|Mood=Imp|Number=Plur|Person=1|PronType=Prs|Tense=Pres|VerbForm=Fin",
      "V_PC__Clitic=Yes|Mood=Imp|Number=Sing|Person=2|PronType=Prs|Tense=Pres|VerbForm=Fin",
      "V_PC__Clitic=Yes|Mood=Ind|Number=Plur|Person=1|PronType=Prs|Tense=Pres|VerbForm=Fin",
      "V_PC__Clitic=Yes|Mood=Ind|Number=Sing|Person=1,3|PronType=Prs|Tense=Past|VerbForm=Fin",
      "V_PC__Clitic=Yes|Mood=Ind|Number=Sing|Person=3|PronType=Prs|Tense=Pres|VerbForm=Fin",
      "V_PC__Clitic=Yes|Mood=Sub|Number=Plur|Person=1|PronType=Prs|Tense=Pres|VerbForm=Fin",
      "V_PC__Clitic=Yes|Number=Plur|Person=1|PronType=Prs|VerbForm=Ger",
      "V_PC__Clitic=Yes|Number=Plur|Person=1|PronType=Prs|VerbForm=Inf",
      "V_PC__Clitic=Yes|Number=Plur|Person=2|PronType=Prs|VerbForm=Ger",
      "V_PC__Clitic=Yes|Number=Plur|Person=2|PronType=Prs|VerbForm=Inf",
      "V_PC__Clitic=Yes|Number=Plur|PronType=Prs|VerbForm=Inf",
      "V_PC__Clitic=Yes|Number=Sing|Person=1|PronType=Prs|VerbForm=Ger",
      "V_PC__Clitic=Yes|Number=Sing|Person=1|PronType=Prs|VerbForm=Inf",
      "V_PC__Clitic=Yes|Number=Sing|Person=2|PronType=Prs|VerbForm=Ger",
      "V_PC__Clitic=Yes|Number=Sing|Person=2|PronType=Prs|VerbForm=Inf",
      "V_PC__Clitic=Yes|Person=3|PronType=Prs|VerbForm=Ger",
      "V_PC__Clitic=Yes|Person=3|PronType=Prs|VerbForm=Inf",
      "V_PC__Clitic=Yes|PronType=Prs|VerbForm=Ger",
      "V_PC__Clitic=Yes|PronType=Prs|VerbForm=Inf",
      "V__Gender=Fem|Number=Plur|Tense=Past|VerbForm=Fin",
      "V__Gender=Fem|Number=Plur|Tense=Past|VerbForm=Part",
      "V__Gender=Fem|Number=Sing|Tense=Past|VerbForm=Part",
      "V__Gender=Masc|Number=Plur|Tense=Past|VerbForm=Fin",
      "V__Gender=Masc|Number=Plur|Tense=Past|VerbForm=Part",
      "V__Gender=Masc|Number=Sing|Tense=Past|VerbForm=Part",
      "V__Mood=Cnd|Number=Plur|Person=1|Tense=Pres|VerbForm=Fin",
      "V__Mood=Cnd|Number=Plur|Person=2|Tense=Pres|VerbForm=Fin",
      "V__Mood=Cnd|Number=Plur|Person=3|Tense=Pres|VerbForm=Fin",
      "V__Mood=Cnd|Number=Sing|Person=1|Tense=Pres|VerbForm=Fin",
      "V__Mood=Cnd|Number=Sing|Person=2|Tense=Pres|VerbForm=Fin",
      "V__Mood=Cnd|Number=Sing|Person=3|Tense=Pres|VerbForm=Fin",
      "V__Mood=Imp|Number=Plur|Person=2",
      "V__Mood=Imp|Number=Plur|Person=2|Tense=Pres|VerbForm=Fin",
      "V__Mood=Imp|Number=Sing|Person=2|Tense=Pres|VerbForm=Fin",
      "V__Mood=Imp|Number=Sing|Person=3|Tense=Pres|VerbForm=Fin",
      "V__Mood=Ind|Number=Plur|Person=1|Tense=Fut|VerbForm=Fin",
      "V__Mood=Ind|Number=Plur|Person=1|Tense=Imp|VerbForm=Fin",
      "V__Mood=Ind|Number=Plur|Person=1|Tense=Past|VerbForm=Fin",
      "V__Mood=Ind|Number=Plur|Person=1|Tense=Pres|VerbForm=Fin",
      "V__Mood=Ind|Number=Plur|Person=2|Tense=Fut|VerbForm=Fin",
      "V__Mood=Ind|Number=Plur|Person=2|Tense=Pres|VerbForm=Fin",
      "V__Mood=Ind|Number=Plur|Person=3|Tense=Fut|VerbForm=Fin",
      "V__Mood=Ind|Number=Plur|Person=3|Tense=Imp|VerbForm=Fin",
      "V__Mood=Ind|Number=Plur|Person=3|Tense=Past|VerbForm=Fin",
      "V__Mood=Ind|Number=Plur|Person=3|Tense=Pres|VerbForm=Fin",
      "V__Mood=Ind|Number=Sing|Person=1|Tense=Fut|VerbForm=Fin",
      "V__Mood=Ind|Number=Sing|Person=1|Tense=Imp|VerbForm=Fin",
      "V__Mood=Ind|Number=Sing|Person=1|Tense=Past|VerbForm=Fin",
      "V__Mood=Ind|Number=Sing|Person=1|Tense=Pres|VerbForm=Fin",
      "V__Mood=Ind|Number=Sing|Person=2|Tense=Fut|VerbForm=Fin",
      "V__Mood=Ind|Number=Sing|Person=2|Tense=Pres|VerbForm=Fin",
      "V__Mood=Ind|Number=Sing|Person=3|Tense=Fut|VerbForm=Fin",
      "V__Mood=Ind|Number=Sing|Person=3|Tense=Imp|VerbForm=Fin",
      "V__Mood=Ind|Number=Sing|Person=3|Tense=Past|VerbForm=Fin",
      "V__Mood=Ind|Number=Sing|Person=3|Tense=Pres|VerbForm=Fin",
      "V__Mood=Ind|Person=3|Tense=Pres|VerbForm=Fin",
      "V__Mood=Ind|Tense=Pres|VerbForm=Fin",
      "V__Mood=Sub|Number=Plur|Person=1|Tense=Imp|VerbForm=Fin",
      "V__Mood=Sub|Number=Plur|Person=1|Tense=Pres|VerbForm=Fin",
      "V__Mood=Sub|Number=Plur|Person=2|Tense=Imp|VerbForm=Fin",
      "V__Mood=Sub|Number=Plur|Person=2|Tense=Pres|VerbForm=Fin",
      "V__Mood=Sub|Number=Plur|Person=3|Tense=Imp|VerbForm=Fin",
      "V__Mood=Sub|Number=Plur|Person=3|Tense=Pres|VerbForm=Fin",
      "V__Mood=Sub|Number=Sing|Person=1|Tense=Imp|VerbForm=Fin",
      "V__Mood=Sub|Number=Sing|Person=2|Tense=Pres|VerbForm=Fin",
      "V__Mood=Sub|Number=Sing|Person=3|Tense=Imp|VerbForm=Fin",
      "V__Mood=Sub|Number=Sing|Person=3|Tense=Pres|VerbForm=Fin",
      "V__Mood=Sub|Number=Sing|Person=3|VerbForm=Fin",
      "V__Number=Plur|Tense=Pres|VerbForm=Part",
      "V__Number=Sing|Tense=Pres|VerbForm=Part",
      "V__Tense=Past|VerbForm=Part",
      "V__VerbForm=Ger",
      "V__VerbForm=Inf",
      "X",
      "_SP"
    ],
    "parser": [
      "ROOT",
      "acl",
      "acl:relcl",
      "advcl",
      "advmod",
      "amod",
      "appos",
      "aux",
      "aux:pass",
      "case",
      "cc",
      "ccomp",
      "compound",
      "conj",
      "cop",
      "csubj",
      "dep",
      "det",
      "det:poss",
      "det:predet",
      "discourse",
      "expl",
      "expl:impers",
      "expl:pass",
      "fixed",
      "flat",
      "flat:foreign",
      "flat:name",
      "iobj",
      "mark",
      "nmod",
      "nsubj",
      "nsubj:pass",
      "nummod",
      "obj",
      "obl",
      "obl:agent",
      "parataxis",
      "punct",
      "vocative",
      "xcomp"
    ],
    "ner": [
      "LOC",
      "MISC",
      "ORG",
      "PER"
    ]
  },
  "vectors": {
    "width": 300,
    "vectors": 20000,
    "keys": 500000,
    "name": "it_core_news_md.vectors"
  },
  "size": "43 MB",
  "checksum": "bc34cb6ab5fe5e5e15e102777e86f7c6aaf0bcbf887120d1908607cc37813105"
}