{
  "lang": "it",
  "name": "core_news_lg",
  "version": "3.0.0",
  "description": "Italian pipeline optimized for CPU. Components: tok2vec, morphologizer, tagger, parser, senter, ner, attribute_ruler, lemmatizer.",
  "author": "Explosion",
  "email": "contact@explosion.ai",
  "url": "https://explosion.ai",
  "license": "CC BY-NC-SA 3.0",
  "spacy_version": ">=3.0.0,<3.1.0",
  "spacy_git_version": "e7db07a0b",
  "vectors": {
    "width": 300,
    "vectors": 500000,
    "keys": 500000,
    "name": "it_vectors"
  },
  "labels": {
    "tok2vec": [],
    "morphologizer": [
      "POS=PROPN",
      "POS=PUNCT",
      "Gender=Masc|POS=NOUN",
      "Definite=Def|Gender=Fem|Number=Sing|POS=ADP|PronType=Art",
      "Gender=Fem|Number=Sing|POS=NOUN",
      "Gender=Masc|Number=Sing|POS=ADJ",
      "Gender=Masc|Number=Sing|POS=NOUN",
      "Definite=Ind|Gender=Fem|Number=Sing|POS=DET|PronType=Art",
      "Mood=Ind|Number=Sing|POS=AUX|Person=3|Tense=Pres|VerbForm=Fin",
      "Gender=Masc|Number=Sing|POS=AUX|Tense=Past|VerbForm=Part",
      "POS=AUX|VerbForm=Inf",
      "Gender=Fem|Number=Sing|POS=VERB|Tense=Past|VerbForm=Part",
      "POS=ADP",
      "Gender=Fem|Number=Sing|POS=ADJ",
      "POS=PRON|PronType=Rel",
      "Mood=Ind|Number=Sing|POS=VERB|Person=3|Tense=Pres|VerbForm=Fin",
      "Definite=Def|Gender=Masc|Number=Plur|POS=DET|PronType=Art",
      "Gender=Masc|Number=Plur|POS=NOUN",
      "Definite=Def|Gender=Fem|Number=Sing|POS=DET|PronType=Art",
      "Gender=Masc|Number=Sing|POS=PRON|PronType=Ind",
      "Definite=Def|Gender=Masc|Number=Plur|POS=ADP|PronType=Art",
      "Number=Plur|POS=ADJ",
      "Mood=Ind|Number=Plur|POS=VERB|Person=3|Tense=Pres|VerbForm=Fin",
      "Definite=Def|Number=Sing|POS=DET|PronType=Art",
      "Mood=Ind|Number=Plur|POS=AUX|Person=3|Tense=Pres|VerbForm=Fin",
      "Gender=Masc|Number=Sing|POS=VERB|Tense=Past|VerbForm=Part",
      "POS=VERB|VerbForm=Inf",
      "Definite=Ind|Gender=Masc|Number=Sing|POS=DET|PronType=Art",
      "Number=Sing|POS=ADJ",
      "POS=CCONJ",
      "NumType=Card|POS=NUM",
      "Definite=Def|Gender=Masc|Number=Sing|POS=ADP|PronType=Art",
      "Definite=Def|Gender=Fem|Number=Plur|POS=ADP|PronType=Art",
      "Gender=Fem|Number=Plur|POS=NOUN",
      "Clitic=Yes|POS=PRON|Person=3|PronType=Prs",
      "Gender=Fem|Number=Plur|POS=ADJ",
      "Gender=Fem|Number=Plur|POS=DET|Poss=Yes|PronType=Prs",
      "Gender=Masc|Number=Plur|POS=ADJ",
      "Definite=Def|Number=Sing|POS=ADP|PronType=Art",
      "Definite=Def|Gender=Masc|Number=Sing|POS=DET|PronType=Art",
      "Gender=Masc|NumType=Ord|Number=Sing|POS=ADJ",
      "POS=ADV",
      "POS=NOUN",
      "Number=Sing|POS=NOUN",
      "POS=VERB|VerbForm=Ger",
      "Gender=Masc|Number=Sing|POS=DET|Poss=Yes|PronType=Prs",
      "POS=INTJ",
      "Clitic=Yes|Number=Sing|POS=PRON|Person=2|PronType=Prs",
      "Mood=Ind|Number=Sing|POS=AUX|Person=1|Tense=Pres|VerbForm=Fin",
      "Gender=Fem|Number=Sing|POS=AUX|Tense=Past|VerbForm=Part",
      "Definite=Def|Gender=Fem|Number=Plur|POS=DET|PronType=Art",
      "Mood=Ind|Number=Sing|POS=VERB|Person=3|Tense=Imp|VerbForm=Fin",
      "Gender=Fem|POS=NOUN",
      "Gender=Fem|Number=Plur|POS=VERB|Tense=Past|VerbForm=Part",
      "Gender=Fem|Number=Sing|POS=DET|PronType=Tot",
      "Mood=Cnd|Number=Sing|POS=AUX|Person=3|Tense=Pres|VerbForm=Fin",
      "Mood=Cnd|Number=Plur|POS=AUX|Person=3|Tense=Pres|VerbForm=Fin",
      "Gender=Masc|Number=Plur|POS=PRON|PronType=Ind",
      "Number=Plur|POS=PRON|Person=3|PronType=Prs",
      "Mood=Ind|Number=Plur|POS=AUX|Person=3|Tense=Imp|VerbForm=Fin",
      "Gender=Masc|Number=Plur|POS=VERB|Tense=Past|VerbForm=Part",
      "Number=Plur|POS=NOUN",
      "POS=SCONJ",
      "Number=Sing|POS=DET|PronType=Ind",
      "POS=ADV|PronType=Neg",
      "Clitic=Yes|POS=VERB|PronType=Prs|VerbForm=Inf",
      "Gender=Fem|Number=Plur|POS=AUX|Tense=Past|VerbForm=Part",
      "Gender=Fem|Number=Plur|POS=DET|PronType=Ind",
      "Gender=Fem|Number=Sing|POS=PRON|PronType=Ind",
      "POS=ADJ",
      "Number=Sing|POS=PRON|PronType=Rel",
      "Gender=Fem|NumType=Ord|Number=Sing|POS=ADJ",
      "Number=Sing|POS=PRON|PronType=Ind",
      "Gender=Masc|Number=Sing|POS=PRON|Person=3|PronType=Prs",
      "Gender=Masc|Number=Plur|POS=AUX|Tense=Past|VerbForm=Part",
      "Clitic=Yes|POS=VERB|Person=3|PronType=Prs|VerbForm=Ger",
      "Mood=Ind|Number=Sing|POS=AUX|Person=3|Tense=Imp|VerbForm=Fin",
      "Mood=Ind|Number=Plur|POS=VERB|Person=3|Tense=Imp|VerbForm=Fin",
      "POS=DET|Poss=Yes|PronType=Prs",
      "Gender=Masc|Number=Plur|POS=DET|Poss=Yes|PronType=Prs",
      "Mood=Sub|Number=Sing|POS=AUX|Person=3|Tense=Pres|VerbForm=Fin",
      "Gender=Masc|Number=Plur|POS=DET|PronType=Ind",
      "Gender=Masc|Number=Sing|POS=PRON|PronType=Dem",
      "Mood=Ind|Number=Sing|POS=VERB|Person=3|Tense=Past|VerbForm=Fin",
      "Clitic=Yes|Gender=Masc|Number=Plur|POS=VERB|Person=3|PronType=Prs|VerbForm=Ger",
      "Gender=Fem|Number=Sing|POS=DET|Poss=Yes|PronType=Prs",
      "Gender=Masc|Number=Sing|POS=DET|PronType=Dem",
      "Clitic=Yes|Gender=Masc|Number=Sing|POS=VERB|Person=3|PronType=Prs|VerbForm=Inf",
      "Clitic=Yes|POS=PRON|PronType=Prs",
      "Gender=Masc|Number=Plur|POS=DET|PronType=Tot",
      "Clitic=Yes|Gender=Masc|Number=Plur|POS=PRON|Person=3|PronType=Prs",
      "Clitic=Yes|Number=Sing|POS=PRON|Person=1|PronType=Prs",
      "Degree=Cmp|Number=Plur|POS=ADJ",
      "Clitic=Yes|Gender=Masc|Number=Plur|POS=VERB|Person=3|PronType=Prs|VerbForm=Inf",
      "Number=Sing|POS=PRON|Person=3|PronType=Prs",
      "Degree=Cmp|Number=Sing|POS=ADJ",
      "Gender=Masc|Number=Plur|POS=DET|PronType=Dem",
      "Degree=Abs|POS=ADV",
      "Clitic=Yes|Gender=Fem|Number=Sing|POS=VERB|Person=3|PronType=Prs|VerbForm=Inf",
      "Mood=Cnd|Number=Plur|POS=VERB|Person=3|Tense=Pres|VerbForm=Fin",
      "Clitic=Yes|Gender=Masc|Number=Sing|POS=AUX|Person=3|PronType=Prs|VerbForm=Inf",
      "Gender=Fem|Number=Sing|POS=DET|PronType=Dem",
      "POS=DET|PronType=Exc",
      "Number=Plur|POS=PRON|Person=1|PronType=Prs",
      "Mood=Ind|Number=Plur|POS=AUX|Person=1|Tense=Pres|VerbForm=Fin",
      "Clitic=Yes|Number=Plur|POS=PRON|Person=1|PronType=Prs",
      "Mood=Ind|Number=Plur|POS=VERB|Person=1|Tense=Pres|VerbForm=Fin",
      "Mood=Ind|Number=Plur|POS=VERB|Person=3|Tense=Past|VerbForm=Fin",
      "Mood=Ind|Number=Sing|POS=VERB|Person=1|Tense=Past|VerbForm=Fin",
      "Number=Sing|POS=DET|PronType=Dem",
      "Mood=Ind|Number=Sing|POS=AUX|Person=3|Tense=Past|VerbForm=Fin",
      "Mood=Ind|Number=Sing|POS=VERB|Person=3|Tense=Fut|VerbForm=Fin",
      "Gender=Fem|NumType=Ord|Number=Plur|POS=ADJ",
      "Mood=Sub|Number=Sing|POS=VERB|Person=3|Tense=Imp|VerbForm=Fin",
      "Mood=Ind|Number=Plur|POS=AUX|Person=3|Tense=Past|VerbForm=Fin",
      "Number=Sing|POS=DET|PronType=Int",
      "POS=PRON|PronType=Int",
      "Clitic=Yes|Gender=Masc|Number=Sing|POS=PRON|Person=3|PronType=Prs",
      "Mood=Ind|Number=Plur|POS=VERB|Person=1|Tense=Past|VerbForm=Fin",
      "Mood=Sub|Number=Plur|POS=VERB|Person=3|Tense=Pres|VerbForm=Fin",
      "Gender=Fem|Number=Plur|POS=PRON|PronType=Ind",
      "Mood=Ind|Number=Sing|POS=AUX|Person=3|Tense=Fut|VerbForm=Fin",
      "Foreign=Yes|POS=X",
      "Mood=Sub|Number=Sing|POS=VERB|Person=3|Tense=Pres|VerbForm=Fin",
      "Clitic=Yes|POS=VERB|Person=3|PronType=Prs|VerbForm=Inf",
      "Clitic=Yes|POS=AUX|Person=3|PronType=Prs|VerbForm=Inf",
      "Clitic=Yes|Gender=Masc|Mood=Imp|Number=Plur,Sing|POS=VERB|Person=1,3|PronType=Prs|Tense=Pres|VerbForm=Fin",
      "Mood=Sub|Number=Sing|POS=AUX|Person=3|Tense=Imp|VerbForm=Fin",
      "Gender=Fem|Number=Sing|POS=PRON|Poss=Yes|PronType=Prs",
      "Number=Plur|POS=VERB|Tense=Pres|VerbForm=Part",
      "POS=INTJ|Polarity=Neg",
      "Mood=Ind|Number=Sing|POS=AUX|Person=1|Tense=Imp|VerbForm=Fin",
      "Number=Plur|POS=PRON|PronType=Rel",
      "Mood=Sub|Number=Plur|POS=VERB|Person=3|Tense=Imp|VerbForm=Fin",
      "Gender=Fem|Number=Sing|POS=DET|PronType=Ind",
      "Gender=Fem|Number=Sing|POS=PRON|PronType=Dem",
      "Mood=Sub|Number=Plur|POS=AUX|Person=3|Tense=Pres|VerbForm=Fin",
      "Gender=Fem|Number=Plur|POS=DET|PronType=Dem",
      "Gender=Masc|Number=Plur|POS=PRON|PronType=Rel",
      "Clitic=Yes|Number=Plur|POS=VERB|Person=1|PronType=Prs|VerbForm=Ger",
      "POS=INTJ|Polarity=Pos",
      "Gender=Fem|Number=Sing|POS=PRON|Person=3|PronType=Prs",
      "Gender=Fem|Number=Sing|POS=DET|PronType=Int",
      "POS=DET|PronType=Int",
      "Gender=Masc|NumType=Ord|Number=Plur|POS=ADJ",
      "Gender=Fem|Number=Plur|POS=DET|PronType=Int",
      "Mood=Cnd|Number=Plur|POS=AUX|Person=1|Tense=Pres|VerbForm=Fin",
      "POS=PRON|Person=3|PronType=Prs",
      "Degree=Abs|Gender=Masc|Number=Plur|POS=ADJ",
      "Gender=Masc|Number=Sing|POS=DET|PronType=Ind",
      "Number=Sing|POS=PRON|Person=1|PronType=Prs",
      "Gender=Masc|Number=Plur|POS=PRON|PronType=Dem",
      "Clitic=Yes|Number=Sing|POS=PRON|Person=3|PronType=Prs",
      "Clitic=Yes|Gender=Fem|POS=VERB|Person=3|PronType=Prs|VerbForm=Inf",
      "Clitic=Yes|Gender=Fem|POS=PRON|Person=3|PronType=Prs",
      "Mood=Ind|Number=Plur|POS=VERB|Person=1|Tense=Fut|VerbForm=Fin",
      "Degree=Abs|Gender=Fem|Number=Sing|POS=ADJ",
      "Gender=Masc|Number=Sing|POS=DET|PronType=Tot",
      "Clitic=Yes|POS=AUX|PronType=Prs|VerbForm=Inf",
      "Gender=Fem|Number=Plur|POS=DET|PronType=Tot",
      "Mood=Ind|Number=Sing|POS=VERB|Person=1|Tense=Pres|VerbForm=Fin",
      "Gender=Fem|Number=Plur|POS=PRON|PronType=Dem",
      "Degree=Abs|Gender=Masc|Number=Sing|POS=ADJ",
      "NumType=Ord|POS=ADJ",
      "POS=DET|PronType=Rel",
      "Gender=Masc|Number=Sing|POS=PRON|PronType=Rel",
      "Gender=Masc|Number=Plur|POS=PRON|Poss=Yes|PronType=Prs",
      "Mood=Ind|Number=Plur|POS=VERB|Person=2|Tense=Pres|VerbForm=Fin",
      "Mood=Imp|Number=Plur|POS=VERB|Person=2|Tense=Pres|VerbForm=Fin",
      "Clitic=Yes|Gender=Fem|Number=Sing|POS=PRON|Person=3|PronType=Prs",
      "Number=Sing|POS=PRON|Person=2|PronType=Prs",
      "Mood=Cnd|Number=Sing|POS=VERB|Person=3|Tense=Pres|VerbForm=Fin",
      "Mood=Ind|Number=Sing|POS=VERB|Person=2|Tense=Pres|VerbForm=Fin",
      "Mood=Ind|Number=Sing|POS=VERB|Person=1|Tense=Fut|VerbForm=Fin",
      "Mood=Ind|Number=Sing|POS=AUX|Person=2|Tense=Pres|VerbForm=Fin",
      "Mood=Ind|Number=Plur|POS=AUX|Person=2|Tense=Pres|VerbForm=Fin",
      "Clitic=Yes|Number=Plur|POS=PRON|Person=2|PronType=Prs",
      "Clitic=Yes|Number=Sing|POS=VERB|Person=1|PronType=Prs|VerbForm=Inf",
      "Mood=Imp|Number=Sing|POS=VERB|Person=2|Tense=Pres|VerbForm=Fin",
      "Mood=Ind|Number=Sing|POS=AUX|Person=1|Tense=Fut|VerbForm=Fin",
      "Mood=Ind|Number=Plur|POS=VERB|Person=2|Tense=Fut|VerbForm=Fin",
      "Mood=Ind|Number=Plur|POS=VERB|Person=3|Tense=Fut|VerbForm=Fin",
      "Mood=Cnd|Number=Sing|POS=VERB|Person=1|Tense=Pres|VerbForm=Fin",
      "Clitic=Yes|POS=VERB|PronType=Prs|VerbForm=Ger",
      "Mood=Ind|Number=Sing|POS=VERB|Person=1|Tense=Imp|VerbForm=Fin",
      "Mood=Ind|Number=Plur|POS=AUX|Person=1|Tense=Imp|VerbForm=Fin",
      "Mood=Cnd|Number=Sing|POS=AUX|Person=1|Tense=Pres|VerbForm=Fin",
      "Clitic=Yes|Gender=Masc|Number=Plur|POS=VERB|Person=3|PronType=Prs|Tense=Past|VerbForm=Part",
      "Number=Sing|POS=PRON|PronType=Int",
      "Mood=Ind|Number=Sing|POS=AUX|Person=2|Tense=Imp|VerbForm=Fin",
      "Mood=Ind|Number=Plur|POS=VERB|Person=1|Tense=Imp|VerbForm=Fin",
      "Number=Plur|POS=PRON|Person=2|PronType=Prs",
      "Clitic=Yes|Number=Plur|POS=VERB|Person=2|PronType=Prs|VerbForm=Inf",
      "Clitic=Yes|Number=Plur|POS=VERB|Person=1|PronType=Prs|VerbForm=Inf",
      "Mood=Sub|Number=Plur|POS=AUX|Person=3|Tense=Imp|VerbForm=Fin",
      "Mood=Ind|Number=Plur|POS=AUX|Person=2|Tense=Fut|VerbForm=Fin",
      "Mood=Ind|Number=Plur|POS=AUX|Person=3|Tense=Fut|VerbForm=Fin",
      "Definite=Def|POS=DET|PronType=Art",
      "Mood=Sub|Number=Sing|POS=VERB|Person=2|Tense=Pres|VerbForm=Fin",
      "POS=SYM",
      "Clitic=Yes|Mood=Imp|Number=Sing|POS=VERB|Person=2|PronType=Prs|Tense=Pres|VerbForm=Fin",
      "Clitic=Yes|Gender=Masc|Mood=Imp|Number=Sing|POS=VERB|Person=2,3|PronType=Prs|Tense=Pres|VerbForm=Fin",
      "Mood=Ind|Number=Sing|POS=VERB|Person=2|Tense=Fut|VerbForm=Fin",
      "Clitic=Yes|Gender=Fem|POS=VERB|Person=3|PronType=Prs|VerbForm=Ger",
      "Degree=Abs|Gender=Fem|Number=Plur|POS=ADJ",
      "Number=Sing|POS=PRON|PronType=Dem",
      "POS=AUX|VerbForm=Ger",
      "Gender=Masc|Number=Sing|POS=PRON|Poss=Yes|PronType=Prs",
      "Clitic=Yes|Gender=Masc|Number=Sing|POS=PRON|Person=3|PronType=Prs|VerbForm=Inf",
      "POS=PRON|PronType=Ind",
      "Clitic=Yes|Mood=Imp|Number=Plur|POS=VERB|Person=1|PronType=Prs|Tense=Pres|VerbForm=Fin",
      "POS=X",
      "Gender=Masc|POS=ADJ",
      "Clitic=Yes|Gender=Fem|Number=Sing|POS=AUX|Person=3|PronType=Prs|VerbForm=Inf",
      "Gender=Fem|Number=Plur|POS=PRON|Person=3|PronType=Prs",
      "Gender=Masc|Number=Plur|POS=PRON|Person=3|PronType=Prs",
      "Mood=Cnd|Number=Sing|POS=VERB|Person=2|Tense=Pres|VerbForm=Fin",
      "Clitic=Yes|Number=Sing|POS=VERB|Person=2|PronType=Prs|VerbForm=Inf",
      "Clitic=Yes|Gender=Fem|Number=Sing|POS=VERB|Person=3|PronType=Prs|Tense=Past|VerbForm=Part",
      "Mood=Sub|Number=Plur|POS=VERB|Person=2|Tense=Imp|VerbForm=Fin",
      "POS=PART",
      "Number=Sing|POS=VERB|Tense=Pres|VerbForm=Part",
      "NumType=Ord|Number=Sing|POS=ADJ",
      "Number=Plur|POS=DET|PronType=Int",
      "Clitic=Yes|Mood=Sub|Number=Plur|POS=VERB|Person=1|PronType=Prs|Tense=Pres|VerbForm=Fin",
      "Number=Plur|POS=DET|PronType=Rel",
      "Mood=Sub|Number=Sing|POS=VERB|Person=1|Tense=Imp|VerbForm=Fin",
      "Clitic=Yes|Gender=Fem|Number=Sing|POS=VERB|Person=3|PronType=Prs|VerbForm=Ger",
      "Clitic=Yes|Gender=Masc|Number=Sing|POS=VERB|Person=3|PronType=Prs|VerbForm=Ger",
      "Clitic=Yes|Number=Sing|POS=VERB|Person=1|PronType=Prs|VerbForm=Ger",
      "Clitic=Yes|Number=Sing|POS=AUX|Person=1|PronType=Prs|VerbForm=Ger",
      "Clitic=Yes|Gender=Masc|Number=Plur|POS=AUX|Person=3|PronType=Prs|VerbForm=Inf",
      "Clitic=Yes|Mood=Imp|Number=Plur,Sing|POS=VERB|Person=1,2|PronType=Prs|Tense=Pres|VerbForm=Fin",
      "Mood=Imp|Number=Plur|POS=AUX|Person=2|Tense=Pres|VerbForm=Fin",
      "NumType=Range|POS=NUM",
      "Number=Plur|POS=PRON|PronType=Dem",
      "POS=VERB|Tense=Past|VerbForm=Part",
      "Clitic=Yes|POS=ADV|PronType=Prs",
      "Clitic=Yes|Mood=Ind|Number=Plur|POS=VERB|Person=1|PronType=Prs|Tense=Pres|VerbForm=Fin",
      "Gender=Masc|POS=PRON|PronType=Rel",
      "Clitic=Yes|Gender=Masc|Mood=Imp|Number=Plur,Sing|POS=VERB|Person=2,3|PronType=Prs|Tense=Pres|VerbForm=Fin",
      "Clitic=Yes|Number=Sing|POS=AUX|Person=2|PronType=Prs|VerbForm=Inf",
      "Clitic=Yes|Number=Sing|POS=VERB|Person=2|PronType=Prs|VerbForm=Ger",
      "Mood=Imp|Number=Sing|POS=AUX|Person=2|Tense=Pres|VerbForm=Fin",
      "Clitic=Yes|Gender=Fem|Mood=Imp|Number=Sing|POS=VERB|Person=2,3|PronType=Prs|Tense=Pres|VerbForm=Fin",
      "Mood=Sub|Number=Plur|POS=AUX|Person=1|Tense=Imp|VerbForm=Fin",
      "Mood=Ind|Number=Sing|POS=AUX|Person=1|Tense=Past|VerbForm=Fin",
      "Clitic=Yes|Gender=Masc|Number=Sing|POS=VERB|Person=3|PronType=Prs|Tense=Past|VerbForm=Part",
      "Clitic=Yes|Gender=Masc|Number=Plur,Sing|POS=VERB|Person=3|PronType=Prs|VerbForm=Inf",
      "Definite=Ind|POS=DET|PronType=Art",
      "Clitic=Yes|Gender=Fem,Masc|Number=Sing|POS=VERB|Person=3|PronType=Prs|Tense=Past|VerbForm=Part",
      "Definite=Ind|Gender=Masc|Number=Plur|POS=DET|PronType=Art",
      "Definite=Def|Number=Plur|POS=ADP|PronType=Art",
      "Clitic=Yes|Gender=Fem|Number=Plur|POS=VERB|Person=3|PronType=Prs|VerbForm=Inf",
      "POS=DET|PronType=Ind",
      "Number=Plur|POS=DET|PronType=Dem",
      "Clitic=Yes|Gender=Fem|Number=Plur|POS=PRON|Person=3|PronType=Prs",
      "Number=Plur|POS=DET|PronType=Tot",
      "Clitic=Yes|POS=AUX|Person=3|PronType=Prs|VerbForm=Ger",
      "Number=Plur|POS=PRON|PronType=Ind",
      "Clitic=Yes|Gender=Fem,Masc|Number=Plur,Sing|POS=VERB|Person=3|PronType=Prs|Tense=Past|VerbForm=Part",
      "Clitic=Yes|Number=Plur|POS=VERB|PronType=Prs|VerbForm=Inf",
      "Number=Plur|POS=PRON|Poss=Yes|PronType=Prs",
      "Number=Sing|POS=PRON|Poss=Yes|PronType=Prs",
      "Clitic=Yes|Gender=Masc|Number=Sing|POS=ADV|Person=3|PronType=Prs",
      "Clitic=Yes|Mood=Imp|Number=Plur|POS=VERB|Person=1,2|PronType=Prs|Tense=Pres|VerbForm=Fin",
      "Clitic=Yes|Gender=Fem|Number=Plur|POS=VERB|Person=3|PronType=Prs|Tense=Past|VerbForm=Part",
      "Mood=Sub|Number=Sing|POS=AUX|Person=1|Tense=Imp|VerbForm=Fin",
      "Mood=Cnd|Number=Plur|POS=AUX|Person=2|Tense=Pres|VerbForm=Fin",
      "Mood=Cnd|Number=Plur|POS=VERB|Person=2|Tense=Pres|VerbForm=Fin",
      "Clitic=Yes|Gender=Fem|Number=Plur|POS=ADV|Person=3|PronType=Prs",
      "POS=DET|PronType=Tot",
      "POS=PRON|PronType=Dem",
      "Clitic=Yes|Gender=Masc|Mood=Imp|Number=Plur|POS=VERB|Person=2,3|PronType=Prs|Tense=Pres|VerbForm=Fin",
      "Definite=Ind|Number=Sing|POS=DET|PronType=Art",
      "NumType=Ord|POS=NUM",
      "Clitic=Yes|Gender=Fem|Number=Plur|POS=VERB|Person=3|PronType=Prs|VerbForm=Ger",
      "Gender=Masc|POS=DET|PronType=Dem",
      "Clitic=Yes|Gender=Masc|Number=Plur,Sing|POS=VERB|Person=3|PronType=Prs|Tense=Past|VerbForm=Part",
      "Gender=Masc|Number=Sing|POS=NOUN|Tense=Past|VerbForm=Part",
      "Gender=Masc|Number=Plur|POS=DET|PronType=Int",
      "Gender=Masc|Number=Plur|POS=PRON|PronType=Int",
      "Gender=Fem|Number=Plur|POS=PRON|PronType=Int",
      "Mood=Imp|Number=Sing|POS=VERB|Person=3|Tense=Pres|VerbForm=Fin",
      "Gender=Masc|Number=Sing|POS=DET|PronType=Int",
      "Gender=Fem|Number=Sing|POS=PRON|PronType=Int",
      "Number=Plur|POS=PRON|PronType=Int",
      "Mood=Cnd|Number=Sing|POS=AUX|Person=2|Tense=Pres|VerbForm=Fin",
      "Gender=Masc|Number=Sing|POS=PRON|PronType=Int",
      "Clitic=Yes|Number=Plur|POS=PRON|PronType=Prs",
      "Foreign=Yes|Number=Sing|POS=X",
      "Mood=Ind|Number=Plur|POS=AUX|Person=1|Tense=Fut|VerbForm=Fin",
      "POS=PRON|PronType=Prs",
      "Mood=Sub|Number=Plur|POS=AUX|Person=2|Tense=Pres|VerbForm=Fin",
      "Clitic=Yes|Mood=Ind|Number=Sing|POS=VERB|Person=3|PronType=Prs|Tense=Pres|VerbForm=Fin",
      "Mood=Ind|POS=VERB|Person=3|Tense=Pres|VerbForm=Fin",
      "Mood=Cnd|Number=Plur|POS=VERB|Person=1|Tense=Pres|VerbForm=Fin",
      "Mood=Sub|Number=Plur|POS=VERB|Person=1|Tense=Pres|VerbForm=Fin",
      "Mood=Ind|Number=Plur|POS=AUX|Person=2|Tense=Imp|VerbForm=Fin",
      "POS=SCONJ|PronType=Rel",
      "Mood=Sub|Number=Plur|POS=VERB|Person=1|Tense=Imp|VerbForm=Fin",
      "POS=PRON|Person=3|PronType=Rel",
      "Clitic=Yes|Number=Plur|POS=VERB|Person=2|PronType=Prs|VerbForm=Ger",
      "Mood=Sub|Number=Sing|POS=VERB|Person=3|VerbForm=Fin",
      "Clitic=Yes|Mood=Ind|Number=Sing|POS=VERB|Person=1,3|PronType=Prs|Tense=Past|VerbForm=Fin",
      "Mood=Ind|POS=VERB|Tense=Pres|VerbForm=Fin",
      "Degree=Cmp|POS=ADJ",
      "Mood=Ind|Number=Sing|POS=AUX|Person=2|Tense=Fut|VerbForm=Fin",
      "Definite=Def|Number=Plur|POS=DET|PronType=Art",
      "Number=Sing|POS=DET|Poss=Yes|PronType=Prs",
      "Gender=Masc|Number=Sing|POS=ADP",
      "Gender=Fem|POS=ADJ",
      "Mood=Sub|Number=Plur|POS=VERB|Person=2|Tense=Pres|VerbForm=Fin",
      "Clitic=Yes|Gender=Fem|Mood=Imp|Number=Plur|POS=VERB|Person=2,3|PronType=Prs|Tense=Pres|VerbForm=Fin",
      "Clitic=Yes|Number=Plur|POS=PRON|Person=3|PronType=Prs",
      "Gender=Masc|POS=DET|Poss=Yes|PronType=Prs",
      "Gender=Fem|Number=Plur|POS=PROPN",
      "Definite=Ind|Gender=Fem|Number=Plur|POS=DET|PronType=Art",
      "Number=Sing|POS=DET|PronType=Art",
      "Gender=Fem|Number=Sing|POS=ADJ|Poss=Yes|PronType=Prs",
      "Foreign=Yes|POS=NOUN",
      "Clitic=Yes|Gender=Fem|Mood=Imp|Number=Plur|POS=VERB|Person=1,3|PronType=Prs|Tense=Pres|VerbForm=Fin",
      "Clitic=Yes|Gender=Masc|Mood=Imp|Number=Plur|POS=VERB|Person=1,3|PronType=Prs|Tense=Pres|VerbForm=Fin",
      "Gender=Masc|Number=Plur|POS=DET",
      "Clitic=Yes|Gender=Fem|Mood=Imp|Number=Plur,Sing|POS=VERB|Person=1,3|PronType=Prs|Tense=Pres|VerbForm=Fin",
      "Mood=Sub|Number=Plur|POS=AUX|Person=1|Tense=Pres|VerbForm=Fin",
      "Gender=Fem|Number=Plur|POS=VERB|Tense=Past|VerbForm=Fin",
      "Gender=Fem|Number=Plur|POS=DET",
      "Number=Sing|POS=X",
      "Foreign=Yes|Gender=Masc|POS=X",
      "Clitic=Yes|Gender=Fem|Number=Plur|POS=PRON|PronType=Prs",
      "Clitic=Yes|Gender=Masc|Number=Sing|POS=PRON|PronType=Prs",
      "Clitic=Yes|Definite=Def|Gender=Fem|Number=Plur|POS=PRON|PronType=Art",
      "Gender=Masc|Number=Plur|POS=VERB|Tense=Past|VerbForm=Fin",
      "Definite=Def|Gender=Fem|POS=DET",
      "Definite=Def|POS=DET",
      "Foreign=Yes|POS=PROPN",
      "NumType=Card|POS=PROPN",
      "Gender=Fem|Number=Sing|POS=DET",
      "Degree=Abs|Gender=Masc|Number=Sing|POS=ADV",
      "Gender=Masc|Number=Plur|POS=NOUN|Tense=Past|VerbForm=Part",
      "Mood=Imp|Number=Plur|POS=VERB|Person=2",
      "Clitic=Yes|Number=Plur|POS=AUX|Person=1|PronType=Prs|VerbForm=Inf",
      "POS=NUM",
      "Gender=Masc|Number=Sing|POS=DET",
      "Number=Sing|POS=DET",
      "Gender=Masc|Number=Sing|POS=PRON",
      "POS=DET"
    ],
    "tagger": [
      "A",
      "AP",
      "B",
      "BN",
      "B_PC",
      "CC",
      "CS",
      "DD",
      "DE",
      "DI",
      "DQ",
      "DR",
      "E",
      "E_RD",
      "FB",
      "FC",
      "FF",
      "FS",
      "I",
      "N",
      "NO",
      "PART",
      "PC",
      "PC_PC",
      "PD",
      "PE",
      "PI",
      "PP",
      "PQ",
      "PR",
      "RD",
      "RI",
      "S",
      "SP",
      "SW",
      "SYM",
      "Sw",
      "T",
      "V",
      "VA",
      "VA_PC",
      "VM",
      "VM_PC",
      "VM_PC_PC",
      "V_B",
      "V_PC",
      "V_PC_PC",
      "X"
    ],
    "parser": [
      "ROOT",
      "acl",
      "acl:relcl",
      "advcl",
      "advmod",
      "amod",
      "appos",
      "aux",
      "aux:pass",
      "case",
      "cc",
      "ccomp",
      "compound",
      "conj",
      "cop",
      "csubj",
      "dep",
      "det",
      "det:poss",
      "det:predet",
      "discourse",
      "expl",
      "expl:impers",
      "expl:pass",
      "fixed",
      "flat",
      "flat:foreign",
      "flat:name",
      "iobj",
      "mark",
      "nmod",
      "nsubj",
      "nsubj:pass",
      "nummod",
      "obj",
      "obl",
      "obl:agent",
      "parataxis",
      "punct",
      "vocative",
      "xcomp"
    ],
    "senter": [
      "I",
      "S"
    ],
    "ner": [
      "LOC",
      "MISC",
      "ORG",
      "PER"
    ],
    "attribute_ruler": [],
    "lemmatizer": []
  },
  "pipeline": [
    "tok2vec",
    "morphologizer",
    "tagger",
    "parser",
    "ner",
    "attribute_ruler",
    "lemmatizer"
  ],
  "components": [
    "tok2vec",
    "morphologizer",
    "tagger",
    "parser",
    "senter",
    "ner",
    "attribute_ruler",
    "lemmatizer"
  ],
  "disabled": [
    "senter"
  ],
  "performance": {
    "token_acc": 0.9996405141,
    "tag_acc": 0.9717341482,
    "pos_acc": 0.9753752134,
    "morph_acc": 0.9758202247,
    "lemma_acc": 0.7379583034,
    "dep_uas": 0.9136653632,
    "dep_las": 0.8787364305,
    "sents_p": 0.965034965,
    "sents_r": 0.9787234043,
    "sents_f": 0.9718309859,
    "speed": 12347.7411393952,
    "morph_per_feat": {
      "Gender": {
        "p": 0.9930213465,
        "r": 0.9877501021,
        "f": 0.9903787103
      },
      "Number": {
        "p": 0.9940274415,
        "r": 0.9889192227,
        "f": 0.9914667525
      },
      "NumType": {
        "p": 0.9847908745,
        "r": 0.9557195572,
        "f": 0.9700374532
      },
      "Definite": {
        "p": 0.9958555358,
        "r": 0.9976275208,
        "f": 0.9967407407
      },
      "PronType": {
        "p": 0.9912718204,
        "r": 0.9863523573,
        "f": 0.9888059701
      },
      "Mood": {
        "p": 0.9756690998,
        "r": 0.962785114,
        "f": 0.96918429
      },
      "Person": {
        "p": 0.9793713163,
        "r": 0.9651500484,
        "f": 0.9722086787
      },
      "Tense": {
        "p": 0.9785223368,
        "r": 0.9693617021,
        "f": 0.9739204788
      },
      "VerbForm": {
        "p": 0.9832402235,
        "r": 0.9757449757,
        "f": 0.9794782609
      },
      "Degree": {
        "p": 0.9375,
        "r": 0.8823529412,
        "f": 0.9090909091
      },
      "Clitic": {
        "p": 1.0,
        "r": 0.9786096257,
        "f": 0.9891891892
      },
      "Poss": {
        "p": 1.0,
        "r": 1.0,
        "f": 1.0
      },
      "Polarity": {
        "p": 1.0,
        "r": 1.0,
        "f": 1.0
      },
      "Foreign": {
        "p": 1.0,
        "r": 0.4,
        "f": 0.5714285714
      }
    },
    "dep_las_per_type": {
      "root": {
        "p": 0.9090909091,
        "r": 0.9219858156,
        "f": 0.9154929577
      },
      "flat:name": {
        "p": 0.917721519,
        "r": 0.917721519,
        "f": 0.917721519
      },
      "case": {
        "p": 0.9811664642,
        "r": 0.9829580037,
        "f": 0.9820614168
      },
      "nmod": {
        "p": 0.8144750255,
        "r": 0.8169734151,
        "f": 0.8157223073
      },
      "nummod": {
        "p": 0.8994413408,
        "r": 0.875,
        "f": 0.8870523416
      },
      "det": {
        "p": 0.9725776965,
        "r": 0.9779411765,
        "f": 0.9752520623
      },
      "nsubj": {
        "p": 0.8643410853,
        "r": 0.861003861,
        "f": 0.8626692456
      },
      "aux": {
        "p": 0.9495412844,
        "r": 0.9539170507,
        "f": 0.9517241379
      },
      "advmod": {
        "p": 0.8202247191,
        "r": 0.8371559633,
        "f": 0.8286038593
      },
      "obj": {
        "p": 0.8866995074,
        "r": 0.9,
        "f": 0.8933002481
      },
      "cc": {
        "p": 0.9337539432,
        "r": 0.9079754601,
        "f": 0.9206842924
      },
      "conj": {
        "p": 0.6817042607,
        "r": 0.7351351351,
        "f": 0.7074122237
      },
      "det:predet": {
        "p": 0.9473684211,
        "r": 1.0,
        "f": 0.972972973
      },
      "amod": {
        "p": 0.9031770045,
        "r": 0.8950524738,
        "f": 0.8990963855
      },
      "mark": {
        "p": 0.9102040816,
        "r": 0.9214876033,
        "f": 0.9158110883
      },
      "cop": {
        "p": 0.8222222222,
        "r": 0.880952381,
        "f": 0.8505747126
      },
      "xcomp": {
        "p": 0.7628865979,
        "r": 0.7708333333,
        "f": 0.7668393782
      },
      "obl": {
        "p": 0.8297213622,
        "r": 0.783625731,
        "f": 0.8060150376
      },
      "acl:relcl": {
        "p": 0.8059701493,
        "r": 0.7883211679,
        "f": 0.7970479705
      },
      "acl": {
        "p": 0.6636363636,
        "r": 0.6347826087,
        "f": 0.6488888889
      },
      "ccomp": {
        "p": 0.6229508197,
        "r": 0.6129032258,
        "f": 0.6178861789
      },
      "expl": {
        "p": 0.8888888889,
        "r": 0.9230769231,
        "f": 0.9056603774
      },
      "nsubj:pass": {
        "p": 0.8472222222,
        "r": 0.7530864198,
        "f": 0.7973856209
      },
      "aux:pass": {
        "p": 0.875,
        "r": 0.8860759494,
        "f": 0.8805031447
      },
      "parataxis": {
        "p": 0.4444444444,
        "r": 0.1290322581,
        "f": 0.2
      },
      "advcl": {
        "p": 0.612244898,
        "r": 0.6338028169,
        "f": 0.6228373702
      },
      "dep": {
        "p": 0.0,
        "r": 0.0,
        "f": 0.0
      },
      "det:poss": {
        "p": 0.9855072464,
        "r": 1.0,
        "f": 0.9927007299
      },
      "flat": {
        "p": 0.9333333333,
        "r": 1.0,
        "f": 0.9655172414
      },
      "appos": {
        "p": 0.4242424242,
        "r": 0.358974359,
        "f": 0.3888888889
      },
      "obl:agent": {
        "p": 0.9047619048,
        "r": 0.9047619048,
        "f": 0.9047619048
      },
      "csubj": {
        "p": 0.6,
        "r": 0.4615384615,
        "f": 0.5217391304
      },
      "iobj": {
        "p": 0.8181818182,
        "r": 0.9,
        "f": 0.8571428571
      },
      "compound": {
        "p": 0.7037037037,
        "r": 0.7307692308,
        "f": 0.7169811321
      },
      "discourse": {
        "p": 0.0,
        "r": 0.0,
        "f": 0.0
      },
      "fixed": {
        "p": 0.9130434783,
        "r": 0.75,
        "f": 0.8235294118
      },
      "expl:impers": {
        "p": 0.7,
        "r": 0.875,
        "f": 0.7777777778
      },
      "expl:pass": {
        "p": 0.8888888889,
        "r": 0.7272727273,
        "f": 0.8
      },
      "orphan": {
        "p": 0.0,
        "r": 0.0,
        "f": 0.0
      },
      "flat:foreign": {
        "p": 1.0,
        "r": 0.3333333333,
        "f": 0.5
      },
      "vocative": {
        "p": 0.3333333333,
        "r": 0.3333333333,
        "f": 0.3333333333
      }
    },
    "ents_p": 0.8910813562,
    "ents_r": 0.8872948423,
    "ents_f": 0.8891840681,
    "ents_per_type": {
      "LOC": {
        "p": 0.8981152273,
        "r": 0.9201723463,
        "f": 0.9090100025
      },
      "PER": {
        "p": 0.92868283,
        "r": 0.9310589908,
        "f": 0.9298693924
      },
      "MISC": {
        "p": 0.805459727,
        "r": 0.737840066,
        "f": 0.7701685192
      },
      "ORG": {
        "p": 0.8565238325,
        "r": 0.8042495479,
        "f": 0.8295640009
      }
    }
  },
  "sources": [
    {
      "name": "UD Italian ISDT v2.5",
      "url": "https://github.com/UniversalDependencies/UD_Italian-ISDT",
      "license": "CC BY-NC-SA 3.0",
      "author": "Bosco, Cristina; Lenci, Alessandro; Montemagni, Simonetta; Simi, Maria"
    },
    {
      "name": "WikiNER",
      "url": "https://figshare.com/articles/Learning_multilingual_named_entity_recognition_from_Wikipedia/5462500",
      "license": "CC BY 4.0"
    }
  ],
  "requirements": [],
  "size": "545 MB",
  "checksum": "65cf3d01973b430ac5691396d2e1a0e3e76d49d97a53c7be773673314e9c3688",
  "checksum_whl": "5735ead9af5d4b932dd4836be4c779b5d8e5f8c31f878ec30a3f775c34179966"
}