{
  "lang": "it",
  "name": "core_news_md",
  "version": "3.0.0",
  "description": "Italian pipeline optimized for CPU. Components: tok2vec, morphologizer, tagger, parser, senter, ner, attribute_ruler, lemmatizer.",
  "author": "Explosion",
  "email": "contact@explosion.ai",
  "url": "https://explosion.ai",
  "license": "CC BY-NC-SA 3.0",
  "spacy_version": ">=3.0.0,<3.1.0",
  "spacy_git_version": "e7db07a0b",
  "vectors": {
    "width": 300,
    "vectors": 20000,
    "keys": 500000,
    "name": "it_vectors"
  },
  "labels": {
    "tok2vec": [],
    "morphologizer": [
      "POS=PROPN",
      "POS=PUNCT",
      "Gender=Masc|POS=NOUN",
      "Definite=Def|Gender=Fem|Number=Sing|POS=ADP|PronType=Art",
      "Gender=Fem|Number=Sing|POS=NOUN",
      "Gender=Masc|Number=Sing|POS=ADJ",
      "Gender=Masc|Number=Sing|POS=NOUN",
      "Definite=Ind|Gender=Fem|Number=Sing|POS=DET|PronType=Art",
      "Mood=Ind|Number=Sing|POS=AUX|Person=3|Tense=Pres|VerbForm=Fin",
      "Gender=Masc|Number=Sing|POS=AUX|Tense=Past|VerbForm=Part",
      "POS=AUX|VerbForm=Inf",
      "Gender=Fem|Number=Sing|POS=VERB|Tense=Past|VerbForm=Part",
      "POS=ADP",
      "Gender=Fem|Number=Sing|POS=ADJ",
      "POS=PRON|PronType=Rel",
      "Mood=Ind|Number=Sing|POS=VERB|Person=3|Tense=Pres|VerbForm=Fin",
      "Definite=Def|Gender=Masc|Number=Plur|POS=DET|PronType=Art",
      "Gender=Masc|Number=Plur|POS=NOUN",
      "Definite=Def|Gender=Fem|Number=Sing|POS=DET|PronType=Art",
      "Gender=Masc|Number=Sing|POS=PRON|PronType=Ind",
      "Definite=Def|Gender=Masc|Number=Plur|POS=ADP|PronType=Art",
      "Number=Plur|POS=ADJ",
      "Mood=Ind|Number=Plur|POS=VERB|Person=3|Tense=Pres|VerbForm=Fin",
      "Definite=Def|Number=Sing|POS=DET|PronType=Art",
      "Mood=Ind|Number=Plur|POS=AUX|Person=3|Tense=Pres|VerbForm=Fin",
      "Gender=Masc|Number=Sing|POS=VERB|Tense=Past|VerbForm=Part",
      "POS=VERB|VerbForm=Inf",
      "Definite=Ind|Gender=Masc|Number=Sing|POS=DET|PronType=Art",
      "Number=Sing|POS=ADJ",
      "POS=CCONJ",
      "NumType=Card|POS=NUM",
      "Definite=Def|Gender=Masc|Number=Sing|POS=ADP|PronType=Art",
      "Definite=Def|Gender=Fem|Number=Plur|POS=ADP|PronType=Art",
      "Gender=Fem|Number=Plur|POS=NOUN",
      "Clitic=Yes|POS=PRON|Person=3|PronType=Prs",
      "Gender=Fem|Number=Plur|POS=ADJ",
      "Gender=Fem|Number=Plur|POS=DET|Poss=Yes|PronType=Prs",
      "Gender=Masc|Number=Plur|POS=ADJ",
      "Definite=Def|Number=Sing|POS=ADP|PronType=Art",
      "Definite=Def|Gender=Masc|Number=Sing|POS=DET|PronType=Art",
      "Gender=Masc|NumType=Ord|Number=Sing|POS=ADJ",
      "POS=ADV",
      "POS=NOUN",
      "Number=Sing|POS=NOUN",
      "POS=VERB|VerbForm=Ger",
      "Gender=Masc|Number=Sing|POS=DET|Poss=Yes|PronType=Prs",
      "POS=INTJ",
      "Clitic=Yes|Number=Sing|POS=PRON|Person=2|PronType=Prs",
      "Mood=Ind|Number=Sing|POS=AUX|Person=1|Tense=Pres|VerbForm=Fin",
      "Gender=Fem|Number=Sing|POS=AUX|Tense=Past|VerbForm=Part",
      "Definite=Def|Gender=Fem|Number=Plur|POS=DET|PronType=Art",
      "Mood=Ind|Number=Sing|POS=VERB|Person=3|Tense=Imp|VerbForm=Fin",
      "Gender=Fem|POS=NOUN",
      "Gender=Fem|Number=Plur|POS=VERB|Tense=Past|VerbForm=Part",
      "Gender=Fem|Number=Sing|POS=DET|PronType=Tot",
      "Mood=Cnd|Number=Sing|POS=AUX|Person=3|Tense=Pres|VerbForm=Fin",
      "Mood=Cnd|Number=Plur|POS=AUX|Person=3|Tense=Pres|VerbForm=Fin",
      "Gender=Masc|Number=Plur|POS=PRON|PronType=Ind",
      "Number=Plur|POS=PRON|Person=3|PronType=Prs",
      "Mood=Ind|Number=Plur|POS=AUX|Person=3|Tense=Imp|VerbForm=Fin",
      "Gender=Masc|Number=Plur|POS=VERB|Tense=Past|VerbForm=Part",
      "Number=Plur|POS=NOUN",
      "POS=SCONJ",
      "Number=Sing|POS=DET|PronType=Ind",
      "POS=ADV|PronType=Neg",
      "Clitic=Yes|POS=VERB|PronType=Prs|VerbForm=Inf",
      "Gender=Fem|Number=Plur|POS=AUX|Tense=Past|VerbForm=Part",
      "Gender=Fem|Number=Plur|POS=DET|PronType=Ind",
      "Gender=Fem|Number=Sing|POS=PRON|PronType=Ind",
      "POS=ADJ",
      "Number=Sing|POS=PRON|PronType=Rel",
      "Gender=Fem|NumType=Ord|Number=Sing|POS=ADJ",
      "Number=Sing|POS=PRON|PronType=Ind",
      "Gender=Masc|Number=Sing|POS=PRON|Person=3|PronType=Prs",
      "Gender=Masc|Number=Plur|POS=AUX|Tense=Past|VerbForm=Part",
      "Clitic=Yes|POS=VERB|Person=3|PronType=Prs|VerbForm=Ger",
      "Mood=Ind|Number=Sing|POS=AUX|Person=3|Tense=Imp|VerbForm=Fin",
      "Mood=Ind|Number=Plur|POS=VERB|Person=3|Tense=Imp|VerbForm=Fin",
      "POS=DET|Poss=Yes|PronType=Prs",
      "Gender=Masc|Number=Plur|POS=DET|Poss=Yes|PronType=Prs",
      "Mood=Sub|Number=Sing|POS=AUX|Person=3|Tense=Pres|VerbForm=Fin",
      "Gender=Masc|Number=Plur|POS=DET|PronType=Ind",
      "Gender=Masc|Number=Sing|POS=PRON|PronType=Dem",
      "Mood=Ind|Number=Sing|POS=VERB|Person=3|Tense=Past|VerbForm=Fin",
      "Clitic=Yes|Gender=Masc|Number=Plur|POS=VERB|Person=3|PronType=Prs|VerbForm=Ger",
      "Gender=Fem|Number=Sing|POS=DET|Poss=Yes|PronType=Prs",
      "Gender=Masc|Number=Sing|POS=DET|PronType=Dem",
      "Clitic=Yes|Gender=Masc|Number=Sing|POS=VERB|Person=3|PronType=Prs|VerbForm=Inf",
      "Clitic=Yes|POS=PRON|PronType=Prs",
      "Gender=Masc|Number=Plur|POS=DET|PronType=Tot",
      "Clitic=Yes|Gender=Masc|Number=Plur|POS=PRON|Person=3|PronType=Prs",
      "Clitic=Yes|Number=Sing|POS=PRON|Person=1|PronType=Prs",
      "Degree=Cmp|Number=Plur|POS=ADJ",
      "Clitic=Yes|Gender=Masc|Number=Plur|POS=VERB|Person=3|PronType=Prs|VerbForm=Inf",
      "Number=Sing|POS=PRON|Person=3|PronType=Prs",
      "Degree=Cmp|Number=Sing|POS=ADJ",
      "Gender=Masc|Number=Plur|POS=DET|PronType=Dem",
      "Degree=Abs|POS=ADV",
      "Clitic=Yes|Gender=Fem|Number=Sing|POS=VERB|Person=3|PronType=Prs|VerbForm=Inf",
      "Mood=Cnd|Number=Plur|POS=VERB|Person=3|Tense=Pres|VerbForm=Fin",
      "Clitic=Yes|Gender=Masc|Number=Sing|POS=AUX|Person=3|PronType=Prs|VerbForm=Inf",
      "Gender=Fem|Number=Sing|POS=DET|PronType=Dem",
      "POS=DET|PronType=Exc",
      "Number=Plur|POS=PRON|Person=1|PronType=Prs",
      "Mood=Ind|Number=Plur|POS=AUX|Person=1|Tense=Pres|VerbForm=Fin",
      "Clitic=Yes|Number=Plur|POS=PRON|Person=1|PronType=Prs",
      "Mood=Ind|Number=Plur|POS=VERB|Person=1|Tense=Pres|VerbForm=Fin",
      "Mood=Ind|Number=Plur|POS=VERB|Person=3|Tense=Past|VerbForm=Fin",
      "Mood=Ind|Number=Sing|POS=VERB|Person=1|Tense=Past|VerbForm=Fin",
      "Number=Sing|POS=DET|PronType=Dem",
      "Mood=Ind|Number=Sing|POS=AUX|Person=3|Tense=Past|VerbForm=Fin",
      "Mood=Ind|Number=Sing|POS=VERB|Person=3|Tense=Fut|VerbForm=Fin",
      "Gender=Fem|NumType=Ord|Number=Plur|POS=ADJ",
      "Mood=Sub|Number=Sing|POS=VERB|Person=3|Tense=Imp|VerbForm=Fin",
      "Mood=Ind|Number=Plur|POS=AUX|Person=3|Tense=Past|VerbForm=Fin",
      "Number=Sing|POS=DET|PronType=Int",
      "POS=PRON|PronType=Int",
      "Clitic=Yes|Gender=Masc|Number=Sing|POS=PRON|Person=3|PronType=Prs",
      "Mood=Ind|Number=Plur|POS=VERB|Person=1|Tense=Past|VerbForm=Fin",
      "Mood=Sub|Number=Plur|POS=VERB|Person=3|Tense=Pres|VerbForm=Fin",
      "Gender=Fem|Number=Plur|POS=PRON|PronType=Ind",
      "Mood=Ind|Number=Sing|POS=AUX|Person=3|Tense=Fut|VerbForm=Fin",
      "Foreign=Yes|POS=X",
      "Mood=Sub|Number=Sing|POS=VERB|Person=3|Tense=Pres|VerbForm=Fin",
      "Clitic=Yes|POS=VERB|Person=3|PronType=Prs|VerbForm=Inf",
      "Clitic=Yes|POS=AUX|Person=3|PronType=Prs|VerbForm=Inf",
      "Clitic=Yes|Gender=Masc|Mood=Imp|Number=Plur,Sing|POS=VERB|Person=1,3|PronType=Prs|Tense=Pres|VerbForm=Fin",
      "Mood=Sub|Number=Sing|POS=AUX|Person=3|Tense=Imp|VerbForm=Fin",
      "Gender=Fem|Number=Sing|POS=PRON|Poss=Yes|PronType=Prs",
      "Number=Plur|POS=VERB|Tense=Pres|VerbForm=Part",
      "POS=INTJ|Polarity=Neg",
      "Mood=Ind|Number=Sing|POS=AUX|Person=1|Tense=Imp|VerbForm=Fin",
      "Number=Plur|POS=PRON|PronType=Rel",
      "Mood=Sub|Number=Plur|POS=VERB|Person=3|Tense=Imp|VerbForm=Fin",
      "Gender=Fem|Number=Sing|POS=DET|PronType=Ind",
      "Gender=Fem|Number=Sing|POS=PRON|PronType=Dem",
      "Mood=Sub|Number=Plur|POS=AUX|Person=3|Tense=Pres|VerbForm=Fin",
      "Gender=Fem|Number=Plur|POS=DET|PronType=Dem",
      "Gender=Masc|Number=Plur|POS=PRON|PronType=Rel",
      "Clitic=Yes|Number=Plur|POS=VERB|Person=1|PronType=Prs|VerbForm=Ger",
      "POS=INTJ|Polarity=Pos",
      "Gender=Fem|Number=Sing|POS=PRON|Person=3|PronType=Prs",
      "Gender=Fem|Number=Sing|POS=DET|PronType=Int",
      "POS=DET|PronType=Int",
      "Gender=Masc|NumType=Ord|Number=Plur|POS=ADJ",
      "Gender=Fem|Number=Plur|POS=DET|PronType=Int",
      "Mood=Cnd|Number=Plur|POS=AUX|Person=1|Tense=Pres|VerbForm=Fin",
      "POS=PRON|Person=3|PronType=Prs",
      "Degree=Abs|Gender=Masc|Number=Plur|POS=ADJ",
      "Gender=Masc|Number=Sing|POS=DET|PronType=Ind",
      "Number=Sing|POS=PRON|Person=1|PronType=Prs",
      "Gender=Masc|Number=Plur|POS=PRON|PronType=Dem",
      "Clitic=Yes|Number=Sing|POS=PRON|Person=3|PronType=Prs",
      "Clitic=Yes|Gender=Fem|POS=VERB|Person=3|PronType=Prs|VerbForm=Inf",
      "Clitic=Yes|Gender=Fem|POS=PRON|Person=3|PronType=Prs",
      "Mood=Ind|Number=Plur|POS=VERB|Person=1|Tense=Fut|VerbForm=Fin",
      "Degree=Abs|Gender=Fem|Number=Sing|POS=ADJ",
      "Gender=Masc|Number=Sing|POS=DET|PronType=Tot",
      "Clitic=Yes|POS=AUX|PronType=Prs|VerbForm=Inf",
      "Gender=Fem|Number=Plur|POS=DET|PronType=Tot",
      "Mood=Ind|Number=Sing|POS=VERB|Person=1|Tense=Pres|VerbForm=Fin",
      "Gender=Fem|Number=Plur|POS=PRON|PronType=Dem",
      "Degree=Abs|Gender=Masc|Number=Sing|POS=ADJ",
      "NumType=Ord|POS=ADJ",
      "POS=DET|PronType=Rel",
      "Gender=Masc|Number=Sing|POS=PRON|PronType=Rel",
      "Gender=Masc|Number=Plur|POS=PRON|Poss=Yes|PronType=Prs",
      "Mood=Ind|Number=Plur|POS=VERB|Person=2|Tense=Pres|VerbForm=Fin",
      "Mood=Imp|Number=Plur|POS=VERB|Person=2|Tense=Pres|VerbForm=Fin",
      "Clitic=Yes|Gender=Fem|Number=Sing|POS=PRON|Person=3|PronType=Prs",
      "Number=Sing|POS=PRON|Person=2|PronType=Prs",
      "Mood=Cnd|Number=Sing|POS=VERB|Person=3|Tense=Pres|VerbForm=Fin",
      "Mood=Ind|Number=Sing|POS=VERB|Person=2|Tense=Pres|VerbForm=Fin",
      "Mood=Ind|Number=Sing|POS=VERB|Person=1|Tense=Fut|VerbForm=Fin",
      "Mood=Ind|Number=Sing|POS=AUX|Person=2|Tense=Pres|VerbForm=Fin",
      "Mood=Ind|Number=Plur|POS=AUX|Person=2|Tense=Pres|VerbForm=Fin",
      "Clitic=Yes|Number=Plur|POS=PRON|Person=2|PronType=Prs",
      "Clitic=Yes|Number=Sing|POS=VERB|Person=1|PronType=Prs|VerbForm=Inf",
      "Mood=Imp|Number=Sing|POS=VERB|Person=2|Tense=Pres|VerbForm=Fin",
      "Mood=Ind|Number=Sing|POS=AUX|Person=1|Tense=Fut|VerbForm=Fin",
      "Mood=Ind|Number=Plur|POS=VERB|Person=2|Tense=Fut|VerbForm=Fin",
      "Mood=Ind|Number=Plur|POS=VERB|Person=3|Tense=Fut|VerbForm=Fin",
      "Mood=Cnd|Number=Sing|POS=VERB|Person=1|Tense=Pres|VerbForm=Fin",
      "Clitic=Yes|POS=VERB|PronType=Prs|VerbForm=Ger",
      "Mood=Ind|Number=Sing|POS=VERB|Person=1|Tense=Imp|VerbForm=Fin",
      "Mood=Ind|Number=Plur|POS=AUX|Person=1|Tense=Imp|VerbForm=Fin",
      "Mood=Cnd|Number=Sing|POS=AUX|Person=1|Tense=Pres|VerbForm=Fin",
      "Clitic=Yes|Gender=Masc|Number=Plur|POS=VERB|Person=3|PronType=Prs|Tense=Past|VerbForm=Part",
      "Number=Sing|POS=PRON|PronType=Int",
      "Mood=Ind|Number=Sing|POS=AUX|Person=2|Tense=Imp|VerbForm=Fin",
      "Mood=Ind|Number=Plur|POS=VERB|Person=1|Tense=Imp|VerbForm=Fin",
      "Number=Plur|POS=PRON|Person=2|PronType=Prs",
      "Clitic=Yes|Number=Plur|POS=VERB|Person=2|PronType=Prs|VerbForm=Inf",
      "Clitic=Yes|Number=Plur|POS=VERB|Person=1|PronType=Prs|VerbForm=Inf",
      "Mood=Sub|Number=Plur|POS=AUX|Person=3|Tense=Imp|VerbForm=Fin",
      "Mood=Ind|Number=Plur|POS=AUX|Person=2|Tense=Fut|VerbForm=Fin",
      "Mood=Ind|Number=Plur|POS=AUX|Person=3|Tense=Fut|VerbForm=Fin",
      "Definite=Def|POS=DET|PronType=Art",
      "Mood=Sub|Number=Sing|POS=VERB|Person=2|Tense=Pres|VerbForm=Fin",
      "POS=SYM",
      "Clitic=Yes|Mood=Imp|Number=Sing|POS=VERB|Person=2|PronType=Prs|Tense=Pres|VerbForm=Fin",
      "Clitic=Yes|Gender=Masc|Mood=Imp|Number=Sing|POS=VERB|Person=2,3|PronType=Prs|Tense=Pres|VerbForm=Fin",
      "Mood=Ind|Number=Sing|POS=VERB|Person=2|Tense=Fut|VerbForm=Fin",
      "Clitic=Yes|Gender=Fem|POS=VERB|Person=3|PronType=Prs|VerbForm=Ger",
      "Degree=Abs|Gender=Fem|Number=Plur|POS=ADJ",
      "Number=Sing|POS=PRON|PronType=Dem",
      "POS=AUX|VerbForm=Ger",
      "Gender=Masc|Number=Sing|POS=PRON|Poss=Yes|PronType=Prs",
      "Clitic=Yes|Gender=Masc|Number=Sing|POS=PRON|Person=3|PronType=Prs|VerbForm=Inf",
      "POS=PRON|PronType=Ind",
      "Clitic=Yes|Mood=Imp|Number=Plur|POS=VERB|Person=1|PronType=Prs|Tense=Pres|VerbForm=Fin",
      "POS=X",
      "Gender=Masc|POS=ADJ",
      "Clitic=Yes|Gender=Fem|Number=Sing|POS=AUX|Person=3|PronType=Prs|VerbForm=Inf",
      "Gender=Fem|Number=Plur|POS=PRON|Person=3|PronType=Prs",
      "Gender=Masc|Number=Plur|POS=PRON|Person=3|PronType=Prs",
      "Mood=Cnd|Number=Sing|POS=VERB|Person=2|Tense=Pres|VerbForm=Fin",
      "Clitic=Yes|Number=Sing|POS=VERB|Person=2|PronType=Prs|VerbForm=Inf",
      "Clitic=Yes|Gender=Fem|Number=Sing|POS=VERB|Person=3|PronType=Prs|Tense=Past|VerbForm=Part",
      "Mood=Sub|Number=Plur|POS=VERB|Person=2|Tense=Imp|VerbForm=Fin",
      "POS=PART",
      "Number=Sing|POS=VERB|Tense=Pres|VerbForm=Part",
      "NumType=Ord|Number=Sing|POS=ADJ",
      "Number=Plur|POS=DET|PronType=Int",
      "Clitic=Yes|Mood=Sub|Number=Plur|POS=VERB|Person=1|PronType=Prs|Tense=Pres|VerbForm=Fin",
      "Number=Plur|POS=DET|PronType=Rel",
      "Mood=Sub|Number=Sing|POS=VERB|Person=1|Tense=Imp|VerbForm=Fin",
      "Clitic=Yes|Gender=Fem|Number=Sing|POS=VERB|Person=3|PronType=Prs|VerbForm=Ger",
      "Clitic=Yes|Gender=Masc|Number=Sing|POS=VERB|Person=3|PronType=Prs|VerbForm=Ger",
      "Clitic=Yes|Number=Sing|POS=VERB|Person=1|PronType=Prs|VerbForm=Ger",
      "Clitic=Yes|Number=Sing|POS=AUX|Person=1|PronType=Prs|VerbForm=Ger",
      "Clitic=Yes|Gender=Masc|Number=Plur|POS=AUX|Person=3|PronType=Prs|VerbForm=Inf",
      "Clitic=Yes|Mood=Imp|Number=Plur,Sing|POS=VERB|Person=1,2|PronType=Prs|Tense=Pres|VerbForm=Fin",
      "Mood=Imp|Number=Plur|POS=AUX|Person=2|Tense=Pres|VerbForm=Fin",
      "NumType=Range|POS=NUM",
      "Number=Plur|POS=PRON|PronType=Dem",
      "POS=VERB|Tense=Past|VerbForm=Part",
      "Clitic=Yes|POS=ADV|PronType=Prs",
      "Clitic=Yes|Mood=Ind|Number=Plur|POS=VERB|Person=1|PronType=Prs|Tense=Pres|VerbForm=Fin",
      "Gender=Masc|POS=PRON|PronType=Rel",
      "Clitic=Yes|Gender=Masc|Mood=Imp|Number=Plur,Sing|POS=VERB|Person=2,3|PronType=Prs|Tense=Pres|VerbForm=Fin",
      "Clitic=Yes|Number=Sing|POS=AUX|Person=2|PronType=Prs|VerbForm=Inf",
      "Clitic=Yes|Number=Sing|POS=VERB|Person=2|PronType=Prs|VerbForm=Ger",
      "Mood=Imp|Number=Sing|POS=AUX|Person=2|Tense=Pres|VerbForm=Fin",
      "Clitic=Yes|Gender=Fem|Mood=Imp|Number=Sing|POS=VERB|Person=2,3|PronType=Prs|Tense=Pres|VerbForm=Fin",
      "Mood=Sub|Number=Plur|POS=AUX|Person=1|Tense=Imp|VerbForm=Fin",
      "Mood=Ind|Number=Sing|POS=AUX|Person=1|Tense=Past|VerbForm=Fin",
      "Clitic=Yes|Gender=Masc|Number=Sing|POS=VERB|Person=3|PronType=Prs|Tense=Past|VerbForm=Part",
      "Clitic=Yes|Gender=Masc|Number=Plur,Sing|POS=VERB|Person=3|PronType=Prs|VerbForm=Inf",
      "Definite=Ind|POS=DET|PronType=Art",
      "Clitic=Yes|Gender=Fem,Masc|Number=Sing|POS=VERB|Person=3|PronType=Prs|Tense=Past|VerbForm=Part",
      "Definite=Ind|Gender=Masc|Number=Plur|POS=DET|PronType=Art",
      "Definite=Def|Number=Plur|POS=ADP|PronType=Art",
      "Clitic=Yes|Gender=Fem|Number=Plur|POS=VERB|Person=3|PronType=Prs|VerbForm=Inf",
      "POS=DET|PronType=Ind",
      "Number=Plur|POS=DET|PronType=Dem",
      "Clitic=Yes|Gender=Fem|Number=Plur|POS=PRON|Person=3|PronType=Prs",
      "Number=Plur|POS=DET|PronType=Tot",
      "Clitic=Yes|POS=AUX|Person=3|PronType=Prs|VerbForm=Ger",
      "Number=Plur|POS=PRON|PronType=Ind",
      "Clitic=Yes|Gender=Fem,Masc|Number=Plur,Sing|POS=VERB|Person=3|PronType=Prs|Tense=Past|VerbForm=Part",
      "Clitic=Yes|Number=Plur|POS=VERB|PronType=Prs|VerbForm=Inf",
      "Number=Plur|POS=PRON|Poss=Yes|PronType=Prs",
      "Number=Sing|POS=PRON|Poss=Yes|PronType=Prs",
      "Clitic=Yes|Gender=Masc|Number=Sing|POS=ADV|Person=3|PronType=Prs",
      "Clitic=Yes|Mood=Imp|Number=Plur|POS=VERB|Person=1,2|PronType=Prs|Tense=Pres|VerbForm=Fin",
      "Clitic=Yes|Gender=Fem|Number=Plur|POS=VERB|Person=3|PronType=Prs|Tense=Past|VerbForm=Part",
      "Mood=Sub|Number=Sing|POS=AUX|Person=1|Tense=Imp|VerbForm=Fin",
      "Mood=Cnd|Number=Plur|POS=AUX|Person=2|Tense=Pres|VerbForm=Fin",
      "Mood=Cnd|Number=Plur|POS=VERB|Person=2|Tense=Pres|VerbForm=Fin",
      "Clitic=Yes|Gender=Fem|Number=Plur|POS=ADV|Person=3|PronType=Prs",
      "POS=DET|PronType=Tot",
      "POS=PRON|PronType=Dem",
      "Clitic=Yes|Gender=Masc|Mood=Imp|Number=Plur|POS=VERB|Person=2,3|PronType=Prs|Tense=Pres|VerbForm=Fin",
      "Definite=Ind|Number=Sing|POS=DET|PronType=Art",
      "NumType=Ord|POS=NUM",
      "Clitic=Yes|Gender=Fem|Number=Plur|POS=VERB|Person=3|PronType=Prs|VerbForm=Ger",
      "Gender=Masc|POS=DET|PronType=Dem",
      "Clitic=Yes|Gender=Masc|Number=Plur,Sing|POS=VERB|Person=3|PronType=Prs|Tense=Past|VerbForm=Part",
      "Gender=Masc|Number=Sing|POS=NOUN|Tense=Past|VerbForm=Part",
      "Gender=Masc|Number=Plur|POS=DET|PronType=Int",
      "Gender=Masc|Number=Plur|POS=PRON|PronType=Int",
      "Gender=Fem|Number=Plur|POS=PRON|PronType=Int",
      "Mood=Imp|Number=Sing|POS=VERB|Person=3|Tense=Pres|VerbForm=Fin",
      "Gender=Masc|Number=Sing|POS=DET|PronType=Int",
      "Gender=Fem|Number=Sing|POS=PRON|PronType=Int",
      "Number=Plur|POS=PRON|PronType=Int",
      "Mood=Cnd|Number=Sing|POS=AUX|Person=2|Tense=Pres|VerbForm=Fin",
      "Gender=Masc|Number=Sing|POS=PRON|PronType=Int",
      "Clitic=Yes|Number=Plur|POS=PRON|PronType=Prs",
      "Foreign=Yes|Number=Sing|POS=X",
      "Mood=Ind|Number=Plur|POS=AUX|Person=1|Tense=Fut|VerbForm=Fin",
      "POS=PRON|PronType=Prs",
      "Mood=Sub|Number=Plur|POS=AUX|Person=2|Tense=Pres|VerbForm=Fin",
      "Clitic=Yes|Mood=Ind|Number=Sing|POS=VERB|Person=3|PronType=Prs|Tense=Pres|VerbForm=Fin",
      "Mood=Ind|POS=VERB|Person=3|Tense=Pres|VerbForm=Fin",
      "Mood=Cnd|Number=Plur|POS=VERB|Person=1|Tense=Pres|VerbForm=Fin",
      "Mood=Sub|Number=Plur|POS=VERB|Person=1|Tense=Pres|VerbForm=Fin",
      "Mood=Ind|Number=Plur|POS=AUX|Person=2|Tense=Imp|VerbForm=Fin",
      "POS=SCONJ|PronType=Rel",
      "Mood=Sub|Number=Plur|POS=VERB|Person=1|Tense=Imp|VerbForm=Fin",
      "POS=PRON|Person=3|PronType=Rel",
      "Clitic=Yes|Number=Plur|POS=VERB|Person=2|PronType=Prs|VerbForm=Ger",
      "Mood=Sub|Number=Sing|POS=VERB|Person=3|VerbForm=Fin",
      "Clitic=Yes|Mood=Ind|Number=Sing|POS=VERB|Person=1,3|PronType=Prs|Tense=Past|VerbForm=Fin",
      "Mood=Ind|POS=VERB|Tense=Pres|VerbForm=Fin",
      "Degree=Cmp|POS=ADJ",
      "Mood=Ind|Number=Sing|POS=AUX|Person=2|Tense=Fut|VerbForm=Fin",
      "Definite=Def|Number=Plur|POS=DET|PronType=Art",
      "Number=Sing|POS=DET|Poss=Yes|PronType=Prs",
      "Gender=Masc|Number=Sing|POS=ADP",
      "Gender=Fem|POS=ADJ",
      "Mood=Sub|Number=Plur|POS=VERB|Person=2|Tense=Pres|VerbForm=Fin",
      "Clitic=Yes|Gender=Fem|Mood=Imp|Number=Plur|POS=VERB|Person=2,3|PronType=Prs|Tense=Pres|VerbForm=Fin",
      "Clitic=Yes|Number=Plur|POS=PRON|Person=3|PronType=Prs",
      "Gender=Masc|POS=DET|Poss=Yes|PronType=Prs",
      "Gender=Fem|Number=Plur|POS=PROPN",
      "Definite=Ind|Gender=Fem|Number=Plur|POS=DET|PronType=Art",
      "Number=Sing|POS=DET|PronType=Art",
      "Gender=Fem|Number=Sing|POS=ADJ|Poss=Yes|PronType=Prs",
      "Foreign=Yes|POS=NOUN",
      "Clitic=Yes|Gender=Fem|Mood=Imp|Number=Plur|POS=VERB|Person=1,3|PronType=Prs|Tense=Pres|VerbForm=Fin",
      "Clitic=Yes|Gender=Masc|Mood=Imp|Number=Plur|POS=VERB|Person=1,3|PronType=Prs|Tense=Pres|VerbForm=Fin",
      "Gender=Masc|Number=Plur|POS=DET",
      "Clitic=Yes|Gender=Fem|Mood=Imp|Number=Plur,Sing|POS=VERB|Person=1,3|PronType=Prs|Tense=Pres|VerbForm=Fin",
      "Mood=Sub|Number=Plur|POS=AUX|Person=1|Tense=Pres|VerbForm=Fin",
      "Gender=Fem|Number=Plur|POS=VERB|Tense=Past|VerbForm=Fin",
      "Gender=Fem|Number=Plur|POS=DET",
      "Number=Sing|POS=X",
      "Foreign=Yes|Gender=Masc|POS=X",
      "Clitic=Yes|Gender=Fem|Number=Plur|POS=PRON|PronType=Prs",
      "Clitic=Yes|Gender=Masc|Number=Sing|POS=PRON|PronType=Prs",
      "Clitic=Yes|Definite=Def|Gender=Fem|Number=Plur|POS=PRON|PronType=Art",
      "Gender=Masc|Number=Plur|POS=VERB|Tense=Past|VerbForm=Fin",
      "Definite=Def|Gender=Fem|POS=DET",
      "Definite=Def|POS=DET",
      "Foreign=Yes|POS=PROPN",
      "NumType=Card|POS=PROPN",
      "Gender=Fem|Number=Sing|POS=DET",
      "Degree=Abs|Gender=Masc|Number=Sing|POS=ADV",
      "Gender=Masc|Number=Plur|POS=NOUN|Tense=Past|VerbForm=Part",
      "Mood=Imp|Number=Plur|POS=VERB|Person=2",
      "Clitic=Yes|Number=Plur|POS=AUX|Person=1|PronType=Prs|VerbForm=Inf",
      "POS=NUM",
      "Gender=Masc|Number=Sing|POS=DET",
      "Number=Sing|POS=DET",
      "Gender=Masc|Number=Sing|POS=PRON",
      "POS=DET"
    ],
    "tagger": [
      "A",
      "AP",
      "B",
      "BN",
      "B_PC",
      "CC",
      "CS",
      "DD",
      "DE",
      "DI",
      "DQ",
      "DR",
      "E",
      "E_RD",
      "FB",
      "FC",
      "FF",
      "FS",
      "I",
      "N",
      "NO",
      "PART",
      "PC",
      "PC_PC",
      "PD",
      "PE",
      "PI",
      "PP",
      "PQ",
      "PR",
      "RD",
      "RI",
      "S",
      "SP",
      "SW",
      "SYM",
      "Sw",
      "T",
      "V",
      "VA",
      "VA_PC",
      "VM",
      "VM_PC",
      "VM_PC_PC",
      "V_B",
      "V_PC",
      "V_PC_PC",
      "X"
    ],
    "parser": [
      "ROOT",
      "acl",
      "acl:relcl",
      "advcl",
      "advmod",
      "amod",
      "appos",
      "aux",
      "aux:pass",
      "case",
      "cc",
      "ccomp",
      "compound",
      "conj",
      "cop",
      "csubj",
      "dep",
      "det",
      "det:poss",
      "det:predet",
      "discourse",
      "expl",
      "expl:impers",
      "expl:pass",
      "fixed",
      "flat",
      "flat:foreign",
      "flat:name",
      "iobj",
      "mark",
      "nmod",
      "nsubj",
      "nsubj:pass",
      "nummod",
      "obj",
      "obl",
      "obl:agent",
      "parataxis",
      "punct",
      "vocative",
      "xcomp"
    ],
    "senter": [
      "I",
      "S"
    ],
    "ner": [
      "LOC",
      "MISC",
      "ORG",
      "PER"
    ],
    "attribute_ruler": [],
    "lemmatizer": []
  },
  "pipeline": [
    "tok2vec",
    "morphologizer",
    "tagger",
    "parser",
    "ner",
    "attribute_ruler",
    "lemmatizer"
  ],
  "components": [
    "tok2vec",
    "morphologizer",
    "tagger",
    "parser",
    "senter",
    "ner",
    "attribute_ruler",
    "lemmatizer"
  ],
  "disabled": [
    "senter"
  ],
  "performance": {
    "token_acc": 0.9996405141,
    "tag_acc": 0.9707018963,
    "pos_acc": 0.9739372697,
    "morph_acc": 0.9722247191,
    "lemma_acc": 0.7379583034,
    "dep_uas": 0.9110928175,
    "dep_las": 0.87528298,
    "sents_p": 0.9634782609,
    "sents_r": 0.9822695035,
    "sents_f": 0.9727831431,
    "speed": 12337.1259279644,
    "morph_per_feat": {
      "Gender": {
        "p": 0.9891415694,
        "r": 0.9857084524,
        "f": 0.9874220268
      },
      "Number": {
        "p": 0.994029369,
        "r": 0.9892404047,
        "f": 0.991629105
      },
      "NumType": {
        "p": 0.9811320755,
        "r": 0.9594095941,
        "f": 0.9701492537
      },
      "Definite": {
        "p": 0.9958579882,
        "r": 0.9982206406,
        "f": 0.9970379147
      },
      "PronType": {
        "p": 0.9900373599,
        "r": 0.9863523573,
        "f": 0.9881914232
      },
      "Mood": {
        "p": 0.9658119658,
        "r": 0.9495798319,
        "f": 0.9576271186
      },
      "Person": {
        "p": 0.9792490119,
        "r": 0.9593417231,
        "f": 0.969193154
      },
      "Tense": {
        "p": 0.9691252144,
        "r": 0.9617021277,
        "f": 0.965399402
      },
      "VerbForm": {
        "p": 0.9783821478,
        "r": 0.9722799723,
        "f": 0.9753215155
      },
      "Degree": {
        "p": 0.9411764706,
        "r": 0.9411764706,
        "f": 0.9411764706
      },
      "Clitic": {
        "p": 0.9891891892,
        "r": 0.9786096257,
        "f": 0.9838709677
      },
      "Poss": {
        "p": 0.9852941176,
        "r": 1.0,
        "f": 0.9925925926
      },
      "Polarity": {
        "p": 1.0,
        "r": 0.3333333333,
        "f": 0.5
      },
      "Foreign": {
        "p": 1.0,
        "r": 0.4,
        "f": 0.5714285714
      }
    },
    "dep_las_per_type": {
      "root": {
        "p": 0.8939130435,
        "r": 0.9113475177,
        "f": 0.9025460931
      },
      "flat:name": {
        "p": 0.9415584416,
        "r": 0.917721519,
        "f": 0.9294871795
      },
      "case": {
        "p": 0.9805942996,
        "r": 0.9841752891,
        "f": 0.982381531
      },
      "nmod": {
        "p": 0.8036437247,
        "r": 0.8118609407,
        "f": 0.8077314344
      },
      "nummod": {
        "p": 0.8961748634,
        "r": 0.8913043478,
        "f": 0.89373297
      },
      "det": {
        "p": 0.9725274725,
        "r": 0.9761029412,
        "f": 0.9743119266
      },
      "nsubj": {
        "p": 0.8611111111,
        "r": 0.8378378378,
        "f": 0.8493150685
      },
      "aux": {
        "p": 0.9585253456,
        "r": 0.9585253456,
        "f": 0.9585253456
      },
      "advmod": {
        "p": 0.8112359551,
        "r": 0.8279816514,
        "f": 0.819523269
      },
      "obj": {
        "p": 0.8722891566,
        "r": 0.905,
        "f": 0.8883435583
      },
      "cc": {
        "p": 0.9184952978,
        "r": 0.8987730061,
        "f": 0.9085271318
      },
      "conj": {
        "p": 0.6854219949,
        "r": 0.7243243243,
        "f": 0.7043363995
      },
      "det:predet": {
        "p": 0.9473684211,
        "r": 1.0,
        "f": 0.972972973
      },
      "amod": {
        "p": 0.9033232628,
        "r": 0.8965517241,
        "f": 0.8999247555
      },
      "mark": {
        "p": 0.9142857143,
        "r": 0.9256198347,
        "f": 0.9199178645
      },
      "cop": {
        "p": 0.8432835821,
        "r": 0.8968253968,
        "f": 0.8692307692
      },
      "xcomp": {
        "p": 0.7127659574,
        "r": 0.6979166667,
        "f": 0.7052631579
      },
      "obl": {
        "p": 0.8224299065,
        "r": 0.7719298246,
        "f": 0.7963800905
      },
      "acl:relcl": {
        "p": 0.8139534884,
        "r": 0.7664233577,
        "f": 0.7894736842
      },
      "acl": {
        "p": 0.6759259259,
        "r": 0.6347826087,
        "f": 0.6547085202
      },
      "ccomp": {
        "p": 0.65625,
        "r": 0.6774193548,
        "f": 0.6666666667
      },
      "expl": {
        "p": 0.9113924051,
        "r": 0.9230769231,
        "f": 0.9171974522
      },
      "nsubj:pass": {
        "p": 0.8157894737,
        "r": 0.7654320988,
        "f": 0.7898089172
      },
      "aux:pass": {
        "p": 0.8888888889,
        "r": 0.9113924051,
        "f": 0.9
      },
      "parataxis": {
        "p": 0.3636363636,
        "r": 0.1290322581,
        "f": 0.1904761905
      },
      "advcl": {
        "p": 0.6170212766,
        "r": 0.6126760563,
        "f": 0.6148409894
      },
      "det:poss": {
        "p": 0.9710144928,
        "r": 0.9852941176,
        "f": 0.9781021898
      },
      "flat": {
        "p": 1.0,
        "r": 1.0,
        "f": 1.0
      },
      "appos": {
        "p": 0.4615384615,
        "r": 0.4615384615,
        "f": 0.4615384615
      },
      "obl:agent": {
        "p": 0.880952381,
        "r": 0.880952381,
        "f": 0.880952381
      },
      "compound": {
        "p": 0.5757575758,
        "r": 0.7307692308,
        "f": 0.6440677966
      },
      "dep": {
        "p": 0.0,
        "r": 0.0,
        "f": 0.0
      },
      "iobj": {
        "p": 0.9047619048,
        "r": 0.95,
        "f": 0.9268292683
      },
      "csubj": {
        "p": 0.5714285714,
        "r": 0.3076923077,
        "f": 0.4
      },
      "discourse": {
        "p": 0.0,
        "r": 0.0,
        "f": 0.0
      },
      "fixed": {
        "p": 0.88,
        "r": 0.7857142857,
        "f": 0.8301886792
      },
      "expl:impers": {
        "p": 0.7,
        "r": 0.875,
        "f": 0.7777777778
      },
      "expl:pass": {
        "p": 0.8181818182,
        "r": 0.8181818182,
        "f": 0.8181818182
      },
      "vocative": {
        "p": 0.25,
        "r": 0.3333333333,
        "f": 0.2857142857
      },
      "orphan": {
        "p": 0.0,
        "r": 0.0,
        "f": 0.0
      },
      "flat:foreign": {
        "p": 1.0,
        "r": 0.6666666667,
        "f": 0.8
      }
    },
    "ents_p": 0.8821361355,
    "ents_r": 0.8770808156,
    "ents_f": 0.879601212,
    "ents_per_type": {
      "LOC": {
        "p": 0.8924310431,
        "r": 0.9112025069,
        "f": 0.9017190922
      },
      "PER": {
        "p": 0.9163881977,
        "r": 0.9160625444,
        "f": 0.9162253421
      },
      "MISC": {
        "p": 0.7973377206,
        "r": 0.7324814509,
        "f": 0.7635348038
      },
      "ORG": {
        "p": 0.838424821,
        "r": 0.7940777577,
        "f": 0.8156489436
      }
    }
  },
  "sources": [
    {
      "name": "UD Italian ISDT v2.5",
      "url": "https://github.com/UniversalDependencies/UD_Italian-ISDT",
      "license": "CC BY-NC-SA 3.0",
      "author": "Bosco, Cristina; Lenci, Alessandro; Montemagni, Simonetta; Simi, Maria"
    },
    {
      "name": "WikiNER",
      "url": "https://figshare.com/articles/Learning_multilingual_named_entity_recognition_from_Wikipedia/5462500",
      "license": "CC BY 4.0"
    }
  ],
  "requirements": [],
  "size": "44 MB",
  "checksum": "25428802f96799979b1dd11cd4fb97a60186a050af58c266f9cddce032472654",
  "checksum_whl": "9800933870a2402f3b0bc7f0afe1cbef7be424a48eda2ae7e323a99847786ec4"
}