{
  "lang": "ja",
  "name": "core_news_sm",
  "version": "3.0.0a1",
  "description": "Japanese pipeline optimized for CPU. Components: tok2vec, parser, senter, ner, attribute_ruler.",
  "author": "Explosion",
  "email": "contact@explosion.ai",
  "url": "https://explosion.ai",
  "license": "CC BY-SA 4.0",
  "spacy_version": ">=3.0.0rc3,<3.1.0",
  "spacy_git_version": "43a752a2a",
  "vectors": {
    "width": 0,
    "vectors": 0,
    "keys": 0,
    "name": null
  },
  "labels": {
    "tok2vec": [],
    "parser": [
      "ROOT",
      "acl",
      "advcl",
      "advmod",
      "amod",
      "aux",
      "case",
      "cc",
      "ccomp",
      "compound",
      "cop",
      "csubj",
      "dep",
      "det",
      "dislocated",
      "fixed",
      "mark",
      "nmod",
      "nsubj",
      "nummod",
      "obj",
      "obl",
      "punct"
    ],
    "senter": [
      "I",
      "S"
    ],
    "ner": [
      "CARDINAL",
      "DATE",
      "EVENT",
      "FAC",
      "GPE",
      "LANGUAGE",
      "LAW",
      "LOC",
      "MONEY",
      "MOVEMENT",
      "NORP",
      "ORDINAL",
      "ORG",
      "PERCENT",
      "PERSON",
      "PET_NAME",
      "PHONE",
      "PRODUCT",
      "QUANTITY",
      "TIME",
      "TITLE_AFFIX",
      "WORK_OF_ART"
    ],
    "attribute_ruler": []
  },
  "pipeline": [
    "tok2vec",
    "parser",
    "ner",
    "attribute_ruler"
  ],
  "components": [
    "tok2vec",
    "parser",
    "senter",
    "ner",
    "attribute_ruler"
  ],
  "disabled": [
    "senter"
  ],
  "performance": {
    "token_acc": 0.9968965945,
    "tag_acc": 0.9721069235,
    "pos_acc": 0.9638924669,
    "dep_uas": 0.9180237877,
    "dep_las": 0.8982539537,
    "ents_p": 0.7172195893,
    "ents_r": 0.5798212005,
    "ents_f": 0.6412429379,
    "sents_p": 0.994,
    "sents_r": 0.9920159681,
    "sents_f": 0.993006993,
    "speed": 6728.4623354192,
    "dep_las_per_type": {
      "cc": {
        "p": 0.7307692308,
        "r": 0.8260869565,
        "f": 0.7755102041
      },
      "nummod": {
        "p": 0.9691119691,
        "r": 0.8625429553,
        "f": 0.9127272727
      },
      "compound": {
        "p": 0.9388398487,
        "r": 0.9242706394,
        "f": 0.9314982796
      },
      "obl": {
        "p": 0.7899649942,
        "r": 0.8137019231,
        "f": 0.8016577857
      },
      "case": {
        "p": 0.9846331156,
        "r": 0.9786177931,
        "f": 0.981616239
      },
      "dislocated": {
        "p": 0.4705882353,
        "r": 0.4210526316,
        "f": 0.4444444444
      },
      "nmod": {
        "p": 0.8759689922,
        "r": 0.8168674699,
        "f": 0.8453865337
      },
      "nsubj": {
        "p": 0.8158995816,
        "r": 0.8125,
        "f": 0.8141962422
      },
      "root": {
        "p": 0.9574036511,
        "r": 0.9421157685,
        "f": 0.9496981891
      },
      "aux": {
        "p": 0.9568655643,
        "r": 0.9644927536,
        "f": 0.9606640202
      },
      "advcl": {
        "p": 0.661097852,
        "r": 0.6456876457,
        "f": 0.6533018868
      },
      "mark": {
        "p": 0.9575757576,
        "r": 0.9330708661,
        "f": 0.9451645065
      },
      "acl": {
        "p": 0.7934782609,
        "r": 0.8039647577,
        "f": 0.7986870897
      },
      "obj": {
        "p": 0.9345794393,
        "r": 0.9146341463,
        "f": 0.9244992296
      },
      "fixed": {
        "p": 0.932642487,
        "r": 0.989010989,
        "f": 0.96
      },
      "advmod": {
        "p": 0.7126436782,
        "r": 0.4920634921,
        "f": 0.5821596244
      },
      "amod": {
        "p": 0.9310344828,
        "r": 0.675,
        "f": 0.7826086957
      },
      "cop": {
        "p": 0.9712643678,
        "r": 0.9285714286,
        "f": 0.9494382022
      },
      "ccomp": {
        "p": 0.9,
        "r": 0.8181818182,
        "f": 0.8571428571
      },
      "det": {
        "p": 0.9607843137,
        "r": 0.9607843137,
        "f": 0.9607843137
      },
      "csubj": {
        "p": 0.8,
        "r": 0.6153846154,
        "f": 0.6956521739
      },
      "dep": {
        "p": 0.0,
        "r": 0.0,
        "f": 0.0
      }
    },
    "ents_per_type": {
      "DATE": {
        "p": 0.9622641509,
        "r": 0.9444444444,
        "f": 0.953271028
      },
      "PERSON": {
        "p": 0.612244898,
        "r": 0.4316546763,
        "f": 0.5063291139
      },
      "TITLE_AFFIX": {
        "p": 0.8888888889,
        "r": 0.5333333333,
        "f": 0.6666666667
      },
      "GPE": {
        "p": 0.6206896552,
        "r": 0.5744680851,
        "f": 0.5966850829
      },
      "ORG": {
        "p": 0.5229357798,
        "r": 0.4351145038,
        "f": 0.475
      },
      "TIME": {
        "p": 0.5,
        "r": 0.75,
        "f": 0.6
      },
      "QUANTITY": {
        "p": 0.8805970149,
        "r": 0.8939393939,
        "f": 0.8872180451
      },
      "NORP": {
        "p": 0.76,
        "r": 0.59375,
        "f": 0.6666666667
      },
      "ORDINAL": {
        "p": 0.65,
        "r": 0.6842105263,
        "f": 0.6666666667
      },
      "WORK_OF_ART": {
        "p": 0.75,
        "r": 0.7058823529,
        "f": 0.7272727273
      },
      "EVENT": {
        "p": 0.8095238095,
        "r": 0.6538461538,
        "f": 0.7234042553
      },
      "PERCENT": {
        "p": 1.0,
        "r": 0.2857142857,
        "f": 0.4444444444
      },
      "LOC": {
        "p": 0.6666666667,
        "r": 0.6,
        "f": 0.6315789474
      },
      "FAC": {
        "p": 0.7333333333,
        "r": 0.2972972973,
        "f": 0.4230769231
      },
      "MOVEMENT": {
        "p": 0.0,
        "r": 0.0,
        "f": 0.0
      },
      "PRODUCT": {
        "p": 0.5882352941,
        "r": 0.243902439,
        "f": 0.3448275862
      },
      "LAW": {
        "p": 0.0,
        "r": 0.0,
        "f": 0.0
      },
      "MONEY": {
        "p": 1.0,
        "r": 1.0,
        "f": 1.0
      },
      "LANGUAGE": {
        "p": 1.0,
        "r": 1.0,
        "f": 1.0
      },
      "CARDINAL": {
        "p": 0.0,
        "r": 0.0,
        "f": 0.0
      }
    }
  },
  "sources": [],
  "requirements": [
    "sudachipy>=0.4.9",
    "sudachidict-core>=20200330"
  ],
  "parent_package": "spacy-nightly",
  "size": "12 MB",
  "checksum": "f7e17d5328242ddce0ed9be705be51c62093f8874c644ad2b316f2d347fb2a53"
}