{
  "lang": "lt",
  "name": "core_news_sm",
  "license": "CC BY-SA 4.0",
  "author": "Explosion and TokenMill",
  "url": "https://explosion.ai",
  "email": "contact@explosion.ai",
  "description": "Lithuanian multi-task CNN trained on UD Lithuanian ALKSNIS and TokenMill.lt news corpus. Assigns context-specific token vectors, POS tags, dependency parses and named entities.",
  "sources": [
    {
      "name": "UD Lithuanian ALKSNIS v2.5",
      "url": "https://github.com/UniversalDependencies/UD_Lithuanian-ALKSNIS",
      "license": "CC BY-SA 4.0"
    },
    {
      "name": "TokenMill NER Corpus",
      "author": "TokenMill",
      "url": "https://www.tokenmill.lt"
    }
  ],
  "pipeline": [
    "tagger",
    "parser",
    "ner"
  ],
  "version": "2.3.0",
  "spacy_version": ">=2.3.0,<2.4.0",
  "parent_package": "spacy",
  "accuracy": {
    "las": 59.6929893971,
    "uas": 68.7556047898,
    "token_acc": 99.8530428769,
    "las_per_type": {
      "amod": {
        "p": 54.1666666667,
        "r": 58.8235294118,
        "f": 56.399132321
      },
      "nmod": {
        "p": 67.8474114441,
        "r": 68.1818181818,
        "f": 68.0142037695
      },
      "obj": {
        "p": 52.8,
        "r": 59.2307692308,
        "f": 55.83081571
      },
      "acl": {
        "p": 46.8041237113,
        "r": 47.6890756303,
        "f": 47.2424557752
      },
      "obl": {
        "p": 42.4757281553,
        "r": 39.9543378995,
        "f": 41.1764705882
      },
      "root": {
        "p": 67.2609400324,
        "r": 67.2609400324,
        "f": 67.2609400324
      },
      "advcl": {
        "p": 30.1075268817,
        "r": 22.2222222222,
        "f": 25.5707762557
      },
      "nsubj": {
        "p": 59.8939929329,
        "r": 55.0324675325,
        "f": 57.3604060914
      },
      "advmod:emph": {
        "p": 71.2041884817,
        "r": 63.5514018692,
        "f": 67.1604938272
      },
      "advmod": {
        "p": 67.8132678133,
        "r": 67.6470588235,
        "f": 67.7300613497
      },
      "cc": {
        "p": 72.6708074534,
        "r": 75.1605995717,
        "f": 73.8947368421
      },
      "conj": {
        "p": 43.2068543452,
        "r": 53.2428355958,
        "f": 47.7027027027
      },
      "case": {
        "p": 77.3631840796,
        "r": 78.1407035176,
        "f": 77.75
      },
      "obl:arg": {
        "p": 53.4482758621,
        "r": 52.9010238908,
        "f": 53.1732418525
      },
      "cop": {
        "p": 74.1007194245,
        "r": 79.8449612403,
        "f": 76.8656716418
      },
      "xcomp": {
        "p": 73.7051792829,
        "r": 79.0598290598,
        "f": 76.2886597938
      },
      "csubj": {
        "p": 54.9019607843,
        "r": 45.9016393443,
        "f": 50.0
      },
      "parataxis": {
        "p": 45.5882352941,
        "r": 35.2272727273,
        "f": 39.7435897436
      },
      "nsubj:pass": {
        "p": 44.1860465116,
        "r": 22.3529411765,
        "f": 29.6875
      },
      "mark": {
        "p": 70.0421940928,
        "r": 70.3389830508,
        "f": 70.1902748414
      },
      "dep": {
        "p": 0.0,
        "r": 0.0,
        "f": 0.0
      },
      "det": {
        "p": 71.6666666667,
        "r": 81.1320754717,
        "f": 76.1061946903
      },
      "nummod": {
        "p": 66.1417322835,
        "r": 60.8695652174,
        "f": 63.3962264151
      },
      "nummod:gov": {
        "p": 0.0,
        "r": 0.0,
        "f": 0.0
      },
      "flat": {
        "p": 41.6666666667,
        "r": 9.4339622642,
        "f": 15.3846153846
      },
      "appos": {
        "p": 50.0,
        "r": 38.4615384615,
        "f": 43.4782608696
      },
      "iobj": {
        "p": 14.2857142857,
        "r": 3.2258064516,
        "f": 5.2631578947
      },
      "ccomp": {
        "p": 0.0,
        "r": 0.0,
        "f": 0.0
      },
      "flat:foreign": {
        "p": 0.0,
        "r": 0.0,
        "f": 0.0
      }
    },
    "tags_acc": 81.7273159967,
    "ents_f": 65.9539082918,
    "ents_p": 62.8054298643,
    "ents_r": 69.4347173587,
    "ents_per_type": {
      "TIME": {
        "p": 42.1487603306,
        "r": 46.3636363636,
        "f": 44.1558441558
      },
      "GPE": {
        "p": 77.5757575758,
        "r": 94.8148148148,
        "f": 85.3333333333
      },
      "PERSON": {
        "p": 62.6262626263,
        "r": 67.6363636364,
        "f": 65.034965035
      },
      "ORG": {
        "p": 65.0442477876,
        "r": 67.1232876712,
        "f": 66.0674157303
      },
      "LOC": {
        "p": 63.4730538922,
        "r": 65.6346749226,
        "f": 64.5357686454
      },
      "PRODUCT": {
        "p": 25.8064516129,
        "r": 38.0952380952,
        "f": 30.7692307692
      }
    }
  },
  "speed": {
    "cpu": 7135.8755474334,
    "gpu": null,
    "nwords": 39343
  },
  "labels": {
    "tagger": [
      ".__PunctType=Peri",
      "_SP",
      "akr.__Abbr=Yes",
      "bdv.auk\u0161t.mot.dgs.K.__Case=Gen|Definite=Ind|Degree=Cmp|Gender=Fem|Number=Plur",
      "bdv.auk\u0161t.mot.dgs.V.__Case=Nom|Definite=Ind|Degree=Cmp|Gender=Fem|Number=Plur",
      "bdv.auk\u0161t.mot.dgs.Vt.__Case=Loc|Definite=Ind|Degree=Cmp|Gender=Fem|Number=Plur",
      "bdv.auk\u0161t.mot.dgs.\u012en.__Case=Ins|Definite=Ind|Degree=Cmp|Gender=Fem|Number=Plur",
      "bdv.auk\u0161t.mot.vns.G.__Case=Acc|Definite=Ind|Degree=Cmp|Gender=Fem|Number=Sing",
      "bdv.auk\u0161t.mot.vns.K.__Case=Gen|Definite=Ind|Degree=Cmp|Gender=Fem|Number=Sing",
      "bdv.auk\u0161t.mot.vns.V.__Case=Nom|Definite=Ind|Degree=Cmp|Gender=Fem|Number=Sing",
      "bdv.auk\u0161t.vyr.dgs.G.__Case=Acc|Definite=Ind|Degree=Cmp|Gender=Masc|Number=Plur",
      "bdv.auk\u0161t.vyr.dgs.K.__Case=Gen|Definite=Ind|Degree=Cmp|Gender=Masc|Number=Plur",
      "bdv.auk\u0161t.vyr.dgs.N.__Case=Dat|Definite=Ind|Degree=Cmp|Gender=Masc|Number=Plur",
      "bdv.auk\u0161t.vyr.dgs.V.__Case=Nom|Definite=Ind|Degree=Cmp|Gender=Masc|Number=Plur",
      "bdv.auk\u0161t.vyr.dgs.Vt.__Case=Loc|Definite=Ind|Degree=Cmp|Gender=Masc|Number=Plur",
      "bdv.auk\u0161t.vyr.dgs.\u012en.__Case=Ins|Definite=Ind|Degree=Cmp|Gender=Masc|Number=Plur",
      "bdv.auk\u0161t.vyr.vns.G.__Case=Acc|Definite=Ind|Degree=Cmp|Gender=Masc|Number=Sing",
      "bdv.auk\u0161t.vyr.vns.K.__Case=Gen|Definite=Ind|Degree=Cmp|Gender=Masc|Number=Sing",
      "bdv.auk\u0161t.vyr.vns.N.__Case=Dat|Definite=Ind|Degree=Cmp|Gender=Masc|Number=Sing",
      "bdv.auk\u0161t.vyr.vns.V.__Case=Nom|Definite=Ind|Degree=Cmp|Gender=Masc|Number=Sing",
      "bdv.auk\u0161t.vyr.vns.Vt.__Case=Loc|Definite=Ind|Degree=Cmp|Gender=Masc|Number=Sing",
      "bdv.auk\u0161t.vyr.vns.\u012en.__Case=Ins|Definite=Ind|Degree=Cmp|Gender=Masc|Number=Sing",
      "bdv.auk\u0161\u010d.bev.__Definite=Ind|Degree=Sup|Gender=Neut",
      "bdv.auk\u0161\u010d.mot.dgs.G.__Case=Acc|Definite=Ind|Degree=Sup|Gender=Fem|Number=Plur",
      "bdv.auk\u0161\u010d.mot.dgs.K.__Case=Gen|Definite=Ind|Degree=Sup|Gender=Fem|Number=Plur",
      "bdv.auk\u0161\u010d.mot.dgs.V.__Case=Nom|Definite=Ind|Degree=Sup|Gender=Fem|Number=Plur",
      "bdv.auk\u0161\u010d.mot.dgs.\u012en.__Case=Ins|Definite=Ind|Degree=Sup|Gender=Fem|Number=Plur",
      "bdv.auk\u0161\u010d.mot.vns.K.__Case=Gen|Definite=Ind|Degree=Sup|Gender=Fem|Number=Sing",
      "bdv.auk\u0161\u010d.mot.vns.V.__Case=Nom|Definite=Ind|Degree=Sup|Gender=Fem|Number=Sing",
      "bdv.auk\u0161\u010d.mot.vns.Vt.__Case=Loc|Definite=Ind|Degree=Sup|Gender=Fem|Number=Sing",
      "bdv.auk\u0161\u010d.mot.vns.\u012en.__Case=Ins|Definite=Ind|Degree=Sup|Gender=Fem|Number=Sing",
      "bdv.auk\u0161\u010d.vyr.dgs.G.__Case=Acc|Definite=Ind|Degree=Sup|Gender=Masc|Number=Plur",
      "bdv.auk\u0161\u010d.vyr.dgs.K.__Case=Gen|Definite=Ind|Degree=Sup|Gender=Masc|Number=Plur",
      "bdv.auk\u0161\u010d.vyr.dgs.V.__Case=Nom|Definite=Ind|Degree=Sup|Gender=Masc|Number=Plur",
      "bdv.auk\u0161\u010d.vyr.dgs.Vt.__Case=Loc|Definite=Ind|Degree=Sup|Gender=Masc|Number=Plur",
      "bdv.auk\u0161\u010d.vyr.dgs.\u012en.__Case=Ins|Definite=Ind|Degree=Sup|Gender=Masc|Number=Plur",
      "bdv.auk\u0161\u010d.vyr.vns.G.__Case=Acc|Definite=Ind|Degree=Sup|Gender=Masc|Number=Sing",
      "bdv.auk\u0161\u010d.vyr.vns.K.__Case=Gen|Definite=Ind|Degree=Sup|Gender=Masc|Number=Sing",
      "bdv.auk\u0161\u010d.vyr.vns.V.__Case=Nom|Definite=Ind|Degree=Sup|Gender=Masc|Number=Sing",
      "bdv.auk\u0161\u010d.vyr.vns.\u012en.__Case=Ins|Definite=Ind|Degree=Sup|Gender=Masc|Number=Sing",
      "bdv.auk\u0161\u010d.\u012fvard\u017e.mot.vns.K.__Case=Gen|Definite=Def|Degree=Sup|Gender=Fem|Number=Sing",
      "bdv.nelygin..vyr.vns.K.__Case=Gen|Definite=Ind|Degree=Pos|Gender=Masc|Number=Sing",
      "bdv.nelygin.__Definite=Ind|Degree=Pos",
      "bdv.nelygin.bev.__Definite=Ind|Degree=Pos|Gender=Neut",
      "bdv.nelygin.mot.dgs.G.__Case=Acc|Definite=Ind|Degree=Pos|Gender=Fem|Number=Plur",
      "bdv.nelygin.mot.dgs.K.__Case=Gen|Definite=Ind|Degree=Pos|Gender=Fem|Number=Plur",
      "bdv.nelygin.mot.dgs.N.__Case=Dat|Definite=Ind|Degree=Pos|Gender=Fem|Number=Plur",
      "bdv.nelygin.mot.dgs.V.__Case=Nom|Definite=Ind|Degree=Pos|Gender=Fem|Number=Plur",
      "bdv.nelygin.mot.dgs.V__Case=Nom|Definite=Ind|Degree=Pos|Gender=Fem|Number=Plur",
      "bdv.nelygin.mot.dgs.Vt.__Case=Loc|Definite=Ind|Degree=Pos|Gender=Fem|Number=Plur",
      "bdv.nelygin.mot.dgs.\u012en.__Case=Ins|Definite=Ind|Degree=Pos|Gender=Fem|Number=Plur",
      "bdv.nelygin.mot.vns.G.__Case=Acc|Definite=Ind|Degree=Pos|Gender=Fem|Number=Sing",
      "bdv.nelygin.mot.vns.K.__Case=Gen|Definite=Ind|Degree=Pos|Gender=Fem|Number=Sing",
      "bdv.nelygin.mot.vns.N.__Case=Dat|Definite=Ind|Degree=Pos|Gender=Fem|Number=Sing",
      "bdv.nelygin.mot.vns.V.__Case=Nom|Definite=Ind|Degree=Pos|Gender=Fem|Number=Sing",
      "bdv.nelygin.mot.vns.Vt.__Case=Loc|Definite=Ind|Degree=Pos|Gender=Fem|Number=Sing",
      "bdv.nelygin.mot.vns.\u012en.__Case=Ins|Definite=Ind|Degree=Pos|Gender=Fem|Number=Sing",
      "bdv.nelygin.vyr.dgs.G.__Case=Acc|Definite=Ind|Degree=Pos|Gender=Masc|Number=Plur",
      "bdv.nelygin.vyr.dgs.K.__Case=Gen|Definite=Ind|Degree=Pos|Gender=Masc|Number=Plur",
      "bdv.nelygin.vyr.dgs.N.__Case=Dat|Definite=Ind|Degree=Pos|Gender=Masc|Number=Plur",
      "bdv.nelygin.vyr.dgs.V.__Case=Nom|Definite=Ind|Degree=Pos|Gender=Masc|Number=Plur",
      "bdv.nelygin.vyr.dgs.Vt.__Case=Loc|Definite=Ind|Degree=Pos|Gender=Masc|Number=Plur",
      "bdv.nelygin.vyr.dgs.\u012en.__Case=Ins|Definite=Ind|Degree=Pos|Gender=Masc|Number=Plur",
      "bdv.nelygin.vyr.vns.G.__Case=Acc|Definite=Ind|Degree=Pos|Gender=Masc|Number=Sing",
      "bdv.nelygin.vyr.vns.K.__Case=Gen|Definite=Ind|Degree=Pos|Gender=Masc|Number=Sing",
      "bdv.nelygin.vyr.vns.N.__Case=Dat|Definite=Ind|Degree=Pos|Gender=Masc|Number=Sing",
      "bdv.nelygin.vyr.vns.V.__Case=Nom|Definite=Ind|Degree=Pos|Gender=Masc|Number=Sing",
      "bdv.nelygin.vyr.vns.Vt.__Case=Loc|Definite=Ind|Degree=Pos|Gender=Masc|Number=Sing",
      "bdv.nelygin.vyr.vns.\u012en.__Case=Ins|Definite=Ind|Degree=Pos|Gender=Masc|Number=Sing",
      "bdv.nelygin.\u012fvard\u017e.mot.dgs.G.__Case=Acc|Definite=Def|Degree=Pos|Gender=Fem|Number=Plur",
      "bdv.nelygin.\u012fvard\u017e.mot.dgs.K.__Case=Gen|Definite=Def|Degree=Pos|Gender=Fem|Number=Plur",
      "bdv.nelygin.\u012fvard\u017e.mot.dgs.N.__Case=Dat|Definite=Def|Degree=Pos|Gender=Fem|Number=Plur",
      "bdv.nelygin.\u012fvard\u017e.mot.dgs.V.__Case=Nom|Definite=Def|Degree=Pos|Gender=Fem|Number=Plur",
      "bdv.nelygin.\u012fvard\u017e.mot.dgs.\u012en.__Case=Ins|Definite=Def|Degree=Pos|Gender=Fem|Number=Plur",
      "bdv.nelygin.\u012fvard\u017e.mot.vns.G.__Case=Acc|Definite=Def|Degree=Pos|Gender=Fem|Number=Sing",
      "bdv.nelygin.\u012fvard\u017e.mot.vns.K.__Case=Gen|Definite=Def|Degree=Pos|Gender=Fem|Number=Sing",
      "bdv.nelygin.\u012fvard\u017e.mot.vns.N.__Case=Dat|Definite=Def|Degree=Pos|Gender=Fem|Number=Sing",
      "bdv.nelygin.\u012fvard\u017e.mot.vns.V.__Case=Nom|Definite=Def|Degree=Pos|Gender=Fem|Number=Sing",
      "bdv.nelygin.\u012fvard\u017e.mot.vns.Vt.__Case=Loc|Definite=Def|Degree=Pos|Gender=Fem|Number=Sing",
      "bdv.nelygin.\u012fvard\u017e.mot.vns.\u012en.__Case=Ins|Definite=Def|Degree=Pos|Gender=Fem|Number=Sing",
      "bdv.nelygin.\u012fvard\u017e.vyr.dgs.G.__Case=Acc|Definite=Def|Degree=Pos|Gender=Masc|Number=Plur",
      "bdv.nelygin.\u012fvard\u017e.vyr.dgs.K.__Case=Gen|Definite=Def|Degree=Pos|Gender=Masc|Number=Plur",
      "bdv.nelygin.\u012fvard\u017e.vyr.dgs.V.__Case=Nom|Definite=Def|Degree=Pos|Gender=Masc|Number=Plur",
      "bdv.nelygin.\u012fvard\u017e.vyr.dgs.Vt.__Case=Loc|Definite=Def|Degree=Pos|Gender=Masc|Number=Plur",
      "bdv.nelygin.\u012fvard\u017e.vyr.dgs.\u012en.__Case=Ins|Definite=Def|Degree=Pos|Gender=Masc|Number=Plur",
      "bdv.nelygin.\u012fvard\u017e.vyr.vns.G.__Case=Acc|Definite=Def|Degree=Pos|Gender=Masc|Number=Sing",
      "bdv.nelygin.\u012fvard\u017e.vyr.vns.K.__Case=Gen|Definite=Def|Degree=Pos|Gender=Masc|Number=Sing",
      "bdv.nelygin.\u012fvard\u017e.vyr.vns.N.__Case=Dat|Definite=Def|Degree=Pos|Gender=Masc|Number=Sing",
      "bdv.nelygin.\u012fvard\u017e.vyr.vns.V.__Case=Nom|Definite=Def|Degree=Pos|Gender=Masc|Number=Sing",
      "bdv.nelygin.\u012fvard\u017e.vyr.vns.Vt.__Case=Loc|Definite=Def|Degree=Pos|Gender=Masc|Number=Sing",
      "bdv.nelygin.\u012fvard\u017e.vyr.vns.\u012en.__Case=Ins|Definite=Def|Degree=Pos|Gender=Masc|Number=Sing",
      "b\u016bdv.nelygin.\u012fvard\u017e.vyr.dgs.K.__Case=Gen|Definite=Def|Degree=Pos|Gender=Masc|Number=Plur",
      "dkt.",
      "dkt.bendr.dgs.V.__Case=Nom|Gender=Com|Number=Plur",
      "dkt.bendr.vns.K.__Case=Gen|Gender=Com|Number=Sing",
      "dkt.bendr.vns.N.__Case=Dat|Gender=Com|Number=Sing",
      "dkt.bendr.vns.V.__Case=Nom|Gender=Com|Number=Sing",
      "dkt.mot.__Gender=Fem",
      "dkt.mot.dgs.G.__Case=Acc|Gender=Fem|Number=Plur",
      "dkt.mot.dgs.K.__Case=Gen|Gender=Fem|Number=Plur",
      "dkt.mot.dgs.N.__Case=Dat|Gender=Fem|Number=Plur",
      "dkt.mot.dgs.V.__Case=Nom|Gender=Fem|Number=Plur",
      "dkt.mot.dgs.Vt.__Case=Loc|Gender=Fem|Number=Plur",
      "dkt.mot.dgs.\u012en.__Case=Ins|Gender=Fem|Number=Plur",
      "dkt.mot.vns.G.__Case=Acc|Gender=Fem|Number=Sing",
      "dkt.mot.vns.Il.__Case=Ill|Gender=Fem|Number=Sing",
      "dkt.mot.vns.K.__Case=Gen|Gender=Fem|Number=Sing",
      "dkt.mot.vns.K__Case=Gen|Gender=Fem|Number=Sing",
      "dkt.mot.vns.N.__Case=Dat|Gender=Fem|Number=Sing",
      "dkt.mot.vns.V.__Case=Nom|Gender=Fem|Number=Sing",
      "dkt.mot.vns.Vt.__Case=Loc|Gender=Fem|Number=Sing",
      "dkt.mot.vns.\u012en.__Case=Ins|Gender=Fem|Number=Sing",
      "dkt.mot.vns.\u012ev.__Gender=Fem|Number=Sing",
      "dkt.mot.vns.\u0160.__Case=Voc|Gender=Fem|Number=Sing",
      "dkt.sngr.vyr.dgs.G.__Case=Acc|Gender=Masc|Number=Plur|Reflex=Yes",
      "dkt.sngr.vyr.dgs.K.__Case=Gen|Gender=Masc|Number=Plur|Reflex=Yes",
      "dkt.sngr.vyr.dgs.V.__Case=Nom|Gender=Masc|Number=Plur|Reflex=Yes",
      "dkt.sngr.vyr.dgs.\u012en.__Case=Ins|Gender=Masc|Number=Plur|Reflex=Yes",
      "dkt.sngr.vyr.vns.G.__Case=Acc|Gender=Masc|Number=Sing|Reflex=Yes",
      "dkt.sngr.vyr.vns.K.__Case=Gen|Gender=Masc|Number=Sing|Reflex=Yes",
      "dkt.sngr.vyr.vns.N.__Case=Dat|Gender=Masc|Number=Sing|Reflex=Yes",
      "dkt.sngr.vyr.vns.V.__Case=Nom|Gender=Masc|Number=Sing|Reflex=Yes",
      "dkt.sngr.vyr.vns.\u012en.__Case=Ins|Gender=Masc|Number=Sing|Reflex=Yes",
      "dkt.tikr.",
      "dkt.tikr.mot.__Gender=Fem",
      "dkt.tikr.mot.dgs.K.__Case=Gen|Gender=Fem|Number=Plur",
      "dkt.tikr.mot.vns.G.__Case=Acc|Gender=Fem|Number=Sing",
      "dkt.tikr.mot.vns.K.__Case=Gen|Gender=Fem|Number=Sing",
      "dkt.tikr.mot.vns.N.__Case=Dat|Gender=Fem|Number=Sing",
      "dkt.tikr.mot.vns.V.__Case=Nom|Gender=Fem|Number=Sing",
      "dkt.tikr.mot.vns.Vt.__Case=Loc|Gender=Fem|Number=Sing",
      "dkt.tikr.mot.vns.\u012en.__Case=Ins|Gender=Fem|Number=Sing",
      "dkt.tikr.vyr.dgs.K.__Case=Gen|Gender=Masc|Number=Plur",
      "dkt.tikr.vyr.vns.G.__Case=Acc|Gender=Masc|Number=Sing",
      "dkt.tikr.vyr.vns.K.__Case=Gen|Gender=Masc|Number=Sing",
      "dkt.tikr.vyr.vns.N.__Case=Dat|Gender=Masc|Number=Sing",
      "dkt.tikr.vyr.vns.V.__Case=Nom|Gender=Masc|Number=Sing",
      "dkt.tikr.vyr.vns.Vt.__Case=Loc|Gender=Masc|Number=Sing",
      "dkt.tikr.vyr.vns.\u012en.__Case=Ins|Gender=Masc|Number=Sing",
      "dkt.vyr.__Gender=Masc",
      "dkt.vyr.dgs.G.__Case=Acc|Gender=Masc|Number=Plur",
      "dkt.vyr.dgs.K.__Case=Gen|Gender=Masc|Number=Plur",
      "dkt.vyr.dgs.N.__Case=Dat|Gender=Masc|Number=Plur",
      "dkt.vyr.dgs.V.__Case=Nom|Gender=Masc|Number=Plur",
      "dkt.vyr.dgs.Vt.__Case=Loc|Gender=Masc|Number=Plur",
      "dkt.vyr.dgs.v.__Gender=Masc|Number=Plur",
      "dkt.vyr.dgs.\u012en.__Case=Ins|Gender=Masc|Number=Plur",
      "dkt.vyr.vns,K.__Gender=Masc",
      "dkt.vyr.vns.G.__Case=Acc|Gender=Masc|Number=Sing",
      "dkt.vyr.vns.Il.__Case=Ill|Gender=Masc|Number=Sing",
      "dkt.vyr.vns.K.__Case=Gen|Gender=Masc|Number=Sing",
      "dkt.vyr.vns.N.__Case=Dat|Gender=Masc|Number=Sing",
      "dkt.vyr.vns.V.__Case=Nom|Gender=Masc|Number=Sing",
      "dkt.vyr.vns.Vt.__Case=Loc|Gender=Masc|Number=Sing",
      "dkt.vyr.vns.vt.__Gender=Masc|Number=Sing",
      "dkt.vyr.vns.\u012en.__Case=Ins|Gender=Masc|Number=Sing",
      "dkt.vyr.vns.\u0160.__Case=Voc|Gender=Masc|Number=Sing",
      "dktv.mot.vns.K.__Case=Gen|Gender=Fem|Number=Sing",
      "dll",
      "dll.",
      "dlv.neveik.es.mot.vns.V.__Case=Nom|Definite=Ind|Gender=Fem|Number=Sing|Tense=Pres|VerbForm=Part|Voice=Pass",
      "jng.",
      "jst.",
      "kita",
      "kita.",
      "prl.G.__AdpType=Prep|Case=Acc",
      "prl.K.__AdpType=Prep|Case=Gen",
      "prl.\u012en.__AdpType=Prep|Case=Ins",
      "prv.auk\u0161t.__Degree=Cmp",
      "prv.auk\u0161\u010d.__Degree=Sup",
      "prv.nelygin.__Degree=Pos",
      "prv.neygin.",
      "prv.sampl.nelygin.__Degree=Pos|Hyph=Yes",
      "samp.\u012fv.mot.dgs.N.__Case=Dat|Definite=Ind|Gender=Fem|Number=Plur|PronType=Ind",
      "sampl.dll.__Hyph=Yes",
      "sampl.jng.__Hyph=Yes",
      "sampl.jst.__Hyph=Yes",
      "sampl.prv.__Hyph=Yes",
      "sampl.prv.nelyg.__Hyph=Yes",
      "sampl.prv.nelygin.__Degree=Pos|Hyph=Yes",
      "sampl.sktv.__Definite=Ind|Hyph=Yes",
      "sampl.sktv.raid.kiek.__Hyph=Yes|NumForm=Word|NumType=Card",
      "sampl.sutr.__Abbr=Yes|Hyph=Yes",
      "sampl.u\u017es.__Foreign=Yes|Hyph=Yes",
      "sampl.vksm.pad.es.__Hyph=Yes|Polarity=Pos|Tense=Pres|VerbForm=Ger",
      "sampl.\u012fv.G.__Case=Acc|Definite=Ind|Hyph=Yes|PronType=Int",
      "sampl.\u012fv.K.__Case=Gen|Definite=Ind|Hyph=Yes|PronType=Int",
      "sampl.\u012fv.V.__Case=Nom|Definite=Ind|Hyph=Yes|PronType=Ind",
      "sampl.\u012fv.V.__Case=Nom|Definite=Ind|Hyph=Yes|PronType=Int",
      "sampl.\u012fv.__Definite=Ind|Hyph=Yes|PronType=Ind",
      "sampl.\u012fv.bev.__Definite=Ind|Gender=Neut|Hyph=Yes|PronType=Ind",
      "sampl.\u012fv.bev.__Definite=Ind|Gender=Neut|Hyph=Yes|PronType=Int",
      "sampl.\u012fv.bev.__Definite=Ind|Gender=Neut|Hyph=Yes|PronType=Tot",
      "sampl.\u012fv.mot.dgs.G.__Case=Acc|Definite=Ind|Gender=Fem|Hyph=Yes|Number=Plur|PronType=Ind",
      "sampl.\u012fv.mot.dgs.K.__Case=Gen|Definite=Ind|Gender=Fem|Hyph=Yes|Number=Plur|PronType=Ind",
      "sampl.\u012fv.mot.dgs.V.__Case=Nom|Definite=Ind|Gender=Fem|Hyph=Yes|Number=Plur|PronType=Dem",
      "sampl.\u012fv.mot.dgs.V.__Case=Nom|Definite=Ind|Gender=Fem|Hyph=Yes|Number=Plur|PronType=Ind",
      "sampl.\u012fv.mot.dgs.Vt.__Case=Loc|Definite=Ind|Gender=Fem|Hyph=Yes|Number=Plur|PronType=Ind",
      "sampl.\u012fv.mot.dgs.\u012en.__Case=Ins|Definite=Ind|Gender=Fem|Hyph=Yes|Number=Plur|PronType=Ind",
      "sampl.\u012fv.mot.vns.G.__Case=Acc|Definite=Ind|Gender=Fem|Hyph=Yes|Number=Sing|PronType=Dem",
      "sampl.\u012fv.mot.vns.G.__Case=Acc|Definite=Ind|Gender=Fem|Hyph=Yes|Number=Sing|PronType=Ind",
      "sampl.\u012fv.mot.vns.K.__Case=Gen|Definite=Ind|Gender=Fem|Hyph=Yes|Number=Sing|PronType=Dem",
      "sampl.\u012fv.mot.vns.K.__Case=Gen|Definite=Ind|Gender=Fem|Hyph=Yes|Number=Sing|PronType=Ind",
      "sampl.\u012fv.mot.vns.K.__Case=Gen|Definite=Ind|Gender=Fem|Hyph=Yes|Number=Sing|PronType=Int",
      "sampl.\u012fv.mot.vns.N.__Case=Dat|Definite=Ind|Gender=Fem|Hyph=Yes|Number=Sing|PronType=Ind",
      "sampl.\u012fv.mot.vns.V.__Case=Nom|Definite=Ind|Gender=Fem|Hyph=Yes|Number=Sing|PronType=Dem",
      "sampl.\u012fv.mot.vns.V.__Case=Nom|Definite=Ind|Gender=Fem|Hyph=Yes|Number=Sing|PronType=Ind",
      "sampl.\u012fv.mot.vns.V.__Case=Nom|Definite=Ind|Gender=Fem|Hyph=Yes|Number=Sing|PronType=Int",
      "sampl.\u012fv.mot.vns.Vt.__Case=Loc|Definite=Ind|Gender=Fem|Hyph=Yes|Number=Sing|PronType=Dem",
      "sampl.\u012fv.mot.vns.Vt.__Case=Loc|Definite=Ind|Gender=Fem|Hyph=Yes|Number=Sing|PronType=Ind",
      "sampl.\u012fv.mot.vns.\u012en.__Case=Ins|Definite=Ind|Gender=Fem|Hyph=Yes|Number=Sing|PronType=Dem",
      "sampl.\u012fv.mot.vns.\u012en.__Case=Ins|Definite=Ind|Gender=Fem|Hyph=Yes|Number=Sing|PronType=Ind",
      "sampl.\u012fv.vyr.dgs.G.__Case=Acc|Definite=Ind|Gender=Masc|Hyph=Yes|Number=Plur|PronType=Dem",
      "sampl.\u012fv.vyr.dgs.G.__Case=Acc|Definite=Ind|Gender=Masc|Hyph=Yes|Number=Plur|PronType=Ind",
      "sampl.\u012fv.vyr.dgs.K.__Case=Gen|Definite=Ind|Gender=Masc|Hyph=Yes|Number=Plur|PronType=Dem",
      "sampl.\u012fv.vyr.dgs.K.__Case=Gen|Definite=Ind|Gender=Masc|Hyph=Yes|Number=Plur|PronType=Ind",
      "sampl.\u012fv.vyr.dgs.N.__Case=Dat|Definite=Ind|Gender=Masc|Hyph=Yes|Number=Plur|PronType=Dem",
      "sampl.\u012fv.vyr.dgs.V.__Case=Nom|Definite=Ind|Gender=Masc|Hyph=Yes|Number=Plur|PronType=Dem",
      "sampl.\u012fv.vyr.dgs.V.__Case=Nom|Definite=Ind|Gender=Masc|Hyph=Yes|Number=Plur|PronType=Ind",
      "sampl.\u012fv.vyr.dgs.Vt.__Case=Loc|Definite=Ind|Gender=Masc|Hyph=Yes|Number=Plur|PronType=Ind",
      "sampl.\u012fv.vyr.dgs.\u012en.__Case=Ins|Definite=Ind|Gender=Masc|Hyph=Yes|Number=Plur|PronType=Ind",
      "sampl.\u012fv.vyr.vns.G.__Case=Acc|Definite=Ind|Gender=Masc|Hyph=Yes|Number=Sing|PronType=Dem",
      "sampl.\u012fv.vyr.vns.G.__Case=Acc|Definite=Ind|Gender=Masc|Hyph=Yes|Number=Sing|PronType=Ind",
      "sampl.\u012fv.vyr.vns.G.__Case=Acc|Definite=Ind|Gender=Masc|Hyph=Yes|Number=Sing|PronType=Int",
      "sampl.\u012fv.vyr.vns.K.__Case=Gen|Definite=Ind|Gender=Masc|Hyph=Yes|Number=Sing|PronType=Dem",
      "sampl.\u012fv.vyr.vns.K.__Case=Gen|Definite=Ind|Gender=Masc|Hyph=Yes|Number=Sing|PronType=Ind",
      "sampl.\u012fv.vyr.vns.K.__Case=Gen|Definite=Ind|Gender=Masc|Hyph=Yes|Number=Sing|PronType=Int",
      "sampl.\u012fv.vyr.vns.V.__Case=Nom|Definite=Ind|Gender=Masc|Hyph=Yes|Number=Sing|PronType=Dem",
      "sampl.\u012fv.vyr.vns.V.__Case=Nom|Definite=Ind|Gender=Masc|Hyph=Yes|Number=Sing|PronType=Ind",
      "sampl.\u012fv.vyr.vns.V.__Case=Nom|Definite=Ind|Gender=Masc|Hyph=Yes|Number=Sing|PronType=Int",
      "sampl.\u012fv.vyr.vns.Vt.__Case=Loc|Definite=Ind|Gender=Masc|Hyph=Yes|Number=Sing|PronType=Int",
      "sampl.\u012fv.vyr.vns.\u012en.__Case=Ins|Definite=Ind|Gender=Masc|Hyph=Yes|Number=Sing|PronType=Ind",
      "sampl.\u012fv.vyr.vns.\u012en.__Case=Ins|Definite=Ind|Gender=Masc|Hyph=Yes|Number=Sing|PronType=Int",
      "sampl.\u012fv.\u012en.__Case=Ins|Definite=Ind|Hyph=Yes|PronType=Int",
      "sktv.__Definite=Ind",
      "sktv.arab.__Definite=Ind|NumForm=Digit",
      "sktv.arab__Definite=Ind|NumForm=Digit",
      "sktv.kelint.mot.vns.Vt.__Case=Loc|Definite=Ind|Gender=Fem|Number=Sing|NumType=Ord",
      "sktv.kelint.\u012fvard\u017e.mot.vns.V.__Case=Nom|Definite=Def|Gender=Fem|Number=Sing|NumType=Ord",
      "sktv.kelint.\u012fvard\u017e.vyr.vns.G.__Case=Acc|Definite=Def|Gender=Masc|Number=Sing|NumType=Ord",
      "sktv.kiek.mot.V.__Case=Nom|Gender=Fem|NumType=Card",
      "sktv.kiek.vyr.dgs.G.__Case=Acc|Gender=Masc|Number=Plur|NumType=Card",
      "sktv.mi\u0161r.__Definite=Ind|NumForm=Combi",
      "sktv.mi\u0161r.kelint.\u012fvard\u017e.mot.vns.G.__Case=Acc|Definite=Def|Gender=Fem|Number=Sing|NumForm=Combi|NumType=Ord",
      "sktv.mi\u0161r.kelint.\u012fvard\u017e.mot.vns.K.__Case=Gen|Definite=Def|Gender=Fem|Number=Sing|NumForm=Combi|NumType=Ord",
      "sktv.mi\u0161r.kelint.\u012fvard\u017e.mot.vns.V.__Case=Nom|Definite=Def|Gender=Fem|Number=Sing|NumForm=Combi|NumType=Ord",
      "sktv.mi\u0161r.kelint.\u012fvard\u017e.vyr.vns.G.__Case=Acc|Definite=Def|Gender=Masc|Number=Sing|NumForm=Combi|NumType=Ord",
      "sktv.mi\u0161r.kelint.\u012fvard\u017e.vyr.vns.K.__Case=Gen|Definite=Def|Gender=Masc|Number=Sing|NumForm=Combi|NumType=Ord",
      "sktv.mi\u0161r.kelint.\u012fvard\u017e.vyr.vns.Vt.__Case=Loc|Definite=Def|Gender=Masc|Number=Sing|NumForm=Combi|NumType=Ord",
      "sktv.raid.daugin.vyr.G.__Case=Acc|Definite=Ind|Gender=Masc|NumForm=Word|NumType=Mult",
      "sktv.raid.daugin.vyr.K.__Case=Gen|Definite=Ind|Gender=Masc|NumForm=Word|NumType=Mult",
      "sktv.raid.kelint.bev.__Definite=Ind|Gender=Neut|NumForm=Word|NumType=Ord",
      "sktv.raid.kelint.mot.vns.K.__Case=Gen|Definite=Ind|Gender=Fem|Number=Sing|NumForm=Word|NumType=Ord",
      "sktv.raid.kelint.mot.vns.V.__Case=Nom|Definite=Ind|Gender=Fem|Number=Sing|NumForm=Word|NumType=Ord",
      "sktv.raid.kelint.mot.vns.Vt.__Case=Loc|Definite=Ind|Gender=Fem|Number=Sing|NumForm=Word|NumType=Ord",
      "sktv.raid.kelint.vyr.dgs.K.__Case=Gen|Definite=Ind|Gender=Masc|Number=Plur|NumForm=Word|NumType=Ord",
      "sktv.raid.kelint.vyr.dgs.V.__Case=Nom|Definite=Ind|Gender=Masc|Number=Plur|NumForm=Word|NumType=Ord",
      "sktv.raid.kelint.vyr.dgs.Vt.__Case=Loc|Definite=Ind|Gender=Masc|Number=Plur|NumForm=Word|NumType=Ord",
      "sktv.raid.kelint.vyr.dgs.\u012en.__Case=Ins|Definite=Ind|Gender=Masc|Number=Plur|NumForm=Word|NumType=Ord",
      "sktv.raid.kelint.vyr.vns.G.__Case=Acc|Definite=Ind|Gender=Masc|Number=Sing|NumForm=Word|NumType=Ord",
      "sktv.raid.kelint.vyr.vns.K.__Case=Gen|Definite=Ind|Gender=Masc|Number=Sing|NumForm=Word|NumType=Ord",
      "sktv.raid.kelint.vyr.vns.V.__Case=Nom|Definite=Ind|Gender=Masc|Number=Sing|NumForm=Word|NumType=Ord",
      "sktv.raid.kelint.vyr.vns.Vt.__Case=Loc|Definite=Ind|Gender=Masc|Number=Sing|NumForm=Word|NumType=Ord",
      "sktv.raid.kelint.\u012fvard\u017e.mot.vns.G.__Case=Acc|Definite=Def|Gender=Fem|Number=Sing|NumForm=Word|NumType=Ord",
      "sktv.raid.kelint.\u012fvard\u017e.mot.vns.K.__Case=Gen|Definite=Def|Gender=Fem|Number=Sing|NumForm=Word|NumType=Ord",
      "sktv.raid.kelint.\u012fvard\u017e.mot.vns.N.__Case=Dat|Definite=Def|Gender=Fem|Number=Sing|NumForm=Word|NumType=Ord",
      "sktv.raid.kelint.\u012fvard\u017e.mot.vns.V.__Case=Nom|Definite=Def|Gender=Fem|Number=Sing|NumForm=Word|NumType=Ord",
      "sktv.raid.kelint.\u012fvard\u017e.mot.vns.Vt.__Case=Loc|Definite=Def|Gender=Fem|Number=Sing|NumForm=Word|NumType=Ord",
      "sktv.raid.kelint.\u012fvard\u017e.vyr.dgs.K.__Case=Gen|Definite=Def|Gender=Masc|Number=Plur|NumForm=Word|NumType=Ord",
      "sktv.raid.kelint.\u012fvard\u017e.vyr.dgs.N.__Case=Dat|Definite=Def|Gender=Masc|Number=Plur|NumForm=Word|NumType=Ord",
      "sktv.raid.kelint.\u012fvard\u017e.vyr.dgs.V.__Case=Nom|Definite=Def|Gender=Masc|Number=Plur|NumForm=Word|NumType=Ord",
      "sktv.raid.kelint.\u012fvard\u017e.vyr.dgs.\u012en.__Case=Ins|Definite=Def|Gender=Masc|Number=Plur|NumForm=Word|NumType=Ord",
      "sktv.raid.kelint.\u012fvard\u017e.vyr.vns.G.__Case=Acc|Definite=Def|Gender=Masc|Number=Sing|NumForm=Word|NumType=Ord",
      "sktv.raid.kelint.\u012fvard\u017e.vyr.vns.K.__Case=Gen|Definite=Def|Gender=Masc|Number=Sing|NumForm=Word|NumType=Ord",
      "sktv.raid.kelint.\u012fvard\u017e.vyr.vns.V.__Case=Nom|Definite=Def|Gender=Masc|Number=Sing|NumForm=Word|NumType=Ord",
      "sktv.raid.kiek.K.__Case=Gen|NumForm=Word|NumType=Card",
      "sktv.raid.kiek.__NumForm=Word|NumType=Card",
      "sktv.raid.kiek.mot.G.__Case=Acc|Gender=Fem|NumForm=Word|NumType=Card",
      "sktv.raid.kiek.mot.K.__Case=Gen|Gender=Fem|NumForm=Word|NumType=Card",
      "sktv.raid.kiek.mot.N.__Case=Dat|Gender=Fem|NumForm=Word|NumType=Card",
      "sktv.raid.kiek.mot.V.__Case=Nom|Gender=Fem|NumForm=Word|NumType=Card",
      "sktv.raid.kiek.mot.Vt.__Case=Loc|Gender=Fem|NumForm=Word|NumType=Card",
      "sktv.raid.kiek.mot.dgs.V.__Case=Nom|Gender=Fem|Number=Plur|NumForm=Word|NumType=Card",
      "sktv.raid.kiek.mot.vns.G.__Case=Acc|Gender=Fem|Number=Sing|NumForm=Word|NumType=Card",
      "sktv.raid.kiek.mot.vns.K.__Case=Gen|Gender=Fem|Number=Sing|NumForm=Word|NumType=Card",
      "sktv.raid.kiek.mot.vns.\u012en.__Case=Ins|Gender=Fem|Number=Sing|NumForm=Word|NumType=Card",
      "sktv.raid.kiek.mot.\u012en.__Case=Ins|Gender=Fem|NumForm=Word|NumType=Card",
      "sktv.raid.kiek.vyr.G.__Case=Acc|Gender=Masc|NumForm=Word|NumType=Card",
      "sktv.raid.kiek.vyr.K.__Case=Gen|Gender=Masc|NumForm=Word|NumType=Card",
      "sktv.raid.kiek.vyr.N.__Case=Dat|Gender=Masc|NumForm=Word|NumType=Card",
      "sktv.raid.kiek.vyr.V.__Case=Nom|Gender=Masc|NumForm=Word|NumType=Card",
      "sktv.raid.kiek.vyr.Vt.__Case=Loc|Gender=Masc|NumForm=Word|NumType=Card",
      "sktv.raid.kiek.vyr.dgs.K.__Case=Gen|Gender=Masc|Number=Plur|NumForm=Word|NumType=Card",
      "sktv.raid.kiek.vyr.dgs.V.__Case=Nom|Gender=Masc|Number=Plur|NumForm=Word|NumType=Card",
      "sktv.raid.kiek.vyr.vns.G.__Case=Acc|Gender=Masc|Number=Sing|NumForm=Word|NumType=Card",
      "sktv.raid.kiek.vyr.vns.K.__Case=Gen|Gender=Masc|Number=Sing|NumForm=Word|NumType=Card",
      "sktv.raid.kiek.vyr.vns.V.__Case=Nom|Gender=Masc|Number=Sing|NumForm=Word|NumType=Card",
      "sktv.raid.kiek.vyr.\u012en.__Case=Ins|Gender=Masc|NumForm=Word|NumType=Card",
      "sktv.raid.kiekin.mot.vns.G.__Case=Acc|Definite=Ind|Gender=Fem|Number=Sing|NumForm=Word",
      "sktv.raid.kiekin.mot.vns.V.__Case=Nom|Definite=Ind|Gender=Fem|Number=Sing|NumForm=Word",
      "sktv.raid.kuopin.G.__Case=Acc|Definite=Ind|NumForm=Word|NumType=Sets",
      "sktv.rom.__Definite=Ind|NumForm=Roman",
      "skyr.",
      "sutr.__Abbr=Yes",
      "t\u0119s.__Hyph=Yes",
      "t\u0119s.sktv.raid.kelint.vyr.vns.G.__Case=Acc|Definite=Ind|Gender=Masc|Hyph=Yes|Number=Sing|NumForm=Word|NumType=Ord",
      "t\u0119s.\u012fv.vyr.dgs.G.__Case=Acc|Definite=Ind|Gender=Masc|Hyph=Yes|Number=Plur|PronType=Ind",
      "t\u0119s.\u012fv.vyr.dgs.N.__Case=Dat|Definite=Ind|Gender=Masc|Hyph=Yes|Number=Plur|PronType=Ind",
      "t\u0119s.\u012fv.vyr.vns.G.__Case=Acc|Definite=Ind|Gender=Masc|Hyph=Yes|Number=Sing|PronType=Ind",
      "t\u0119s.\u012fv.vyr.vns.N.__Case=Dat|Definite=Ind|Gender=Masc|Hyph=Yes|Number=Sing|PronType=Ind",
      "t\u0119s.\u012fv.vyr.vns.V.__Case=Nom|Definite=Ind|Gender=Masc|Hyph=Yes|Number=Sing|PronType=Ind",
      "t\u0119s.\u012fv.vyr.vns.\u012en.__Case=Ins|Definite=Ind|Gender=Masc|Hyph=Yes|Number=Sing|PronType=Ind",
      "t\u0119s__Hyph=Yes",
      "u\u017es.__Foreign=Yes",
      "vksm.asm.liep.dgs.1.__Mood=Imp|Number=Plur|Person=1|Polarity=Pos|VerbForm=Fin",
      "vksm.asm.liep.dgs.2.__Mood=Imp|Number=Plur|Person=2|Polarity=Pos|VerbForm=Fin",
      "vksm.asm.liep.vns.2.__Mood=Imp|Number=Sing|Person=2|Polarity=Pos|VerbForm=Fin",
      "vksm.asm.liep.vns.3.__Mood=Imp|Number=Sing|Person=3|Polarity=Pos|VerbForm=Fin",
      "vksm.asm.neig.liep.dgs.2.__Mood=Imp|Number=Plur|Person=2|Polarity=Neg|VerbForm=Fin",
      "vksm.asm.neig.liep.vns.2.__Mood=Imp|Number=Sing|Person=2|Polarity=Neg|VerbForm=Fin",
      "vksm.asm.neig.sngr.liep.dgs.2.__Mood=Imp|Number=Plur|Person=2|Polarity=Neg|Reflex=Yes|VerbForm=Fin",
      "vksm.asm.neig.sngr.tar.3.__Mood=Cnd|Person=3|Polarity=Neg|Reflex=Yes|VerbForm=Fin",
      "vksm.asm.neig.sngr.tar.dgs.1.__Mood=Cnd|Number=Plur|Person=1|Polarity=Neg|Reflex=Yes|VerbForm=Fin",
      "vksm.asm.neig.sngr.tar.vns.1.__Mood=Cnd|Number=Sing|Person=1|Polarity=Neg|Reflex=Yes|VerbForm=Fin",
      "vksm.asm.neig.sngr.tar.vns.3.__Mood=Cnd|Number=Sing|Person=3|Polarity=Neg|Reflex=Yes|VerbForm=Fin",
      "vksm.asm.neig.sngr.tiesiog.b\u016bs.vns.2.__Mood=Ind|Number=Sing|Person=2|Polarity=Neg|Reflex=Yes|Tense=Fut|VerbForm=Fin",
      "vksm.asm.neig.sngr.tiesiog.b\u016bs.vns.3.__Mood=Ind|Number=Sing|Person=3|Polarity=Neg|Reflex=Yes|Tense=Fut|VerbForm=Fin",
      "vksm.asm.neig.sngr.tiesiog.b\u016bt-k.3.__Aspect=Perf|Mood=Ind|Person=3|Polarity=Neg|Reflex=Yes|Tense=Past|VerbForm=Fin",
      "vksm.asm.neig.sngr.tiesiog.b\u016bt-k.dgs.3.__Aspect=Perf|Mood=Ind|Number=Plur|Person=3|Polarity=Neg|Reflex=Yes|Tense=Past|VerbForm=Fin",
      "vksm.asm.neig.sngr.tiesiog.b\u016bt-k.vns.1.__Aspect=Perf|Mood=Ind|Number=Sing|Person=1|Polarity=Neg|Reflex=Yes|Tense=Past|VerbForm=Fin",
      "vksm.asm.neig.sngr.tiesiog.b\u016bt-k.vns.3.__Aspect=Perf|Mood=Ind|Number=Sing|Person=3|Polarity=Neg|Reflex=Yes|Tense=Past|VerbForm=Fin",
      "vksm.asm.neig.sngr.tiesiog.es.3.__Mood=Ind|Person=3|Polarity=Neg|Reflex=Yes|Tense=Pres|VerbForm=Fin",
      "vksm.asm.neig.sngr.tiesiog.es.dgs.3.__Mood=Ind|Number=Plur|Person=3|Polarity=Neg|Reflex=Yes|Tense=Pres|VerbForm=Fin",
      "vksm.asm.neig.sngr.tiesiog.es.vns.1.__Mood=Ind|Number=Sing|Person=1|Polarity=Neg|Reflex=Yes|Tense=Pres|VerbForm=Fin",
      "vksm.asm.neig.sngr.tiesiog.es.vns.3.__Mood=Ind|Number=Sing|Person=3|Polarity=Neg|Reflex=Yes|Tense=Pres|VerbForm=Fin",
      "vksm.asm.neig.tar.3.__Mood=Cnd|Person=3|Polarity=Neg|VerbForm=Fin",
      "vksm.asm.neig.tar.dgs.1.__Mood=Cnd|Number=Plur|Person=1|Polarity=Neg|VerbForm=Fin",
      "vksm.asm.neig.tar.dgs.3.__Mood=Cnd|Number=Plur|Person=3|Polarity=Neg|VerbForm=Fin",
      "vksm.asm.neig.tar.vns.1.__Mood=Cnd|Number=Sing|Person=1|Polarity=Neg|VerbForm=Fin",
      "vksm.asm.neig.tar.vns.2.__Mood=Cnd|Number=Sing|Person=2|Polarity=Neg|VerbForm=Fin",
      "vksm.asm.neig.tar.vns.3.__Mood=Cnd|Number=Sing|Person=3|Polarity=Neg|VerbForm=Fin",
      "vksm.asm.neig.tiesiog.b\u016bs.3.__Mood=Ind|Person=3|Polarity=Neg|Tense=Fut|VerbForm=Fin",
      "vksm.asm.neig.tiesiog.b\u016bs.dgs.1.__Mood=Ind|Number=Plur|Person=1|Polarity=Neg|Tense=Fut|VerbForm=Fin",
      "vksm.asm.neig.tiesiog.b\u016bs.dgs.3.__Mood=Ind|Number=Plur|Person=3|Polarity=Neg|Tense=Fut|VerbForm=Fin",
      "vksm.asm.neig.tiesiog.b\u016bs.vns.1.__Mood=Ind|Number=Sing|Person=1|Polarity=Neg|Tense=Fut|VerbForm=Fin",
      "vksm.asm.neig.tiesiog.b\u016bs.vns.2.__Mood=Ind|Number=Sing|Person=2|Polarity=Neg|Tense=Fut|VerbForm=Fin",
      "vksm.asm.neig.tiesiog.b\u016bs.vns.3.__Mood=Ind|Number=Sing|Person=3|Polarity=Neg|Tense=Fut|VerbForm=Fin",
      "vksm.asm.neig.tiesiog.b\u016bt-d.vns.1.__Aspect=Hab|Mood=Ind|Number=Sing|Person=1|Polarity=Neg|Tense=Past|VerbForm=Fin",
      "vksm.asm.neig.tiesiog.b\u016bt-d.vns.3.__Aspect=Hab|Mood=Ind|Number=Sing|Person=3|Polarity=Neg|Tense=Past|VerbForm=Fin",
      "vksm.asm.neig.tiesiog.b\u016bt-k.3.__Aspect=Perf|Mood=Ind|Person=3|Polarity=Neg|Tense=Past|VerbForm=Fin",
      "vksm.asm.neig.tiesiog.b\u016bt-k.dgs.1.__Aspect=Perf|Mood=Ind|Number=Plur|Person=1|Polarity=Neg|Tense=Past|VerbForm=Fin",
      "vksm.asm.neig.tiesiog.b\u016bt-k.dgs.3.__Aspect=Perf|Mood=Ind|Number=Plur|Person=3|Polarity=Neg|Tense=Past|VerbForm=Fin",
      "vksm.asm.neig.tiesiog.b\u016bt-k.vns.1.__Aspect=Perf|Mood=Ind|Number=Sing|Person=1|Polarity=Neg|Tense=Past|VerbForm=Fin",
      "vksm.asm.neig.tiesiog.b\u016bt-k.vns.2.__Aspect=Perf|Mood=Ind|Number=Sing|Person=2|Polarity=Neg|Tense=Past|VerbForm=Fin",
      "vksm.asm.neig.tiesiog.b\u016bt-k.vns.3.__Aspect=Perf|Mood=Ind|Number=Sing|Person=3|Polarity=Neg|Tense=Past|VerbForm=Fin",
      "vksm.asm.neig.tiesiog.es.3.__Mood=Ind|Person=3|Polarity=Neg|Tense=Pres|VerbForm=Fin",
      "vksm.asm.neig.tiesiog.es.dgs.1.__Mood=Ind|Number=Plur|Person=1|Polarity=Neg|Tense=Pres|VerbForm=Fin",
      "vksm.asm.neig.tiesiog.es.dgs.2.__Mood=Ind|Number=Plur|Person=2|Polarity=Neg|Tense=Pres|VerbForm=Fin",
      "vksm.asm.neig.tiesiog.es.dgs.3.__Mood=Ind|Number=Plur|Person=3|Polarity=Neg|Tense=Pres|VerbForm=Fin",
      "vksm.asm.neig.tiesiog.es.vns.1.__Mood=Ind|Number=Sing|Person=1|Polarity=Neg|Tense=Pres|VerbForm=Fin",
      "vksm.asm.neig.tiesiog.es.vns.2.__Mood=Ind|Number=Sing|Person=2|Polarity=Neg|Tense=Pres|VerbForm=Fin",
      "vksm.asm.neig.tiesiog.es.vns.3.__Mood=Ind|Number=Sing|Person=3|Polarity=Neg|Tense=Pres|VerbForm=Fin",
      "vksm.asm.sngr.liep.dgs.1.__Mood=Imp|Number=Plur|Person=1|Polarity=Pos|Reflex=Yes|VerbForm=Fin",
      "vksm.asm.sngr.liep.dgs.2.__Mood=Imp|Number=Plur|Person=2|Polarity=Pos|Reflex=Yes|VerbForm=Fin",
      "vksm.asm.sngr.liep.vns.2.__Mood=Imp|Number=Sing|Person=2|Polarity=Pos|Reflex=Yes|VerbForm=Fin",
      "vksm.asm.sngr.tar.3.__Mood=Cnd|Person=3|Polarity=Pos|Reflex=Yes|VerbForm=Fin",
      "vksm.asm.sngr.tar.dgs.3.__Mood=Cnd|Number=Plur|Person=3|Polarity=Pos|Reflex=Yes|VerbForm=Fin",
      "vksm.asm.sngr.tar.vns.1.__Mood=Cnd|Number=Sing|Person=1|Polarity=Pos|Reflex=Yes|VerbForm=Fin",
      "vksm.asm.sngr.tar.vns.3.__Mood=Cnd|Number=Sing|Person=3|Polarity=Pos|Reflex=Yes|VerbForm=Fin",
      "vksm.asm.sngr.tiesiog.b\u016bs.dgs.1.__Mood=Ind|Number=Plur|Person=1|Polarity=Pos|Reflex=Yes|Tense=Fut|VerbForm=Fin",
      "vksm.asm.sngr.tiesiog.b\u016bs.dgs.2.__Mood=Ind|Number=Plur|Person=2|Polarity=Pos|Reflex=Yes|Tense=Fut|VerbForm=Fin",
      "vksm.asm.sngr.tiesiog.b\u016bs.dgs.3.__Mood=Ind|Number=Plur|Person=3|Polarity=Pos|Reflex=Yes|Tense=Fut|VerbForm=Fin",
      "vksm.asm.sngr.tiesiog.b\u016bs.vns.2.__Mood=Ind|Number=Sing|Person=2|Polarity=Pos|Reflex=Yes|Tense=Fut|VerbForm=Fin",
      "vksm.asm.sngr.tiesiog.b\u016bs.vns.3.__Mood=Ind|Number=Sing|Person=3|Polarity=Pos|Reflex=Yes|Tense=Fut|VerbForm=Fin",
      "vksm.asm.sngr.tiesiog.b\u016bt-d.dgs.3.__Aspect=Hab|Mood=Ind|Number=Plur|Person=3|Polarity=Pos|Reflex=Yes|Tense=Past|VerbForm=Fin",
      "vksm.asm.sngr.tiesiog.b\u016bt-d.vns.1.__Aspect=Hab|Mood=Ind|Number=Sing|Person=1|Polarity=Pos|Reflex=Yes|Tense=Past|VerbForm=Fin",
      "vksm.asm.sngr.tiesiog.b\u016bt-d.vns.3.__Aspect=Hab|Mood=Ind|Number=Sing|Person=3|Polarity=Pos|Reflex=Yes|Tense=Past|VerbForm=Fin",
      "vksm.asm.sngr.tiesiog.b\u016bt-k.3.__Aspect=Perf|Mood=Ind|Person=3|Polarity=Pos|Reflex=Yes|Tense=Past|VerbForm=Fin",
      "vksm.asm.sngr.tiesiog.b\u016bt-k.dgs.1.__Aspect=Perf|Mood=Ind|Number=Plur|Person=1|Polarity=Pos|Reflex=Yes|Tense=Past|VerbForm=Fin",
      "vksm.asm.sngr.tiesiog.b\u016bt-k.dgs.3.__Aspect=Perf|Mood=Ind|Number=Plur|Person=3|Polarity=Pos|Reflex=Yes|Tense=Past|VerbForm=Fin",
      "vksm.asm.sngr.tiesiog.b\u016bt-k.vns.1.__Aspect=Perf|Mood=Ind|Number=Sing|Person=1|Polarity=Pos|Reflex=Yes|Tense=Past|VerbForm=Fin",
      "vksm.asm.sngr.tiesiog.b\u016bt-k.vns.3.__Aspect=Perf|Mood=Ind|Number=Sing|Person=3|Polarity=Pos|Reflex=Yes|Tense=Past|VerbForm=Fin",
      "vksm.asm.sngr.tiesiog.es.3.__Mood=Ind|Person=3|Polarity=Pos|Reflex=Yes|Tense=Pres|VerbForm=Fin",
      "vksm.asm.sngr.tiesiog.es.dgs.1.__Mood=Ind|Number=Plur|Person=1|Polarity=Pos|Reflex=Yes|Tense=Pres|VerbForm=Fin",
      "vksm.asm.sngr.tiesiog.es.dgs.3.__Mood=Ind|Number=Plur|Person=3|Polarity=Pos|Reflex=Yes|Tense=Pres|VerbForm=Fin",
      "vksm.asm.sngr.tiesiog.es.vns.1.__Mood=Ind|Number=Sing|Person=1|Polarity=Pos|Reflex=Yes|Tense=Pres|VerbForm=Fin",
      "vksm.asm.sngr.tiesiog.es.vns.2.__Mood=Ind|Number=Sing|Person=2|Polarity=Pos|Reflex=Yes|Tense=Pres|VerbForm=Fin",
      "vksm.asm.sngr.tiesiog.es.vns.3.__Mood=Ind|Number=Sing|Person=3|Polarity=Pos|Reflex=Yes|Tense=Pres|VerbForm=Fin",
      "vksm.asm.tar.3.__Mood=Cnd|Person=3|Polarity=Pos|VerbForm=Fin",
      "vksm.asm.tar.dgs.1.__Mood=Cnd|Number=Plur|Person=1|Polarity=Pos|VerbForm=Fin",
      "vksm.asm.tar.dgs.2.__Mood=Cnd|Number=Plur|Person=2|Polarity=Pos|VerbForm=Fin",
      "vksm.asm.tar.dgs.3.__Mood=Cnd|Number=Plur|Person=3|Polarity=Pos|VerbForm=Fin",
      "vksm.asm.tar.vns.1.__Mood=Cnd|Number=Sing|Person=1|Polarity=Pos|VerbForm=Fin",
      "vksm.asm.tar.vns.2.__Mood=Cnd|Number=Sing|Person=2|Polarity=Pos|VerbForm=Fin",
      "vksm.asm.tar.vns.3.__Mood=Cnd|Number=Sing|Person=3|Polarity=Pos|VerbForm=Fin",
      "vksm.asm.tiesiog.b\u016bs.3.__Mood=Ind|Person=3|Polarity=Pos|Tense=Fut|VerbForm=Fin",
      "vksm.asm.tiesiog.b\u016bs.dgs.1.__Mood=Ind|Number=Plur|Person=1|Polarity=Pos|Tense=Fut|VerbForm=Fin",
      "vksm.asm.tiesiog.b\u016bs.dgs.2.__Mood=Ind|Number=Plur|Person=2|Polarity=Pos|Tense=Fut|VerbForm=Fin",
      "vksm.asm.tiesiog.b\u016bs.dgs.3.__Mood=Ind|Number=Plur|Person=3|Polarity=Pos|Tense=Fut|VerbForm=Fin",
      "vksm.asm.tiesiog.b\u016bs.vns.1.__Mood=Ind|Number=Sing|Person=1|Polarity=Pos|Tense=Fut|VerbForm=Fin",
      "vksm.asm.tiesiog.b\u016bs.vns.2.__Mood=Ind|Number=Sing|Person=2|Polarity=Pos|Tense=Fut|VerbForm=Fin",
      "vksm.asm.tiesiog.b\u016bs.vns.3.__Mood=Ind|Number=Sing|Person=3|Polarity=Pos|Tense=Fut|VerbForm=Fin",
      "vksm.asm.tiesiog.b\u016bt-d.3.__Aspect=Hab|Mood=Ind|Person=3|Polarity=Pos|Tense=Past|VerbForm=Fin",
      "vksm.asm.tiesiog.b\u016bt-d.dgs.3.__Aspect=Hab|Mood=Ind|Number=Plur|Person=3|Polarity=Pos|Tense=Past|VerbForm=Fin",
      "vksm.asm.tiesiog.b\u016bt-d.vns.1.__Aspect=Hab|Mood=Ind|Number=Sing|Person=1|Polarity=Pos|Tense=Past|VerbForm=Fin",
      "vksm.asm.tiesiog.b\u016bt-d.vns.2.__Aspect=Hab|Mood=Ind|Number=Sing|Person=2|Polarity=Pos|Tense=Past|VerbForm=Fin",
      "vksm.asm.tiesiog.b\u016bt-d.vns.3.__Aspect=Hab|Mood=Ind|Number=Sing|Person=3|Polarity=Pos|Tense=Past|VerbForm=Fin",
      "vksm.asm.tiesiog.b\u016bt-k.3.__Aspect=Perf|Mood=Ind|Person=3|Polarity=Pos|Tense=Past|VerbForm=Fin",
      "vksm.asm.tiesiog.b\u016bt-k.__Aspect=Perf|Mood=Ind|Polarity=Pos|Tense=Past|VerbForm=Fin",
      "vksm.asm.tiesiog.b\u016bt-k.dgs.1.__Aspect=Perf|Mood=Ind|Number=Plur|Person=1|Polarity=Pos|Tense=Past|VerbForm=Fin",
      "vksm.asm.tiesiog.b\u016bt-k.dgs.2.__Aspect=Perf|Mood=Ind|Number=Plur|Person=2|Polarity=Pos|Tense=Past|VerbForm=Fin",
      "vksm.asm.tiesiog.b\u016bt-k.dgs.3.__Aspect=Perf|Mood=Ind|Number=Plur|Person=3|Polarity=Pos|Tense=Past|VerbForm=Fin",
      "vksm.asm.tiesiog.b\u016bt-k.vns.1.__Aspect=Perf|Mood=Ind|Number=Sing|Person=1|Polarity=Pos|Tense=Past|VerbForm=Fin",
      "vksm.asm.tiesiog.b\u016bt-k.vns.2.__Aspect=Perf|Mood=Ind|Number=Sing|Person=2|Polarity=Pos|Tense=Past|VerbForm=Fin",
      "vksm.asm.tiesiog.b\u016bt-k.vns.3.__Aspect=Perf|Mood=Ind|Number=Sing|Person=3|Polarity=Pos|Tense=Past|VerbForm=Fin",
      "vksm.asm.tiesiog.es.3.__Mood=Ind|Person=3|Polarity=Pos|Tense=Pres|VerbForm=Fin",
      "vksm.asm.tiesiog.es.dgs.1.__Mood=Ind|Number=Plur|Person=1|Polarity=Pos|Tense=Pres|VerbForm=Fin",
      "vksm.asm.tiesiog.es.dgs.2.__Mood=Ind|Number=Plur|Person=2|Polarity=Pos|Tense=Pres|VerbForm=Fin",
      "vksm.asm.tiesiog.es.dgs.3.__Mood=Ind|Number=Plur|Person=3|Polarity=Pos|Tense=Pres|VerbForm=Fin",
      "vksm.asm.tiesiog.es.vns.1.__Mood=Ind|Number=Sing|Person=1|Polarity=Pos|Tense=Pres|VerbForm=Fin",
      "vksm.asm.tiesiog.es.vns.2.__Mood=Ind|Number=Sing|Person=2|Polarity=Pos|Tense=Pres|VerbForm=Fin",
      "vksm.asm.tiesiog.es.vns.3.__Mood=Ind|Number=Sing|Person=3|Polarity=Pos|Tense=Pres|VerbForm=Fin",
      "vksm.bndr.__Polarity=Pos|VerbForm=Inf",
      "vksm.bndr.neig.__Polarity=Neg|VerbForm=Inf",
      "vksm.bndr.neig.sngr.__Polarity=Neg|Reflex=Yes|VerbForm=Inf",
      "vksm.bndr.sngr.__Polarity=Pos|Reflex=Yes|VerbForm=Inf",
      "vksm.dlv.neig.neveik.b\u016bt.bev.__Definite=Ind|Gender=Neut|Polarity=Neg|Tense=Past|VerbForm=Part|Voice=Pass",
      "vksm.dlv.neig.neveik.b\u016bt.mot.dgs.G.__Case=Acc|Definite=Ind|Gender=Fem|Number=Plur|Polarity=Neg|Tense=Past|VerbForm=Part|Voice=Pass",
      "vksm.dlv.neig.neveik.b\u016bt.mot.dgs.K.__Case=Gen|Definite=Ind|Gender=Fem|Number=Plur|Polarity=Neg|Tense=Past|VerbForm=Part|Voice=Pass",
      "vksm.dlv.neig.neveik.b\u016bt.mot.dgs.V.__Case=Nom|Definite=Ind|Gender=Fem|Number=Plur|Polarity=Neg|Tense=Past|VerbForm=Part|Voice=Pass",
      "vksm.dlv.neig.neveik.b\u016bt.mot.vns.K.__Case=Gen|Definite=Ind|Gender=Fem|Number=Sing|Polarity=Neg|Tense=Past|VerbForm=Part|Voice=Pass",
      "vksm.dlv.neig.neveik.b\u016bt.mot.vns.V.__Case=Nom|Definite=Ind|Gender=Fem|Number=Sing|Polarity=Neg|Tense=Past|VerbForm=Part|Voice=Pass",
      "vksm.dlv.neig.neveik.b\u016bt.vyr.dgs.N.__Case=Dat|Definite=Ind|Gender=Masc|Number=Plur|Polarity=Neg|Tense=Past|VerbForm=Part|Voice=Pass",
      "vksm.dlv.neig.neveik.b\u016bt.vyr.dgs.V.__Case=Nom|Definite=Ind|Gender=Masc|Number=Plur|Polarity=Neg|Tense=Past|VerbForm=Part|Voice=Pass",
      "vksm.dlv.neig.neveik.b\u016bt.vyr.vns.G.__Case=Acc|Definite=Ind|Gender=Masc|Number=Sing|Polarity=Neg|Tense=Past|VerbForm=Part|Voice=Pass",
      "vksm.dlv.neig.neveik.b\u016bt.vyr.vns.N.__Case=Dat|Definite=Ind|Gender=Masc|Number=Sing|Polarity=Neg|Tense=Past|VerbForm=Part|Voice=Pass",
      "vksm.dlv.neig.neveik.b\u016bt.vyr.vns.V.__Case=Nom|Definite=Ind|Gender=Masc|Number=Sing|Polarity=Neg|Tense=Past|VerbForm=Part|Voice=Pass",
      "vksm.dlv.neig.neveik.es.bev.__Definite=Ind|Gender=Neut|Polarity=Neg|Tense=Pres|VerbForm=Part|Voice=Pass",
      "vksm.dlv.neig.neveik.es.mot.dgs.K.__Case=Gen|Definite=Ind|Gender=Fem|Number=Plur|Polarity=Neg|Tense=Pres|VerbForm=Part|Voice=Pass",
      "vksm.dlv.neig.neveik.es.mot.dgs.V.__Case=Nom|Definite=Ind|Gender=Fem|Number=Plur|Polarity=Neg|Tense=Pres|VerbForm=Part|Voice=Pass",
      "vksm.dlv.neig.neveik.es.mot.vns.G.__Case=Acc|Definite=Ind|Gender=Fem|Number=Sing|Polarity=Neg|Tense=Pres|VerbForm=Part|Voice=Pass",
      "vksm.dlv.neig.neveik.es.mot.vns.K.__Case=Gen|Definite=Ind|Gender=Fem|Number=Sing|Polarity=Neg|Tense=Pres|VerbForm=Part|Voice=Pass",
      "vksm.dlv.neig.neveik.es.mot.vns.V.__Case=Nom|Definite=Ind|Gender=Fem|Number=Sing|Polarity=Neg|Tense=Pres|VerbForm=Part|Voice=Pass",
      "vksm.dlv.neig.neveik.es.mot.vns.\u012en.__Case=Ins|Definite=Ind|Gender=Fem|Number=Sing|Polarity=Neg|Tense=Pres|VerbForm=Part|Voice=Pass",
      "vksm.dlv.neig.neveik.es.vyr.dgs.G.__Case=Acc|Definite=Ind|Gender=Masc|Number=Plur|Polarity=Neg|Tense=Pres|VerbForm=Part|Voice=Pass",
      "vksm.dlv.neig.neveik.es.vyr.dgs.K.__Case=Gen|Definite=Ind|Gender=Masc|Number=Plur|Polarity=Neg|Tense=Pres|VerbForm=Part|Voice=Pass",
      "vksm.dlv.neig.neveik.es.vyr.dgs.V.__Case=Nom|Definite=Ind|Gender=Masc|Number=Plur|Polarity=Neg|Tense=Pres|VerbForm=Part|Voice=Pass",
      "vksm.dlv.neig.neveik.es.vyr.vns.V.__Case=Nom|Definite=Ind|Gender=Masc|Number=Sing|Polarity=Neg|Tense=Pres|VerbForm=Part|Voice=Pass",
      "vksm.dlv.neig.neveik.es.\u012fvard\u017e.mot.dgs.V.__Case=Nom|Definite=Def|Gender=Fem|Number=Plur|Polarity=Neg|Tense=Pres|VerbForm=Part|Voice=Pass",
      "vksm.dlv.neig.reik.bev.__Definite=Ind|Gender=Neut|Mood=Nec|Polarity=Neg|VerbForm=Part",
      "vksm.dlv.neig.reik.mot.dgs.K.__Case=Gen|Definite=Ind|Gender=Fem|Mood=Nec|Number=Plur|Polarity=Neg|VerbForm=Part",
      "vksm.dlv.neig.reik.mot.vns.V.__Case=Nom|Definite=Ind|Gender=Fem|Mood=Nec|Number=Sing|Polarity=Neg|VerbForm=Part",
      "vksm.dlv.neig.reik.vyr.vns.V.__Case=Nom|Definite=Ind|Gender=Masc|Mood=Nec|Number=Sing|Polarity=Neg|VerbForm=Part",
      "vksm.dlv.neig.sngr.neveik.b\u016bt.bev.__Definite=Ind|Gender=Neut|Polarity=Neg|Reflex=Yes|Tense=Past|VerbForm=Part|Voice=Pass",
      "vksm.dlv.neig.sngr.neveik.es.bev.__Definite=Ind|Gender=Neut|Polarity=Neg|Reflex=Yes|Tense=Pres|VerbForm=Part|Voice=Pass",
      "vksm.dlv.neig.sngr.veik.b\u016bt-k.vyr.dgs.V.__Aspect=Perf|Case=Nom|Definite=Ind|Gender=Masc|Number=Plur|Polarity=Neg|Reflex=Yes|Tense=Past|VerbForm=Part|Voice=Act",
      "vksm.dlv.neig.sngr.veik.es.vyr.vns.V.__Case=Nom|Definite=Ind|Gender=Masc|Number=Sing|Polarity=Neg|Reflex=Yes|Tense=Pres|VerbForm=Part|Voice=Act",
      "vksm.dlv.neig.veik.b\u016bt-k.bev.__Aspect=Perf|Definite=Ind|Gender=Neut|Polarity=Neg|Tense=Past|VerbForm=Part|Voice=Act",
      "vksm.dlv.neig.veik.b\u016bt-k.vyr.dgs.V.__Aspect=Perf|Case=Nom|Definite=Ind|Gender=Masc|Number=Plur|Polarity=Neg|Tense=Past|VerbForm=Part|Voice=Act",
      "vksm.dlv.neig.veik.b\u016bt-k.vyr.dgs.\u012en.__Aspect=Perf|Case=Ins|Definite=Ind|Gender=Masc|Number=Plur|Polarity=Neg|Tense=Past|VerbForm=Part|Voice=Act",
      "vksm.dlv.neig.veik.b\u016bt-k.vyr.vns.G.__Aspect=Perf|Case=Acc|Definite=Ind|Gender=Masc|Number=Sing|Polarity=Neg|Tense=Past|VerbForm=Part|Voice=Act",
      "vksm.dlv.neig.veik.b\u016bt-k.vyr.vns.V.__Aspect=Perf|Case=Nom|Definite=Ind|Gender=Masc|Number=Sing|Polarity=Neg|Tense=Past|VerbForm=Part|Voice=Act",
      "vksm.dlv.neig.veik.es.mot.dgs.K.__Case=Gen|Definite=Ind|Gender=Fem|Number=Plur|Polarity=Neg|Tense=Pres|VerbForm=Part|Voice=Act",
      "vksm.dlv.neig.veik.es.mot.vns.N.__Case=Dat|Definite=Ind|Gender=Fem|Number=Sing|Polarity=Neg|Tense=Pres|VerbForm=Part|Voice=Act",
      "vksm.dlv.neig.veik.es.mot.vns.V.__Case=Nom|Definite=Ind|Gender=Fem|Number=Sing|Polarity=Neg|Tense=Pres|VerbForm=Part|Voice=Act",
      "vksm.dlv.neig.veik.es.mot.vns.\u012en.__Case=Ins|Definite=Ind|Gender=Fem|Number=Sing|Polarity=Neg|Tense=Pres|VerbForm=Part|Voice=Act",
      "vksm.dlv.neig.veik.es.vyr.dgs.G.__Case=Acc|Definite=Ind|Gender=Masc|Number=Plur|Polarity=Neg|Tense=Pres|VerbForm=Part|Voice=Act",
      "vksm.dlv.neig.veik.es.vyr.dgs.N.__Case=Dat|Definite=Ind|Gender=Masc|Number=Plur|Polarity=Neg|Tense=Pres|VerbForm=Part|Voice=Act",
      "vksm.dlv.neig.veik.es.vyr.dgs.V.__Case=Nom|Definite=Ind|Gender=Masc|Number=Plur|Polarity=Neg|Tense=Pres|VerbForm=Part|Voice=Act",
      "vksm.dlv.neig.veik.es.vyr.dgs.\u012en.__Case=Ins|Definite=Ind|Gender=Masc|Number=Plur|Polarity=Neg|Tense=Pres|VerbForm=Part|Voice=Act",
      "vksm.dlv.neig.veik.es.vyr.vns.K.__Case=Gen|Definite=Ind|Gender=Masc|Number=Sing|Polarity=Neg|Tense=Pres|VerbForm=Part|Voice=Act",
      "vksm.dlv.neig.veik.es.vyr.vns.N.__Case=Dat|Definite=Ind|Gender=Masc|Number=Sing|Polarity=Neg|Tense=Pres|VerbForm=Part|Voice=Act",
      "vksm.dlv.neig.veik.es.vyr.vns.V.__Case=Nom|Definite=Ind|Gender=Masc|Number=Sing|Polarity=Neg|Tense=Pres|VerbForm=Part|Voice=Act",
      "vksm.dlv.neig.veik.es.\u012fvard\u017e.vyr.dgs.V.__Case=Nom|Definite=Def|Gender=Masc|Number=Plur|Polarity=Neg|Tense=Pres|VerbForm=Part|Voice=Act",
      "vksm.dlv.neig.veik.es.\u012fvard\u017e.vyr.dgs.\u012en.__Case=Ins|Definite=Def|Gender=Masc|Number=Plur|Polarity=Neg|Tense=Pres|VerbForm=Part|Voice=Act",
      "vksm.dlv.neveik.b\u016bs.vyr.vns.G.__Case=Acc|Definite=Ind|Gender=Masc|Number=Sing|Polarity=Pos|Tense=Fut|VerbForm=Part|Voice=Pass",
      "vksm.dlv.neveik.b\u016bs.vyr.vns.N.__Case=Dat|Definite=Ind|Gender=Masc|Number=Sing|Polarity=Pos|Tense=Fut|VerbForm=Part|Voice=Pass",
      "vksm.dlv.neveik.b\u016bt-k.vyr.dgs.V.__Aspect=Perf|Case=Nom|Definite=Ind|Gender=Masc|Number=Plur|Polarity=Pos|Tense=Past|VerbForm=Part|Voice=Pass",
      "vksm.dlv.neveik.b\u016bt-k.vyr.vns.V.__Aspect=Perf|Case=Nom|Definite=Ind|Gender=Masc|Number=Sing|Polarity=Pos|Tense=Past|VerbForm=Part|Voice=Pass",
      "vksm.dlv.neveik.b\u016bt.bev.__Definite=Ind|Gender=Neut|Polarity=Pos|Tense=Past|VerbForm=Part|Voice=Pass",
      "vksm.dlv.neveik.b\u016bt.mot.V.__Case=Nom|Definite=Ind|Gender=Fem|Polarity=Pos|Tense=Past|VerbForm=Part|Voice=Pass",
      "vksm.dlv.neveik.b\u016bt.mot.dgs.G.__Case=Acc|Definite=Ind|Gender=Fem|Number=Plur|Polarity=Pos|Tense=Past|VerbForm=Part|Voice=Pass",
      "vksm.dlv.neveik.b\u016bt.mot.dgs.K.__Case=Gen|Definite=Ind|Gender=Fem|Number=Plur|Polarity=Pos|Tense=Past|VerbForm=Part|Voice=Pass",
      "vksm.dlv.neveik.b\u016bt.mot.dgs.K__Case=Gen|Definite=Ind|Gender=Fem|Number=Plur|Polarity=Pos|Tense=Past|VerbForm=Part|Voice=Pass",
      "vksm.dlv.neveik.b\u016bt.mot.dgs.N.__Case=Dat|Definite=Ind|Gender=Fem|Number=Plur|Polarity=Pos|Tense=Past|VerbForm=Part|Voice=Pass",
      "vksm.dlv.neveik.b\u016bt.mot.dgs.V.__Case=Nom|Definite=Ind|Gender=Fem|Number=Plur|Polarity=Pos|Tense=Past|VerbForm=Part|Voice=Pass",
      "vksm.dlv.neveik.b\u016bt.mot.dgs.\u012en.__Case=Ins|Definite=Ind|Gender=Fem|Number=Plur|Polarity=Pos|Tense=Past|VerbForm=Part|Voice=Pass",
      "vksm.dlv.neveik.b\u016bt.mot.vns.G.__Case=Acc|Definite=Ind|Gender=Fem|Number=Sing|Polarity=Pos|Tense=Past|VerbForm=Part|Voice=Pass",
      "vksm.dlv.neveik.b\u016bt.mot.vns.K.__Case=Gen|Definite=Ind|Gender=Fem|Number=Sing|Polarity=Pos|Tense=Past|VerbForm=Part|Voice=Pass",
      "vksm.dlv.neveik.b\u016bt.mot.vns.N.__Case=Dat|Definite=Ind|Gender=Fem|Number=Sing|Polarity=Pos|Tense=Past|VerbForm=Part|Voice=Pass",
      "vksm.dlv.neveik.b\u016bt.mot.vns.V.__Case=Nom|Definite=Ind|Gender=Fem|Number=Sing|Polarity=Pos|Tense=Past|VerbForm=Part|Voice=Pass",
      "vksm.dlv.neveik.b\u016bt.mot.vns.V__Case=Nom|Definite=Ind|Gender=Fem|Number=Sing|Polarity=Pos|Tense=Past|VerbForm=Part|Voice=Pass",
      "vksm.dlv.neveik.b\u016bt.mot.vns.Vt.__Case=Loc|Definite=Ind|Gender=Fem|Number=Sing|Polarity=Pos|Tense=Past|VerbForm=Part|Voice=Pass",
      "vksm.dlv.neveik.b\u016bt.mot.vns.\u012en.__Case=Ins|Definite=Ind|Gender=Fem|Number=Sing|Polarity=Pos|Tense=Past|VerbForm=Part|Voice=Pass",
      "vksm.dlv.neveik.b\u016bt.vyr.dgs.G.__Case=Acc|Definite=Ind|Gender=Masc|Number=Plur|Polarity=Pos|Tense=Past|VerbForm=Part|Voice=Pass",
      "vksm.dlv.neveik.b\u016bt.vyr.dgs.K.__Case=Gen|Definite=Ind|Gender=Masc|Number=Plur|Polarity=Pos|Tense=Past|VerbForm=Part|Voice=Pass",
      "vksm.dlv.neveik.b\u016bt.vyr.dgs.N.__Case=Dat|Definite=Ind|Gender=Masc|Number=Plur|Polarity=Pos|Tense=Past|VerbForm=Part|Voice=Pass",
      "vksm.dlv.neveik.b\u016bt.vyr.dgs.V.__Case=Nom|Definite=Ind|Gender=Masc|Number=Plur|Polarity=Pos|Tense=Past|VerbForm=Part|Voice=Pass",
      "vksm.dlv.neveik.b\u016bt.vyr.dgs.V__Case=Nom|Definite=Ind|Gender=Masc|Number=Plur|Polarity=Pos|Tense=Past|VerbForm=Part|Voice=Pass",
      "vksm.dlv.neveik.b\u016bt.vyr.dgs.Vt.__Case=Loc|Definite=Ind|Gender=Masc|Number=Plur|Polarity=Pos|Tense=Past|VerbForm=Part|Voice=Pass",
      "vksm.dlv.neveik.b\u016bt.vyr.dgs.\u012en.__Case=Ins|Definite=Ind|Gender=Masc|Number=Plur|Polarity=Pos|Tense=Past|VerbForm=Part|Voice=Pass",
      "vksm.dlv.neveik.b\u016bt.vyr.vns.G.__Case=Acc|Definite=Ind|Gender=Masc|Number=Sing|Polarity=Pos|Tense=Past|VerbForm=Part|Voice=Pass",
      "vksm.dlv.neveik.b\u016bt.vyr.vns.K.__Case=Gen|Definite=Ind|Gender=Masc|Number=Sing|Polarity=Pos|Tense=Past|VerbForm=Part|Voice=Pass",
      "vksm.dlv.neveik.b\u016bt.vyr.vns.N.__Case=Dat|Definite=Ind|Gender=Masc|Number=Sing|Polarity=Pos|Tense=Past|VerbForm=Part|Voice=Pass",
      "vksm.dlv.neveik.b\u016bt.vyr.vns.V.__Case=Nom|Definite=Ind|Gender=Masc|Number=Sing|Polarity=Pos|Tense=Past|VerbForm=Part|Voice=Pass",
      "vksm.dlv.neveik.b\u016bt.vyr.vns.V__Case=Nom|Definite=Ind|Gender=Masc|Number=Sing|Polarity=Pos|Tense=Past|VerbForm=Part|Voice=Pass",
      "vksm.dlv.neveik.b\u016bt.vyr.vns.Vt.__Case=Loc|Definite=Ind|Gender=Masc|Number=Sing|Polarity=Pos|Tense=Past|VerbForm=Part|Voice=Pass",
      "vksm.dlv.neveik.b\u016bt.vyr.vns.\u012en.__Case=Ins|Definite=Ind|Gender=Masc|Number=Sing|Polarity=Pos|Tense=Past|VerbForm=Part|Voice=Pass",
      "vksm.dlv.neveik.b\u016bt.\u012fvard\u017e.mot.dgs.G.__Case=Acc|Definite=Def|Gender=Fem|Number=Plur|Polarity=Pos|Tense=Past|VerbForm=Part|Voice=Pass",
      "vksm.dlv.neveik.b\u016bt.\u012fvard\u017e.mot.dgs.K.__Case=Gen|Definite=Def|Gender=Fem|Number=Plur|Polarity=Pos|Tense=Past|VerbForm=Part|Voice=Pass",
      "vksm.dlv.neveik.b\u016bt.\u012fvard\u017e.vyr.dgs.G.__Case=Acc|Definite=Def|Gender=Masc|Number=Plur|Polarity=Pos|Tense=Past|VerbForm=Part|Voice=Pass",
      "vksm.dlv.neveik.b\u016bt.\u012fvard\u017e.vyr.dgs.K.__Case=Gen|Definite=Def|Gender=Masc|Number=Plur|Polarity=Pos|Tense=Past|VerbForm=Part|Voice=Pass",
      "vksm.dlv.neveik.b\u016bt.\u012fvard\u017e.vyr.dgs.V.__Case=Nom|Definite=Def|Gender=Masc|Number=Plur|Polarity=Pos|Tense=Past|VerbForm=Part|Voice=Pass",
      "vksm.dlv.neveik.b\u016bt.\u012fvard\u017e.vyr.vns.K.__Case=Gen|Definite=Def|Gender=Masc|Number=Sing|Polarity=Pos|Tense=Past|VerbForm=Part|Voice=Pass",
      "vksm.dlv.neveik.b\u016bt.\u012fvard\u017e.vyr.vns.V.__Case=Nom|Definite=Def|Gender=Masc|Number=Sing|Polarity=Pos|Tense=Past|VerbForm=Part|Voice=Pass",
      "vksm.dlv.neveik.b\u016bts.vyr.dgs.V.__Case=Nom|Definite=Ind|Gender=Masc|Number=Plur|Polarity=Pos|VerbForm=Part|Voice=Pass",
      "vksm.dlv.neveik.es.bev.__Definite=Ind|Gender=Neut|Polarity=Pos|Tense=Pres|VerbForm=Part|Voice=Pass",
      "vksm.dlv.neveik.es.mot.V.__Case=Nom|Definite=Ind|Gender=Fem|Polarity=Pos|Tense=Pres|VerbForm=Part|Voice=Pass",
      "vksm.dlv.neveik.es.mot.dgs.G.__Case=Acc|Definite=Ind|Gender=Fem|Number=Plur|Polarity=Pos|Tense=Pres|VerbForm=Part|Voice=Pass",
      "vksm.dlv.neveik.es.mot.dgs.K.__Case=Gen|Definite=Ind|Gender=Fem|Number=Plur|Polarity=Pos|Tense=Pres|VerbForm=Part|Voice=Pass",
      "vksm.dlv.neveik.es.mot.dgs.N.__Case=Dat|Definite=Ind|Gender=Fem|Number=Plur|Polarity=Pos|Tense=Pres|VerbForm=Part|Voice=Pass",
      "vksm.dlv.neveik.es.mot.dgs.V.__Case=Nom|Definite=Ind|Gender=Fem|Number=Plur|Polarity=Pos|Tense=Pres|VerbForm=Part|Voice=Pass",
      "vksm.dlv.neveik.es.mot.dgs.Vt.__Case=Loc|Definite=Ind|Gender=Fem|Number=Plur|Polarity=Pos|Tense=Pres|VerbForm=Part|Voice=Pass",
      "vksm.dlv.neveik.es.mot.dgs.\u012en.__Case=Ins|Definite=Ind|Gender=Fem|Number=Plur|Polarity=Pos|Tense=Pres|VerbForm=Part|Voice=Pass",
      "vksm.dlv.neveik.es.mot.vns.G.__Case=Acc|Definite=Ind|Gender=Fem|Number=Sing|Polarity=Pos|Tense=Pres|VerbForm=Part|Voice=Pass",
      "vksm.dlv.neveik.es.mot.vns.K.__Case=Gen|Definite=Ind|Gender=Fem|Number=Sing|Polarity=Pos|Tense=Pres|VerbForm=Part|Voice=Pass",
      "vksm.dlv.neveik.es.mot.vns.N.__Case=Dat|Definite=Ind|Gender=Fem|Number=Sing|Polarity=Pos|Tense=Pres|VerbForm=Part|Voice=Pass",
      "vksm.dlv.neveik.es.mot.vns.V.__Case=Nom|Definite=Ind|Gender=Fem|Number=Sing|Polarity=Pos|Tense=Pres|VerbForm=Part|Voice=Pass",
      "vksm.dlv.neveik.es.mot.vns.V__Case=Nom|Definite=Ind|Gender=Fem|Number=Sing|Polarity=Pos|Tense=Pres|VerbForm=Part|Voice=Pass",
      "vksm.dlv.neveik.es.mot.vns.Vt.__Case=Loc|Definite=Ind|Gender=Fem|Number=Sing|Polarity=Pos|Tense=Pres|VerbForm=Part|Voice=Pass",
      "vksm.dlv.neveik.es.mot.vns.\u012en.__Case=Ins|Definite=Ind|Gender=Fem|Number=Sing|Polarity=Pos|Tense=Pres|VerbForm=Part|Voice=Pass",
      "vksm.dlv.neveik.es.vyr.dgs.G.__Case=Acc|Definite=Ind|Gender=Masc|Number=Plur|Polarity=Pos|Tense=Pres|VerbForm=Part|Voice=Pass",
      "vksm.dlv.neveik.es.vyr.dgs.K.__Case=Gen|Definite=Ind|Gender=Masc|Number=Plur|Polarity=Pos|Tense=Pres|VerbForm=Part|Voice=Pass",
      "vksm.dlv.neveik.es.vyr.dgs.N.__Case=Dat|Definite=Ind|Gender=Masc|Number=Plur|Polarity=Pos|Tense=Pres|VerbForm=Part|Voice=Pass",
      "vksm.dlv.neveik.es.vyr.dgs.V.__Case=Nom|Definite=Ind|Gender=Masc|Number=Plur|Polarity=Pos|Tense=Pres|VerbForm=Part|Voice=Pass",
      "vksm.dlv.neveik.es.vyr.dgs.\u012en.__Case=Ins|Definite=Ind|Gender=Masc|Number=Plur|Polarity=Pos|Tense=Pres|VerbForm=Part|Voice=Pass",
      "vksm.dlv.neveik.es.vyr.vns.G.__Case=Acc|Definite=Ind|Gender=Masc|Number=Sing|Polarity=Pos|Tense=Pres|VerbForm=Part|Voice=Pass",
      "vksm.dlv.neveik.es.vyr.vns.K.__Case=Gen|Definite=Ind|Gender=Masc|Number=Sing|Polarity=Pos|Tense=Pres|VerbForm=Part|Voice=Pass",
      "vksm.dlv.neveik.es.vyr.vns.N.__Case=Dat|Definite=Ind|Gender=Masc|Number=Sing|Polarity=Pos|Tense=Pres|VerbForm=Part|Voice=Pass",
      "vksm.dlv.neveik.es.vyr.vns.V.__Case=Nom|Definite=Ind|Gender=Masc|Number=Sing|Polarity=Pos|Tense=Pres|VerbForm=Part|Voice=Pass",
      "vksm.dlv.neveik.es.vyr.vns.\u012en.__Case=Ins|Definite=Ind|Gender=Masc|Number=Sing|Polarity=Pos|Tense=Pres|VerbForm=Part|Voice=Pass",
      "vksm.dlv.neveik.es.\u012fvard\u017e.mot.dgs.K.__Case=Gen|Definite=Def|Gender=Fem|Number=Plur|Polarity=Pos|Tense=Pres|VerbForm=Part|Voice=Pass",
      "vksm.dlv.neveik.es.\u012fvard\u017e.mot.dgs.V.__Case=Nom|Definite=Def|Gender=Fem|Number=Plur|Polarity=Pos|Tense=Pres|VerbForm=Part|Voice=Pass",
      "vksm.dlv.neveik.es.\u012fvard\u017e.mot.dgs.\u012en.__Case=Ins|Definite=Def|Gender=Fem|Number=Plur|Polarity=Pos|Tense=Pres|VerbForm=Part|Voice=Pass",
      "vksm.dlv.neveik.es.\u012fvard\u017e.mot.vns.G.__Case=Acc|Definite=Def|Gender=Fem|Number=Sing|Polarity=Pos|Tense=Pres|VerbForm=Part|Voice=Pass",
      "vksm.dlv.neveik.es.\u012fvard\u017e.mot.vns.K.__Case=Gen|Definite=Def|Gender=Fem|Number=Sing|Polarity=Pos|Tense=Pres|VerbForm=Part|Voice=Pass",
      "vksm.dlv.neveik.es.\u012fvard\u017e.mot.vns.N.__Case=Dat|Definite=Def|Gender=Fem|Number=Sing|Polarity=Pos|Tense=Pres|VerbForm=Part|Voice=Pass",
      "vksm.dlv.neveik.es.\u012fvard\u017e.mot.vns.V.__Case=Nom|Definite=Def|Gender=Fem|Number=Sing|Polarity=Pos|Tense=Pres|VerbForm=Part|Voice=Pass",
      "vksm.dlv.neveik.es.\u012fvard\u017e.vyr.dgs.G.__Case=Acc|Definite=Def|Gender=Masc|Number=Plur|Polarity=Pos|Tense=Pres|VerbForm=Part|Voice=Pass",
      "vksm.dlv.neveik.es.\u012fvard\u017e.vyr.dgs.K.__Case=Gen|Definite=Def|Gender=Masc|Number=Plur|Polarity=Pos|Tense=Pres|VerbForm=Part|Voice=Pass",
      "vksm.dlv.neveik.es.\u012fvard\u017e.vyr.dgs.N.__Case=Dat|Definite=Def|Gender=Masc|Number=Plur|Polarity=Pos|Tense=Pres|VerbForm=Part|Voice=Pass",
      "vksm.dlv.neveik.es.\u012fvard\u017e.vyr.dgs.V.__Case=Nom|Definite=Def|Gender=Masc|Number=Plur|Polarity=Pos|Tense=Pres|VerbForm=Part|Voice=Pass",
      "vksm.dlv.neveik.es.\u012fvard\u017e.vyr.vns.G.__Case=Acc|Definite=Def|Gender=Masc|Number=Sing|Polarity=Pos|Tense=Pres|VerbForm=Part|Voice=Pass",
      "vksm.dlv.neveik.es.\u012fvard\u017e.vyr.vns.K.__Case=Gen|Definite=Def|Gender=Masc|Number=Sing|Polarity=Pos|Tense=Pres|VerbForm=Part|Voice=Pass",
      "vksm.dlv.neveik.es.\u012fvard\u017e.vyr.vns.N.__Case=Dat|Definite=Def|Gender=Masc|Number=Sing|Polarity=Pos|Tense=Pres|VerbForm=Part|Voice=Pass",
      "vksm.dlv.neveik.es.\u012fvard\u017e.vyr.vns.V.__Case=Nom|Definite=Def|Gender=Masc|Number=Sing|Polarity=Pos|Tense=Pres|VerbForm=Part|Voice=Pass",
      "vksm.dlv.neveik.es.\u012fvard\u017e.vyr.vns.\u012en.__Case=Ins|Definite=Def|Gender=Masc|Number=Sing|Polarity=Pos|Tense=Pres|VerbForm=Part|Voice=Pass",
      "vksm.dlv.neveik.mot.vns.V.__Case=Nom|Definite=Ind|Gender=Fem|Number=Sing|Polarity=Pos|VerbForm=Part|Voice=Pass",
      "vksm.dlv.neveik.vyr.dgs.K.__Case=Gen|Definite=Ind|Gender=Masc|Number=Plur|Polarity=Pos|VerbForm=Part|Voice=Pass",
      "vksm.dlv.neveik.\u012fvard\u017e.es.mot.vns.Vt.__Case=Loc|Definite=Def|Gender=Fem|Number=Sing|Polarity=Pos|Tense=Pres|VerbForm=Part|Voice=Pass",
      "vksm.dlv.neveik.\u012fvard\u017e.es.vyr.dgs.K.__Case=Gen|Definite=Def|Gender=Masc|Number=Plur|Polarity=Pos|Tense=Pres|VerbForm=Part|Voice=Pass",
      "vksm.dlv.neveik.\u012fvard\u017e.es.vyr.vns.K.__Case=Gen|Definite=Def|Gender=Masc|Number=Sing|Polarity=Pos|Tense=Pres|VerbForm=Part|Voice=Pass",
      "vksm.dlv.reik.bev.__Definite=Ind|Gender=Neut|Mood=Nec|Polarity=Pos|VerbForm=Part",
      "vksm.dlv.reik.mot.vns.V.__Case=Nom|Definite=Ind|Gender=Fem|Mood=Nec|Number=Sing|Polarity=Pos|VerbForm=Part",
      "vksm.dlv.reik.vyr.dgs.K.__Case=Gen|Definite=Ind|Gender=Masc|Mood=Nec|Number=Plur|Polarity=Pos|VerbForm=Part",
      "vksm.dlv.reik.vyr.dgs.V.__Case=Nom|Definite=Ind|Gender=Masc|Mood=Nec|Number=Plur|Polarity=Pos|VerbForm=Part",
      "vksm.dlv.reik.vyr.vns.V.__Case=Nom|Definite=Ind|Gender=Masc|Mood=Nec|Number=Sing|Polarity=Pos|VerbForm=Part",
      "vksm.dlv.sngr.neveik.b\u016bt.bev.__Definite=Ind|Gender=Neut|Polarity=Pos|Reflex=Yes|Tense=Past|VerbForm=Part|Voice=Pass",
      "vksm.dlv.sngr.neveik.b\u016bt.mot.dgs.G.__Case=Acc|Definite=Ind|Gender=Fem|Number=Plur|Polarity=Pos|Reflex=Yes|Tense=Past|VerbForm=Part|Voice=Pass",
      "vksm.dlv.sngr.neveik.b\u016bt.mot.dgs.V.__Case=Nom|Definite=Ind|Gender=Fem|Number=Plur|Polarity=Pos|Reflex=Yes|Tense=Past|VerbForm=Part|Voice=Pass",
      "vksm.dlv.sngr.neveik.b\u016bt.mot.vns.V.__Case=Nom|Definite=Ind|Gender=Fem|Number=Sing|Polarity=Pos|Reflex=Yes|Tense=Past|VerbForm=Part|Voice=Pass",
      "vksm.dlv.sngr.neveik.b\u016bt.mot.vns.Vt.__Case=Loc|Definite=Ind|Gender=Fem|Number=Sing|Polarity=Pos|Reflex=Yes|Tense=Past|VerbForm=Part|Voice=Pass",
      "vksm.dlv.sngr.neveik.b\u016bt.vyr.dgs.G.__Case=Acc|Definite=Ind|Gender=Masc|Number=Plur|Polarity=Pos|Reflex=Yes|Tense=Past|VerbForm=Part|Voice=Pass",
      "vksm.dlv.sngr.neveik.b\u016bt.vyr.dgs.V.__Case=Nom|Definite=Ind|Gender=Masc|Number=Plur|Polarity=Pos|Reflex=Yes|Tense=Past|VerbForm=Part|Voice=Pass",
      "vksm.dlv.sngr.neveik.b\u016bt.vyr.dgs.Vt.__Case=Loc|Definite=Ind|Gender=Masc|Number=Plur|Polarity=Pos|Reflex=Yes|Tense=Past|VerbForm=Part|Voice=Pass",
      "vksm.dlv.sngr.neveik.b\u016bt.vyr.dgs.\u012en.__Case=Ins|Definite=Ind|Gender=Masc|Number=Plur|Polarity=Pos|Reflex=Yes|Tense=Past|VerbForm=Part|Voice=Pass",
      "vksm.dlv.sngr.neveik.b\u016bt.vyr.vns.G.__Case=Acc|Definite=Ind|Gender=Masc|Number=Sing|Polarity=Pos|Reflex=Yes|Tense=Past|VerbForm=Part|Voice=Pass",
      "vksm.dlv.sngr.neveik.b\u016bt.vyr.vns.K.__Case=Gen|Definite=Ind|Gender=Masc|Number=Sing|Polarity=Pos|Reflex=Yes|Tense=Past|VerbForm=Part|Voice=Pass",
      "vksm.dlv.sngr.neveik.b\u016bt.vyr.vns.V.__Case=Nom|Definite=Ind|Gender=Masc|Number=Sing|Polarity=Pos|Reflex=Yes|Tense=Past|VerbForm=Part|Voice=Pass",
      "vksm.dlv.sngr.neveik.es.bev.__Definite=Ind|Gender=Neut|Polarity=Pos|Reflex=Yes|Tense=Pres|VerbForm=Part|Voice=Pass",
      "vksm.dlv.sngr.neveik.es.mot.dgs.V.__Case=Nom|Definite=Ind|Gender=Fem|Number=Plur|Polarity=Pos|Reflex=Yes|Tense=Pres|VerbForm=Part|Voice=Pass",
      "vksm.dlv.sngr.neveik.es.mot.vns.V.__Case=Nom|Definite=Ind|Gender=Fem|Number=Sing|Polarity=Pos|Reflex=Yes|Tense=Pres|VerbForm=Part|Voice=Pass",
      "vksm.dlv.sngr.neveik.es.vyr.dgs.\u012en.__Case=Ins|Definite=Ind|Gender=Masc|Number=Plur|Polarity=Pos|Reflex=Yes|Tense=Pres|VerbForm=Part|Voice=Pass",
      "vksm.dlv.sngr.neveik.es.vyr.vns.V.__Case=Nom|Definite=Ind|Gender=Masc|Number=Sing|Polarity=Pos|Reflex=Yes|Tense=Pres|VerbForm=Part|Voice=Pass",
      "vksm.dlv.sngr.veik.b\u016bt-k.bev.__Aspect=Perf|Definite=Ind|Gender=Neut|Polarity=Pos|Reflex=Yes|Tense=Past|VerbForm=Part|Voice=Act",
      "vksm.dlv.sngr.veik.b\u016bt-k.mot.dgs.G.__Aspect=Perf|Case=Acc|Definite=Ind|Gender=Fem|Number=Plur|Polarity=Pos|Reflex=Yes|Tense=Past|VerbForm=Part|Voice=Act",
      "vksm.dlv.sngr.veik.b\u016bt-k.mot.dgs.K.__Aspect=Perf|Case=Gen|Definite=Ind|Gender=Fem|Number=Plur|Polarity=Pos|Reflex=Yes|Tense=Past|VerbForm=Part|Voice=Act",
      "vksm.dlv.sngr.veik.b\u016bt-k.mot.dgs.V.__Aspect=Perf|Case=Nom|Definite=Ind|Gender=Fem|Number=Plur|Polarity=Pos|Reflex=Yes|Tense=Past|VerbForm=Part|Voice=Act",
      "vksm.dlv.sngr.veik.b\u016bt-k.mot.dgs.\u012en.__Aspect=Perf|Case=Ins|Definite=Ind|Gender=Fem|Number=Plur|Polarity=Pos|Reflex=Yes|Tense=Past|VerbForm=Part|Voice=Act",
      "vksm.dlv.sngr.veik.b\u016bt-k.mot.vns.G.__Aspect=Perf|Case=Acc|Definite=Ind|Gender=Fem|Number=Sing|Polarity=Pos|Reflex=Yes|Tense=Past|VerbForm=Part|Voice=Act",
      "vksm.dlv.sngr.veik.b\u016bt-k.mot.vns.K.__Aspect=Perf|Case=Gen|Definite=Ind|Gender=Fem|Number=Sing|Polarity=Pos|Reflex=Yes|Tense=Past|VerbForm=Part|Voice=Act",
      "vksm.dlv.sngr.veik.b\u016bt-k.mot.vns.V.__Aspect=Perf|Case=Nom|Definite=Ind|Gender=Fem|Number=Sing|Polarity=Pos|Reflex=Yes|Tense=Past|VerbForm=Part|Voice=Act",
      "vksm.dlv.sngr.veik.b\u016bt-k.mot.vns.\u012en.__Aspect=Perf|Case=Ins|Definite=Ind|Gender=Fem|Number=Sing|Polarity=Pos|Reflex=Yes|Tense=Past|VerbForm=Part|Voice=Act",
      "vksm.dlv.sngr.veik.b\u016bt-k.vyr.dgs.G.__Aspect=Perf|Case=Acc|Definite=Ind|Gender=Masc|Number=Plur|Polarity=Pos|Reflex=Yes|Tense=Past|VerbForm=Part|Voice=Act",
      "vksm.dlv.sngr.veik.b\u016bt-k.vyr.dgs.K.__Aspect=Perf|Case=Gen|Definite=Ind|Gender=Masc|Number=Plur|Polarity=Pos|Reflex=Yes|Tense=Past|VerbForm=Part|Voice=Act",
      "vksm.dlv.sngr.veik.b\u016bt-k.vyr.dgs.V.__Aspect=Perf|Case=Nom|Definite=Ind|Gender=Masc|Number=Plur|Polarity=Pos|Reflex=Yes|Tense=Past|VerbForm=Part|Voice=Act",
      "vksm.dlv.sngr.veik.b\u016bt-k.vyr.dgs.\u012en.__Aspect=Perf|Case=Ins|Definite=Ind|Gender=Masc|Number=Plur|Polarity=Pos|Reflex=Yes|Tense=Past|VerbForm=Part|Voice=Act",
      "vksm.dlv.sngr.veik.b\u016bt-k.vyr.vns.G.__Aspect=Perf|Case=Acc|Definite=Ind|Gender=Masc|Number=Sing|Polarity=Pos|Reflex=Yes|Tense=Past|VerbForm=Part|Voice=Act",
      "vksm.dlv.sngr.veik.b\u016bt-k.vyr.vns.K.__Aspect=Perf|Case=Gen|Definite=Ind|Gender=Masc|Number=Sing|Polarity=Pos|Reflex=Yes|Tense=Past|VerbForm=Part|Voice=Act",
      "vksm.dlv.sngr.veik.b\u016bt-k.vyr.vns.V.__Aspect=Perf|Case=Nom|Definite=Ind|Gender=Masc|Number=Sing|Polarity=Pos|Reflex=Yes|Tense=Past|VerbForm=Part|Voice=Act",
      "vksm.dlv.sngr.veik.es.mot.dgs.K.__Case=Gen|Definite=Ind|Gender=Fem|Number=Plur|Polarity=Pos|Reflex=Yes|Tense=Pres|VerbForm=Part|Voice=Act",
      "vksm.dlv.sngr.veik.es.mot.dgs.V.__Case=Nom|Definite=Ind|Gender=Fem|Number=Plur|Polarity=Pos|Reflex=Yes|Tense=Pres|VerbForm=Part|Voice=Act",
      "vksm.dlv.sngr.veik.es.mot.dgs.\u012en.__Case=Ins|Definite=Ind|Gender=Fem|Number=Plur|Polarity=Pos|Reflex=Yes|Tense=Pres|VerbForm=Part|Voice=Act",
      "vksm.dlv.sngr.veik.es.mot.vns.K.__Case=Gen|Definite=Ind|Gender=Fem|Number=Sing|Polarity=Pos|Reflex=Yes|Tense=Pres|VerbForm=Part|Voice=Act",
      "vksm.dlv.sngr.veik.es.vyr.dgs.G.__Case=Acc|Definite=Ind|Gender=Masc|Number=Plur|Polarity=Pos|Reflex=Yes|Tense=Pres|VerbForm=Part|Voice=Act",
      "vksm.dlv.sngr.veik.es.vyr.dgs.K.__Case=Gen|Definite=Ind|Gender=Masc|Number=Plur|Polarity=Pos|Reflex=Yes|Tense=Pres|VerbForm=Part|Voice=Act",
      "vksm.dlv.sngr.veik.es.vyr.dgs.N.__Case=Dat|Definite=Ind|Gender=Masc|Number=Plur|Polarity=Pos|Reflex=Yes|Tense=Pres|VerbForm=Part|Voice=Act",
      "vksm.dlv.sngr.veik.es.vyr.dgs.V.__Case=Nom|Definite=Ind|Gender=Masc|Number=Plur|Polarity=Pos|Reflex=Yes|Tense=Pres|VerbForm=Part|Voice=Act",
      "vksm.dlv.sngr.veik.es.vyr.vns.G.__Case=Acc|Definite=Ind|Gender=Masc|Number=Sing|Polarity=Pos|Reflex=Yes|Tense=Pres|VerbForm=Part|Voice=Act",
      "vksm.dlv.sngr.veik.es.vyr.vns.K.__Case=Gen|Definite=Ind|Gender=Masc|Number=Sing|Polarity=Pos|Reflex=Yes|Tense=Pres|VerbForm=Part|Voice=Act",
      "vksm.dlv.sngr.veik.es.vyr.vns.N.__Case=Dat|Definite=Ind|Gender=Masc|Number=Sing|Polarity=Pos|Reflex=Yes|Tense=Pres|VerbForm=Part|Voice=Act",
      "vksm.dlv.sngr.veik.es.vyr.vns.V.__Case=Nom|Definite=Ind|Gender=Masc|Number=Sing|Polarity=Pos|Reflex=Yes|Tense=Pres|VerbForm=Part|Voice=Act",
      "vksm.dlv.sngr.veik.es.\u012fvard\u017e.mot.vns.K.__Case=Gen|Definite=Def|Gender=Fem|Number=Sing|Polarity=Pos|Reflex=Yes|Tense=Pres|VerbForm=Part|Voice=Act",
      "vksm.dlv.veik.b\u016bs.vyr.vns.V.__Case=Nom|Definite=Ind|Gender=Masc|Number=Sing|Polarity=Pos|Tense=Fut|VerbForm=Part|Voice=Act",
      "vksm.dlv.veik.b\u016bt-k.bev.__Aspect=Perf|Definite=Ind|Gender=Neut|Polarity=Pos|Tense=Past|VerbForm=Part|Voice=Act",
      "vksm.dlv.veik.b\u016bt-k.mot.dgs.G.__Aspect=Perf|Case=Acc|Definite=Ind|Gender=Fem|Number=Plur|Polarity=Pos|Tense=Past|VerbForm=Part|Voice=Act",
      "vksm.dlv.veik.b\u016bt-k.mot.dgs.K.__Aspect=Perf|Case=Gen|Definite=Ind|Gender=Fem|Number=Plur|Polarity=Pos|Tense=Past|VerbForm=Part|Voice=Act",
      "vksm.dlv.veik.b\u016bt-k.mot.dgs.N.__Aspect=Perf|Case=Dat|Definite=Ind|Gender=Fem|Number=Plur|Polarity=Pos|Tense=Past|VerbForm=Part|Voice=Act",
      "vksm.dlv.veik.b\u016bt-k.mot.dgs.V.__Aspect=Perf|Case=Nom|Definite=Ind|Gender=Fem|Number=Plur|Polarity=Pos|Tense=Past|VerbForm=Part|Voice=Act",
      "vksm.dlv.veik.b\u016bt-k.mot.dgs.Vt.__Aspect=Perf|Case=Loc|Definite=Ind|Gender=Fem|Number=Plur|Polarity=Pos|Tense=Past|VerbForm=Part|Voice=Act",
      "vksm.dlv.veik.b\u016bt-k.mot.vns.G.__Aspect=Perf|Case=Acc|Definite=Ind|Gender=Fem|Number=Sing|Polarity=Pos|Tense=Past|VerbForm=Part|Voice=Act",
      "vksm.dlv.veik.b\u016bt-k.mot.vns.K.__Aspect=Perf|Case=Gen|Definite=Ind|Gender=Fem|Number=Sing|Polarity=Pos|Tense=Past|VerbForm=Part|Voice=Act",
      "vksm.dlv.veik.b\u016bt-k.mot.vns.N.__Aspect=Perf|Case=Dat|Definite=Ind|Gender=Fem|Number=Sing|Polarity=Pos|Tense=Past|VerbForm=Part|Voice=Act",
      "vksm.dlv.veik.b\u016bt-k.mot.vns.V.__Aspect=Perf|Case=Nom|Definite=Ind|Gender=Fem|Number=Sing|Polarity=Pos|Tense=Past|VerbForm=Part|Voice=Act",
      "vksm.dlv.veik.b\u016bt-k.mot.vns.\u012en.__Aspect=Perf|Case=Ins|Definite=Ind|Gender=Fem|Number=Sing|Polarity=Pos|Tense=Past|VerbForm=Part|Voice=Act",
      "vksm.dlv.veik.b\u016bt-k.vyr.dgs.G.__Aspect=Perf|Case=Acc|Definite=Ind|Gender=Masc|Number=Plur|Polarity=Pos|Tense=Past|VerbForm=Part|Voice=Act",
      "vksm.dlv.veik.b\u016bt-k.vyr.dgs.K.__Aspect=Perf|Case=Gen|Definite=Ind|Gender=Masc|Number=Plur|Polarity=Pos|Tense=Past|VerbForm=Part|Voice=Act",
      "vksm.dlv.veik.b\u016bt-k.vyr.dgs.N.__Aspect=Perf|Case=Dat|Definite=Ind|Gender=Masc|Number=Plur|Polarity=Pos|Tense=Past|VerbForm=Part|Voice=Act",
      "vksm.dlv.veik.b\u016bt-k.vyr.dgs.V.__Aspect=Perf|Case=Nom|Definite=Ind|Gender=Masc|Number=Plur|Polarity=Pos|Tense=Past|VerbForm=Part|Voice=Act",
      "vksm.dlv.veik.b\u016bt-k.vyr.dgs.\u012en.__Aspect=Perf|Case=Ins|Definite=Ind|Gender=Masc|Number=Plur|Polarity=Pos|Tense=Past|VerbForm=Part|Voice=Act",
      "vksm.dlv.veik.b\u016bt-k.vyr.vns.G.__Aspect=Perf|Case=Acc|Definite=Ind|Gender=Masc|Number=Sing|Polarity=Pos|Tense=Past|VerbForm=Part|Voice=Act",
      "vksm.dlv.veik.b\u016bt-k.vyr.vns.K.__Aspect=Perf|Case=Gen|Definite=Ind|Gender=Masc|Number=Sing|Polarity=Pos|Tense=Past|VerbForm=Part|Voice=Act",
      "vksm.dlv.veik.b\u016bt-k.vyr.vns.N.__Aspect=Perf|Case=Dat|Definite=Ind|Gender=Masc|Number=Sing|Polarity=Pos|Tense=Past|VerbForm=Part|Voice=Act",
      "vksm.dlv.veik.b\u016bt-k.vyr.vns.V.__Aspect=Perf|Case=Nom|Definite=Ind|Gender=Masc|Number=Sing|Polarity=Pos|Tense=Past|VerbForm=Part|Voice=Act",
      "vksm.dlv.veik.b\u016bt-k.vyr.vns.Vt.__Aspect=Perf|Case=Loc|Definite=Ind|Gender=Masc|Number=Sing|Polarity=Pos|Tense=Past|VerbForm=Part|Voice=Act",
      "vksm.dlv.veik.b\u016bt-k.vyr.vns.\u012en.__Aspect=Perf|Case=Ins|Definite=Ind|Gender=Masc|Number=Sing|Polarity=Pos|Tense=Past|VerbForm=Part|Voice=Act",
      "vksm.dlv.veik.b\u016bt-k.\u012fvard\u017e.vyr.dgs.K.__Aspect=Perf|Case=Gen|Definite=Def|Gender=Masc|Number=Plur|Polarity=Pos|Tense=Past|VerbForm=Part|Voice=Act",
      "vksm.dlv.veik.b\u016bt-k.\u012fvard\u017e.vyr.dgs.V.__Aspect=Perf|Case=Nom|Definite=Def|Gender=Masc|Number=Plur|Polarity=Pos|Tense=Past|VerbForm=Part|Voice=Act",
      "vksm.dlv.veik.b\u016bt-k.\u012fvard\u017e.vyr.vns.K.__Aspect=Perf|Case=Gen|Definite=Def|Gender=Masc|Number=Sing|Polarity=Pos|Tense=Past|VerbForm=Part|Voice=Act",
      "vksm.dlv.veik.b\u016bt-k.\u012fvard\u017e.vyr.vns.V.__Aspect=Perf|Case=Nom|Definite=Def|Gender=Masc|Number=Sing|Polarity=Pos|Tense=Past|VerbForm=Part|Voice=Act",
      "vksm.dlv.veik.b\u016bt-k.\u012fvard\u017e.vyr.vns.\u012en.__Aspect=Perf|Case=Ins|Definite=Def|Gender=Masc|Number=Sing|Polarity=Pos|Tense=Past|VerbForm=Part|Voice=Act",
      "vksm.dlv.veik.b\u016bt.k.vyr.dgs.V.__Case=Nom|Definite=Ind|Gender=Masc|Number=Plur|Polarity=Pos|Tense=Past|VerbForm=Part|Voice=Act",
      "vksm.dlv.veik.es.mot.dgs.G.__Case=Acc|Definite=Ind|Gender=Fem|Number=Plur|Polarity=Pos|Tense=Pres|VerbForm=Part|Voice=Act",
      "vksm.dlv.veik.es.mot.dgs.K.__Case=Gen|Definite=Ind|Gender=Fem|Number=Plur|Polarity=Pos|Tense=Pres|VerbForm=Part|Voice=Act",
      "vksm.dlv.veik.es.mot.dgs.N.__Case=Dat|Definite=Ind|Gender=Fem|Number=Plur|Polarity=Pos|Tense=Pres|VerbForm=Part|Voice=Act",
      "vksm.dlv.veik.es.mot.dgs.V.__Case=Nom|Definite=Ind|Gender=Fem|Number=Plur|Polarity=Pos|Tense=Pres|VerbForm=Part|Voice=Act",
      "vksm.dlv.veik.es.mot.dgs.Vt.__Case=Loc|Definite=Ind|Gender=Fem|Number=Plur|Polarity=Pos|Tense=Pres|VerbForm=Part|Voice=Act",
      "vksm.dlv.veik.es.mot.dgs.\u012en.__Case=Ins|Definite=Ind|Gender=Fem|Number=Plur|Polarity=Pos|Tense=Pres|VerbForm=Part|Voice=Act",
      "vksm.dlv.veik.es.mot.vns.G.__Case=Acc|Definite=Ind|Gender=Fem|Number=Sing|Polarity=Pos|Tense=Pres|VerbForm=Part|Voice=Act",
      "vksm.dlv.veik.es.mot.vns.K.__Case=Gen|Definite=Ind|Gender=Fem|Number=Sing|Polarity=Pos|Tense=Pres|VerbForm=Part|Voice=Act",
      "vksm.dlv.veik.es.mot.vns.N.__Case=Dat|Definite=Ind|Gender=Fem|Number=Sing|Polarity=Pos|Tense=Pres|VerbForm=Part|Voice=Act",
      "vksm.dlv.veik.es.mot.vns.V.__Case=Nom|Definite=Ind|Gender=Fem|Number=Sing|Polarity=Pos|Tense=Pres|VerbForm=Part|Voice=Act",
      "vksm.dlv.veik.es.mot.vns.V__Case=Nom|Definite=Ind|Gender=Fem|Number=Sing|Polarity=Pos|Tense=Pres|VerbForm=Part|Voice=Act",
      "vksm.dlv.veik.es.mot.vns.Vt.__Case=Loc|Definite=Ind|Gender=Fem|Number=Sing|Polarity=Pos|Tense=Pres|VerbForm=Part|Voice=Act",
      "vksm.dlv.veik.es.mot.vns.\u012en.__Case=Ins|Definite=Ind|Gender=Fem|Number=Sing|Polarity=Pos|Tense=Pres|VerbForm=Part|Voice=Act",
      "vksm.dlv.veik.es.vyr.dgs.G.__Case=Acc|Definite=Ind|Gender=Masc|Number=Plur|Polarity=Pos|Tense=Pres|VerbForm=Part|Voice=Act",
      "vksm.dlv.veik.es.vyr.dgs.K.__Case=Gen|Definite=Ind|Gender=Masc|Number=Plur|Polarity=Pos|Tense=Pres|VerbForm=Part|Voice=Act",
      "vksm.dlv.veik.es.vyr.dgs.N.__Case=Dat|Definite=Ind|Gender=Masc|Number=Plur|Polarity=Pos|Tense=Pres|VerbForm=Part|Voice=Act",
      "vksm.dlv.veik.es.vyr.dgs.V.__Case=Nom|Definite=Ind|Gender=Masc|Number=Plur|Polarity=Pos|Tense=Pres|VerbForm=Part|Voice=Act",
      "vksm.dlv.veik.es.vyr.dgs.Vt.__Case=Loc|Definite=Ind|Gender=Masc|Number=Plur|Polarity=Pos|Tense=Pres|VerbForm=Part|Voice=Act",
      "vksm.dlv.veik.es.vyr.dgs.\u012en.__Case=Ins|Definite=Ind|Gender=Masc|Number=Plur|Polarity=Pos|Tense=Pres|VerbForm=Part|Voice=Act",
      "vksm.dlv.veik.es.vyr.vns.G.__Case=Acc|Definite=Ind|Gender=Masc|Number=Sing|Polarity=Pos|Tense=Pres|VerbForm=Part|Voice=Act",
      "vksm.dlv.veik.es.vyr.vns.K.__Case=Gen|Definite=Ind|Gender=Masc|Number=Sing|Polarity=Pos|Tense=Pres|VerbForm=Part|Voice=Act",
      "vksm.dlv.veik.es.vyr.vns.N.__Case=Dat|Definite=Ind|Gender=Masc|Number=Sing|Polarity=Pos|Tense=Pres|VerbForm=Part|Voice=Act",
      "vksm.dlv.veik.es.vyr.vns.V.__Case=Nom|Definite=Ind|Gender=Masc|Number=Sing|Polarity=Pos|Tense=Pres|VerbForm=Part|Voice=Act",
      "vksm.dlv.veik.es.vyr.vns.Vt.__Case=Loc|Definite=Ind|Gender=Masc|Number=Sing|Polarity=Pos|Tense=Pres|VerbForm=Part|Voice=Act",
      "vksm.dlv.veik.es.vyr.vns.\u012en.__Case=Ins|Definite=Ind|Gender=Masc|Number=Sing|Polarity=Pos|Tense=Pres|VerbForm=Part|Voice=Act",
      "vksm.dlv.veik.es.\u012fvard\u017e.mot.vns.K.__Case=Gen|Definite=Def|Gender=Fem|Number=Sing|Polarity=Pos|Tense=Pres|VerbForm=Part|Voice=Act",
      "vksm.dlv.veik.es.\u012fvard\u017e.mot.vns.V.__Case=Nom|Definite=Def|Gender=Fem|Number=Sing|Polarity=Pos|Tense=Pres|VerbForm=Part|Voice=Act",
      "vksm.dlv.veik.es.\u012fvard\u017e.vyr.dgs.K.__Case=Gen|Definite=Def|Gender=Masc|Number=Plur|Polarity=Pos|Tense=Pres|VerbForm=Part|Voice=Act",
      "vksm.dlv.veik.es.\u012fvard\u017e.vyr.vns.K.__Case=Gen|Definite=Def|Gender=Masc|Number=Sing|Polarity=Pos|Tense=Pres|VerbForm=Part|Voice=Act",
      "vksm.dlv.veik.es.\u012fvard\u017e.vyr.vns.N.__Case=Dat|Definite=Def|Gender=Masc|Number=Sing|Polarity=Pos|Tense=Pres|VerbForm=Part|Voice=Act",
      "vksm.neig.dlv.neveik.es.mot.vns.V.__Case=Nom|Definite=Ind|Gender=Fem|Number=Sing|Polarity=Neg|Tense=Pres|VerbForm=Part|Voice=Pass",
      "vksm.neveik.b\u016bt.vyr.dgs.V.__Case=Nom|Gender=Masc|Number=Plur|Polarity=Pos|Tense=Past|Voice=Pass",
      "vksm.pad.b\u016bt-k.__Aspect=Perf|Polarity=Pos|Tense=Past|VerbForm=Ger",
      "vksm.pad.es.__Polarity=Pos|Tense=Pres|VerbForm=Ger",
      "vksm.pad.es.sngr.__Polarity=Pos|Reflex=Yes|Tense=Pres|VerbForm=Ger",
      "vksm.pad.neig.b\u016bt-k.__Aspect=Perf|Polarity=Neg|Tense=Past|VerbForm=Ger",
      "vksm.pad.neig.es.__Polarity=Neg|Tense=Pres|VerbForm=Ger",
      "vksm.pad.neig.sngr.b\u016bt-k.__Aspect=Perf|Polarity=Neg|Reflex=Yes|Tense=Past|VerbForm=Ger",
      "vksm.pad.neig.sngr.es.__Polarity=Neg|Reflex=Yes|Tense=Pres|VerbForm=Ger",
      "vksm.pad.sngr.b\u016bt-k.__Aspect=Perf|Polarity=Pos|Reflex=Yes|Tense=Past|VerbForm=Ger",
      "vksm.pad.sngr.es.__Polarity=Pos|Reflex=Yes|Tense=Pres|VerbForm=Ger",
      "vksm.padlv.sngr.es.__Polarity=Pos|Reflex=Yes|Tense=Pres",
      "vksm.pusd.mot.dgs.__Gender=Fem|Number=Plur|Polarity=Pos|VerbForm=Conv",
      "vksm.pusd.mot.vns.__Gender=Fem|Number=Sing|Polarity=Pos|VerbForm=Conv",
      "vksm.pusd.neig.mot.vns.__Gender=Fem|Number=Sing|Polarity=Neg|VerbForm=Conv",
      "vksm.pusd.neig.vyr.dgs.__Gender=Masc|Number=Plur|Polarity=Neg|VerbForm=Conv",
      "vksm.pusd.neig.vyr.vns.__Gender=Masc|Number=Sing|Polarity=Neg|VerbForm=Conv",
      "vksm.pusd.sngr.mot.dgs.__Gender=Fem|Number=Plur|Polarity=Pos|Reflex=Yes|VerbForm=Conv",
      "vksm.pusd.sngr.mot.vns.__Gender=Fem|Number=Sing|Polarity=Pos|Reflex=Yes|VerbForm=Conv",
      "vksm.pusd.sngr.vyr.dgs.__Gender=Masc|Number=Plur|Polarity=Pos|Reflex=Yes|VerbForm=Conv",
      "vksm.pusd.sngr.vyr.vns.__Gender=Masc|Number=Sing|Polarity=Pos|Reflex=Yes|VerbForm=Conv",
      "vksm.pusd.vyr.dgs.__Gender=Masc|Number=Plur|Polarity=Pos|VerbForm=Conv",
      "vksm.pusd.vyr.vns.__Gender=Masc|Number=Sing|Polarity=Pos|VerbForm=Conv",
      "vksm.sngr.pad.es.__Polarity=Pos|Reflex=Yes|Tense=Pres|VerbForm=Ger",
      "\u012fv.G.__Case=Acc|Definite=Ind|PronType=Ind",
      "\u012fv.G.__Case=Acc|Definite=Ind|PronType=Int",
      "\u012fv.G.__Case=Acc|Definite=Ind|PronType=Prs|Reflex=Yes",
      "\u012fv.K.__Case=Gen|Definite=Ind|PronType=Ind",
      "\u012fv.K.__Case=Gen|Definite=Ind|PronType=Int",
      "\u012fv.K.__Case=Gen|Definite=Ind|PronType=Neg",
      "\u012fv.K.__Case=Gen|Definite=Ind|PronType=Prs|Reflex=Yes",
      "\u012fv.N.__Case=Dat|Definite=Ind|PronType=Prs|Reflex=Yes",
      "\u012fv.V.__Case=Nom|Definite=Ind|PronType=Ind",
      "\u012fv.V.__Case=Nom|Definite=Ind|PronType=Int",
      "\u012fv.V.__Case=Nom|Definite=Ind|PronType=Neg",
      "\u012fv.bev.__Definite=Ind|Gender=Neut|PronType=Dem",
      "\u012fv.bev.__Definite=Ind|Gender=Neut|PronType=Ind",
      "\u012fv.bev.__Definite=Ind|Gender=Neut|PronType=Tot",
      "\u012fv.dgs.G.__Case=Acc|Definite=Ind|Number=Plur|Person=1|PronType=Prs",
      "\u012fv.dgs.G.__Case=Acc|Definite=Ind|Number=Plur|Person=2|PronType=Prs",
      "\u012fv.dgs.K.__Case=Gen|Definite=Ind|Number=Plur|Person=1|PronType=Prs",
      "\u012fv.dgs.K.__Case=Gen|Definite=Ind|Number=Plur|Person=2|PronType=Prs",
      "\u012fv.dgs.N.__Case=Dat|Definite=Ind|Number=Plur|Person=1|PronType=Prs",
      "\u012fv.dgs.N.__Case=Dat|Definite=Ind|Number=Plur|Person=2|PronType=Prs",
      "\u012fv.dgs.V.__Case=Nom|Definite=Ind|Number=Plur|Person=1|PronType=Prs",
      "\u012fv.dgs.V.__Case=Nom|Definite=Ind|Number=Plur|Person=2|PronType=Prs",
      "\u012fv.dgs.Vt.__Case=Loc|Definite=Ind|Number=Plur|Person=2|PronType=Prs",
      "\u012fv.dgs.\u012en.__Case=Ins|Definite=Ind|Number=Plur|Person=1|PronType=Prs",
      "\u012fv.dgs.\u012en.__Case=Ins|Definite=Ind|Number=Plur|Person=2|PronType=Prs",
      "\u012fv.dvisk.V.__Case=Nom|Definite=Ind|Number=Dual|Person=1|PronType=Prs",
      "\u012fv.mot.G.__Case=Acc|Definite=Ind|Gender=Fem|PronType=Ind",
      "\u012fv.mot.K.__Case=Gen|Definite=Ind|Gender=Fem|PronType=Ind",
      "\u012fv.mot.V.__Case=Nom|Definite=Ind|Gender=Fem|PronType=Ind",
      "\u012fv.mot.dgs.G.__Case=Acc|Definite=Ind|Gender=Fem|Number=Plur|Person=3|PronType=Prs",
      "\u012fv.mot.dgs.G.__Case=Acc|Definite=Ind|Gender=Fem|Number=Plur|PronType=Dem",
      "\u012fv.mot.dgs.G.__Case=Acc|Definite=Ind|Gender=Fem|Number=Plur|PronType=Emp",
      "\u012fv.mot.dgs.G.__Case=Acc|Definite=Ind|Gender=Fem|Number=Plur|PronType=Ind",
      "\u012fv.mot.dgs.G.__Case=Acc|Definite=Ind|Gender=Fem|Number=Plur|PronType=Int",
      "\u012fv.mot.dgs.G.__Case=Acc|Definite=Ind|Gender=Fem|Number=Plur|PronType=Tot",
      "\u012fv.mot.dgs.K.__Case=Gen|Definite=Ind|Gender=Fem|Number=Plur|Person=3|PronType=Prs",
      "\u012fv.mot.dgs.K.__Case=Gen|Definite=Ind|Gender=Fem|Number=Plur|PronType=Dem",
      "\u012fv.mot.dgs.K.__Case=Gen|Definite=Ind|Gender=Fem|Number=Plur|PronType=Ind",
      "\u012fv.mot.dgs.K.__Case=Gen|Definite=Ind|Gender=Fem|Number=Plur|PronType=Int",
      "\u012fv.mot.dgs.K.__Case=Gen|Definite=Ind|Gender=Fem|Number=Plur|PronType=Neg",
      "\u012fv.mot.dgs.K.__Case=Gen|Definite=Ind|Gender=Fem|Number=Plur|PronType=Tot",
      "\u012fv.mot.dgs.N.__Case=Dat|Definite=Ind|Gender=Fem|Number=Plur|Person=3|PronType=Prs",
      "\u012fv.mot.dgs.N.__Case=Dat|Definite=Ind|Gender=Fem|Number=Plur|PronType=Dem",
      "\u012fv.mot.dgs.N.__Case=Dat|Definite=Ind|Gender=Fem|Number=Plur|PronType=Ind",
      "\u012fv.mot.dgs.N.__Case=Dat|Definite=Ind|Gender=Fem|Number=Plur|PronType=Int",
      "\u012fv.mot.dgs.V.__Case=Nom|Definite=Ind|Gender=Fem|Number=Plur|Person=3|PronType=Prs",
      "\u012fv.mot.dgs.V.__Case=Nom|Definite=Ind|Gender=Fem|Number=Plur|PronType=Dem",
      "\u012fv.mot.dgs.V.__Case=Nom|Definite=Ind|Gender=Fem|Number=Plur|PronType=Emp",
      "\u012fv.mot.dgs.V.__Case=Nom|Definite=Ind|Gender=Fem|Number=Plur|PronType=Ind",
      "\u012fv.mot.dgs.V.__Case=Nom|Definite=Ind|Gender=Fem|Number=Plur|PronType=Int",
      "\u012fv.mot.dgs.V.__Case=Nom|Definite=Ind|Gender=Fem|Number=Plur|PronType=Neg",
      "\u012fv.mot.dgs.V.__Case=Nom|Definite=Ind|Gender=Fem|Number=Plur|PronType=Tot",
      "\u012fv.mot.dgs.Vt.__Case=Loc|Definite=Ind|Gender=Fem|Number=Plur|Person=3|PronType=Prs",
      "\u012fv.mot.dgs.Vt.__Case=Loc|Definite=Ind|Gender=Fem|Number=Plur|PronType=Dem",
      "\u012fv.mot.dgs.Vt.__Case=Loc|Definite=Ind|Gender=Fem|Number=Plur|PronType=Emp",
      "\u012fv.mot.dgs.Vt.__Case=Loc|Definite=Ind|Gender=Fem|Number=Plur|PronType=Ind",
      "\u012fv.mot.dgs.Vt.__Case=Loc|Definite=Ind|Gender=Fem|Number=Plur|PronType=Int",
      "\u012fv.mot.dgs.Vt.__Case=Loc|Definite=Ind|Gender=Fem|Number=Plur|PronType=Tot",
      "\u012fv.mot.dgs.\u012en.__Case=Ins|Definite=Ind|Gender=Fem|Number=Plur|Person=3|PronType=Prs",
      "\u012fv.mot.dgs.\u012en.__Case=Ins|Definite=Ind|Gender=Fem|Number=Plur|PronType=Dem",
      "\u012fv.mot.dgs.\u012en.__Case=Ins|Definite=Ind|Gender=Fem|Number=Plur|PronType=Ind",
      "\u012fv.mot.dgs.\u012en.__Case=Ins|Definite=Ind|Gender=Fem|Number=Plur|PronType=Int",
      "\u012fv.mot.dvisk.N.__Case=Dat|Definite=Ind|Gender=Fem|Number=Dual|PronType=Ind",
      "\u012fv.mot.dvisk.V.__Case=Nom|Definite=Ind|Gender=Fem|Number=Dual|PronType=Ind",
      "\u012fv.mot.vns.G.__Case=Acc|Definite=Ind|Gender=Fem|Number=Sing|Person=3|PronType=Prs",
      "\u012fv.mot.vns.G.__Case=Acc|Definite=Ind|Gender=Fem|Number=Sing|PronType=Dem",
      "\u012fv.mot.vns.G.__Case=Acc|Definite=Ind|Gender=Fem|Number=Sing|PronType=Ind",
      "\u012fv.mot.vns.G.__Case=Acc|Definite=Ind|Gender=Fem|Number=Sing|PronType=Int",
      "\u012fv.mot.vns.G.__Case=Acc|Definite=Ind|Gender=Fem|Number=Sing|PronType=Tot",
      "\u012fv.mot.vns.K.__Case=Gen|Definite=Ind|Gender=Fem|Number=Sing|Person=3|PronType=Prs",
      "\u012fv.mot.vns.K.__Case=Gen|Definite=Ind|Gender=Fem|Number=Sing|PronType=Dem",
      "\u012fv.mot.vns.K.__Case=Gen|Definite=Ind|Gender=Fem|Number=Sing|PronType=Ind",
      "\u012fv.mot.vns.K.__Case=Gen|Definite=Ind|Gender=Fem|Number=Sing|PronType=Int",
      "\u012fv.mot.vns.K.__Case=Gen|Definite=Ind|Gender=Fem|Number=Sing|PronType=Neg",
      "\u012fv.mot.vns.K.__Case=Gen|Definite=Ind|Gender=Fem|Number=Sing|PronType=Tot",
      "\u012fv.mot.vns.N.__Case=Dat|Definite=Ind|Gender=Fem|Number=Sing|Person=3|PronType=Prs",
      "\u012fv.mot.vns.N.__Case=Dat|Definite=Ind|Gender=Fem|Number=Sing|PronType=Dem",
      "\u012fv.mot.vns.N.__Case=Dat|Definite=Ind|Gender=Fem|Number=Sing|PronType=Ind",
      "\u012fv.mot.vns.N.__Case=Dat|Definite=Ind|Gender=Fem|Number=Sing|PronType=Int",
      "\u012fv.mot.vns.N.__Case=Dat|Definite=Ind|Gender=Fem|Number=Sing|PronType=Tot",
      "\u012fv.mot.vns.V.__Case=Nom|Definite=Ind|Gender=Fem|Number=Sing|Person=3|PronType=Prs",
      "\u012fv.mot.vns.V.__Case=Nom|Definite=Ind|Gender=Fem|Number=Sing|PronType=Dem",
      "\u012fv.mot.vns.V.__Case=Nom|Definite=Ind|Gender=Fem|Number=Sing|PronType=Emp",
      "\u012fv.mot.vns.V.__Case=Nom|Definite=Ind|Gender=Fem|Number=Sing|PronType=Ind",
      "\u012fv.mot.vns.V.__Case=Nom|Definite=Ind|Gender=Fem|Number=Sing|PronType=Int",
      "\u012fv.mot.vns.V.__Case=Nom|Definite=Ind|Gender=Fem|Number=Sing|PronType=Tot",
      "\u012fv.mot.vns.Vt.__Case=Loc|Definite=Ind|Gender=Fem|Number=Sing|Person=3|PronType=Prs",
      "\u012fv.mot.vns.Vt.__Case=Loc|Definite=Ind|Gender=Fem|Number=Sing|PronType=Dem",
      "\u012fv.mot.vns.Vt.__Case=Loc|Definite=Ind|Gender=Fem|Number=Sing|PronType=Ind",
      "\u012fv.mot.vns.Vt.__Case=Loc|Definite=Ind|Gender=Fem|Number=Sing|PronType=Int",
      "\u012fv.mot.vns.Vt.__Case=Loc|Definite=Ind|Gender=Fem|Number=Sing|PronType=Tot",
      "\u012fv.mot.vns.\u012en.__Case=Ins|Definite=Ind|Gender=Fem|Number=Sing|Person=3|PronType=Prs",
      "\u012fv.mot.vns.\u012en.__Case=Ins|Definite=Ind|Gender=Fem|Number=Sing|PronType=Dem",
      "\u012fv.mot.vns.\u012en.__Case=Ins|Definite=Ind|Gender=Fem|Number=Sing|PronType=Ind",
      "\u012fv.mot.vns.\u012en.__Case=Ins|Definite=Ind|Gender=Fem|Number=Sing|PronType=Int",
      "\u012fv.mot.vns.\u012en.__Case=Ins|Definite=Ind|Gender=Fem|Number=Sing|PronType=Tot",
      "\u012fv.vns.G.__Case=Acc|Definite=Ind|Number=Sing|Person=1|PronType=Prs",
      "\u012fv.vns.G.__Case=Acc|Definite=Ind|Number=Sing|Person=2|PronType=Prs",
      "\u012fv.vns.K.__Case=Gen|Definite=Ind|Number=Sing|Person=1|PronType=Prs",
      "\u012fv.vns.K.__Case=Gen|Definite=Ind|Number=Sing|Person=2|PronType=Prs",
      "\u012fv.vns.N.__Case=Dat|Definite=Ind|Number=Sing|Person=1|PronType=Prs",
      "\u012fv.vns.N.__Case=Dat|Definite=Ind|Number=Sing|Person=2|PronType=Prs",
      "\u012fv.vns.N.__Case=Dat|Definite=Ind|Number=Sing|PronType=Prs|Reflex=Yes",
      "\u012fv.vns.V.__Case=Nom|Definite=Ind|Number=Sing|Person=1|PronType=Prs",
      "\u012fv.vns.V.__Case=Nom|Definite=Ind|Number=Sing|Person=2|PronType=Prs",
      "\u012fv.vns.Vt.__Case=Loc|Definite=Ind|Number=Sing|Person=1|PronType=Prs",
      "\u012fv.vns.Vt.__Case=Loc|Definite=Ind|Number=Sing|Person=2|PronType=Prs",
      "\u012fv.vns.\u012en.__Case=Ins|Definite=Ind|Number=Sing|Person=1|PronType=Prs",
      "\u012fv.vns.\u012en.__Case=Ins|Definite=Ind|Number=Sing|Person=2|PronType=Prs",
      "\u012fv.vyr.G.__Case=Acc|Definite=Ind|Gender=Masc|PronType=Ind",
      "\u012fv.vyr.K.__Case=Gen|Definite=Ind|Gender=Masc|PronType=Ind",
      "\u012fv.vyr.N.__Case=Dat|Definite=Ind|Gender=Masc|PronType=Ind",
      "\u012fv.vyr.N.__Case=Dat|Definite=Ind|Gender=Masc|PronType=Int",
      "\u012fv.vyr.V.__Case=Nom|Definite=Ind|Gender=Masc|PronType=Ind",
      "\u012fv.vyr.dgs.G.__Case=Acc|Definite=Ind|Gender=Masc|Number=Plur|Person=2|PronType=Prs",
      "\u012fv.vyr.dgs.G.__Case=Acc|Definite=Ind|Gender=Masc|Number=Plur|Person=3|PronType=Prs",
      "\u012fv.vyr.dgs.G.__Case=Acc|Definite=Ind|Gender=Masc|Number=Plur|PronType=Dem",
      "\u012fv.vyr.dgs.G.__Case=Acc|Definite=Ind|Gender=Masc|Number=Plur|PronType=Emp",
      "\u012fv.vyr.dgs.G.__Case=Acc|Definite=Ind|Gender=Masc|Number=Plur|PronType=Ind",
      "\u012fv.vyr.dgs.G.__Case=Acc|Definite=Ind|Gender=Masc|Number=Plur|PronType=Int",
      "\u012fv.vyr.dgs.G.__Case=Acc|Definite=Ind|Gender=Masc|Number=Plur|PronType=Tot",
      "\u012fv.vyr.dgs.K.__Case=Gen|Definite=Ind|Gender=Masc|Number=Plur|Person=3|PronType=Prs",
      "\u012fv.vyr.dgs.K.__Case=Gen|Definite=Ind|Gender=Masc|Number=Plur|PronType=Dem",
      "\u012fv.vyr.dgs.K.__Case=Gen|Definite=Ind|Gender=Masc|Number=Plur|PronType=Emp",
      "\u012fv.vyr.dgs.K.__Case=Gen|Definite=Ind|Gender=Masc|Number=Plur|PronType=Ind",
      "\u012fv.vyr.dgs.K.__Case=Gen|Definite=Ind|Gender=Masc|Number=Plur|PronType=Int",
      "\u012fv.vyr.dgs.K.__Case=Gen|Definite=Ind|Gender=Masc|Number=Plur|PronType=Neg",
      "\u012fv.vyr.dgs.K.__Case=Gen|Definite=Ind|Gender=Masc|Number=Plur|PronType=Tot",
      "\u012fv.vyr.dgs.N.__Case=Dat|Definite=Ind|Gender=Masc|Number=Plur|Person=3|PronType=Prs",
      "\u012fv.vyr.dgs.N.__Case=Dat|Definite=Ind|Gender=Masc|Number=Plur|PronType=Dem",
      "\u012fv.vyr.dgs.N.__Case=Dat|Definite=Ind|Gender=Masc|Number=Plur|PronType=Emp",
      "\u012fv.vyr.dgs.N.__Case=Dat|Definite=Ind|Gender=Masc|Number=Plur|PronType=Ind",
      "\u012fv.vyr.dgs.N.__Case=Dat|Definite=Ind|Gender=Masc|Number=Plur|PronType=Int",
      "\u012fv.vyr.dgs.N.__Case=Dat|Definite=Ind|Gender=Masc|Number=Plur|PronType=Tot",
      "\u012fv.vyr.dgs.V.__Case=Nom|Definite=Ind|Gender=Masc|Number=Plur|Person=3|PronType=Prs",
      "\u012fv.vyr.dgs.V.__Case=Nom|Definite=Ind|Gender=Masc|Number=Plur|PronType=Dem",
      "\u012fv.vyr.dgs.V.__Case=Nom|Definite=Ind|Gender=Masc|Number=Plur|PronType=Emp",
      "\u012fv.vyr.dgs.V.__Case=Nom|Definite=Ind|Gender=Masc|Number=Plur|PronType=Ind",
      "\u012fv.vyr.dgs.V.__Case=Nom|Definite=Ind|Gender=Masc|Number=Plur|PronType=Int",
      "\u012fv.vyr.dgs.V.__Case=Nom|Definite=Ind|Gender=Masc|Number=Plur|PronType=Tot",
      "\u012fv.vyr.dgs.Vt.__Case=Loc|Definite=Ind|Gender=Masc|Number=Plur|Person=3|PronType=Prs",
      "\u012fv.vyr.dgs.Vt.__Case=Loc|Definite=Ind|Gender=Masc|Number=Plur|PronType=Dem",
      "\u012fv.vyr.dgs.Vt.__Case=Loc|Definite=Ind|Gender=Masc|Number=Plur|PronType=Ind",
      "\u012fv.vyr.dgs.Vt.__Case=Loc|Definite=Ind|Gender=Masc|Number=Plur|PronType=Int",
      "\u012fv.vyr.dgs.Vt.__Case=Loc|Definite=Ind|Gender=Masc|Number=Plur|PronType=Tot",
      "\u012fv.vyr.dgs.\u012en.__Case=Ins|Definite=Ind|Gender=Masc|Number=Plur|Person=3|PronType=Prs",
      "\u012fv.vyr.dgs.\u012en.__Case=Ins|Definite=Ind|Gender=Masc|Number=Plur|PronType=Dem",
      "\u012fv.vyr.dgs.\u012en.__Case=Ins|Definite=Ind|Gender=Masc|Number=Plur|PronType=Ind",
      "\u012fv.vyr.dgs.\u012en.__Case=Ins|Definite=Ind|Gender=Masc|Number=Plur|PronType=Int",
      "\u012fv.vyr.dgs.\u012en.__Case=Ins|Definite=Ind|Gender=Masc|Number=Plur|PronType=Neg",
      "\u012fv.vyr.dvisk.G.__Case=Acc|Definite=Ind|Gender=Masc|Number=Dual|Person=1|PronType=Prs",
      "\u012fv.vyr.dvisk.K.__Case=Gen|Definite=Ind|Gender=Masc|Number=Dual|Person=1|PronType=Prs",
      "\u012fv.vyr.dvisk.V.__Case=Nom|Definite=Ind|Gender=Masc|Number=Dual|Person=1|PronType=Prs",
      "\u012fv.vyr.vns.G.__Case=Acc|Definite=Ind|Gender=Masc|Number=Sing|Person=3|PronType=Prs",
      "\u012fv.vyr.vns.G.__Case=Acc|Definite=Ind|Gender=Masc|Number=Sing|PronType=Dem",
      "\u012fv.vyr.vns.G.__Case=Acc|Definite=Ind|Gender=Masc|Number=Sing|PronType=Emp",
      "\u012fv.vyr.vns.G.__Case=Acc|Definite=Ind|Gender=Masc|Number=Sing|PronType=Ind",
      "\u012fv.vyr.vns.G.__Case=Acc|Definite=Ind|Gender=Masc|Number=Sing|PronType=Int",
      "\u012fv.vyr.vns.G.__Case=Acc|Definite=Ind|Gender=Masc|Number=Sing|PronType=Neg",
      "\u012fv.vyr.vns.G.__Case=Acc|Definite=Ind|Gender=Masc|Number=Sing|PronType=Tot",
      "\u012fv.vyr.vns.K.__Case=Gen|Definite=Ind|Gender=Masc|Number=Sing|Person=3|PronType=Prs",
      "\u012fv.vyr.vns.K.__Case=Gen|Definite=Ind|Gender=Masc|Number=Sing|PronType=Dem",
      "\u012fv.vyr.vns.K.__Case=Gen|Definite=Ind|Gender=Masc|Number=Sing|PronType=Emp",
      "\u012fv.vyr.vns.K.__Case=Gen|Definite=Ind|Gender=Masc|Number=Sing|PronType=Ind",
      "\u012fv.vyr.vns.K.__Case=Gen|Definite=Ind|Gender=Masc|Number=Sing|PronType=Int",
      "\u012fv.vyr.vns.K.__Case=Gen|Definite=Ind|Gender=Masc|Number=Sing|PronType=Neg",
      "\u012fv.vyr.vns.K.__Case=Gen|Definite=Ind|Gender=Masc|Number=Sing|PronType=Tot",
      "\u012fv.vyr.vns.N.__Case=Dat|Definite=Ind|Gender=Masc|Number=Sing|Person=3|PronType=Prs",
      "\u012fv.vyr.vns.N.__Case=Dat|Definite=Ind|Gender=Masc|Number=Sing|PronType=Dem",
      "\u012fv.vyr.vns.N.__Case=Dat|Definite=Ind|Gender=Masc|Number=Sing|PronType=Emp",
      "\u012fv.vyr.vns.N.__Case=Dat|Definite=Ind|Gender=Masc|Number=Sing|PronType=Ind",
      "\u012fv.vyr.vns.N.__Case=Dat|Definite=Ind|Gender=Masc|Number=Sing|PronType=Int",
      "\u012fv.vyr.vns.N.__Case=Dat|Definite=Ind|Gender=Masc|Number=Sing|PronType=Tot",
      "\u012fv.vyr.vns.V.__Case=Nom|Definite=Ind|Gender=Masc|Number=Sing|Person=3|PronType=Prs",
      "\u012fv.vyr.vns.V.__Case=Nom|Definite=Ind|Gender=Masc|Number=Sing|PronType=Dem",
      "\u012fv.vyr.vns.V.__Case=Nom|Definite=Ind|Gender=Masc|Number=Sing|PronType=Emp",
      "\u012fv.vyr.vns.V.__Case=Nom|Definite=Ind|Gender=Masc|Number=Sing|PronType=Ind",
      "\u012fv.vyr.vns.V.__Case=Nom|Definite=Ind|Gender=Masc|Number=Sing|PronType=Int",
      "\u012fv.vyr.vns.V.__Case=Nom|Definite=Ind|Gender=Masc|Number=Sing|PronType=Neg",
      "\u012fv.vyr.vns.V.__Case=Nom|Definite=Ind|Gender=Masc|Number=Sing|PronType=Tot",
      "\u012fv.vyr.vns.Vt.__Case=Loc|Definite=Ind|Gender=Masc|Number=Sing|Person=3|PronType=Prs",
      "\u012fv.vyr.vns.Vt.__Case=Loc|Definite=Ind|Gender=Masc|Number=Sing|PronType=Dem",
      "\u012fv.vyr.vns.Vt.__Case=Loc|Definite=Ind|Gender=Masc|Number=Sing|PronType=Ind",
      "\u012fv.vyr.vns.Vt.__Case=Loc|Definite=Ind|Gender=Masc|Number=Sing|PronType=Int",
      "\u012fv.vyr.vns.Vt.__Case=Loc|Definite=Ind|Gender=Masc|Number=Sing|PronType=Tot",
      "\u012fv.vyr.vns.\u012en.__Case=Ins|Definite=Ind|Gender=Masc|Number=Sing|Person=3|PronType=Prs",
      "\u012fv.vyr.vns.\u012en.__Case=Ins|Definite=Ind|Gender=Masc|Number=Sing|PronType=Dem",
      "\u012fv.vyr.vns.\u012en.__Case=Ins|Definite=Ind|Gender=Masc|Number=Sing|PronType=Emp",
      "\u012fv.vyr.vns.\u012en.__Case=Ins|Definite=Ind|Gender=Masc|Number=Sing|PronType=Ind",
      "\u012fv.vyr.vns.\u012en.__Case=Ins|Definite=Ind|Gender=Masc|Number=Sing|PronType=Int",
      "\u012fv.vyr.\u012en,__Definite=Ind|Gender=Masc|PronType=Ind",
      "\u012fv.\u012en.__Case=Ins|Definite=Ind|PronType=Ind",
      "\u012fv.\u012en.__Case=Ins|Definite=Ind|PronType=Int",
      "\u012fv.\u012en.__Case=Ins|Definite=Ind|PronType=Neg",
      "\u012fv.\u012en.__Case=Ins|Definite=Ind|PronType=Prs|Reflex=Yes",
      "\u012fv.\u012fvard\u017e.bev.__Definite=Def|Gender=Neut|PronType=Dem",
      "\u012fv.\u012fvard\u017e.mot.vns.K.__Case=Gen|Definite=Def|Gender=Fem|Number=Sing|PronType=Ind",
      "\u012fv.\u012fvard\u017e.mot.vns.V.__Case=Nom|Definite=Def|Gender=Fem|Number=Sing|Person=3|PronType=Prs"
    ],
    "parser": [
      "ROOT",
      "acl",
      "advcl",
      "advmod",
      "advmod:emph",
      "amod",
      "appos",
      "case",
      "cc",
      "conj",
      "cop",
      "csubj",
      "dep",
      "det",
      "flat",
      "iobj",
      "mark",
      "nmod",
      "nsubj",
      "nsubj:pass",
      "nummod",
      "obj",
      "obl",
      "obl:arg",
      "parataxis",
      "punct",
      "xcomp"
    ],
    "ner": [
      "GPE",
      "LOC",
      "ORG",
      "PERSON",
      "PRODUCT",
      "TIME"
    ]
  },
  "size": "13 MB",
  "checksum": "e989546f788c980130b19b66e2d200852c9f291891caf2a1e72721f21f5e7964"
}