{
  "lang": "lt",
  "name": "core_news_sm",
  "license": "CC BY-SA 4.0",
  "author": "Explosion and TokenMill",
  "url": "https://explosion.ai",
  "email": "contact@explosion.ai",
  "description": "Lithuanian multi-task CNN trained on ALKSNIS and TokenMill.lt news corpus. Assigns context-specific token vectors, POS tags, dependency parse and named entities.",
  "sources": [
    {
      "name": "Lithuanian UD ALKSNIS Corpus",
      "url": "https://github.com/UniversalDependencies/UD_Lithuanian-ALKSNIS",
      "license": "CC BY-SA 4.0"
    },
    {
      "name": "TokenMill NER Corpus",
      "author": "TokenMill",
      "url": "https://www.tokenmill.lt"
    }
  ],
  "pipeline": [
    "tagger",
    "parser",
    "ner"
  ],
  "version": "2.2.0",
  "spacy_version": ">=2.2.0",
  "parent_package": "spacy",
  "accuracy": {
    "las": 47.997040482,
    "uas": 59.866821689,
    "token_acc": 100.0,
    "tags_acc": 74.0213212164,
    "ents_f": 76.5755053508,
    "ents_p": 72.982774252,
    "ents_r": 80.5402701351
  },
  "speed": {
    "cpu": 7883.0387644322,
    "gpu": null,
    "nwords": 38956
  },
  "labels": {
    "tagger": [
      "Agcfpgn",
      "Agcfpnn",
      "Agcfsan",
      "Agcfsnn",
      "Agcmpan",
      "Agcmpnn",
      "Agcmsan",
      "Agcmsgn",
      "Agcmsnn",
      "Agpfpan",
      "Agpfpay",
      "Agpfpdy",
      "Agpfpgn",
      "Agpfpgy",
      "Agpfpin",
      "Agpfpln",
      "Agpfpnn",
      "Agpfpny",
      "Agpfsan",
      "Agpfsdn",
      "Agpfsgn",
      "Agpfsgy",
      "Agpfsin",
      "Agpfsln",
      "Agpfsnn",
      "Agpmpan",
      "Agpmpay",
      "Agpmpdn",
      "Agpmpgn",
      "Agpmpgy",
      "Agpmpin",
      "Agpmpiy",
      "Agpmpln",
      "Agpmply",
      "Agpmpnn",
      "Agpmpny",
      "Agpmsan",
      "Agpmsay",
      "Agpmsdn",
      "Agpmsgn",
      "Agpmsgy",
      "Agpmsin",
      "Agpmsiy",
      "Agpmsln",
      "Agpmsnn",
      "Agpmsny",
      "Agpn--n",
      "Agsfpan",
      "Agsfpgn",
      "Agsfpin",
      "Agsfpnn",
      "Agsfsgn",
      "Agsfsgy",
      "Agsfsnn",
      "Agsmpgn",
      "Agsmpin",
      "Agsmpnn",
      "Agsmsan",
      "Agsmsin",
      "Agsmsnn",
      "Agsn--n",
      "Cg",
      "Ig",
      "M----d-",
      "M----rn",
      "Mc---l-",
      "Mc--gl-",
      "Mcf-al-",
      "Mcf-dl-",
      "Mcf-gl-",
      "Mcf-il-",
      "Mcf-nl-",
      "Mcfpnl-",
      "Mcfsal-",
      "Mcfsgl-",
      "Mcfsil-",
      "Mcm-al-",
      "Mcm-dl-",
      "Mcm-gl-",
      "Mcm-il-",
      "Mcm-nl-",
      "Mcmpgl-",
      "Mcmpnl-",
      "Mcmsal-",
      "Mcmsaln",
      "Mcmsgl-",
      "Mcmsnln",
      "Ml--aln",
      "Mmm-gl-",
      "Mofsaly",
      "Mofsamn",
      "Mofsnly",
      "Mofsnmy",
      "Mompgln",
      "Mompily",
      "Mompnln",
      "Mompnly",
      "Momsaln",
      "Momsaly",
      "Momsgln",
      "Momsnln",
      "Mon--ln",
      "Nccpnn-",
      "Nccsdn-",
      "Nccsgn-",
      "Nccsnn-",
      "Ncf--n-",
      "Ncfpan-",
      "Ncfpdn-",
      "Ncfpgn-",
      "Ncfpin-",
      "Ncfpln-",
      "Ncfpnn-",
      "Ncfsan-",
      "Ncfsdn-",
      "Ncfsgn-",
      "Ncfsin-",
      "Ncfsln-",
      "Ncfsnn-",
      "Ncfsvn-",
      "Ncfsxn-",
      "Ncm--a-",
      "Ncm--n-",
      "Ncmpan-",
      "Ncmpdn-",
      "Ncmpgn-",
      "Ncmpin-",
      "Ncmpln-",
      "Ncmpnn-",
      "Ncmsan-",
      "Ncmsay-",
      "Ncmsdn-",
      "Ncmsgn-",
      "Ncmsgy-",
      "Ncmsin-",
      "Ncmsln-",
      "Ncmsnn-",
      "Ncmsny-",
      "Ncmsvn-",
      "Ncmsxn-",
      "Np---n-",
      "Npfpgn-",
      "Npfsan-",
      "Npfsanf",
      "Npfsang",
      "Npfsdn-",
      "Npfsdng",
      "Npfsgn-",
      "Npfsgnf",
      "Npfsgng",
      "Npfsgns",
      "Npfsin-",
      "Npfsinf",
      "Npfsing",
      "Npfsins",
      "Npfslng",
      "Npfsnn-",
      "Npfsnnf",
      "Npfsnng",
      "Npfsnns",
      "Npm--nf",
      "Npmpgng",
      "Npms-nf",
      "Npmsan-",
      "Npmsanf",
      "Npmsans",
      "Npmsdng",
      "Npmsgnf",
      "Npmsgng",
      "Npmsgns",
      "Npmsing",
      "Npmslng",
      "Npmsngf",
      "Npmsnn-",
      "Npmsnnf",
      "Npmsnng",
      "Npmsnns",
      "Pg--an",
      "Pg--dn",
      "Pg--gn",
      "Pg--i-",
      "Pg--in",
      "Pg--nn",
      "Pg-dnn",
      "Pg-pan",
      "Pg-pdn",
      "Pg-pgn",
      "Pg-pin",
      "Pg-pln",
      "Pg-pnn",
      "Pg-san",
      "Pg-sdn",
      "Pg-sgn",
      "Pg-sin",
      "Pg-sln",
      "Pg-snn",
      "Pgf-nn",
      "Pgfpan",
      "Pgfpdn",
      "Pgfpgn",
      "Pgfpin",
      "Pgfpln",
      "Pgfpnn",
      "Pgfsan",
      "Pgfsdn",
      "Pgfsgn",
      "Pgfsin",
      "Pgfsln",
      "Pgfsnn",
      "Pgfsny",
      "Pgfsny-",
      "Pgm-a-",
      "Pgm-an",
      "Pgm-dn",
      "Pgm-gn",
      "Pgm-nn",
      "Pgmdan",
      "Pgmdgn",
      "Pgmdnn",
      "Pgmpan",
      "Pgmpan-",
      "Pgmpdn",
      "Pgmpgn",
      "Pgmpin",
      "Pgmpln",
      "Pgmpnn",
      "Pgmsan",
      "Pgmsdn",
      "Pgmsgn",
      "Pgmsin",
      "Pgmsln",
      "Pgmsnn",
      "Pgn--n",
      "Pgnn--n",
      "Pgsmdn",
      "Qg",
      "Rgc",
      "Rgp",
      "Rgs",
      "Sag",
      "Sga",
      "Sgg",
      "Sgi",
      "Vgaa----n--n--",
      "Vgaa----n--y--",
      "Vgaa----y--n--",
      "Vgaa----y--y--",
      "Vgap----n--n--",
      "Vgap----n--y--",
      "Vgap----y--n--",
      "Vgap----y--y--",
      "Vgh--pf-n--n--",
      "Vgh--pm-n--n--",
      "Vgh--pm-n--y--",
      "Vgh--pm-y--n--",
      "Vgh--sf-n--n--",
      "Vgh--sf-n--y--",
      "Vgh--sf-y--n--",
      "Vgh--sm-n--n--",
      "Vgh--sm-n--y--",
      "Vgh--sm-y--n--",
      "Vgi-----n--n--",
      "Vgi-----n--y--",
      "Vgi-----y--n--",
      "Vgi-----y--y--",
      "Vgm-1p--n--nm-",
      "Vgm-1p--n--ns-",
      "Vgm-1p--n--ym-",
      "Vgm-1p--y--ys-",
      "Vgm-1s--n--ns-",
      "Vgm-1s--n--ys-",
      "Vgm-1s--y--ns-",
      "Vgm-1s--y--ys-",
      "Vgm-2p--n--nm-",
      "Vgm-2p--n--ns-",
      "Vgm-2p--n--ym-",
      "Vgm-2p--y--nm-",
      "Vgm-2p--y--ym-",
      "Vgm-2s--n--nm-",
      "Vgm-2s--n--ns-",
      "Vgm-2s--n--ym-",
      "Vgm-2s--y--nm-",
      "Vgm-2s--y--ns-",
      "Vgm-3---n--ns-",
      "Vgm-3---n--ys-",
      "Vgm-3---y--ns-",
      "Vgm-3p--n--ns-",
      "Vgm-3p--n--ys-",
      "Vgm-3p--y--ns-",
      "Vgm-3s--n--ns-",
      "Vgm-3s--n--ys-",
      "Vgm-3s--y--ns-",
      "Vgm-3s--y--ys-",
      "Vgma1p--n--ni-",
      "Vgma1p--n--yi-",
      "Vgma1p--y--ni-",
      "Vgma1s--n--ni-",
      "Vgma1s--n--yi-",
      "Vgma1s--y--ni-",
      "Vgma1s--y--yi-",
      "Vgma2p--n--ni-",
      "Vgma2s--n--ni-",
      "Vgma2s--y--ni-",
      "Vgma3---n--ni-",
      "Vgma3---n--yi-",
      "Vgma3---y--ni-",
      "Vgma3p--n--ni-",
      "Vgma3p--n--yi-",
      "Vgma3p--y--ni-",
      "Vgma3p--y--yi-",
      "Vgma3s--n--ni-",
      "Vgma3s--n--yi-",
      "Vgma3s--y--ni-",
      "Vgma3s--y--yi-",
      "Vgmf1p--n--ni-",
      "Vgmf1p--n--yi-",
      "Vgmf1p--y--ni-",
      "Vgmf1s--n--ni-",
      "Vgmf1s--y--ni-",
      "Vgmf2p--n--ni-",
      "Vgmf2p--n--yi-",
      "Vgmf2s--n--ni-",
      "Vgmf2s--n--yi-",
      "Vgmf2s--y--ni-",
      "Vgmf2s--y--yi-",
      "Vgmf3---n--ni-",
      "Vgmf3---y--ni-",
      "Vgmf3p--n--ni-",
      "Vgmf3p--n--yi-",
      "Vgmf3p--y--ni-",
      "Vgmf3s--n--ni-",
      "Vgmf3s--n--yi-",
      "Vgmf3s--y--ni-",
      "Vgmf3s--y--yi-",
      "Vgmp1p--n--ni-",
      "Vgmp1p--n--yi-",
      "Vgmp1p--y--ni-",
      "Vgmp1s--n--ni-",
      "Vgmp1s--n--ni--",
      "Vgmp1s--n--yi-",
      "Vgmp1s--y--ni-",
      "Vgmp1s--y--yi-",
      "Vgmp2p--n--ni-",
      "Vgmp2p--y--ni-",
      "Vgmp2s--n--ni-",
      "Vgmp2s--n--yi-",
      "Vgmp2s--y--ni-",
      "Vgmp3---n--ni-",
      "Vgmp3---n--yi-",
      "Vgmp3---y--ni-",
      "Vgmp3---y--yi-",
      "Vgmp3p--n--ni-",
      "Vgmp3p--n--yi-",
      "Vgmp3p--y--ni-",
      "Vgmp3p--y--yi-",
      "Vgmp3s--n--ni",
      "Vgmp3s--n--ni-",
      "Vgmp3s--n--ni--",
      "Vgmp3s--n--yi-",
      "Vgmp3s--y--ni-",
      "Vgmp3s--y--yi-",
      "Vgmq1s--n--ni-",
      "Vgmq1s--n--yi-",
      "Vgmq1s--y--ni-",
      "Vgmq2s--n--ni-",
      "Vgmq3---n--ni-",
      "Vgmq3p--n--ni-",
      "Vgmq3p--n--yi-",
      "Vgmq3s--n--ni-",
      "Vgmq3s--n--yi-",
      "Vgmq3s--y--ni-",
      "Vgp---nnnn-n-p",
      "Vgp---nnyn-n-p",
      "Vgp--smnynnn-p",
      "Vgpa--nann-n-p",
      "Vgpa--nann-y-p",
      "Vgpa--nayn-n-p",
      "Vgpa-pfannan-p",
      "Vgpa-pfannay-p",
      "Vgpa-pfannnn-p",
      "Vgpa-pfannny-p",
      "Vgpa-pmannan-p",
      "Vgpa-pmanndn-p",
      "Vgpa-pmanngn-p",
      "Vgpa-pmannnn-p",
      "Vgpa-pmannny-p",
      "Vgpa-pmanygn-p",
      "Vgpa-pmaynny-p",
      "Vgpa-pmpnnnn-p",
      "Vgpa-sfannan-p",
      "Vgpa-sfannay-p",
      "Vgpa-sfanndn-p",
      "Vgpa-sfanngn-p",
      "Vgpa-sfanngy-p",
      "Vgpa-sfannin-p",
      "Vgpa-sfannnn-p",
      "Vgpa-sfannny-p",
      "Vgpa-sfannny-p-",
      "Vgpa-sfanynn-p",
      "Vgpa-smannay-p",
      "Vgpa-smanngn-p",
      "Vgpa-smanngy-p",
      "Vgpa-smannin-p",
      "Vgpa-smannln-p",
      "Vgpa-smannnn-p",
      "Vgpa-smannny-p",
      "Vgpa-smanygn-p",
      "Vgpa-smanyin-p",
      "Vgpa-smanynn-p",
      "Vgpa-smaynnn-p",
      "Vgpf-smpnnan-p",
      "Vgpf-smpnndn-p",
      "Vgpp--npnn-n-p",
      "Vgpp--npnn-y-p",
      "Vgpp--npyn-n-p",
      "Vgpp--npyn-y-p",
      "Vgpp-pfannan-p",
      "Vgpp-pfanndn-p",
      "Vgpp-pfanngn-p",
      "Vgpp-pfannin-p",
      "Vgpp-pfannnn-p",
      "Vgpp-pfpnnan-p",
      "Vgpp-pfpnngn-p",
      "Vgpp-pfpnnin-p",
      "Vgpp-pfpnnnn-p",
      "Vgpp-pfpnyin-p",
      "Vgpp-pfpyngn-p",
      "Vgpp-pfpynnn-p",
      "Vgpp-pmannan-p",
      "Vgpp-pmannay-p",
      "Vgpp-pmanndn-p",
      "Vgpp-pmanngn-p",
      "Vgpp-pmanngy-p",
      "Vgpp-pmannin-p",
      "Vgpp-pmannnn-p",
      "Vgpp-pmannny-p",
      "Vgpp-pmayndn-p",
      "Vgpp-pmaynin-p",
      "Vgpp-pmaynnn-p",
      "Vgpp-pmpnnan-p",
      "Vgpp-pmpnndn-p",
      "Vgpp-pmpnngn-p",
      "Vgpp-pmpnnin-p",
      "Vgpp-pmpnniy-p",
      "Vgpp-pmpnnnn-p",
      "Vgpp-pmpnygn-p",
      "Vgpp-pmpynan-p",
      "Vgpp-pmpyngn-p",
      "Vgpp-pmpynnn-p",
      "Vgpp-sfannan-p",
      "Vgpp-sfanndn-p",
      "Vgpp-sfanndn-p-",
      "Vgpp-sfanngn-p",
      "Vgpp-sfannin-p",
      "Vgpp-sfannnn-p",
      "Vgpp-sfaynin-p",
      "Vgpp-sfpnnan-p",
      "Vgpp-sfpnngn-p",
      "Vgpp-sfpnnin-p",
      "Vgpp-sfpnnln-p",
      "Vgpp-sfpnnnn-p",
      "Vgpp-sfpnyan-p",
      "Vgpp-sfpnynn-p",
      "Vgpp-sfpyngn-p",
      "Vgpp-sfpynnn-p",
      "Vgpp-smannan-p",
      "Vgpp-smanndy-p",
      "Vgpp-smanngn-p",
      "Vgpp-smannln-p",
      "Vgpp-smannnn-p",
      "Vgpp-smaynnn-p",
      "Vgpp-smaynny-p",
      "Vgpp-smpnnan-p",
      "Vgpp-smpnndn-p",
      "Vgpp-smpnngn-p",
      "Vgpp-smpnnin-p",
      "Vgpp-smpnnnn-p",
      "Vgpp-smpnygn-p",
      "Vgpp-smpnynn-p",
      "Vgpp-smpynnn-p",
      "Vgps--npnn-n-p",
      "Vgps-pfpnnan-p",
      "Vgps-pfpnngn-p",
      "Vgps-pfpnnin-p",
      "Vgps-pfpnnnn-p",
      "Vgps-pmpnnan-p",
      "Vgps-pmpnnay-p",
      "Vgps-pmpnndn-p",
      "Vgps-pmpnngn-p",
      "Vgps-pmpnnin-p",
      "Vgps-pmpnnln-p",
      "Vgps-pmpnnnn-n",
      "Vgps-pmpnnnn-p",
      "Vgps-pmpnygn-p",
      "Vgps-pmpnynn-p",
      "Vgps-pmpynnn-p",
      "Vgps-pmsnnnn-p",
      "Vgps-sfpnnan-p",
      "Vgps-sfpnndn-p",
      "Vgps-sfpnngn-p",
      "Vgps-sfpnnin-p",
      "Vgps-sfpnnln-p",
      "Vgps-sfpnnnn-p",
      "Vgps-sfpynan-p",
      "Vgps-sfpyngn-p",
      "Vgps-smpnnan-p",
      "Vgps-smpnnay-p",
      "Vgps-smpnndn-p",
      "Vgps-smpnngn-p",
      "Vgps-smpnnin-p",
      "Vgps-smpnnln-p",
      "Vgps-smpnnnn-p",
      "Vgps-smpnnny-p",
      "Vgps-smpnynn-p",
      "Vgps-smpynan-p",
      "Vgps-smpyngn-p",
      "Vgps-smpynnn-p",
      "X-",
      "Xf",
      "Xh",
      "Ya",
      "Ys",
      "Z",
      "_SP"
    ],
    "parser": [
      "ROOT",
      "acl",
      "advcl",
      "advmod",
      "advmod:emph",
      "amod",
      "appos",
      "case",
      "cc",
      "conj",
      "cop",
      "csubj",
      "dep",
      "det",
      "flat",
      "iobj",
      "mark",
      "nmod",
      "nsubj",
      "nsubj:pass",
      "nummod",
      "obj",
      "obl",
      "obl:arg",
      "parataxis",
      "punct",
      "xcomp"
    ],
    "ner": [
      "GPE",
      "LOC",
      "ORG",
      "PERSON",
      "PRODUCT",
      "TIME"
    ]
  },
  "size": "12 MB",
  "checksum": "3975e76a8fe1e5e6292a248bd471babb5651ce1fc80393187a5b6193aeedc3c8"
}