{
  "lang": "nb",
  "name": "core_news_sm",
  "version": "3.0.0a1",
  "description": "Norwegian (Bokm\u00e5l) pipeline optimized for CPU. Components: tok2vec, morphologizer, parser, senter, ner, attribute_ruler, lemmatizer.",
  "author": "Explosion",
  "email": "contact@explosion.ai",
  "url": "https://explosion.ai",
  "license": "MIT",
  "spacy_version": ">=3.0.0rc3,<3.1.0",
  "spacy_git_version": "43a752a2a",
  "vectors": {
    "width": 0,
    "vectors": 0,
    "keys": 0,
    "name": null
  },
  "labels": {
    "tok2vec": [],
    "morphologizer": [
      "Definite=Ind|Gender=Neut|Number=Sing|POS=NOUN",
      "POS=CCONJ",
      "Definite=Ind|Gender=Masc|Number=Sing|POS=NOUN",
      "POS=SCONJ",
      "Definite=Def|Gender=Masc|Number=Sing|POS=NOUN",
      "Definite=Ind|Gender=Neut|Number=Plur|POS=NOUN",
      "POS=PUNCT",
      "Mood=Ind|POS=VERB|Tense=Past|VerbForm=Fin",
      "POS=ADP",
      "Gender=Masc|Number=Sing|POS=DET|PronType=Dem",
      "Definite=Def|Degree=Pos|Number=Sing|POS=ADJ",
      "POS=PROPN",
      "POS=X",
      "Mood=Ind|POS=VERB|Tense=Pres|VerbForm=Fin",
      "Definite=Def|Gender=Neut|Number=Sing|POS=NOUN",
      "POS=PRON|PronType=Rel",
      "Mood=Ind|POS=AUX|Tense=Pres|VerbForm=Fin",
      "Definite=Ind|Gender=Neut|Number=Sing|POS=ADJ|VerbForm=Part",
      "Definite=Ind|Degree=Pos|Number=Sing|POS=ADJ",
      "Definite=Ind|Gender=Fem|Number=Sing|POS=NOUN",
      "Number=Plur|POS=ADJ|VerbForm=Part",
      "Definite=Ind|Gender=Fem|Number=Plur|POS=NOUN",
      "POS=ADV",
      "Gender=Neut|Number=Sing|POS=PRON|Person=3|PronType=Prs",
      "Definite=Ind|Number=Sing|POS=ADJ|VerbForm=Part",
      "POS=VERB|VerbForm=Part",
      "Definite=Ind|Gender=Masc|Number=Plur|POS=NOUN",
      "Definite=Ind|Degree=Pos|Gender=Neut|Number=Sing|POS=ADJ",
      "Degree=Pos|Number=Plur|POS=ADJ",
      "NumType=Card|Number=Plur|POS=NUM",
      "Definite=Def|Gender=Masc|Number=Plur|POS=NOUN",
      "Case=Acc|POS=PRON|PronType=Prs|Reflex=Yes",
      "Case=Gen|Definite=Ind|Gender=Neut|Number=Sing|POS=NOUN",
      "POS=PART",
      "POS=VERB|VerbForm=Inf",
      "Case=Nom|Number=Plur|POS=PRON|Person=3|PronType=Prs",
      "Mood=Ind|POS=AUX|Tense=Past|VerbForm=Fin",
      "Gender=Fem|POS=PROPN",
      "POS=NOUN",
      "Gender=Masc|POS=PROPN",
      "Gender=Neut|Number=Sing|POS=DET|PronType=Dem",
      "Gender=Masc|Number=Sing|POS=DET|PronType=Art",
      "Case=Gen|Definite=Def|Gender=Masc|Number=Sing|POS=NOUN",
      "Abbr=Yes|POS=PROPN",
      "POS=PART|Polarity=Neg",
      "Number=Plur|POS=PRON|Poss=Yes|PronType=Prs",
      "Case=Gen|Definite=Ind|Gender=Neut|Number=Plur|POS=NOUN",
      "Case=Gen|POS=PROPN",
      "Gender=Fem|Number=Sing|POS=DET|PronType=Dem",
      "Gender=Masc|Number=Sing|POS=PRON|Poss=Yes|PronType=Prs",
      "Definite=Def|Degree=Sup|POS=ADJ",
      "Case=Gen|Gender=Fem|POS=PROPN",
      "Number=Plur|POS=DET|PronType=Dem",
      "Case=Gen|Definite=Def|Gender=Neut|Number=Sing|POS=NOUN",
      "Definite=Ind|Degree=Sup|POS=ADJ",
      "Definite=Def|Gender=Fem|Number=Plur|POS=NOUN",
      "Gender=Neut|POS=PROPN",
      "Number=Plur|POS=DET|PronType=Int",
      "Definite=Def|Gender=Neut|Number=Plur|POS=NOUN",
      "Definite=Def|POS=DET|PronType=Dem",
      "Gender=Neut|Number=Sing|POS=DET|PronType=Art",
      "Mood=Ind|POS=VERB|Tense=Pres|VerbForm=Fin|Voice=Pass",
      "Abbr=Yes|Case=Gen|POS=PROPN",
      "Animacy=Hum|Case=Nom|Gender=Masc|Number=Sing|POS=PRON|Person=3|PronType=Prs",
      "Degree=Cmp|POS=ADJ",
      "POS=ADJ|VerbForm=Part",
      "Gender=Neut|Number=Sing|POS=PRON|Poss=Yes|PronType=Prs",
      "Abbr=Yes|POS=ADP",
      "Definite=Ind|Gender=Neut|Number=Sing|POS=DET|PronType=Prs",
      "Case=Gen|Definite=Def|Gender=Neut|Number=Plur|POS=NOUN",
      "POS=AUX|VerbForm=Part",
      "POS=PRON|PronType=Int",
      "Gender=Fem|Number=Sing|POS=PRON|Poss=Yes|PronType=Prs",
      "Number=Plur|POS=PRON|Person=3|PronType=Ind,Prs",
      "Number=Plur|POS=DET|PronType=Ind",
      "Degree=Pos|POS=ADJ",
      "Animacy=Hum|Case=Nom|Number=Plur|POS=PRON|Person=1|PronType=Prs",
      "POS=VERB|VerbForm=Inf|Voice=Pass",
      "Definite=Ind|Gender=Fem|Number=Sing|POS=DET|PronType=Dem",
      "Gender=Neut|Number=Sing|POS=DET|PronType=Ind",
      "Animacy=Hum|Case=Acc|Gender=Masc|Number=Sing|POS=PRON|Person=3|PronType=Prs",
      "Animacy=Hum|Case=Nom|Number=Sing|POS=PRON|Person=1|PronType=Prs",
      "Number=Plur|POS=DET|Polarity=Neg|PronType=Neg",
      "NumType=Card|POS=NUM",
      "Gender=Masc|Number=Sing|POS=DET|PronType=Ind",
      "POS=DET|PronType=Prs",
      "Gender=Fem|Number=Sing|POS=DET|PronType=Ind",
      "Case=Gen|Gender=Neut|POS=PROPN",
      "Gender=Masc|Number=Sing|POS=DET|Polarity=Neg|PronType=Neg",
      "Definite=Def|Number=Sing|POS=ADJ|VerbForm=Part",
      "Gender=Fem,Masc|Number=Sing|POS=PRON|Person=3|PronType=Prs",
      "POS=AUX|VerbForm=Inf",
      "Case=Acc|Number=Plur|POS=PRON|Person=3|PronType=Prs",
      "Case=Gen|Degree=Pos|Number=Plur|POS=ADJ",
      "Number=Plur|POS=DET|PronType=Tot",
      "Case=Gen|Gender=Masc|Number=Sing|POS=DET|PronType=Dem",
      "Number=Plur|POS=DET|PronType=Prs",
      "POS=SYM",
      "Gender=Neut|NumType=Card|Number=Sing|POS=NUM",
      "Animacy=Hum|Case=Nom|Number=Sing|POS=PRON|PronType=Prs",
      "Definite=Ind|Gender=Masc|Number=Sing|POS=DET|PronType=Prs",
      "Case=Gen|Definite=Ind|Gender=Masc|Number=Sing|POS=NOUN",
      "Abbr=Yes|POS=ADV",
      "Definite=Ind|Gender=Neut|Number=Sing|POS=DET|PronType=Dem",
      "Gender=Masc|Number=Sing|POS=DET|PronType=Tot",
      "Definite=Def|POS=DET|PronType=Prs",
      "Animacy=Hum|Case=Nom|Gender=Fem|Number=Sing|POS=PRON|Person=3|PronType=Prs",
      "Gender=Neut|POS=NOUN",
      "Gender=Neut|Number=Sing|POS=DET|PronType=Int",
      "Definite=Def|NumType=Card|POS=NUM",
      "Mood=Imp|POS=VERB|VerbForm=Fin",
      "Definite=Ind|Number=Plur|POS=NOUN",
      "Gender=Neut|Number=Sing|POS=DET|PronType=Tot",
      "Gender=Fem|Number=Sing|POS=DET|PronType=Tot",
      "Animacy=Hum|Case=Acc|Number=Plur|POS=PRON|Person=1|PronType=Prs",
      "Gender=Fem,Masc|Number=Sing|POS=PRON|Person=3|Polarity=Neg|PronType=Neg,Prs",
      "Number=Plur|POS=PRON|Person=3|Polarity=Neg|PronType=Neg,Prs",
      "Definite=Def|NumType=Card|Number=Sing|POS=NUM",
      "Gender=Masc|NumType=Card|Number=Sing|POS=NUM",
      "Definite=Ind|Gender=Masc|Number=Sing|POS=DET|PronType=Dem",
      "Case=Gen|Definite=Def|Gender=Fem|Number=Plur|POS=NOUN",
      "Case=Gen|Gender=Neut|Number=Sing|POS=DET|PronType=Dem",
      "Animacy=Hum|Number=Sing|POS=PRON|PronType=Art,Prs",
      "Mood=Imp|POS=AUX|VerbForm=Fin",
      "Number=Plur|POS=PRON|Person=3|PronType=Prs,Tot",
      "Number=Plur|POS=ADJ",
      "Gender=Masc|POS=NOUN",
      "Abbr=Yes|POS=NOUN",
      "Case=Gen|Definite=Ind|Gender=Masc|Number=Plur|POS=NOUN",
      "Gender=Neut|Number=Sing|POS=PRON|Person=3|PronType=Ind,Prs",
      "POS=INTJ",
      "Animacy=Hum|Case=Nom|Number=Sing|POS=PRON|Person=2|PronType=Prs",
      "Animacy=Hum|Case=Acc|Number=Sing|POS=PRON|Person=1|PronType=Prs",
      "Case=Gen|Definite=Def|Gender=Masc|Number=Plur|POS=NOUN",
      "POS=ADJ",
      "Animacy=Hum|Case=Acc|Gender=Fem|Number=Sing|POS=PRON|Person=3|PronType=Prs",
      "Animacy=Hum|Case=Acc|Number=Sing|POS=PRON|Person=2|PronType=Prs",
      "Definite=Def|Gender=Fem|Number=Sing|POS=NOUN",
      "Number=Sing|POS=PRON|Polarity=Neg|PronType=Neg",
      "Case=Gen|POS=NOUN",
      "Definite=Ind|Number=Sing|POS=ADJ",
      "Case=Gen|Gender=Masc|POS=PROPN",
      "Animacy=Hum|Number=Plur|POS=PRON|PronType=Rcp",
      "Case=Gen|Definite=Ind|Gender=Fem|Number=Sing|POS=NOUN",
      "Number=Plur|POS=PRON|Person=3|PronType=Prs",
      "Gender=Fem,Masc|Number=Sing|POS=PRON|Person=3|PronType=Ind,Prs",
      "Definite=Ind|Gender=Fem|Number=Sing|POS=DET|PronType=Prs",
      "Case=Gen|Definite=Def|Gender=Fem|Number=Sing|POS=NOUN",
      "Gender=Fem|Number=Sing|POS=DET|PronType=Art",
      "Case=Gen|Definite=Def|Degree=Pos|Number=Sing|POS=ADJ",
      "Gender=Masc|Number=Sing|POS=DET|PronType=Int",
      "NumType=Card|Number=Sing|POS=NUM",
      "Animacy=Hum|Case=Acc|Number=Plur|POS=PRON|Person=2|PronType=Prs",
      "Animacy=Hum|Case=Nom|Number=Plur|POS=PRON|Person=2|PronType=Prs",
      "Case=Gen|Definite=Ind|Degree=Pos|Gender=Neut|Number=Sing|POS=ADJ",
      "Degree=Sup|POS=ADJ",
      "Animacy=Hum|POS=PRON|PronType=Int",
      "POS=DET|PronType=Ind",
      "Definite=Def|Number=Sing|POS=DET|PronType=Dem",
      "Gender=Fem|POS=NOUN",
      "Case=Gen|Number=Plur|POS=DET|PronType=Dem",
      "Gender=Fem,Masc|Number=Sing|POS=PRON|Person=3|PronType=Prs,Tot",
      "Case=Gen|Definite=Ind|Gender=Fem|Number=Plur|POS=NOUN",
      "Gender=Neut|Number=Sing|POS=DET|Polarity=Neg|PronType=Neg",
      "Number=Plur|POS=NOUN",
      "Case=Gen|Definite=Ind|Degree=Pos|Number=Sing|POS=ADJ",
      "Definite=Ind|Number=Sing|POS=VERB|VerbForm=Part",
      "Case=Gen|Definite=Def|Number=Sing|POS=ADJ|VerbForm=Part",
      "Mood=Ind|POS=VERB|Tense=Past|VerbForm=Fin|Voice=Pass",
      "Gender=Neut|Number=Sing|POS=DET|PronType=Dem,Ind",
      "Animacy=Hum|POS=PRON|Poss=Yes|PronType=Int",
      "Abbr=Yes|POS=ADJ",
      "Case=Gen|Gender=Masc|Number=Sing|POS=DET|PronType=Art",
      "Abbr=Yes|Definite=Def,Ind|Gender=Masc|Number=Sing|POS=NOUN",
      "POS=PRON|PronType=Prs",
      "Case=Gen|Gender=Fem|Number=Sing|POS=DET|PronType=Dem",
      "Number=Plur|POS=PRON|Poss=Yes|PronType=Rcp",
      "Definite=Ind|Degree=Pos|POS=ADJ",
      "Number=Plur|POS=DET|PronType=Art",
      "Case=Gen|NumType=Card|Number=Plur|POS=NUM",
      "Abbr=Yes|Definite=Def,Ind|Gender=Neut|Number=Plur,Sing|POS=NOUN",
      "Case=Gen|Number=Plur|POS=DET|PronType=Tot",
      "Abbr=Yes|Definite=Def,Ind|Gender=Masc|Number=Plur,Sing|POS=NOUN",
      "Gender=Fem|Number=Sing|POS=DET|PronType=Int",
      "Definite=Ind|Gender=Neut|Number=Sing|POS=ADJ",
      "Case=Gen|Definite=Ind|Gender=Masc|Number=Sing|POS=DET|PronType=Dem",
      "Gender=Fem|Number=Sing|POS=DET|PronType=Prs",
      "Animacy=Hum|Case=Gen,Nom|Number=Sing|POS=PRON|PronType=Art,Prs",
      "Definite=Def|Degree=Pos|Gender=Masc|Number=Sing|POS=ADJ",
      "Animacy=Hum|Case=Gen|Number=Sing|POS=PRON|PronType=Art,Prs",
      "Gender=Fem|NumType=Card|Number=Sing|POS=NUM",
      "Definite=Ind|Gender=Masc|POS=NOUN",
      "Definite=Def|Number=Plur|POS=NOUN",
      "Number=Sing|POS=ADJ|VerbForm=Part",
      "Definite=Ind|Gender=Masc|Number=Sing|POS=ADJ|VerbForm=Part",
      "Abbr=Yes|Gender=Masc|POS=NOUN",
      "Abbr=Yes|Case=Gen|POS=NOUN",
      "Abbr=Yes|Mood=Ind|POS=VERB|Tense=Pres|VerbForm=Fin",
      "Abbr=Yes|Degree=Pos|POS=ADJ",
      "Case=Gen|Gender=Fem|POS=NOUN",
      "Case=Gen|Degree=Cmp|POS=ADJ",
      "Definite=Ind|Degree=Pos|Gender=Masc|Number=Sing|POS=ADJ",
      "Gender=Masc|Number=Sing|POS=NOUN"
    ],
    "parser": [
      "ROOT",
      "acl",
      "acl:cleft",
      "acl:relcl",
      "advcl",
      "advmod",
      "amod",
      "appos",
      "aux",
      "aux:pass",
      "case",
      "cc",
      "ccomp",
      "compound",
      "compound:prt",
      "conj",
      "cop",
      "csubj",
      "dep",
      "det",
      "discourse",
      "expl",
      "flat:foreign",
      "flat:name",
      "iobj",
      "mark",
      "nmod",
      "nsubj",
      "nsubj:pass",
      "nummod",
      "obj",
      "obl",
      "orphan",
      "parataxis",
      "punct",
      "xcomp"
    ],
    "senter": [
      "I",
      "S"
    ],
    "ner": [
      "LOC",
      "MISC",
      "ORG",
      "PER"
    ],
    "attribute_ruler": [],
    "lemmatizer": []
  },
  "pipeline": [
    "tok2vec",
    "morphologizer",
    "parser",
    "ner",
    "attribute_ruler",
    "lemmatizer"
  ],
  "components": [
    "tok2vec",
    "morphologizer",
    "parser",
    "senter",
    "ner",
    "attribute_ruler",
    "lemmatizer"
  ],
  "disabled": [
    "senter"
  ],
  "performance": {
    "token_acc": 0.9989380043,
    "tag_acc": 0.9664093355,
    "pos_acc": 0.9676343745,
    "morph_acc": 0.9522798991,
    "lemma_acc": 0.7656062714,
    "dep_uas": 0.8829368796,
    "dep_las": 0.8487591697,
    "ents_p": 0.775644871,
    "ents_r": 0.7637330183,
    "ents_f": 0.7696428571,
    "sents_p": 0.9283065513,
    "sents_r": 0.9333057167,
    "sents_f": 0.9307994216,
    "speed": 11249.7737947806,
    "morph_per_feat": {
      "Definite": {
        "p": 0.9745127436,
        "r": 0.9583758648,
        "f": 0.9663769442
      },
      "Gender": {
        "p": 0.9379429228,
        "r": 0.9289576022,
        "f": 0.9334286395
      },
      "Number": {
        "p": 0.9700861045,
        "r": 0.9575060444,
        "f": 0.9637550238
      },
      "Mood": {
        "p": 0.9779944986,
        "r": 0.9779944986,
        "f": 0.9779944986
      },
      "Tense": {
        "p": 0.9796328891,
        "r": 0.9811130698,
        "f": 0.9803724207
      },
      "VerbForm": {
        "p": 0.9668184776,
        "r": 0.9687092568,
        "f": 0.9677629437
      },
      "Degree": {
        "p": 0.9655652174,
        "r": 0.9536241841,
        "f": 0.9595575527
      },
      "PronType": {
        "p": 0.9880926607,
        "r": 0.9844693701,
        "f": 0.9862776877
      },
      "Poss": {
        "p": 0.9882352941,
        "r": 0.9960474308,
        "f": 0.9921259843
      },
      "Case": {
        "p": 0.9937993236,
        "r": 0.9761904762,
        "f": 0.9849162011
      },
      "Reflex": {
        "p": 1.0,
        "r": 1.0,
        "f": 1.0
      },
      "NumType": {
        "p": 0.9888392857,
        "r": 0.9115226337,
        "f": 0.948608137
      },
      "Polarity": {
        "p": 1.0,
        "r": 1.0,
        "f": 1.0
      },
      "Person": {
        "p": 0.9881347888,
        "r": 0.9881347888,
        "f": 0.9881347888
      },
      "Animacy": {
        "p": 0.9982935154,
        "r": 0.996592845,
        "f": 0.9974424552
      },
      "Voice": {
        "p": 0.9338235294,
        "r": 0.9202898551,
        "f": 0.9270072993
      },
      "Abbr": {
        "p": 1.0,
        "r": 0.85,
        "f": 0.9189189189
      }
    },
    "dep_las_per_type": {
      "nmod": {
        "p": 0.7761011419,
        "r": 0.7795985252,
        "f": 0.7778459023
      },
      "nsubj": {
        "p": 0.8838892385,
        "r": 0.8648399015,
        "f": 0.8742608154
      },
      "flat:name": {
        "p": 0.8709677419,
        "r": 0.8709677419,
        "f": 0.8709677419
      },
      "root": {
        "p": 0.899499583,
        "r": 0.8935376968,
        "f": 0.8965087282
      },
      "advmod": {
        "p": 0.8253358925,
        "r": 0.8245445829,
        "f": 0.824940048
      },
      "mark": {
        "p": 0.9177852349,
        "r": 0.9126807564,
        "f": 0.9152258784
      },
      "advcl": {
        "p": 0.6795096322,
        "r": 0.6655231561,
        "f": 0.6724436742
      },
      "obj": {
        "p": 0.8485207101,
        "r": 0.8895781638,
        "f": 0.8685645064
      },
      "case": {
        "p": 0.9348163476,
        "r": 0.931443299,
        "f": 0.9331267751
      },
      "det": {
        "p": 0.9546599496,
        "r": 0.9582806574,
        "f": 0.956466877
      },
      "obl": {
        "p": 0.7537313433,
        "r": 0.7312217195,
        "f": 0.7423059256
      },
      "aux": {
        "p": 0.9297929793,
        "r": 0.9331526649,
        "f": 0.9314697926
      },
      "acl:relcl": {
        "p": 0.799086758,
        "r": 0.7882882883,
        "f": 0.7936507937
      },
      "iobj": {
        "p": 0.776119403,
        "r": 0.5909090909,
        "f": 0.6709677419
      },
      "xcomp": {
        "p": 0.6695095949,
        "r": 0.7120181406,
        "f": 0.6901098901
      },
      "cc": {
        "p": 0.9109217661,
        "r": 0.906009245,
        "f": 0.9084588644
      },
      "conj": {
        "p": 0.7113997114,
        "r": 0.7150108774,
        "f": 0.7132007233
      },
      "amod": {
        "p": 0.9259259259,
        "r": 0.9225650333,
        "f": 0.9242424242
      },
      "nummod": {
        "p": 0.9176470588,
        "r": 0.9551020408,
        "f": 0.936
      },
      "compound:prt": {
        "p": 0.8211678832,
        "r": 0.809352518,
        "f": 0.8152173913
      },
      "cop": {
        "p": 0.8546511628,
        "r": 0.875,
        "f": 0.8647058824
      },
      "appos": {
        "p": 0.25,
        "r": 0.19,
        "f": 0.2159090909
      },
      "ccomp": {
        "p": 0.8036363636,
        "r": 0.8700787402,
        "f": 0.8355387524
      },
      "acl": {
        "p": 0.6317991632,
        "r": 0.6088709677,
        "f": 0.6201232033
      },
      "expl": {
        "p": 0.7022332506,
        "r": 0.7648648649,
        "f": 0.7322121604
      },
      "csubj": {
        "p": 0.7637795276,
        "r": 0.7080291971,
        "f": 0.7348484848
      },
      "nsubj:pass": {
        "p": 0.8480392157,
        "r": 0.8009259259,
        "f": 0.8238095238
      },
      "aux:pass": {
        "p": 0.9464285714,
        "r": 0.8833333333,
        "f": 0.9137931034
      },
      "acl:cleft": {
        "p": 0.52,
        "r": 0.4814814815,
        "f": 0.5
      },
      "orphan": {
        "p": 0.0,
        "r": 0.0,
        "f": 0.0
      },
      "dep": {
        "p": 0.0,
        "r": 0.0,
        "f": 0.0
      },
      "goeswith": {
        "p": 0.0,
        "r": 0.0,
        "f": 0.0
      },
      "parataxis": {
        "p": 0.8714285714,
        "r": 0.6455026455,
        "f": 0.7416413374
      },
      "compound": {
        "p": 0.8,
        "r": 0.2553191489,
        "f": 0.3870967742
      },
      "flat:foreign": {
        "p": 0.8571428571,
        "r": 0.5806451613,
        "f": 0.6923076923
      },
      "discourse": {
        "p": 0.7,
        "r": 0.3043478261,
        "f": 0.4242424242
      },
      "csubj:pass": {
        "p": 0.0,
        "r": 0.0,
        "f": 0.0
      },
      "neg": {
        "p": 0.0,
        "r": 0.0,
        "f": 0.0
      },
      "dobj": {
        "p": 0.0,
        "r": 0.0,
        "f": 0.0
      },
      "name": {
        "p": 0.0,
        "r": 0.0,
        "f": 0.0
      }
    },
    "ents_per_type": {
      "PER": {
        "p": 0.7788018433,
        "r": 0.8284313725,
        "f": 0.8028503563
      },
      "MISC": {
        "p": 0.6985645933,
        "r": 0.584,
        "f": 0.6361655773
      },
      "LOC": {
        "p": 0.8274853801,
        "r": 0.7690217391,
        "f": 0.7971830986
      },
      "ORG": {
        "p": 0.7677419355,
        "r": 0.7760869565,
        "f": 0.7718918919
      },
      "GPE_LOC": {
        "p": 0.0,
        "r": 0.0,
        "f": 0.0
      }
    }
  },
  "sources": [
    {
      "name": "UD Norwegian Bokmaal (from NorNE)",
      "url": "https://github.com/UniversalDependencies/UD_Norwegian-Bokmaal",
      "license": "Public Domain (CC0)",
      "author": "\u00d8vrelid, Lilja; J\u00f8rgensen, Fredrik; Hohle, Petter"
    },
    {
      "name": "NorNE: Norwegian Named Entities (commit: 5e4059dc)",
      "url": "https://github.com/ltgoslo/norne",
      "author": "Language Technology Group (University of Oslo)",
      "license": "Public Domain (CC0)"
    }
  ],
  "requirements": [],
  "parent_package": "spacy-nightly",
  "size": "15 MB",
  "checksum": "466625dfab58f83a70c6ddc17bfb006b553d392f47a1f0a8ed798a9da568a3c9"
}