{
  "lang": "nb",
  "name": "core_news_sm",
  "license": "MIT",
  "author": "Explosion",
  "url": "https://explosion.ai",
  "email": "contact@explosion.ai",
  "description": "Norwegian multi-task CNN trained on the Norwegian Dependency Treebank. Assigns context-specific token vectors, POS tags, dependency parse and named entities.",
  "sources": [
    {
      "name": "Norwegian Dependency Treebank (NDT)",
      "url": "https://www.nb.no/sprakbanken/show?serial=sbr-10",
      "license": "Public Domain"
    },
    {
      "name": "Norwegian Named Entities",
      "url": "https://github.com/ltgoslo/norne",
      "author": "Language Technology Group (University of Oslo)",
      "license": "Public Domain"
    }
  ],
  "pipeline": [
    "tagger",
    "parser",
    "ner"
  ],
  "version": "2.2.5",
  "spacy_version": ">=2.2.2",
  "parent_package": "spacy",
  "accuracy": {
    "las": 86.3675195112,
    "uas": 88.9101255376,
    "token_acc": 100.0,
    "tags_acc": 95.6197695419,
    "ents_f": 83.9966601726,
    "ents_p": 84.2075892857,
    "ents_r": 83.7867851194
  },
  "speed": {
    "cpu": 7532.6948844154,
    "gpu": null,
    "nwords": 39313
  },
  "labels": {
    "tagger": [
      "ADJ__Case=Gen|Definite=Def|Degree=Pos|Number=Sing",
      "ADJ__Case=Gen|Definite=Def|Number=Sing",
      "ADJ__Case=Gen|Definite=Ind|Degree=Pos|Number=Sing",
      "ADJ__Case=Gen|Degree=Cmp",
      "ADJ__Case=Gen|Degree=Pos|Number=Plur",
      "ADJ__Definite=Def|Degree=Pos|Gender=Masc|Number=Sing",
      "ADJ__Definite=Def|Degree=Pos|Number=Sing",
      "ADJ__Definite=Def|Degree=Sup",
      "ADJ__Definite=Def|Number=Sing",
      "ADJ__Definite=Ind|Degree=Pos",
      "ADJ__Definite=Ind|Degree=Pos|Gender=Neut|Number=Sing",
      "ADJ__Definite=Ind|Degree=Pos|Number=Sing",
      "ADJ__Definite=Ind|Degree=Sup",
      "ADJ__Definite=Ind|Gender=Masc|Number=Sing",
      "ADJ__Definite=Ind|Gender=Neut|Number=Sing",
      "ADJ__Definite=Ind|Number=Sing",
      "ADJ__Degree=Cmp",
      "ADJ__Degree=Pos",
      "ADJ__Degree=Pos|Number=Plur",
      "ADJ__Degree=Sup",
      "ADJ__Number=Plur",
      "ADJ__Number=Plur|VerbForm=Part",
      "ADJ___",
      "ADP___",
      "ADV___",
      "AUX__Mood=Imp|VerbForm=Fin",
      "AUX__Mood=Ind|Tense=Past|VerbForm=Fin",
      "AUX__Mood=Ind|Tense=Pres|VerbForm=Fin",
      "AUX__Mood=Ind|Tense=Pres|VerbForm=Fin|Voice=Pass",
      "AUX__VerbForm=Inf",
      "AUX__VerbForm=Part",
      "CONJ___",
      "DET__Case=Gen|Definite=Ind|Gender=Masc|Number=Sing|PronType=Dem",
      "DET__Case=Gen|Gender=Fem|Number=Sing|PronType=Dem",
      "DET__Case=Gen|Gender=Masc|Number=Sing",
      "DET__Case=Gen|Gender=Masc|Number=Sing|PronType=Dem",
      "DET__Case=Gen|Gender=Neut|Number=Sing|PronType=Dem",
      "DET__Case=Gen|Number=Plur",
      "DET__Case=Gen|Number=Plur|PronType=Dem",
      "DET__Definite=Def",
      "DET__Definite=Def|Number=Sing|PronType=Dem",
      "DET__Definite=Def|PronType=Dem",
      "DET__Definite=Ind|Gender=Fem|Number=Sing",
      "DET__Definite=Ind|Gender=Fem|Number=Sing|PronType=Dem",
      "DET__Definite=Ind|Gender=Masc|Number=Sing",
      "DET__Definite=Ind|Gender=Masc|Number=Sing|PronType=Dem",
      "DET__Definite=Ind|Gender=Neut|Number=Sing",
      "DET__Definite=Ind|Gender=Neut|Number=Sing|PronType=Dem",
      "DET__Degree=Pos|Number=Plur",
      "DET__Gender=Fem|Number=Sing",
      "DET__Gender=Fem|Number=Sing|Poss=Yes",
      "DET__Gender=Fem|Number=Sing|PronType=Dem",
      "DET__Gender=Fem|Number=Sing|PronType=Int",
      "DET__Gender=Masc|Number=Sing",
      "DET__Gender=Masc|Number=Sing|Poss=Yes",
      "DET__Gender=Masc|Number=Sing|PronType=Dem",
      "DET__Gender=Masc|Number=Sing|PronType=Int",
      "DET__Gender=Neut|Number=Sing",
      "DET__Gender=Neut|Number=Sing|Poss=Yes",
      "DET__Gender=Neut|Number=Sing|PronType=Dem",
      "DET__Gender=Neut|Number=Sing|PronType=Int",
      "DET__Number=Plur",
      "DET__Number=Plur|Poss=Yes",
      "DET__Number=Plur|Poss=Yes|PronType=Rcp",
      "DET__Number=Plur|PronType=Dem",
      "DET__Number=Plur|PronType=Int",
      "DET___",
      "INTJ___",
      "NOUN__Case=Gen",
      "NOUN__Case=Gen|Definite=Def|Gender=Fem|Number=Plur",
      "NOUN__Case=Gen|Definite=Def|Gender=Fem|Number=Sing",
      "NOUN__Case=Gen|Definite=Def|Gender=Masc|Number=Plur",
      "NOUN__Case=Gen|Definite=Def|Gender=Masc|Number=Sing",
      "NOUN__Case=Gen|Definite=Def|Gender=Neut|Number=Plur",
      "NOUN__Case=Gen|Definite=Def|Gender=Neut|Number=Sing",
      "NOUN__Case=Gen|Definite=Ind|Gender=Fem|Number=Plur",
      "NOUN__Case=Gen|Definite=Ind|Gender=Fem|Number=Sing",
      "NOUN__Case=Gen|Definite=Ind|Gender=Masc|Number=Plur",
      "NOUN__Case=Gen|Definite=Ind|Gender=Masc|Number=Sing",
      "NOUN__Case=Gen|Definite=Ind|Gender=Neut|Number=Plur",
      "NOUN__Case=Gen|Definite=Ind|Gender=Neut|Number=Sing",
      "NOUN__Case=Gen|Gender=Fem",
      "NOUN__Definite=Def,Ind|Gender=Masc|Number=Plur,Sing",
      "NOUN__Definite=Def,Ind|Gender=Neut|Number=Plur,Sing",
      "NOUN__Definite=Def|Gender=Fem|Number=Plur",
      "NOUN__Definite=Def|Gender=Fem|Number=Sing",
      "NOUN__Definite=Def|Gender=Masc|Number=Plur",
      "NOUN__Definite=Def|Gender=Masc|Number=Sing",
      "NOUN__Definite=Def|Gender=Neut|Number=Plur",
      "NOUN__Definite=Def|Gender=Neut|Number=Sing",
      "NOUN__Definite=Def|Number=Plur",
      "NOUN__Definite=Ind|Gender=Fem|Number=Plur",
      "NOUN__Definite=Ind|Gender=Fem|Number=Sing",
      "NOUN__Definite=Ind|Gender=Masc",
      "NOUN__Definite=Ind|Gender=Masc|Number=Plur",
      "NOUN__Definite=Ind|Gender=Masc|Number=Sing",
      "NOUN__Definite=Ind|Gender=Neut|Number=Plur",
      "NOUN__Definite=Ind|Gender=Neut|Number=Sing",
      "NOUN__Definite=Ind|Number=Plur",
      "NOUN__Gender=Fem",
      "NOUN__Gender=Masc",
      "NOUN__Gender=Masc|Number=Sing",
      "NOUN__Gender=Neut",
      "NOUN__Number=Plur",
      "NOUN___",
      "NUM__Case=Gen|Number=Plur",
      "NUM__Definite=Def",
      "NUM__Definite=Def|Number=Sing",
      "NUM__Gender=Fem|Number=Sing",
      "NUM__Gender=Masc|Number=Sing",
      "NUM__Gender=Neut|Number=Sing",
      "NUM__Number=Plur",
      "NUM__Number=Sing",
      "NUM___",
      "PART___",
      "PRON__Animacy=Anim|Case=Acc|Gender=Fem|Number=Sing|Person=3|PronType=Prs",
      "PRON__Animacy=Anim|Case=Acc|Gender=Masc|Number=Sing|Person=3|PronType=Prs",
      "PRON__Animacy=Anim|Case=Acc|Number=Plur|Person=1|PronType=Prs",
      "PRON__Animacy=Anim|Case=Acc|Number=Plur|Person=2|PronType=Prs",
      "PRON__Animacy=Anim|Case=Acc|Number=Sing|Person=1|PronType=Prs",
      "PRON__Animacy=Anim|Case=Acc|Number=Sing|Person=2|PronType=Prs",
      "PRON__Animacy=Anim|Case=Gen,Nom|Number=Sing|PronType=Prs",
      "PRON__Animacy=Anim|Case=Gen|Number=Sing|PronType=Prs",
      "PRON__Animacy=Anim|Case=Nom|Gender=Fem|Number=Sing|Person=3|PronType=Prs",
      "PRON__Animacy=Anim|Case=Nom|Gender=Masc|Number=Sing|Person=3|PronType=Prs",
      "PRON__Animacy=Anim|Case=Nom|Number=Plur|Person=1|PronType=Prs",
      "PRON__Animacy=Anim|Case=Nom|Number=Plur|Person=2|PronType=Prs",
      "PRON__Animacy=Anim|Case=Nom|Number=Sing|Person=1|PronType=Prs",
      "PRON__Animacy=Anim|Case=Nom|Number=Sing|Person=2|PronType=Prs",
      "PRON__Animacy=Anim|Case=Nom|Number=Sing|PronType=Prs",
      "PRON__Animacy=Anim|Number=Plur|PronType=Rcp",
      "PRON__Animacy=Anim|Number=Sing|PronType=Prs",
      "PRON__Animacy=Anim|Poss=Yes|PronType=Int",
      "PRON__Animacy=Anim|PronType=Int",
      "PRON__Case=Acc|Number=Plur|Person=3|PronType=Prs",
      "PRON__Case=Acc|Reflex=Yes",
      "PRON__Case=Nom|Number=Plur|Person=3|PronType=Prs",
      "PRON__Gender=Fem,Masc|Number=Sing|Person=3|PronType=Prs",
      "PRON__Gender=Neut|Number=Sing|Person=3|PronType=Prs",
      "PRON__Number=Plur|Person=3|PronType=Prs",
      "PRON__Number=Sing",
      "PRON__PronType=Int",
      "PRON___",
      "PROPN__Case=Gen",
      "PROPN__Case=Gen|Gender=Fem",
      "PROPN__Case=Gen|Gender=Masc",
      "PROPN__Case=Gen|Gender=Neut",
      "PROPN__Gender=Fem",
      "PROPN__Gender=Masc",
      "PROPN__Gender=Neut",
      "PROPN___",
      "PUNCT___",
      "SCONJ___",
      "SYM___",
      "VERB__Definite=Ind|Number=Sing",
      "VERB__Mood=Imp|VerbForm=Fin",
      "VERB__Mood=Ind|Tense=Past|VerbForm=Fin",
      "VERB__Mood=Ind|Tense=Past|VerbForm=Fin|Voice=Pass",
      "VERB__Mood=Ind|Tense=Pres|VerbForm=Fin",
      "VERB__Mood=Ind|Tense=Pres|VerbForm=Fin|Voice=Pass",
      "VERB__VerbForm=Inf",
      "VERB__VerbForm=Inf|Voice=Pass",
      "VERB__VerbForm=Part",
      "VERB___",
      "X___",
      "_SP"
    ],
    "parser": [
      "ROOT",
      "acl",
      "acl:relcl",
      "advcl",
      "advmod",
      "amod",
      "appos",
      "aux",
      "auxpass",
      "case",
      "cc",
      "ccomp",
      "compound:prt",
      "conj",
      "cop",
      "csubj",
      "dep",
      "det",
      "discourse",
      "dobj",
      "expl",
      "foreign",
      "iobj",
      "mark",
      "name",
      "neg",
      "nmod",
      "nsubj",
      "nsubjpass",
      "nummod",
      "parataxis",
      "punct",
      "remnant",
      "xcomp"
    ],
    "ner": [
      "DRV",
      "EVT",
      "GPE_LOC",
      "GPE_ORG",
      "LOC",
      "MISC",
      "ORG",
      "PER",
      "PROD"
    ]
  },
  "size": "13 MB",
  "checksum": "81e7cfc8cf78d074a8923201a0e60246dc7e765427c59da516a5d54a391eb6cd"
}