{
  "lang": "nb",
  "name": "core_news_md",
  "version": "3.0.0a0",
  "description": "Norwegian (Bokm\u00e5l) pipeline optimized for CPU. Components: tok2vec, morphologizer, tagger, parser, senter, ner, attribute_ruler, lemmatizer.",
  "author": "Explosion",
  "email": "contact@explosion.ai",
  "url": "https://explosion.ai",
  "license": "MIT",
  "spacy_version": ">=3.0.0a41,<3.1.0",
  "spacy_git_version": "f8a1c1afd",
  "vectors": {
    "width": 300,
    "vectors": 20000,
    "keys": 500000,
    "name": "nb_vectors"
  },
  "labels": {
    "tok2vec": [],
    "morphologizer": [
      "_",
      "Definite=Ind|Gender=Neut|Number=Sing|POS=NOUN",
      "POS=CCONJ",
      "Definite=Ind|Gender=Masc|Number=Sing|POS=NOUN",
      "POS=SCONJ",
      "Definite=Def|Gender=Masc|Number=Sing|POS=NOUN",
      "Definite=Ind|Gender=Neut|Number=Plur|POS=NOUN",
      "POS=PUNCT",
      "Mood=Ind|POS=VERB|Tense=Past|VerbForm=Fin",
      "POS=ADP",
      "Gender=Masc|Number=Sing|POS=DET|PronType=Dem",
      "Definite=Def|Degree=Pos|Number=Sing|POS=ADJ",
      "POS=PROPN",
      "POS=X",
      "Mood=Ind|POS=VERB|Tense=Pres|VerbForm=Fin",
      "Definite=Def|Gender=Neut|Number=Sing|POS=NOUN",
      "POS=PRON|PronType=Rel",
      "Mood=Ind|POS=AUX|Tense=Pres|VerbForm=Fin",
      "Definite=Ind|Gender=Neut|Number=Sing|POS=ADJ|VerbForm=Part",
      "Definite=Ind|Degree=Pos|Number=Sing|POS=ADJ",
      "Definite=Ind|Gender=Fem|Number=Sing|POS=NOUN",
      "Number=Plur|POS=ADJ|VerbForm=Part",
      "Definite=Ind|Gender=Fem|Number=Plur|POS=NOUN",
      "POS=ADV",
      "Gender=Neut|Number=Sing|POS=PRON|Person=3|PronType=Prs",
      "Definite=Ind|Number=Sing|POS=ADJ|VerbForm=Part",
      "POS=VERB|VerbForm=Part",
      "Definite=Ind|Gender=Masc|Number=Plur|POS=NOUN",
      "Definite=Ind|Degree=Pos|Gender=Neut|Number=Sing|POS=ADJ",
      "Degree=Pos|Number=Plur|POS=ADJ",
      "NumType=Card|Number=Plur|POS=NUM",
      "Definite=Def|Gender=Masc|Number=Plur|POS=NOUN",
      "Case=Acc|POS=PRON|PronType=Prs|Reflex=Yes",
      "Case=Gen|Definite=Ind|Gender=Neut|Number=Sing|POS=NOUN",
      "POS=PART",
      "POS=VERB|VerbForm=Inf",
      "Case=Nom|Number=Plur|POS=PRON|Person=3|PronType=Prs",
      "Mood=Ind|POS=AUX|Tense=Past|VerbForm=Fin",
      "Gender=Fem|POS=PROPN",
      "POS=NOUN",
      "Gender=Masc|POS=PROPN",
      "Gender=Neut|Number=Sing|POS=DET|PronType=Dem",
      "Gender=Masc|Number=Sing|POS=DET|PronType=Art",
      "Case=Gen|Definite=Def|Gender=Masc|Number=Sing|POS=NOUN",
      "Abbr=Yes|POS=PROPN",
      "POS=PART|Polarity=Neg",
      "Number=Plur|POS=PRON|Poss=Yes|PronType=Prs",
      "Case=Gen|Definite=Ind|Gender=Neut|Number=Plur|POS=NOUN",
      "Case=Gen|POS=PROPN",
      "Gender=Fem|Number=Sing|POS=DET|PronType=Dem",
      "Gender=Masc|Number=Sing|POS=PRON|Poss=Yes|PronType=Prs",
      "Definite=Def|Degree=Sup|POS=ADJ",
      "Case=Gen|Gender=Fem|POS=PROPN",
      "Number=Plur|POS=DET|PronType=Dem",
      "Case=Gen|Definite=Def|Gender=Neut|Number=Sing|POS=NOUN",
      "Definite=Ind|Degree=Sup|POS=ADJ",
      "Definite=Def|Gender=Fem|Number=Plur|POS=NOUN",
      "Gender=Neut|POS=PROPN",
      "Number=Plur|POS=DET|PronType=Int",
      "Definite=Def|Gender=Neut|Number=Plur|POS=NOUN",
      "Definite=Def|POS=DET|PronType=Dem",
      "Gender=Neut|Number=Sing|POS=DET|PronType=Art",
      "Mood=Ind|POS=VERB|Tense=Pres|VerbForm=Fin|Voice=Pass",
      "Abbr=Yes|Case=Gen|POS=PROPN",
      "Animacy=Hum|Case=Nom|Gender=Masc|Number=Sing|POS=PRON|Person=3|PronType=Prs",
      "Degree=Cmp|POS=ADJ",
      "POS=ADJ|VerbForm=Part",
      "Gender=Neut|Number=Sing|POS=PRON|Poss=Yes|PronType=Prs",
      "Abbr=Yes|POS=ADP",
      "Definite=Ind|Gender=Neut|Number=Sing|POS=DET|PronType=Prs",
      "Case=Gen|Definite=Def|Gender=Neut|Number=Plur|POS=NOUN",
      "POS=AUX|VerbForm=Part",
      "POS=PRON|PronType=Int",
      "Gender=Fem|Number=Sing|POS=PRON|Poss=Yes|PronType=Prs",
      "Number=Plur|POS=PRON|Person=3|PronType=Ind,Prs",
      "Number=Plur|POS=DET|PronType=Ind",
      "Degree=Pos|POS=ADJ",
      "Animacy=Hum|Case=Nom|Number=Plur|POS=PRON|Person=1|PronType=Prs",
      "POS=VERB|VerbForm=Inf|Voice=Pass",
      "Definite=Ind|Gender=Fem|Number=Sing|POS=DET|PronType=Dem",
      "Gender=Neut|Number=Sing|POS=DET|PronType=Ind",
      "Animacy=Hum|Case=Acc|Gender=Masc|Number=Sing|POS=PRON|Person=3|PronType=Prs",
      "Animacy=Hum|Case=Nom|Number=Sing|POS=PRON|Person=1|PronType=Prs",
      "Number=Plur|POS=DET|Polarity=Neg|PronType=Neg",
      "NumType=Card|POS=NUM",
      "Gender=Masc|Number=Sing|POS=DET|PronType=Ind",
      "POS=DET|PronType=Prs",
      "Gender=Fem|Number=Sing|POS=DET|PronType=Ind",
      "Case=Gen|Gender=Neut|POS=PROPN",
      "Gender=Masc|Number=Sing|POS=DET|Polarity=Neg|PronType=Neg",
      "Definite=Def|Number=Sing|POS=ADJ|VerbForm=Part",
      "Gender=Fem,Masc|Number=Sing|POS=PRON|Person=3|PronType=Prs",
      "POS=AUX|VerbForm=Inf",
      "Case=Acc|Number=Plur|POS=PRON|Person=3|PronType=Prs",
      "Case=Gen|Degree=Pos|Number=Plur|POS=ADJ",
      "Number=Plur|POS=DET|PronType=Tot",
      "Case=Gen|Gender=Masc|Number=Sing|POS=DET|PronType=Dem",
      "Number=Plur|POS=DET|PronType=Prs",
      "POS=SYM",
      "Gender=Neut|NumType=Card|Number=Sing|POS=NUM",
      "Animacy=Hum|Case=Nom|Number=Sing|POS=PRON|PronType=Prs",
      "Definite=Ind|Gender=Masc|Number=Sing|POS=DET|PronType=Prs",
      "Case=Gen|Definite=Ind|Gender=Masc|Number=Sing|POS=NOUN",
      "Abbr=Yes|POS=ADV",
      "Definite=Ind|Gender=Neut|Number=Sing|POS=DET|PronType=Dem",
      "Gender=Masc|Number=Sing|POS=DET|PronType=Tot",
      "Definite=Def|POS=DET|PronType=Prs",
      "Animacy=Hum|Case=Nom|Gender=Fem|Number=Sing|POS=PRON|Person=3|PronType=Prs",
      "Gender=Neut|POS=NOUN",
      "Gender=Neut|Number=Sing|POS=DET|PronType=Int",
      "Definite=Def|NumType=Card|POS=NUM",
      "Mood=Imp|POS=VERB|VerbForm=Fin",
      "Definite=Ind|Number=Plur|POS=NOUN",
      "Gender=Neut|Number=Sing|POS=DET|PronType=Tot",
      "Gender=Fem|Number=Sing|POS=DET|PronType=Tot",
      "Animacy=Hum|Case=Acc|Number=Plur|POS=PRON|Person=1|PronType=Prs",
      "Gender=Fem,Masc|Number=Sing|POS=PRON|Person=3|Polarity=Neg|PronType=Neg,Prs",
      "Number=Plur|POS=PRON|Person=3|Polarity=Neg|PronType=Neg,Prs",
      "Definite=Def|NumType=Card|Number=Sing|POS=NUM",
      "Gender=Masc|NumType=Card|Number=Sing|POS=NUM",
      "Definite=Ind|Gender=Masc|Number=Sing|POS=DET|PronType=Dem",
      "Case=Gen|Definite=Def|Gender=Fem|Number=Plur|POS=NOUN",
      "Case=Gen|Gender=Neut|Number=Sing|POS=DET|PronType=Dem",
      "Animacy=Hum|Number=Sing|POS=PRON|PronType=Art,Prs",
      "Mood=Imp|POS=AUX|VerbForm=Fin",
      "Number=Plur|POS=PRON|Person=3|PronType=Prs,Tot",
      "Number=Plur|POS=ADJ",
      "Gender=Masc|POS=NOUN",
      "Abbr=Yes|POS=NOUN",
      "Case=Gen|Definite=Ind|Gender=Masc|Number=Plur|POS=NOUN",
      "Gender=Neut|Number=Sing|POS=PRON|Person=3|PronType=Ind,Prs",
      "POS=INTJ",
      "Animacy=Hum|Case=Nom|Number=Sing|POS=PRON|Person=2|PronType=Prs",
      "Animacy=Hum|Case=Acc|Number=Sing|POS=PRON|Person=1|PronType=Prs",
      "Case=Gen|Definite=Def|Gender=Masc|Number=Plur|POS=NOUN",
      "POS=ADJ",
      "Animacy=Hum|Case=Acc|Gender=Fem|Number=Sing|POS=PRON|Person=3|PronType=Prs",
      "Animacy=Hum|Case=Acc|Number=Sing|POS=PRON|Person=2|PronType=Prs",
      "Definite=Def|Gender=Fem|Number=Sing|POS=NOUN",
      "Number=Sing|POS=PRON|Polarity=Neg|PronType=Neg",
      "Case=Gen|POS=NOUN",
      "Definite=Ind|Number=Sing|POS=ADJ",
      "Case=Gen|Gender=Masc|POS=PROPN",
      "Animacy=Hum|Number=Plur|POS=PRON|PronType=Rcp",
      "Case=Gen|Definite=Ind|Gender=Fem|Number=Sing|POS=NOUN",
      "Number=Plur|POS=PRON|Person=3|PronType=Prs",
      "Gender=Fem,Masc|Number=Sing|POS=PRON|Person=3|PronType=Ind,Prs",
      "Definite=Ind|Gender=Fem|Number=Sing|POS=DET|PronType=Prs",
      "Case=Gen|Definite=Def|Gender=Fem|Number=Sing|POS=NOUN",
      "Gender=Fem|Number=Sing|POS=DET|PronType=Art",
      "Case=Gen|Definite=Def|Degree=Pos|Number=Sing|POS=ADJ",
      "Gender=Masc|Number=Sing|POS=DET|PronType=Int",
      "NumType=Card|Number=Sing|POS=NUM",
      "Animacy=Hum|Case=Acc|Number=Plur|POS=PRON|Person=2|PronType=Prs",
      "Animacy=Hum|Case=Nom|Number=Plur|POS=PRON|Person=2|PronType=Prs",
      "Case=Gen|Definite=Ind|Degree=Pos|Gender=Neut|Number=Sing|POS=ADJ",
      "Degree=Sup|POS=ADJ",
      "Animacy=Hum|POS=PRON|PronType=Int",
      "POS=DET|PronType=Ind",
      "Definite=Def|Number=Sing|POS=DET|PronType=Dem",
      "Gender=Fem|POS=NOUN",
      "Case=Gen|Number=Plur|POS=DET|PronType=Dem",
      "Gender=Fem,Masc|Number=Sing|POS=PRON|Person=3|PronType=Prs,Tot",
      "Case=Gen|Definite=Ind|Gender=Fem|Number=Plur|POS=NOUN",
      "Gender=Neut|Number=Sing|POS=DET|Polarity=Neg|PronType=Neg",
      "Number=Plur|POS=NOUN",
      "Case=Gen|Definite=Ind|Degree=Pos|Number=Sing|POS=ADJ",
      "Definite=Ind|Number=Sing|POS=VERB|VerbForm=Part",
      "Case=Gen|Definite=Def|Number=Sing|POS=ADJ|VerbForm=Part",
      "Mood=Ind|POS=VERB|Tense=Past|VerbForm=Fin|Voice=Pass",
      "Gender=Neut|Number=Sing|POS=DET|PronType=Dem,Ind",
      "Animacy=Hum|POS=PRON|Poss=Yes|PronType=Int",
      "Abbr=Yes|POS=ADJ",
      "Case=Gen|Gender=Masc|Number=Sing|POS=DET|PronType=Art",
      "Abbr=Yes|Definite=Def,Ind|Gender=Masc|Number=Sing|POS=NOUN",
      "POS=PRON|PronType=Prs",
      "Case=Gen|Gender=Fem|Number=Sing|POS=DET|PronType=Dem",
      "Number=Plur|POS=PRON|Poss=Yes|PronType=Rcp",
      "Definite=Ind|Degree=Pos|POS=ADJ",
      "Number=Plur|POS=DET|PronType=Art",
      "Case=Gen|NumType=Card|Number=Plur|POS=NUM",
      "Abbr=Yes|Definite=Def,Ind|Gender=Neut|Number=Plur,Sing|POS=NOUN",
      "Case=Gen|Number=Plur|POS=DET|PronType=Tot",
      "Abbr=Yes|Definite=Def,Ind|Gender=Masc|Number=Plur,Sing|POS=NOUN",
      "Gender=Fem|Number=Sing|POS=DET|PronType=Int",
      "Definite=Ind|Gender=Neut|Number=Sing|POS=ADJ",
      "Case=Gen|Definite=Ind|Gender=Masc|Number=Sing|POS=DET|PronType=Dem",
      "Gender=Fem|Number=Sing|POS=DET|PronType=Prs",
      "Animacy=Hum|Case=Gen,Nom|Number=Sing|POS=PRON|PronType=Art,Prs",
      "Definite=Def|Degree=Pos|Gender=Masc|Number=Sing|POS=ADJ",
      "Animacy=Hum|Case=Gen|Number=Sing|POS=PRON|PronType=Art,Prs",
      "Gender=Fem|NumType=Card|Number=Sing|POS=NUM",
      "Definite=Ind|Gender=Masc|POS=NOUN",
      "Definite=Def|Number=Plur|POS=NOUN",
      "Number=Sing|POS=ADJ|VerbForm=Part",
      "Definite=Ind|Gender=Masc|Number=Sing|POS=ADJ|VerbForm=Part",
      "Abbr=Yes|Gender=Masc|POS=NOUN",
      "Abbr=Yes|Case=Gen|POS=NOUN",
      "Abbr=Yes|Mood=Ind|POS=VERB|Tense=Pres|VerbForm=Fin",
      "Abbr=Yes|Degree=Pos|POS=ADJ",
      "Case=Gen|Gender=Fem|POS=NOUN",
      "Case=Gen|Degree=Cmp|POS=ADJ",
      "Definite=Ind|Degree=Pos|Gender=Masc|Number=Sing|POS=ADJ",
      "Gender=Masc|Number=Sing|POS=NOUN"
    ],
    "tagger": [
      "ADJ",
      "ADP",
      "ADV",
      "AUX",
      "CCONJ",
      "DET",
      "INTJ",
      "NOUN",
      "NUM",
      "PART",
      "PRON",
      "PROPN",
      "PUNCT",
      "SCONJ",
      "SYM",
      "VERB",
      "X"
    ],
    "parser": [
      "ROOT",
      "acl",
      "acl:cleft",
      "acl:relcl",
      "advcl",
      "advmod",
      "amod",
      "appos",
      "aux",
      "aux:pass",
      "case",
      "cc",
      "ccomp",
      "compound",
      "compound:prt",
      "conj",
      "cop",
      "csubj",
      "dep",
      "det",
      "discourse",
      "expl",
      "flat:foreign",
      "flat:name",
      "iobj",
      "mark",
      "nmod",
      "nsubj",
      "nsubj:pass",
      "nummod",
      "obj",
      "obl",
      "orphan",
      "parataxis",
      "punct",
      "xcomp"
    ],
    "senter": [
      "I",
      "S"
    ],
    "ner": [
      "LOC",
      "MISC",
      "ORG",
      "PER"
    ],
    "attribute_ruler": [],
    "lemmatizer": []
  },
  "pipeline": [
    "tok2vec",
    "morphologizer",
    "tagger",
    "parser",
    "ner",
    "attribute_ruler",
    "lemmatizer"
  ],
  "components": [
    "tok2vec",
    "morphologizer",
    "tagger",
    "parser",
    "senter",
    "ner",
    "attribute_ruler",
    "lemmatizer"
  ],
  "disabled": [
    "senter"
  ],
  "performance": {
    "tok": 99.89,
    "tag": 97.13,
    "pos": 97.12,
    "morph": 95.6,
    "lemma": 76.63,
    "uas": 89.27,
    "las": 86.4,
    "ner_p": 82.89,
    "ner_r": 81.57,
    "ner_f": 82.23,
    "sent_p": 92.17,
    "sent_r": 92.13,
    "sent_f": 92.15,
    "speed": 7965.0
  },
  "sources": [
    {
      "name": "UD Norwegian Bokmaal (from NorNE)",
      "url": "https://github.com/UniversalDependencies/UD_Norwegian-Bokmaal",
      "license": "Public Domain (CC0)",
      "author": "\u00d8vrelid, Lilja; J\u00f8rgensen, Fredrik; Hohle, Petter"
    },
    {
      "name": "NorNE: Norwegian Named Entities (commit: 5e4059dc)",
      "url": "https://github.com/ltgoslo/norne",
      "author": "Language Technology Group (University of Oslo)",
      "license": "Public Domain (CC0)"
    }
  ],
  "requirements": [],
  "parent_package": "spacy-nightly",
  "size": "50 MB",
  "checksum": "c5f4da8a745822e87bbc6dfaccc4442f2aaf3de27c56e762157ecfd6eabf413e"
}