{
  "lang": "nl",
  "name": "core_news_sm",
  "license": "CC BY-SA 4.0",
  "author": "Explosion and NLP Town",
  "url": "https://explosion.ai",
  "email": "contact@explosion.ai",
  "description": "Dutch multi-task CNN trained on the Lassy Universal Dependencies corpus, with NER annotations by NLP Town using the OntoNotes 5 scheme.",
  "sources": [
    {
      "name": "Dutch UD Lassy Corpus",
      "url": "https://github.com/UniversalDependencies/UD_Dutch-LassySmall",
      "license": "CC BY-SA 4.0"
    },
    {
      "name": "Dutch NER Annotations",
      "author": "NLP Town",
      "url": "https://nlp.town",
      "license": "CC BY-SA 4.0"
    }
  ],
  "pipeline": [
    "tagger",
    "parser",
    "ner"
  ],
  "version": "2.2.1",
  "spacy_version": ">=2.2.0",
  "parent_package": "spacy",
  "accuracy": {
    "las": 77.7761275311,
    "uas": 83.8457349374,
    "token_acc": 100.0,
    "tags_acc": 91.1241054285,
    "ents_f": 70.387486669,
    "ents_p": 72.4213606437,
    "ents_r": 68.4647302905
  },
  "speed": {
    "cpu": 7613.3903037871,
    "gpu": null,
    "nwords": 11247
  },
  "labels": {
    "tagger": [
      "ADJ__Number=Sing",
      "ADJ___",
      "ADP__AdpType=Prep",
      "ADP__AdpType=Preppron|Gender=Fem|Number=Sing",
      "ADP__AdpType=Preppron|Gender=Masc|Number=Plur",
      "ADP__AdpType=Preppron|Gender=Masc|Number=Sing",
      "ADV__Number=Sing",
      "ADV__PunctType=Comm",
      "ADV___",
      "Adj_Adj_N_N__Degree=Pos|Number=Sing",
      "Adj_Adj_N__Degree=Pos|Number=Plur|Variant=Short",
      "Adj_Adj_N__Degree=Pos|Number=Sing",
      "Adj_Adj__Case=Nom|Degree=Pos",
      "Adj_Adj__Degree=Pos",
      "Adj_Adj__Degree=Pos|Variant=Short",
      "Adj_Adv__Degree=Pos|Variant=Short",
      "Adj_Adv|adv|stell|onverv_deelv__Degree=Pos|Variant=Short",
      "Adj_Art__Degree=Pos|Number=Sing",
      "Adj_Art__Degree=Pos|Number=Sing|Variant=Short",
      "Adj_Conj_V__Degree=Pos|Mood=Sub|VerbForm=Fin",
      "Adj_Int|attr|stell|vervneut__Case=Nom|Degree=Pos",
      "Adj_Misc_Misc__Degree=Pos",
      "Adj_N_Conj_N__Degree=Pos|Number=Sing",
      "Adj_N_N_N_N__Degree=Pos|Number=Sing",
      "Adj_N_N_N__Degree=Pos|Number=Sing",
      "Adj_N_N__Degree=Pos|Number=Sing",
      "Adj_N_Num__Definite=Def|Degree=Pos|Number=Sing",
      "Adj_N_Prep_Art_Adj_N__Degree=Pos|Gender=Neut|Number=Sing",
      "Adj_N_Prep_N_Conj_N__Degree=Pos|Number=Sing",
      "Adj_N_Prep_N_N__Degree=Pos|Number=Sing",
      "Adj_N_Prep_N__Degree=Pos|Number=Sing",
      "Adj_N_Punc__Degree=Pos|Number=Sing",
      "Adj_N__Degree=Pos|Number=Plur",
      "Adj_N__Degree=Pos|Number=Sing",
      "Adj_N__Degree=Pos|Number=Sing|Variant=Short",
      "Adj_Num__Definite=Def|Degree=Pos",
      "Adj_Num__Definite=Def|Degree=Pos|Variant=Short",
      "Adj_Prep|adv|stell|vervneut_voor__Degree=Pos|Variant=Short",
      "Adj_Prep|adv|vergr|onverv_voor__Degree=Cmp|Variant=Short",
      "Adj_V_Conj_V__Degree=Pos|VerbForm=Inf",
      "Adj_V_N__Degree=Pos|Number=Sing|Tense=Past|VerbForm=Part",
      "Adj_V|adv|stell|onverv_intrans|inf__Degree=Pos|Variant=Short|VerbForm=Inf",
      "Adj_V|adv|stell|onverv_trans|imp__Degree=Pos|Mood=Imp|Variant=Short|VerbForm=Fin",
      "Adj|adv|stell|onverv__Degree=Pos|Variant=Short",
      "Adj|adv|stell|vervneut__Case=Nom|Degree=Pos|Variant=Short",
      "Adj|adv|vergr|onverv__Degree=Cmp|Variant=Short",
      "Adj|adv|vergr|vervneut__Case=Nom|Degree=Cmp|Variant=Short",
      "Adj|attr|overtr|onverv__Degree=Sup",
      "Adj|attr|overtr|vervneut__Case=Nom|Degree=Sup",
      "Adj|attr|stell|onverv__Degree=Pos",
      "Adj|attr|stell|vervgen__Case=Gen|Degree=Pos",
      "Adj|attr|stell|vervneut__Case=Nom|Degree=Pos",
      "Adj|attr|vergr|onverv__Degree=Cmp",
      "Adj|attr|vergr|vervgen__Case=Gen|Degree=Cmp",
      "Adj|attr|vergr|vervneut__Case=Nom|Degree=Cmp",
      "Adj|zelfst|overtr|vervneut__Case=Nom|Degree=Sup",
      "Adj|zelfst|stell|onverv__Degree=Pos",
      "Adj|zelfst|stell|vervmv__Degree=Pos|Number=Plur",
      "Adj|zelfst|stell|vervneut__Case=Nom|Degree=Pos",
      "Adj|zelfst|vergr|vervneut__Case=Nom|Degree=Cmp",
      "Adv_Adj_Conj__Degree=Pos",
      "Adv_Adj__Degree=Cmp",
      "Adv_Adj__Degree=Pos",
      "Adv_Adv_Conj_Adv__PronType=Dem",
      "Adv_Adv__AdpType=Prep",
      "Adv_Adv__Degree=Pos",
      "Adv_Adv__Degree=Pos|PronType=Dem",
      "Adv_Adv|pron|vrag_deeladv___",
      "Adv_Art__Degree=Pos|Number=Sing",
      "Adv_Art__Number=Sing",
      "Adv_Conj_Adv__AdpType=Preppron|Gender=Masc|Number=Sing",
      "Adv_Conj_Adv__Degree=Pos",
      "Adv_Conj_Adv|gew|aanw_neven_gew|aanw__PronType=Dem",
      "Adv_Conj_Adv|gew|onbep_neven_gew|onbep__PronType=Ind",
      "Adv_Conj_N__Degree=Pos|Number=Sing",
      "Adv_Conj__Degree=Pos",
      "Adv_N__Degree=Pos|Number=Sing",
      "Adv_Num__Degree=Cmp|PronType=Ind",
      "Adv_N|gew|aanw_soort|ev|neut__Number=Sing",
      "Adv_Prep_N__Case=Dat|Degree=Pos|Number=Sing",
      "Adv_Prep_Pron__AdpType=Preppron|Gender=Masc|Number=Sing",
      "Adv_Prep__Degree=Pos",
      "Adv_Prep|gew|aanw_voor__AdpType=Prep",
      "Adv_Prep|gew|aanw_voor___",
      "Adv_Pron__Degree=Pos",
      "Adv|deeladv__PartType=Vbp",
      "Adv|deelv__PartType=Vbp",
      "Adv|gew|aanw__PronType=Dem",
      "Adv|gew|betr__PronType=Rel",
      "Adv|gew|er__AdvType=Ex",
      "Adv|gew|geenfunc|overtr|onverv__Degree=Sup",
      "Adv|gew|geenfunc|stell|onverv__Degree=Pos",
      "Adv|gew|geenfunc|vergr|onverv__Degree=Cmp",
      "Adv|gew|onbep__PronType=Ind",
      "Adv|gew|vrag__PronType=Int",
      "Adv|pron|aanw__PronType=Dem",
      "Adv|pron|betr__PronType=Rel",
      "Adv|pron|er__AdvType=Ex",
      "Adv|pron|onbep__PronType=Ind",
      "Adv|pron|vrag__PronType=Int",
      "Art_Adj_N__AdpType=Prep",
      "Art_Adj_N__Definite=Def|Degree=Sup|Gender=Neut|Number=Sing",
      "Art_Adj__Case=Nom|Definite=Def|Degree=Cmp|Gender=Neut",
      "Art_Adj__Case=Nom|Definite=Def|Degree=Sup|Gender=Neut",
      "Art_Adj__Definite=Def|Degree=Cmp|Gender=Neut",
      "Art_Adj__Definite=Def|Degree=Sup|Gender=Neut",
      "Art_Adv__Definite=Def|Degree=Sup|Gender=Neut",
      "Art_Conj_Pron__Number=Sing|PronType=Ind",
      "Art_N_Conj_Art_N__Definite=Def|Gender=Neut|Number=Sing",
      "Art_N_Conj_Art_V__AdpType=Prep",
      "Art_N_Conj_Pron_N__Definite=Def|Gender=Neut|Number=Plur|Person=3",
      "Art_N_Conj__Number=Sing|PronType=Ind",
      "Art_N_N__AdpType=Prep",
      "Art_N_Prep_Adj__Degree=Pos|Number=Sing|PronType=Ind",
      "Art_N_Prep_Art_N__Number=Sing|PronType=Ind",
      "Art_N_Prep_N__AdpType=Prep",
      "Art_N_Prep_N__Definite=Def|Gender=Neut|Number=Sing",
      "Art_N_Prep_N__Number=Sing|PronType=Ind",
      "Art_N_Prep_Pron_N__AdpType=Prep",
      "Art_N__AdpType=Prep",
      "Art_N__Case=Gen|Definite=Def|Number=Sing",
      "Art_N__Number=Sing|PronType=Ind",
      "Art_Num_Art_Adj__AdpType=Prep",
      "Art_Num_N__AdpType=Prep",
      "Art_Num__Definite=Def|Degree=Sup|Gender=Neut|PronType=Ind",
      "Art_Num__Definite=Def|Gender=Neut",
      "Art_Num__Degree=Pos|Number=Sing|PronType=Ind",
      "Art_N|bep|onzijd|neut_eigen|ev|neut__Definite=Def|Gender=Neut|Number=Sing",
      "Art_N|bep|onzijd|neut_soort|ev|neut__Definite=Def|Gender=Neut|Number=Sing",
      "Art_Pron_N__Case=Gen|Number=Plur|PronType=Ind",
      "Art_Pron__Number=Sing|PronType=Ind",
      "Art_V_N__AdpType=Prep",
      "Art|bep|onzijd|neut__Definite=Def|Gender=Neut|PronType=Art",
      "Art|bep|zijdofmv|gen__Case=Gen|Definite=Def|PronType=Art",
      "Art|bep|zijdofmv|neut__Definite=Def|PronType=Art",
      "Art|bep|zijdofonzijd|gen__Case=Gen|Definite=Def|Number=Sing|PronType=Art",
      "Art|bep|zijd|dat__Case=Dat|Definite=Def|Gender=Com|PronType=Art",
      "Art|onbep|zijdofonzijd|neut__Definite=Ind|Number=Sing|PronType=Art",
      "CCONJ___",
      "Conj_Adj|neven_adv|vergr|onverv__Degree=Cmp",
      "Conj_Adj|neven_attr|stell|onverv__Degree=Pos",
      "Conj_Adv_Adv__Degree=Pos",
      "Conj_Adv__AdpType=Prep",
      "Conj_Adv__AdpType=Preppron|Gender=Masc|Number=Plur",
      "Conj_Adv__Degree=Pos",
      "Conj_Adv|neven_gew|aanw__PronType=Dem",
      "Conj_Art_N__AdpType=Preppron|Gender=Masc|Number=Plur",
      "Conj_Art_N__Gender=Neut|Number=Sing",
      "Conj_Conj|neven_onder|metfin___",
      "Conj_Int|neven___",
      "Conj_Int|onder|metfin___",
      "Conj_N_Adv__AdpType=Preppron|Gender=Masc|Number=Plur",
      "Conj_N_Prep__AdpType=Preppron|Gender=Masc|Number=Plur",
      "Conj_N|onder|metfin_soort|ev|neut__AdpType=Preppron|Gender=Masc|Number=Plur",
      "Conj_Pron_Adv__Degree=Pos|Number=Sing|Person=3",
      "Conj_Pron_V__AdpType=Preppron|Gender=Masc|Number=Plur",
      "Conj_Pron|neven_aanw|neut|zelfst__AdpType=Prep",
      "Conj_Punc_Conj|neven_schuinstreep_neven__AdpType=Prep",
      "Conj_V|onder|metfin_intrans|ott|3|ev__AdpType=Preppron|Gender=Masc|Number=Plur",
      "Conj|neven___",
      "Conj|onder|metfin___",
      "Conj|onder|metinf___",
      "DET__Degree=Cmp|NumType=Card|PronType=Ind",
      "DET__Gender=Fem|Number=Sing|Number[psor]=Plur|Person=1|Poss=Yes|PronType=Prs",
      "DET__Gender=Fem|Number=Sing|PronType=Art",
      "DET__Gender=Masc|Number=Plur|PronType=Art",
      "DET__Gender=Masc|Number=Sing|PronType=Tot",
      "Int_Adv|gew|aanw___",
      "Int_Int__NumType=Card",
      "Int_Int___",
      "Int_N_N_Misc_N___",
      "Int_N_Punc_Int_N__Number=Sing",
      "Int_Punc_Int|komma__PunctType=Comm",
      "Int___",
      "Misc_Misc_Misc_Misc_Misc_Misc_Misc_Misc_Misc___",
      "Misc_Misc_Misc_Misc_Misc_Misc_Misc___",
      "Misc_Misc_Misc_Misc_Misc_Misc_Punc_Misc_Misc_Misc___",
      "Misc_Misc_Misc_Misc_Misc_Misc___",
      "Misc_Misc_Misc_Misc_Misc_N_Misc_Misc_Misc_Misc_Misc_Misc___",
      "Misc_Misc_Misc_Misc|vreemd_vreemd_vreemd_vreemd__AdpType=Preppron|Gender=Masc|Number=Sing",
      "Misc_Misc_Misc_Misc|vreemd_vreemd_vreemd_vreemd___",
      "Misc_Misc_Misc_N__Number=Sing",
      "Misc_Misc_Misc|vreemd_vreemd_vreemd___",
      "Misc_Misc_N_N__Number=Sing",
      "Misc_Misc_N|vreemd_vreemd_soort|mv|neut__Number=Plur",
      "Misc_Misc_Punc_N_N__Number=Sing",
      "Misc_Misc|vreemd_vreemd__AdpType=Prep",
      "Misc_Misc|vreemd_vreemd__NumType=Card",
      "Misc_Misc|vreemd_vreemd___",
      "Misc_N_Misc_Misc__Number=Sing",
      "Misc_N_N__Number=Sing",
      "Misc_N|vreemd_eigen|ev|neut__Number=Sing",
      "Misc_N|vreemd_soort|ev|neut__Number=Sing",
      "Misc|vreemd__Foreign=Yes",
      "NUM__Case=Nom|Definite=Def|Degree=Pos|NumType=Card",
      "NUM__Definite=Def|Degree=Pos|NumType=Card",
      "NUM__Definite=Def|Degree=Pos|Number=Sing|NumType=Card",
      "NUM__Definite=Def|NumType=Card",
      "NUM__Definite=Def|Number=Plur|NumType=Card",
      "NUM__Definite=Def|Number=Sing|NumType=Card",
      "NUM__NumForm=Digit|NumType=Card",
      "NUM__NumType=Card",
      "N_Adj_N_Num__Definite=Def|Degree=Pos|Number=Sing",
      "N_Adj_N__Degree=Pos|Number=Plur",
      "N_Adj_N___",
      "N_Adj__AdpType=Prep",
      "N_Adj__Case=Nom|Degree=Pos|Number=Plur",
      "N_Adj__Case=Nom|Degree=Pos|Number=Sing",
      "N_Adj__Degree=Pos|Number=Plur",
      "N_Adj__Degree=Pos|Number=Sing",
      "N_Adj___",
      "N_Adv_Punc_V_Pron_V__Aspect=Imp|Degree=Pos|Mood=Ind|Number=Sing|Person=2|Tense=Pres|VerbForm=Inf",
      "N_Adv__Degree=Pos|Number=Sing",
      "N_Adv___",
      "N_Adv|soort|ev|neut_deelv__Number=Sing",
      "N_Art_Adj_Prep_N___",
      "N_Art_N__Case=Gen|Number=Sing",
      "N_Art_N__Number=Plur",
      "N_Art_N__Number=Sing",
      "N_Art_N___",
      "N_Conj_Adv__Degree=Pos|Number=Sing",
      "N_Conj_Art_N___",
      "N_Conj_N_N__Number=Sing",
      "N_Conj_N_N___",
      "N_Conj_N__Number=Plur",
      "N_Conj_N__Number=Sing",
      "N_Conj_N___",
      "N_Conj|soort|ev|neut_neven__Number=Sing",
      "N_Int_N|eigen|ev|neut_eigen|ev|neut___",
      "N_Misc_Misc_Misc_Misc___",
      "N_Misc_Misc_N___",
      "N_Misc_Misc|eigen|ev|neut_vreemd_vreemd___",
      "N_Misc_Misc|soort|mv|neut_vreemd_vreemd__Number=Plur",
      "N_Misc_N_N_N_N___",
      "N_Misc_N_N___",
      "N_Misc_N___",
      "N_Misc_Num___",
      "N_Misc|eigen|ev|neut_vreemd___",
      "N_Misc|soort|ev|neut_vreemd__Number=Sing",
      "N_N_Adj_Art_N_N__Gender=Masc|Number=Plur|PronType=Art",
      "N_N_Adj_N___",
      "N_N_Adj__Degree=Pos|Number=Sing",
      "N_N_Adj___",
      "N_N_Art_Adv___",
      "N_N_Art_N___",
      "N_N_Conj_N_N_N_N_N___",
      "N_N_Conj_N_N___",
      "N_N_Conj_N__Number=Sing",
      "N_N_Conj_N___",
      "N_N_Conj___",
      "N_N_Int_N_N___",
      "N_N_Misc___",
      "N_N_N_Adj_N___",
      "N_N_N_Adv___",
      "N_N_N_Int__AdpType=Prep",
      "N_N_N_Misc___",
      "N_N_N_N_Conj_N___",
      "N_N_N_N_Misc___",
      "N_N_N_N_N_N_Int__AdpType=Prep",
      "N_N_N_N_N_N_N__AdpType=Prep",
      "N_N_N_N_N_N_N__Gender=Fem|Number=Sing|PronType=Art",
      "N_N_N_N_N_N_N___",
      "N_N_N_N_N_N_Prep_N___",
      "N_N_N_N_N_N__AdpType=Prep",
      "N_N_N_N_N_N___",
      "N_N_N_N_N_Prep_N___",
      "N_N_N_N_N__AdpType=Prep",
      "N_N_N_N_N__Number=Sing",
      "N_N_N_N_N___",
      "N_N_N_N_Prep_N___",
      "N_N_N_N_Punc_N_Punc___",
      "N_N_N_N_V___",
      "N_N_N_N__Gender=Fem|Number=Plur|PronType=Art",
      "N_N_N_N__Gender=Fem|Number=Sing|PronType=Art",
      "N_N_N_N__NumType=Card",
      "N_N_N_N__Number=Plur",
      "N_N_N_N__Number=Sing",
      "N_N_N_N___",
      "N_N_N_Prep_Art_Adj_N___",
      "N_N_N_Prep_N_N___",
      "N_N_N_Prep_N___",
      "N_N_N_Punc_N___",
      "N_N_N_Punc___",
      "N_N_N__AdpType=Prep",
      "N_N_N__Gender=Fem|Number=Sing|PronType=Art",
      "N_N_N__Gender=Masc|Number=Plur|PronType=Art",
      "N_N_N__Number=Plur",
      "N_N_N__Number=Sing",
      "N_N_N___",
      "N_N_Num_N___",
      "N_N_Num__Definite=Def|Number=Sing",
      "N_N_Num___",
      "N_N_Prep_Art_Adj_N__Degree=Pos|Gender=Neut|Number=Sing",
      "N_N_Prep_Art_N_Prep_Art_N___",
      "N_N_Prep_Art_N___",
      "N_N_Prep_N_N__AdpType=Prep",
      "N_N_Prep_N_Prep_Adj_N___",
      "N_N_Prep_N__AdpType=Prep",
      "N_N_Prep_N__Number=Sing",
      "N_N_Prep_N___",
      "N_N_Punc_N_Punc___",
      "N_Num_N_N__Definite=Def|Number=Sing",
      "N_Num_N_Num___",
      "N_Num_N___",
      "N_Num_Num__Definite=Def|Number=Sing",
      "N_Num__Definite=Def|Number=Plur",
      "N_Num__Definite=Def|Number=Sing",
      "N_Num___",
      "N_N|eigen|ev|gen_eigen|ev|gen___",
      "N_N|eigen|ev|gen_eigen|ev|neut___",
      "N_N|eigen|ev|gen_soort|ev|neut___",
      "N_N|eigen|ev|gen_soort|mv|neut___",
      "N_N|eigen|ev|neut_eigen|ev|gen___",
      "N_N|eigen|ev|neut_eigen|ev|neut__AdpType=Prep",
      "N_N|eigen|ev|neut_eigen|ev|neut__AdpType=Preppron|Gender=Fem|Number=Plur",
      "N_N|eigen|ev|neut_eigen|ev|neut__AdpType=Preppron|Gender=Masc|Number=Sing",
      "N_N|eigen|ev|neut_eigen|ev|neut__Gender=Fem|Number=Plur|PronType=Art",
      "N_N|eigen|ev|neut_eigen|ev|neut__Gender=Fem|Number=Sing|PronType=Art",
      "N_N|eigen|ev|neut_eigen|ev|neut__Gender=Masc|Number=Plur|PronType=Art",
      "N_N|eigen|ev|neut_eigen|ev|neut__Gender=Masc|Number=Sing|PronType=Art",
      "N_N|eigen|ev|neut_eigen|ev|neut__NumType=Card",
      "N_N|eigen|ev|neut_eigen|ev|neut__Number=Sing",
      "N_N|eigen|ev|neut_eigen|ev|neut___",
      "N_N|eigen|ev|neut_eigen|mv|neut___",
      "N_N|eigen|ev|neut_soort|ev|neut__AdpType=Prep",
      "N_N|eigen|ev|neut_soort|ev|neut___",
      "N_N|eigen|ev|neut_soort|mv|neut___",
      "N_N|eigen|mv|neut_eigen|mv|neut___",
      "N_N|soort|ev|neut_eigen|ev|neut__Number=Sing",
      "N_N|soort|ev|neut_soort|ev|neut__Gender=Masc|Number=Plur|PronType=Art",
      "N_N|soort|ev|neut_soort|ev|neut__NumForm=Digit|NumType=Card",
      "N_N|soort|ev|neut_soort|ev|neut__Number=Sing",
      "N_N|soort|ev|neut_soort|mv|neut__Number=Plur",
      "N_N|soort|mv|neut_eigen|ev|neut__Number=Sing",
      "N_N|soort|mv|neut_soort|ev|neut__Number=Sing",
      "N_N|soort|mv|neut_soort|mv|neut__Number=Plur",
      "N_Prep_Adj_Adj_N__Degree=Pos|Number=Plur",
      "N_Prep_Adj_N___",
      "N_Prep_Art_N_Art_N__Number=Plur",
      "N_Prep_Art_N_N__Number=Sing",
      "N_Prep_Art_N_Prep_Art_N__Gender=Neut|Number=Sing",
      "N_Prep_Art_N__Number=Plur",
      "N_Prep_Art_N__Number=Sing",
      "N_Prep_Art_N___",
      "N_Prep_N_Art_Adj___",
      "N_Prep_N_N__Number=Sing",
      "N_Prep_N_N___",
      "N_Prep_N_Prep_Art_N___",
      "N_Prep_N_Prep_N_Conj_N_Prep_Art_N_N__Number=Sing",
      "N_Prep_N_Punc_N_Conj_N__Number=Sing",
      "N_Prep_N__Number=Plur",
      "N_Prep_N__Number=Sing",
      "N_Prep_N___",
      "N_Prep_Num__Definite=Def|Number=Sing",
      "N_Prep_Pron_N___",
      "N_Prep|soort|ev|neut_voor__Number=Sing",
      "N_Pron___",
      "N_Punc_Adj_N___",
      "N_Punc_Adj_Pron_Punc__Degree=Pos|Number=Sing|Person=2",
      "N_Punc_Adv_V_Pron_N__Aspect=Imp|Mood=Ind|Number=Sing|Person=1|Tense=Pres|VerbForm=Fin",
      "N_Punc_Misc_Punc_N___",
      "N_Punc_N_N_N_N__Number=Sing",
      "N_Punc_N_Punc_N__Number=Sing",
      "N_Punc_N_Punc__Number=Sing",
      "N_Punc_N__Number=Sing",
      "N_Punc_Punc_N_N_Punc_Punc_N___",
      "N_V_N_N___",
      "N_V_N___",
      "N_V__Aspect=Imp|Mood=Ind|Number=Sing|Tense=Past|VerbForm=Fin",
      "N_V__Number=Sing|Tense=Past|VerbForm=Part",
      "N_V___",
      "N_V|eigen|ev|neut_trans|imp___",
      "N_V|soort|ev|neut_hulpofkopp|conj__Mood=Sub|Number=Sing|VerbForm=Fin",
      "N_V|soort|ev|neut_intrans|conj__Mood=Sub|Number=Sing|VerbForm=Fin",
      "Num_Adj_Adj_N___",
      "Num_Adj_N___",
      "Num_Adj__Definite=Def|Degree=Pos|NumType=Card",
      "Num_Adj__NumForm=Digit|NumType=Card",
      "Num_Adj___",
      "Num_Conj_Adj__Case=Nom|Definite=Def|Degree=Pos|NumType=Card",
      "Num_Conj_Art_Adj__Definite=Def|Degree=Pos|Number=Sing|NumType=Card",
      "Num_Conj_Num_N__NumForm=Digit|NumType=Card",
      "Num_Conj_Num__Degree=Cmp|NumType=Card|PronType=Ind",
      "Num_N_N__Definite=Def|Number=Sing|NumType=Card",
      "Num_N_Num_Num_N__NumForm=Digit|NumType=Card",
      "Num_N_Num__Definite=Def|Number=Sing|NumType=Card",
      "Num_N_Num__NumForm=Digit|NumType=Card",
      "Num_N__Definite=Def|Number=Plur|NumType=Card",
      "Num_N__Definite=Def|Number=Sing|NumType=Card",
      "Num_N__NumForm=Digit|NumType=Card",
      "Num_N___",
      "Num_Num_N__NumForm=Digit|NumType=Card",
      "Num_Num__Definite=Def|NumType=Card",
      "Num_Num__NumForm=Digit|NumType=Card",
      "Num_Prep_Num__Definite=Def|NumType=Card",
      "Num_Punc_Num_N_N__NumForm=Digit|NumType=Card",
      "Num_Punc_Num__NumForm=Digit|NumType=Card",
      "Num_Punc__NumForm=Digit|NumType=Card",
      "Num__Case=Nom|Degree=Cmp|NumType=Card|PronType=Ind",
      "Num__Case=Nom|Degree=Pos|NumType=Card|PronType=Ind",
      "Num__Case=Nom|Degree=Sup|NumType=Card|PronType=Ind",
      "Num__Degree=Cmp|NumType=Card|PronType=Ind",
      "Num__Degree=Pos|NumType=Card|PronType=Ind",
      "Num__Degree=Pos|Number=Plur|NumType=Card|PronType=Ind",
      "Num__Degree=Sup|NumType=Card|PronType=Ind",
      "Num__Degree=Sup|Number=Plur|NumType=Card|PronType=Ind",
      "Num|hoofd|bep|attr|onverv__Definite=Def|NumType=Card",
      "Num|hoofd|bep|zelfst|onverv__Definite=Def|NumType=Card",
      "Num|hoofd|bep|zelfst|vervmv__Definite=Def|Number=Plur|NumType=Card",
      "Num|hoofd|onbep|attr|stell|onverv__Degree=Pos|NumType=Card|PronType=Ind",
      "Num|hoofd|onbep|attr|vergr|onverv__Degree=Cmp|NumType=Card|PronType=Ind",
      "Num|rang|bep|attr|onverv__Definite=Def|NumType=Ord",
      "Num|rang|bep|zelfst|onverv__Definite=Def|NumType=Ord",
      "N|eigen|ev|gen__Case=Gen|Number=Sing",
      "N|eigen|ev|neut__Number=Sing",
      "N|eigen|mv|neut__Number=Plur",
      "N|soort|ev|dat__Case=Dat|Number=Sing",
      "N|soort|ev|gen__Case=Gen|Number=Sing",
      "N|soort|ev|neut__Number=Sing",
      "N|soort|mv|neut__Number=Plur",
      "PROPN___",
      "PUNCT___",
      "Prep_Adj_Conj_Prep_N__Degree=Pos|Number=Sing",
      "Prep_Adj_N__Degree=Pos|Number=Plur",
      "Prep_Adj|voor_adv|vergr|vervneut__Case=Nom|Degree=Cmp",
      "Prep_Adj|voor_attr|stell|onverv__Degree=Pos",
      "Prep_Adj|voor_attr|stell|vervneut__Case=Nom|Degree=Pos",
      "Prep_Adv__AdpType=Prep",
      "Prep_Adv__Case=Nom|Degree=Pos",
      "Prep_Adv__Case=Nom|Degree=Sup",
      "Prep_Adv__Degree=Pos",
      "Prep_Adv|voor_gew|aanw__AdpType=Prep",
      "Prep_Adv|voor_gew|aanw__Gender=Masc|Number=Sing|PronType=Tot",
      "Prep_Adv|voor_gew|aanw__PronType=Dem",
      "Prep_Adv|voor_pron|vrag__PronType=Int",
      "Prep_Art_Adj_N__Degree=Pos|Number=Sing",
      "Prep_Art_Adj__AdpType=Prep",
      "Prep_Art_Adj__Case=Nom|Degree=Pos",
      "Prep_Art_Adj__Degree=Cmp|Gender=Neut",
      "Prep_Art_Misc_Misc___",
      "Prep_Art_N_Adv__Number=Sing",
      "Prep_Art_N_Adv__Number=Sing|PronType=Int",
      "Prep_Art_N_Art_N__AdpType=Prep",
      "Prep_Art_N_Prep_Art_N__AdpType=Prep",
      "Prep_Art_N_Prep__AdpType=Prep",
      "Prep_Art_N_Prep__Gender=Neut|Number=Sing",
      "Prep_Art_N_Prep__Number=Sing",
      "Prep_Art_N_V__Number=Plur|Tense=Past|VerbForm=Part",
      "Prep_Art_N__AdpType=Prep",
      "Prep_Art_N__Gender=Com|Number=Sing",
      "Prep_Art_N__Gender=Neut|Number=Sing",
      "Prep_Art_N__Number=Plur",
      "Prep_Art_N__Number=Sing",
      "Prep_Art_V__AdpType=Prep",
      "Prep_Art_V__Gender=Neut|VerbForm=Inf",
      "Prep_Art|voor_bep|onzijd|neut__Gender=Neut",
      "Prep_Art|voor_onbep|zijdofonzijd|neut__Number=Sing",
      "Prep_Conj_Prep|voor_neven_voor__Gender=Masc|Number=Sing|PronType=Tot",
      "Prep_Misc|voor_vreemd___",
      "Prep_N_Adv|voor_soort|ev|neut_deeladv__Number=Sing",
      "Prep_N_Adv|voor_soort|ev|neut_pron|aanw__AdpType=Prep",
      "Prep_N_Adv|voor_soort|ev|neut_pron|aanw__Number=Sing|PronType=Dem",
      "Prep_N_Adv|voor_soort|ev|neut_pron|vrag__Number=Sing|PronType=Int",
      "Prep_N_Adv|voor_soort|mv|neut_deelv__Gender=Masc|Number=Sing|PronType=Tot",
      "Prep_N_Conj_N__Number=Sing",
      "Prep_N_Conj__AdpType=Prep",
      "Prep_N_Prep_N__Number=Sing",
      "Prep_N_Prep|voor_soort|ev|dat_voor__Number=Sing",
      "Prep_N_Prep|voor_soort|ev|neut_voor__AdpType=Prep",
      "Prep_N_Prep|voor_soort|ev|neut_voor__Number=Sing",
      "Prep_N_Prep|voor_soort|mv|neut_voor__Number=Plur",
      "Prep_N_V__Case=Nom|Number=Sing|Tense=Past|VerbForm=Part",
      "Prep_Num_N__Definite=Def|Number=Sing",
      "Prep_Num__Case=Nom|Degree=Sup|PronType=Ind",
      "Prep_Num__Degree=Cmp|PronType=Ind",
      "Prep_N|voor_eigen|ev|neut__Number=Sing",
      "Prep_N|voor_soort|ev|dat__AdpType=Prep",
      "Prep_N|voor_soort|ev|dat__Case=Dat|Number=Sing",
      "Prep_N|voor_soort|ev|neut__AdpType=Prep",
      "Prep_N|voor_soort|ev|neut__Gender=Masc|Number=Sing|PronType=Tot",
      "Prep_N|voor_soort|ev|neut__Number=Sing",
      "Prep_N|voor_soort|mv|neut__AdpType=Prep",
      "Prep_N|voor_soort|mv|neut__Number=Plur",
      "Prep_Prep_Adj|voor_voor_adv|stell|onverv__Gender=Masc|Number=Sing|PronType=Tot",
      "Prep_Prep_Adv__Degree=Pos",
      "Prep_Pron_Adj__Degree=Cmp|Number=Sing|Person=3",
      "Prep_Pron_N_Adv__Number=Plur",
      "Prep_Pron_N__AdpType=Prep",
      "Prep_Pron_N__Case=Dat|Number=Sing",
      "Prep_Pron|voor_aanw|neut|zelfst___",
      "Prep_Pron|voor_onbep|neut|attr___",
      "Prep_Pron|voor_onbep|neut|zelfst___",
      "Prep_Pron|voor_rec|neut__AdpType=Prep",
      "Prep_Pron|voor_rec|neut___",
      "Prep_Pron|voor_ref|3|evofmv__Number=Plur,Sing|Person=3",
      "Prep_Punc_N_Conj_N__AdpType=Prep",
      "Prep_V_N__Number=Sing|Tense=Pres|VerbForm=Part",
      "Prep_V_Pron_Pron_Adv__Aspect=Imp|Mood=Ind|Number=Sing|Person=2|PronType=Dem|Tense=Pres|VerbForm=Fin",
      "Prep_V|voor_intrans|inf__VerbForm=Inf",
      "Prep_V|voorinf_trans|inf__VerbForm=Inf",
      "Prep|achter__AdpType=Post",
      "Prep|comb__AdpType=Circ",
      "Prep|voor__AdpType=Prep",
      "Prep|voorinf__AdpType=Prep|PartType=Inf",
      "Pron_Adj_N_Punc_Art_Adj_N_Prep_Art_Adj_N__NumType=Card",
      "Pron_Adj__Case=Nom|Degree=Sup|Number=Sing|Person=2|Poss=Yes|PronType=Prs",
      "Pron_Adj__Degree=Cmp|PronType=Ind",
      "Pron_Adv|vrag|neut|attr_deelv__PronType=Int",
      "Pron_Art_N_N__Number=Plur|PronType=Ind",
      "Pron_Art__Number=Sing|PronType=Int",
      "Pron_N_Adv__Number=Sing|PronType=Ind",
      "Pron_N_V_Adv_Num_Punc__Aspect=Imp|Definite=Def|Mood=Ind|Number=Sing|Person=3|PronType=Ind|Tense=Pres|VerbForm=Fin",
      "Pron_N_V_Conj_N__Aspect=Imp|Mood=Ind|Number=Sing|Person=3|PronType=Ind|Tense=Pres|VerbForm=Fin",
      "Pron_N__Case=Gen|Number=Sing|PronType=Ind",
      "Pron_N__Number=Sing|PronType=Ind",
      "Pron_N|aanw|gen|attr_soort|mv|neut__Case=Gen|Number=Plur|PronType=Dem",
      "Pron_N|onbep|neut|attr_soort|ev|neut__Number=Sing|PronType=Ind",
      "Pron_Prep_Art__Number=Sing|PronType=Int",
      "Pron_Prep_Art__Number=Sing|PronType=Rel",
      "Pron_Prep_N__Number=Plur|PronType=Int",
      "Pron_Prep|betr|neut|zelfst_voor__PronType=Rel",
      "Pron_Prep|onbep|neut|zelfst_voor__PronType=Ind",
      "Pron_Prep|vrag|neut|attr_voor__PronType=Int",
      "Pron_Pron_V__Aspect=Imp|Mood=Ind|Number=Sing|Person=2|PronType=Rel|Tense=Pres|VerbForm=Fin",
      "Pron_Pron__Person=3|PronType=Prs|Reflex=Yes",
      "Pron_V_V__Aspect=Imp|Mood=Ind|Person=3|PronType=Dem|Tense=Pres|VerbForm=Inf",
      "Pron_V__Case=Gen|Number=Sing|Person=3|Poss=Yes|PronType=Prs|VerbForm=Inf",
      "Pron_V__Number=Plur|Person=1|Poss=Yes|PronType=Prs|VerbForm=Inf",
      "Pron|aanw|dat|attr__Case=Dat|PronType=Dem",
      "Pron|aanw|gen|attr__Case=Gen|PronType=Dem",
      "Pron|aanw|neut|attr__PronType=Dem",
      "Pron|aanw|neut|attr|weigen__PronType=Dem",
      "Pron|aanw|neut|attr|wzelf__PronType=Dem",
      "Pron|aanw|neut|zelfst__PronType=Dem",
      "Pron|betr|gen|zelfst__Case=Gen|PronType=Rel",
      "Pron|betr|neut|attr__PronType=Rel",
      "Pron|betr|neut|zelfst__PronType=Rel",
      "Pron|bez|1|ev|neut|attr__Number=Sing|Person=1|Poss=Yes|PronType=Prs",
      "Pron|bez|1|mv|neut|attr__Number=Plur|Person=1|Poss=Yes|PronType=Prs",
      "Pron|bez|2|ev|neut|attr__Number=Sing|Person=2|Poss=Yes|PronType=Prs",
      "Pron|bez|2|mv|neut|attr__Number=Plur|Person=2|Poss=Yes|PronType=Prs",
      "Pron|bez|3|ev|gen|attr__Case=Gen|Number=Sing|Person=3|Poss=Yes|PronType=Prs",
      "Pron|bez|3|ev|neut|attr__Number=Sing|Person=3|Poss=Yes|PronType=Prs",
      "Pron|bez|3|ev|neut|zelfst__Number=Sing|Person=3|Poss=Yes|PronType=Prs",
      "Pron|bez|3|mv|neut|attr__Number=Plur|Person=3|Poss=Yes|PronType=Prs",
      "Pron|onbep|gen|attr__Case=Gen|PronType=Ind",
      "Pron|onbep|gen|zelfst__Case=Gen|PronType=Ind",
      "Pron|onbep|neut|attr__PronType=Ind",
      "Pron|onbep|neut|zelfst__PronType=Ind",
      "Pron|per|1|ev|datofacc__Case=Acc,Dat|Number=Sing|Person=1|PronType=Prs",
      "Pron|per|1|ev|nom__Case=Nom|Number=Sing|Person=1|PronType=Prs",
      "Pron|per|1|mv|datofacc__Case=Acc,Dat|Number=Plur|Person=1|PronType=Prs",
      "Pron|per|1|mv|nom__Case=Nom|Number=Plur|Person=1|PronType=Prs",
      "Pron|per|2|ev|datofacc__Case=Acc,Dat|Number=Sing|Person=2|PronType=Prs",
      "Pron|per|2|ev|nom__Case=Nom|Number=Sing|Person=2|PronType=Prs",
      "Pron|per|2|mv|datofacc__Case=Acc,Dat|Number=Plur|Person=2|PronType=Prs",
      "Pron|per|2|mv|nom__Case=Nom|Number=Plur|Person=2|PronType=Prs",
      "Pron|per|3|evofmv|datofacc__Case=Acc,Dat|Number=Plur,Sing|Person=3|PronType=Prs",
      "Pron|per|3|evofmv|nom__Case=Nom|Number=Plur,Sing|Person=3|PronType=Prs",
      "Pron|per|3|ev|datofacc__Case=Acc,Dat|Number=Sing|Person=3|PronType=Prs",
      "Pron|per|3|ev|nom__Case=Nom|Number=Sing|Person=3|PronType=Prs",
      "Pron|per|3|mv|datofacc__Case=Acc,Dat|Number=Plur|Person=3|PronType=Prs",
      "Pron|rec|gen__Case=Gen|PronType=Rcp",
      "Pron|rec|neut__PronType=Rcp",
      "Pron|ref|1|ev__Number=Sing|Person=1|PronType=Prs|Reflex=Yes",
      "Pron|ref|1|mv__Number=Plur|Person=1|PronType=Prs|Reflex=Yes",
      "Pron|ref|2|ev__Number=Sing|Person=2|PronType=Prs|Reflex=Yes",
      "Pron|ref|3|evofmv__Number=Plur,Sing|Person=3|PronType=Prs|Reflex=Yes",
      "Pron|vrag|neut|attr__PronType=Int",
      "Pron|vrag|neut|zelfst__PronType=Int",
      "Punc_Int_Punc_N_N_N_Punc_Pron_V_Pron_Adj_V_Punc___",
      "Punc_N_Punc_N___",
      "Punc_Num_Num___",
      "Punc_Num___",
      "Punc|aanhaaldubb__PunctType=Quot",
      "Punc|aanhaalenk__PunctType=Quot",
      "Punc|dubbpunt__PunctType=Colo",
      "Punc|haakopen__PunctSide=Ini|PunctType=Brck",
      "Punc|haaksluit__PunctSide=Fin|PunctType=Brck",
      "Punc|hellip__PunctType=Peri",
      "Punc|isgelijk___",
      "Punc|komma__PunctType=Comm",
      "Punc|liggstreep___",
      "Punc|maal___",
      "Punc|punt__PunctType=Peri",
      "Punc|puntkomma__PunctType=Semi",
      "Punc|schuinstreep___",
      "Punc|uitroep__PunctType=Excl",
      "Punc|vraag__PunctType=Qest",
      "V_Adv_Art_N_Prep_Pron_N__Degree=Pos|Number=Plur|Person=2|Subcat=Tran",
      "V_Adv__Degree=Pos|Subcat=Tran",
      "V_Art_N_Num_N__Aspect=Imp|Definite=Def|Mood=Ind|Number=Plur|Person=3|Tense=Pres|VerbForm=Fin|VerbType=Mod",
      "V_Art_N__Number=Sing|Subcat=Tran",
      "V_Conj_N_N__Number=Sing|Subcat=Tran|Tense=Past|VerbForm=Part",
      "V_Conj_Pron__Subcat=Tran|Tense=Past|VerbForm=Part",
      "V_N_Conj_Adj_N_Prep_Art_N__Degree=Pos|Number=Sing|Subcat=Tran|Tense=Past|VerbForm=Part",
      "V_N_N__Number=Sing|Subcat=Intr|Tense=Pres|VerbForm=Part",
      "V_N_N__Number=Sing|Subcat=Tran|Tense=Past|VerbForm=Part",
      "V_N_V__Aspect=Imp|Mood=Ind|Number=Sing|Subcat=Intr|Tense=Pres|VerbForm=Inf",
      "V_N__Number=Plur|Subcat=Tran|Tense=Past|VerbForm=Part",
      "V_N|trans|imp_eigen|ev|neut__Number=Sing|Subcat=Tran",
      "V_Prep|intrans|verldw|onverv_voor__Subcat=Intr|Tense=Past|VerbForm=Part",
      "V_Pron_Adv_Adv_Pron_V__Aspect=Imp|Mood=Ind|Number=Sing|Person=2|Subcat=Tran|Tense=Pres|VerbForm=Fin",
      "V_Pron_Adv__Aspect=Imp|Degree=Pos|Mood=Ind|Number=Sing|Person=2|Subcat=Tran|Tense=Pres|VerbForm=Fin",
      "V_Pron_V__Aspect=Imp|Mood=Ind|Number=Sing|Person=3|Subcat=Tran|Tense=Pres|VerbForm=Fin",
      "V_Pron__VerbType=Aux,Cop",
      "V_V|hulp|imp_intrans|inf__VerbForm=Inf|VerbType=Mod",
      "V|hulpofkopp|conj__Mood=Sub|VerbForm=Fin",
      "V|hulpofkopp|conj__Mood=Sub|VerbForm=Fin|VerbType=Aux,Cop",
      "V|hulpofkopp|imp__Mood=Imp|VerbForm=Fin",
      "V|hulpofkopp|imp__Mood=Imp|VerbForm=Fin|VerbType=Aux,Cop",
      "V|hulpofkopp|inf__VerbForm=Inf",
      "V|hulpofkopp|inf__VerbForm=Inf|VerbType=Aux,Cop",
      "V|hulpofkopp|inf|subst__VerbForm=Inf",
      "V|hulpofkopp|ott|1of2of3|mv__Aspect=Imp|Mood=Ind|Number=Plur|Tense=Pres|VerbForm=Fin",
      "V|hulpofkopp|ott|1of2of3|mv__Aspect=Imp|Mood=Ind|Number=Plur|Tense=Pres|VerbForm=Fin|VerbType=Aux,Cop",
      "V|hulpofkopp|ott|1|ev__Aspect=Imp|Mood=Ind|Number=Sing|Person=1|Tense=Pres|VerbForm=Fin",
      "V|hulpofkopp|ott|1|ev__Aspect=Imp|Mood=Ind|Number=Sing|Person=1|Tense=Pres|VerbForm=Fin|VerbType=Aux,Cop",
      "V|hulpofkopp|ott|2|ev__Aspect=Imp|Mood=Ind|Number=Sing|Person=2|Tense=Pres|VerbForm=Fin",
      "V|hulpofkopp|ott|2|ev__Aspect=Imp|Mood=Ind|Number=Sing|Person=2|Tense=Pres|VerbForm=Fin|VerbType=Aux,Cop",
      "V|hulpofkopp|ott|3|ev__Aspect=Imp|Mood=Ind|Number=Sing|Person=3|Tense=Pres|VerbForm=Fin",
      "V|hulpofkopp|ott|3|ev__Aspect=Imp|Mood=Ind|Number=Sing|Person=3|Tense=Pres|VerbForm=Fin|VerbType=Aux,Cop",
      "V|hulpofkopp|ovt|1of2of3|ev__Aspect=Imp|Mood=Ind|Number=Sing|Tense=Past|VerbForm=Fin",
      "V|hulpofkopp|ovt|1of2of3|ev__Aspect=Imp|Mood=Ind|Number=Sing|Tense=Past|VerbForm=Fin|VerbType=Aux,Cop",
      "V|hulpofkopp|ovt|1of2of3|mv__Aspect=Imp|Mood=Ind|Number=Plur|Tense=Past|VerbForm=Fin",
      "V|hulpofkopp|ovt|1of2of3|mv__Aspect=Imp|Mood=Ind|Number=Plur|Tense=Past|VerbForm=Fin|VerbType=Aux,Cop",
      "V|hulpofkopp|tegdw|vervneut__Case=Nom|Tense=Pres|VerbForm=Part",
      "V|hulpofkopp|tegdw|vervneut__Case=Nom|Tense=Pres|VerbForm=Part|VerbType=Aux,Cop",
      "V|hulpofkopp|verldw|onverv__Tense=Past|VerbForm=Part",
      "V|hulpofkopp|verldw|onverv__Tense=Past|VerbForm=Part|VerbType=Aux,Cop",
      "V|hulp|conj__Mood=Sub|VerbForm=Fin|VerbType=Mod",
      "V|hulp|inf__VerbForm=Inf",
      "V|hulp|inf__VerbForm=Inf|VerbType=Mod",
      "V|hulp|ott|1of2of3|mv__Aspect=Imp|Mood=Ind|Number=Plur|Tense=Pres|VerbForm=Fin",
      "V|hulp|ott|1of2of3|mv__Aspect=Imp|Mood=Ind|Number=Plur|Tense=Pres|VerbForm=Fin|VerbType=Mod",
      "V|hulp|ott|1|ev__Aspect=Imp|Mood=Ind|Number=Sing|Person=1|Tense=Pres|VerbForm=Fin",
      "V|hulp|ott|1|ev__Aspect=Imp|Mood=Ind|Number=Sing|Person=1|Tense=Pres|VerbForm=Fin|VerbType=Mod",
      "V|hulp|ott|2|ev__Aspect=Imp|Mood=Ind|Number=Sing|Person=2|Tense=Pres|VerbForm=Fin",
      "V|hulp|ott|2|ev__Aspect=Imp|Mood=Ind|Number=Sing|Person=2|Tense=Pres|VerbForm=Fin|VerbType=Mod",
      "V|hulp|ott|3|ev__Aspect=Imp|Mood=Ind|Number=Sing|Person=3|Tense=Pres|VerbForm=Fin",
      "V|hulp|ott|3|ev__Aspect=Imp|Mood=Ind|Number=Sing|Person=3|Tense=Pres|VerbForm=Fin|VerbType=Mod",
      "V|hulp|ovt|1of2of3|ev__Aspect=Imp|Mood=Ind|Number=Sing|Tense=Past|VerbForm=Fin",
      "V|hulp|ovt|1of2of3|ev__Aspect=Imp|Mood=Ind|Number=Sing|Tense=Past|VerbForm=Fin|VerbType=Mod",
      "V|hulp|ovt|1of2of3|mv__Aspect=Imp|Mood=Ind|Number=Plur|Tense=Past|VerbForm=Fin",
      "V|hulp|ovt|1of2of3|mv__Aspect=Imp|Mood=Ind|Number=Plur|Tense=Past|VerbForm=Fin|VerbType=Mod",
      "V|hulp|verldw|onverv__Tense=Past|VerbForm=Part",
      "V|hulp|verldw|onverv__Tense=Past|VerbForm=Part|VerbType=Mod",
      "V|intrans|conj__Mood=Sub|Subcat=Intr|VerbForm=Fin",
      "V|intrans|imp__Mood=Imp|Subcat=Intr|VerbForm=Fin",
      "V|intrans|inf__Subcat=Intr|VerbForm=Inf",
      "V|intrans|inf|subst__Subcat=Intr|VerbForm=Inf",
      "V|intrans|ott|1of2of3|mv__Aspect=Imp|Mood=Ind|Number=Plur|Subcat=Intr|Tense=Pres|VerbForm=Fin",
      "V|intrans|ott|1|ev__Aspect=Imp|Mood=Ind|Number=Sing|Person=1|Subcat=Intr|Tense=Pres|VerbForm=Fin",
      "V|intrans|ott|2|ev__Aspect=Imp|Mood=Ind|Number=Sing|Person=2|Subcat=Intr|Tense=Pres|VerbForm=Fin",
      "V|intrans|ott|3|ev__Aspect=Imp|Mood=Ind|Number=Sing|Person=3|Subcat=Intr|Tense=Pres|VerbForm=Fin",
      "V|intrans|ovt|1of2of3|ev__Aspect=Imp|Mood=Ind|Number=Sing|Subcat=Intr|Tense=Past|VerbForm=Fin",
      "V|intrans|ovt|1of2of3|mv__Aspect=Imp|Mood=Ind|Number=Plur|Subcat=Intr|Tense=Past|VerbForm=Fin",
      "V|intrans|tegdw|onverv__Subcat=Intr|Tense=Pres|VerbForm=Part",
      "V|intrans|tegdw|vervmv__Number=Plur|Subcat=Intr|Tense=Pres|VerbForm=Part",
      "V|intrans|tegdw|vervneut__Case=Nom|Subcat=Intr|Tense=Pres|VerbForm=Part",
      "V|intrans|tegdw|vervvergr__Degree=Cmp|Subcat=Intr|Tense=Pres|VerbForm=Part",
      "V|intrans|verldw|onverv__Subcat=Intr|Tense=Past|VerbForm=Part",
      "V|intrans|verldw|vervmv__Number=Plur|Subcat=Intr|Tense=Past|VerbForm=Part",
      "V|intrans|verldw|vervneut__Case=Nom|Subcat=Intr|Tense=Past|VerbForm=Part",
      "V|refl|imp__Mood=Imp|Reflex=Yes|VerbForm=Fin",
      "V|refl|inf__Reflex=Yes|VerbForm=Inf",
      "V|refl|inf|subst__Reflex=Yes|VerbForm=Inf",
      "V|refl|ott|1of2of3|mv__Aspect=Imp|Mood=Ind|Number=Plur|Reflex=Yes|Tense=Pres|VerbForm=Fin",
      "V|refl|ott|1|ev__Aspect=Imp|Mood=Ind|Number=Sing|Person=1|Reflex=Yes|Tense=Pres|VerbForm=Fin",
      "V|refl|ott|2|ev__Aspect=Imp|Mood=Ind|Number=Sing|Person=2|Reflex=Yes|Tense=Pres|VerbForm=Fin",
      "V|refl|ott|3|ev__Aspect=Imp|Mood=Ind|Number=Sing|Person=3|Reflex=Yes|Tense=Pres|VerbForm=Fin",
      "V|refl|ovt|1of2of3|ev__Aspect=Imp|Mood=Ind|Number=Sing|Reflex=Yes|Tense=Past|VerbForm=Fin",
      "V|refl|ovt|1of2of3|mv__Aspect=Imp|Mood=Ind|Number=Plur|Reflex=Yes|Tense=Past|VerbForm=Fin",
      "V|refl|tegdw|vervneut__Case=Nom|Reflex=Yes|Tense=Pres|VerbForm=Part",
      "V|refl|verldw|onverv__Reflex=Yes|Tense=Past|VerbForm=Part",
      "V|trans|conj__Mood=Sub|Subcat=Tran|VerbForm=Fin",
      "V|trans|imp__Mood=Imp|Subcat=Tran|VerbForm=Fin",
      "V|trans|inf__Subcat=Tran|VerbForm=Inf",
      "V|trans|inf|subst__Subcat=Tran|VerbForm=Inf",
      "V|trans|ott|1of2of3|mv__Aspect=Imp|Mood=Ind|Number=Plur|Subcat=Tran|Tense=Pres|VerbForm=Fin",
      "V|trans|ott|1|ev__Aspect=Imp|Mood=Ind|Number=Sing|Person=1|Subcat=Tran|Tense=Pres|VerbForm=Fin",
      "V|trans|ott|2|ev__Aspect=Imp|Mood=Ind|Number=Sing|Person=2|Subcat=Tran|Tense=Pres|VerbForm=Fin",
      "V|trans|ott|3|ev__Aspect=Imp|Mood=Ind|Number=Sing|Person=3|Subcat=Tran|Tense=Pres|VerbForm=Fin",
      "V|trans|ovt|1of2of3|ev__Aspect=Imp|Mood=Ind|Number=Sing|Subcat=Tran|Tense=Past|VerbForm=Fin",
      "V|trans|ovt|1of2of3|mv__Aspect=Imp|Mood=Ind|Number=Plur|Subcat=Tran|Tense=Past|VerbForm=Fin",
      "V|trans|tegdw|onverv__Subcat=Tran|Tense=Pres|VerbForm=Part",
      "V|trans|tegdw|vervneut__Case=Nom|Subcat=Tran|Tense=Pres|VerbForm=Part",
      "V|trans|verldw|onverv__Subcat=Tran|Tense=Past|VerbForm=Part",
      "V|trans|verldw|vervmv__Number=Plur|Subcat=Tran|Tense=Past|VerbForm=Part",
      "V|trans|verldw|vervneut__Case=Nom|Subcat=Tran|Tense=Past|VerbForm=Part",
      "V|trans|verldw|vervvergr__Degree=Cmp|Subcat=Tran|Tense=Past|VerbForm=Part",
      "X__Aspect=Imp|Definite=Def|Mood=Ind|Number=Plur|Person=3|Tense=Pres|VerbForm=Fin|VerbType=Mod",
      "X__Aspect=Imp|Definite=Def|Mood=Ind|Number=Sing|Person=3|PronType=Ind|Tense=Pres|VerbForm=Fin",
      "X__Aspect=Imp|Degree=Pos|Mood=Ind|Number=Sing|Person=2|Subcat=Tran|Tense=Pres|VerbForm=Fin",
      "X__Aspect=Imp|Degree=Pos|Mood=Ind|Number=Sing|Person=2|Tense=Past|VerbForm=Part",
      "X__Aspect=Imp|Degree=Pos|Mood=Ind|Number=Sing|Person=2|Tense=Pres|VerbForm=Inf",
      "X__Aspect=Imp|Mood=Ind|Number=Sing|Person=1|Tense=Pres|VerbForm=Fin",
      "X__Aspect=Imp|Mood=Ind|Number=Sing|Person=2|PronType=Dem|Tense=Pres|VerbForm=Fin",
      "X__Aspect=Imp|Mood=Ind|Number=Sing|Person=2|PronType=Rel|Tense=Pres|VerbForm=Fin",
      "X__Aspect=Imp|Mood=Ind|Number=Sing|Person=2|Subcat=Tran|Tense=Pres|VerbForm=Fin",
      "X__Aspect=Imp|Mood=Ind|Number=Sing|Person=3|PronType=Ind|Tense=Pres|VerbForm=Fin",
      "X__Aspect=Imp|Mood=Ind|Number=Sing|Person=3|Subcat=Tran|Tense=Pres|VerbForm=Fin",
      "X__Aspect=Imp|Mood=Ind|Number=Sing|Person=3|Tense=Pres|VerbForm=Fin",
      "X__Aspect=Imp|Mood=Ind|Number=Sing|Subcat=Intr|Tense=Pres|VerbForm=Inf",
      "X__Aspect=Imp|Mood=Ind|Number=Sing|Tense=Past|VerbForm=Fin",
      "X__Aspect=Imp|Mood=Ind|Person=3|PronType=Dem|Tense=Pres|VerbForm=Inf",
      "X__Case=Dat|Degree=Pos|Number=Sing",
      "X__Case=Dat|Number=Sing",
      "X__Case=Gen|Definite=Def|Number=Sing",
      "X__Case=Gen|Number=Plur|PronType=Dem",
      "X__Case=Gen|Number=Plur|PronType=Ind",
      "X__Case=Gen|Number=Sing",
      "X__Case=Gen|Number=Sing|Person=3|Poss=Yes|PronType=Prs|VerbForm=Inf",
      "X__Case=Gen|Number=Sing|PronType=Ind",
      "X__Case=Nom|Definite=Def|Degree=Cmp|Gender=Neut",
      "X__Case=Nom|Definite=Def|Degree=Sup",
      "X__Case=Nom|Definite=Def|Degree=Sup|Gender=Neut",
      "X__Case=Nom|Degree=Cmp",
      "X__Case=Nom|Degree=Pos",
      "X__Case=Nom|Degree=Pos|Gender=Neut",
      "X__Case=Nom|Degree=Pos|Number=Plur",
      "X__Case=Nom|Degree=Pos|Number=Sing",
      "X__Case=Nom|Degree=Sup",
      "X__Case=Nom|Degree=Sup|Number=Sing|Person=2|Poss=Yes|PronType=Prs",
      "X__Case=Nom|Degree=Sup|PronType=Ind",
      "X__Case=Nom|Number=Sing|Tense=Past|VerbForm=Part",
      "X__Definite=Def",
      "X__Definite=Def|Degree=Cmp|Gender=Neut",
      "X__Definite=Def|Degree=Pos",
      "X__Definite=Def|Degree=Pos|Number=Sing",
      "X__Definite=Def|Degree=Pos|Variant=Short",
      "X__Definite=Def|Degree=Sup|Gender=Neut",
      "X__Definite=Def|Degree=Sup|Gender=Neut|Number=Sing",
      "X__Definite=Def|Degree=Sup|Gender=Neut|PronType=Ind",
      "X__Definite=Def|Gender=Neut",
      "X__Definite=Def|Gender=Neut|Number=Plur|Person=3",
      "X__Definite=Def|Gender=Neut|Number=Sing",
      "X__Definite=Def|Number=Plur",
      "X__Definite=Def|Number=Sing",
      "X__Definite=Def|Number=Sing|Person=1",
      "X__Definite=Def|Number=Sing|Tense=Past|VerbForm=Part",
      "X__Definite=Def|Number=Sing|Tense=Pres|VerbForm=Part",
      "X__Degree=Cmp",
      "X__Degree=Cmp|Gender=Neut",
      "X__Degree=Cmp|Number=Sing|Person=3",
      "X__Degree=Cmp|PronType=Ind",
      "X__Degree=Cmp|Variant=Short",
      "X__Degree=Pos",
      "X__Degree=Pos|Gender=Neut|Number=Sing",
      "X__Degree=Pos|Mood=Imp|Variant=Short|VerbForm=Fin",
      "X__Degree=Pos|Mood=Sub|VerbForm=Fin",
      "X__Degree=Pos|Number=Plur",
      "X__Degree=Pos|Number=Plur|Person=2|Subcat=Tran",
      "X__Degree=Pos|Number=Plur|Variant=Short",
      "X__Degree=Pos|Number=Sing",
      "X__Degree=Pos|Number=Sing|Person=1|Poss=Yes|PronType=Prs",
      "X__Degree=Pos|Number=Sing|Person=2",
      "X__Degree=Pos|Number=Sing|Person=3",
      "X__Degree=Pos|Number=Sing|PronType=Ind",
      "X__Degree=Pos|Number=Sing|Subcat=Tran|Tense=Past|VerbForm=Part",
      "X__Degree=Pos|Number=Sing|Tense=Past|VerbForm=Part",
      "X__Degree=Pos|Number=Sing|Variant=Short",
      "X__Degree=Pos|PronType=Dem",
      "X__Degree=Pos|Subcat=Tran",
      "X__Degree=Pos|Variant=Short",
      "X__Degree=Pos|Variant=Short|VerbForm=Inf",
      "X__Degree=Pos|VerbForm=Inf",
      "X__Gender=Com|Number=Sing",
      "X__Gender=Neut",
      "X__Gender=Neut|Number=Sing",
      "X__Gender=Neut|VerbForm=Inf",
      "X__Mood=Sub|Number=Sing|VerbForm=Fin",
      "X__Mood=Sub|VerbForm=Fin",
      "X__Number=Plur",
      "X__Number=Plur,Sing|Person=3",
      "X__Number=Plur|Person=1|Poss=Yes|PronType=Prs|VerbForm=Inf",
      "X__Number=Plur|PronType=Ind",
      "X__Number=Plur|PronType=Int",
      "X__Number=Plur|Subcat=Tran|Tense=Past|VerbForm=Part",
      "X__Number=Plur|Tense=Past|VerbForm=Part",
      "X__Number=Sing",
      "X__Number=Sing|Person=3",
      "X__Number=Sing|PronType=Dem",
      "X__Number=Sing|PronType=Ind",
      "X__Number=Sing|PronType=Int",
      "X__Number=Sing|PronType=Rel",
      "X__Number=Sing|Subcat=Intr|Tense=Pres|VerbForm=Part",
      "X__Number=Sing|Subcat=Tran",
      "X__Number=Sing|Subcat=Tran|Tense=Past|VerbForm=Part",
      "X__Number=Sing|Tense=Past|VerbForm=Part",
      "X__Number=Sing|Tense=Pres|VerbForm=Part",
      "X__Person=3|PronType=Prs|Reflex=Yes",
      "X__PronType=Dem",
      "X__PronType=Ind",
      "X__PronType=Int",
      "X__PronType=Rel",
      "X__Subcat=Intr|Tense=Past|VerbForm=Part",
      "X__Subcat=Tran|Tense=Past|VerbForm=Part",
      "X__VerbForm=Inf",
      "X__VerbForm=Inf|VerbType=Mod",
      "X__VerbType=Aux,Cop",
      "X___",
      "_SP"
    ],
    "parser": [
      "ROOT",
      "acl",
      "advcl",
      "advmod",
      "amod",
      "appos",
      "aux",
      "case",
      "cc",
      "ccomp",
      "compound",
      "compound:prt",
      "conj",
      "cop",
      "csubj",
      "dep",
      "det",
      "det:nummod",
      "expl:pv",
      "flat",
      "iobj",
      "mark",
      "nmod",
      "nsubj",
      "nummod",
      "obj",
      "obl",
      "orphan",
      "parataxis",
      "punct",
      "xcomp"
    ],
    "ner": [
      "CARDINAL",
      "DATE",
      "EVENT",
      "FAC",
      "GPE",
      "LANGUAGE",
      "LAW",
      "LOC",
      "MONEY",
      "NORP",
      "ORDINAL",
      "ORG",
      "PERCENT",
      "PERSON",
      "PRODUCT",
      "QUANTITY",
      "TIME",
      "WORK_OF_ART"
    ]
  },
  "size": "10 MB",
  "checksum": "de92484f1aef9123a7c104ac40ca5022e27a7e3bf99fcf3a2bc1913d6450893f"
}