{
  "lang": "nl",
  "name": "core_news_sm",
  "license": "CC BY-SA 4.0",
  "author": "Explosion and NLP Town",
  "url": "https://explosion.ai",
  "email": "contact@explosion.ai",
  "description": "Dutch multi-task CNN trained on the Lassy Universal Dependencies corpus, with NER annotations by NLP Town using the OntoNotes 5 scheme.",
  "sources": [
    {
      "name": "Dutch UD Lassy Corpus",
      "url": "https://github.com/UniversalDependencies/UD_Dutch-LassySmall",
      "license": "CC BY-SA 4.0"
    },
    {
      "name": "Dutch NER Annotations",
      "author": "NLP Town",
      "url": "https://nlp.town",
      "license": "CC BY-SA 4.0"
    }
  ],
  "pipeline": [
    "tagger",
    "parser",
    "ner"
  ],
  "version": "2.2.0",
  "spacy_version": ">=2.2.0",
  "parent_package": "spacy",
  "accuracy": {
    "las": 69.5334427792,
    "uas": 76.7886458719,
    "token_acc": 100.0,
    "tags_acc": 90.0972272236,
    "ents_f": 68.792547474,
    "ents_p": 71.375464684,
    "ents_r": 66.3900414938
  },
  "speed": {
    "cpu": 8328.2637579271,
    "gpu": null,
    "nwords": 11247
  },
  "labels": {
    "tagger": [
      "ADJ|nom|basis|met-e|mv-n",
      "ADJ|nom|basis|met-e|zonder-n|bijz",
      "ADJ|nom|basis|met-e|zonder-n|stan",
      "ADJ|nom|basis|zonder|mv-n",
      "ADJ|nom|basis|zonder|zonder-n",
      "ADJ|nom|comp|met-e|mv-n",
      "ADJ|nom|sup|met-e|mv-n",
      "ADJ|nom|sup|met-e|zonder-n|stan",
      "ADJ|nom|sup|zonder|zonder-n",
      "ADJ|postnom|basis|zonder",
      "ADJ|prenom|basis|met-e|bijz",
      "ADJ|prenom|basis|met-e|stan",
      "ADJ|prenom|basis|zonder",
      "ADJ|prenom|comp|met-e|stan",
      "ADJ|prenom|comp|zonder",
      "ADJ|prenom|sup|met-e|stan",
      "ADJ|vrij|basis|zonder",
      "ADJ|vrij|comp|zonder",
      "ADJ|vrij|sup|zonder",
      "BW",
      "LET",
      "LID|bep|gen|evmo",
      "LID|bep|gen|rest3",
      "LID|bep|stan|evon",
      "LID|bep|stan|rest",
      "LID|onbep|stan|agr",
      "N|eigen|ev|basis|gen",
      "N|eigen|ev|basis|genus|stan",
      "N|eigen|ev|basis|onz|stan",
      "N|eigen|ev|basis|zijd|stan",
      "N|eigen|ev|dim|onz|stan",
      "N|eigen|mv|basis",
      "N|soort|ev|basis|dat",
      "N|soort|ev|basis|gen",
      "N|soort|ev|basis|genus|stan",
      "N|soort|ev|basis|onz|stan",
      "N|soort|ev|basis|zijd|stan",
      "N|soort|ev|dim|onz|stan",
      "N|soort|mv|basis",
      "N|soort|mv|dim",
      "SPEC|afgebr",
      "SPEC|afk",
      "SPEC|deeleigen",
      "SPEC|enof",
      "SPEC|symb",
      "SPEC|vreemd",
      "TSW",
      "TW|hoofd|nom|mv-n|basis",
      "TW|hoofd|nom|zonder-n|basis",
      "TW|hoofd|nom|zonder-n|dim",
      "TW|hoofd|prenom|stan",
      "TW|hoofd|vrij",
      "TW|rang|nom|zonder-n",
      "TW|rang|prenom|stan",
      "VG|neven",
      "VG|onder",
      "VNW|aanw|adv-pron|obl|vol|3o|getal",
      "VNW|aanw|adv-pron|stan|red|3|getal",
      "VNW|aanw|det|stan|nom|met-e|mv-n",
      "VNW|aanw|det|stan|nom|met-e|zonder-n",
      "VNW|aanw|det|stan|prenom|met-e|rest",
      "VNW|aanw|det|stan|prenom|zonder|agr",
      "VNW|aanw|det|stan|prenom|zonder|evon",
      "VNW|aanw|det|stan|prenom|zonder|rest",
      "VNW|aanw|pron|gen|vol|3m|ev",
      "VNW|aanw|pron|stan|vol|3o|ev",
      "VNW|aanw|pron|stan|vol|3|getal",
      "VNW|betr|det|stan|nom|zonder|zonder-n",
      "VNW|betr|pron|stan|vol|3|ev",
      "VNW|betr|pron|stan|vol|persoon|getal",
      "VNW|bez|det|stan|red|3|ev|prenom|zonder|agr",
      "VNW|bez|det|stan|vol|1|ev|prenom|zonder|agr",
      "VNW|bez|det|stan|vol|1|mv|prenom|met-e|rest",
      "VNW|bez|det|stan|vol|1|mv|prenom|zonder|evon",
      "VNW|bez|det|stan|vol|2|getal|prenom|zonder|agr",
      "VNW|bez|det|stan|vol|3m|ev|prenom|met-e|rest",
      "VNW|bez|det|stan|vol|3p|mv|prenom|met-e|rest",
      "VNW|bez|det|stan|vol|3v|ev|prenom|met-e|rest",
      "VNW|bez|det|stan|vol|3|ev|prenom|zonder|agr",
      "VNW|bez|det|stan|vol|3|mv|prenom|zonder|agr",
      "VNW|onbep|adv-pron|obl|vol|3o|getal",
      "VNW|onbep|det|stan|nom|met-e|mv-n",
      "VNW|onbep|det|stan|nom|met-e|zonder-n",
      "VNW|onbep|det|stan|prenom|met-e|agr",
      "VNW|onbep|det|stan|prenom|met-e|evz",
      "VNW|onbep|det|stan|prenom|met-e|mv",
      "VNW|onbep|det|stan|prenom|met-e|rest",
      "VNW|onbep|det|stan|prenom|zonder|agr",
      "VNW|onbep|det|stan|prenom|zonder|evon",
      "VNW|onbep|det|stan|vrij|zonder",
      "VNW|onbep|grad|gen|nom|met-e|mv-n|basis",
      "VNW|onbep|grad|stan|nom|met-e|mv-n|basis",
      "VNW|onbep|grad|stan|nom|met-e|zonder-n|basis",
      "VNW|onbep|grad|stan|nom|met-e|zonder-n|sup",
      "VNW|onbep|grad|stan|prenom|met-e|agr|basis",
      "VNW|onbep|grad|stan|prenom|met-e|agr|sup",
      "VNW|onbep|grad|stan|prenom|met-e|mv|basis",
      "VNW|onbep|grad|stan|prenom|zonder|agr|basis",
      "VNW|onbep|grad|stan|prenom|zonder|agr|comp",
      "VNW|onbep|grad|stan|vrij|zonder|basis",
      "VNW|onbep|grad|stan|vrij|zonder|comp",
      "VNW|onbep|grad|stan|vrij|zonder|sup",
      "VNW|onbep|pron|stan|vol|3o|ev",
      "VNW|onbep|pron|stan|vol|3p|ev",
      "VNW|pers|pron|nomin|nadr|3v|ev|fem",
      "VNW|pers|pron|nomin|red|1|mv",
      "VNW|pers|pron|nomin|red|2v|ev",
      "VNW|pers|pron|nomin|red|3p|ev|masc",
      "VNW|pers|pron|nomin|vol|1|ev",
      "VNW|pers|pron|nomin|vol|1|mv",
      "VNW|pers|pron|nomin|vol|2b|getal",
      "VNW|pers|pron|nomin|vol|3p|mv",
      "VNW|pers|pron|nomin|vol|3v|ev|fem",
      "VNW|pers|pron|nomin|vol|3|ev|masc",
      "VNW|pers|pron|obl|nadr|3m|ev|masc",
      "VNW|pers|pron|obl|vol|3p|mv",
      "VNW|pers|pron|obl|vol|3|ev|masc",
      "VNW|pers|pron|obl|vol|3|getal|fem",
      "VNW|pers|pron|stan|red|3|ev|fem",
      "VNW|pers|pron|stan|red|3|ev|onz",
      "VNW|pers|pron|stan|red|3|mv",
      "VNW|pr|pron|obl|red|1|ev",
      "VNW|pr|pron|obl|red|2v|getal",
      "VNW|pr|pron|obl|vol|1|ev",
      "VNW|pr|pron|obl|vol|1|mv",
      "VNW|recip|pron|obl|vol|persoon|mv",
      "VNW|refl|pron|obl|nadr|3|getal",
      "VNW|refl|pron|obl|red|3|getal",
      "VNW|vb|adv-pron|obl|vol|3o|getal",
      "VNW|vb|pron|stan|vol|3o|ev",
      "VNW|vb|pron|stan|vol|3p|getal",
      "VZ|fin",
      "VZ|init",
      "VZ|versm",
      "WW|inf|nom|zonder|zonder-n",
      "WW|inf|vrij|zonder",
      "WW|od|nom|met-e|mv-n",
      "WW|od|nom|met-e|zonder-n",
      "WW|od|prenom|met-e",
      "WW|od|prenom|zonder",
      "WW|od|vrij|zonder",
      "WW|pv|conj|ev",
      "WW|pv|tgw|ev",
      "WW|pv|tgw|met-t",
      "WW|pv|tgw|mv",
      "WW|pv|verl|ev",
      "WW|pv|verl|mv",
      "WW|vd|nom|met-e|mv-n",
      "WW|vd|nom|met-e|zonder-n",
      "WW|vd|prenom|met-e",
      "WW|vd|prenom|zonder",
      "WW|vd|vrij|zonder",
      "_SP"
    ],
    "parser": [
      "ROOT",
      "acl",
      "acl:relcl",
      "advcl",
      "advmod",
      "amod",
      "appos",
      "aux",
      "aux:pass",
      "case",
      "cc",
      "ccomp",
      "compound:prt",
      "conj",
      "cop",
      "csubj",
      "dep",
      "det",
      "expl:pv",
      "fixed",
      "flat",
      "mark",
      "nmod",
      "nmod:poss",
      "nsubj",
      "nsubj:pass",
      "nummod",
      "obj",
      "obl",
      "obl:agent",
      "orphan",
      "parataxis",
      "punct",
      "xcomp"
    ],
    "ner": [
      "CARDINAL",
      "DATE",
      "EVENT",
      "FAC",
      "GPE",
      "LANGUAGE",
      "LAW",
      "LOC",
      "MONEY",
      "NORP",
      "ORDINAL",
      "ORG",
      "PERCENT",
      "PERSON",
      "PRODUCT",
      "QUANTITY",
      "TIME",
      "WORK_OF_ART"
    ]
  },
  "size": "14 MB",
  "checksum": "30a57411bb4d2c12f5c4dea699d3f37b5b96716ded9e0d655b05825d0bb305ea"
}