{
  "lang": "nl",
  "name": "core_news_lg",
  "license": "CC BY-SA 4.0",
  "author": "Explosion and NLP Town",
  "url": "https://explosion.ai",
  "email": "contact@explosion.ai",
  "description": "Dutch multi-task CNN trained on UD Alpino and LassySmall. POS tags and dependency parses from Alpino and LassySmall and NER for LassySmall by NLP Town using the OntoNotes 5 scheme. Assigns word vectors, POS tags, dependency parse and named entities. Word vectors trained using FastText CBOW on Wikipedia and OSCAR (Common Crawl).",
  "sources": [
    {
      "name": "UD Dutch Alpino v2.5",
      "url": "https://github.com/UniversalDependencies/UD_Dutch-Alpino",
      "license": "CC BY-SA 4.0"
    },
    {
      "name": "UD Dutch LassySmall v2.5",
      "url": "https://github.com/UniversalDependencies/UD_Dutch-LassySmall",
      "license": "CC BY-SA 4.0"
    },
    {
      "name": "Dutch NER Annotations for UD LassySmall",
      "author": "NLP Town",
      "url": "https://nlp.town",
      "license": "CC BY-SA 4.0"
    },
    {
      "name": "OSCAR (Common Crawl)",
      "url": "https://oscar-corpus.com/",
      "license": "CC0"
    },
    {
      "name": "Wikipedia (20200301)",
      "url": "https://dumps.wikimedia.org/",
      "license": "CC BY-SA 3.0"
    }
  ],
  "pipeline": [
    "tagger",
    "parser",
    "ner"
  ],
  "version": "2.3.0",
  "spacy_version": ">=2.3.0,<2.4.0",
  "parent_package": "spacy",
  "accuracy": {
    "las": 83.8165230613,
    "uas": 88.0233147491,
    "token_acc": 99.7471885625,
    "las_per_type": {
      "det": {
        "p": 94.966442953,
        "r": 97.8815391267,
        "f": 96.401958697
      },
      "nsubj": {
        "p": 86.8556701031,
        "r": 88.6259040105,
        "f": 87.7318581191
      },
      "cop": {
        "p": 80.7829181495,
        "r": 83.4558823529,
        "f": 82.0976491863
      },
      "amod": {
        "p": 87.8390201225,
        "r": 89.9641577061,
        "f": 88.8888888889
      },
      "root": {
        "p": 86.3821138211,
        "r": 91.4634146341,
        "f": 88.850174216
      },
      "case": {
        "p": 94.0422010757,
        "r": 96.313559322,
        "f": 95.1643290768
      },
      "obl": {
        "p": 79.8050139276,
        "r": 78.118609407,
        "f": 78.9528074406
      },
      "advmod": {
        "p": 79.9658994032,
        "r": 82.5704225352,
        "f": 81.2472932005
      },
      "nmod": {
        "p": 75.2079866889,
        "r": 79.020979021,
        "f": 77.0673486786
      },
      "fixed": {
        "p": 72.8613569322,
        "r": 42.512908778,
        "f": 53.6956521739
      },
      "cc": {
        "p": 86.252354049,
        "r": 86.9070208729,
        "f": 86.5784499055
      },
      "conj": {
        "p": 70.4918032787,
        "r": 70.2040816327,
        "f": 70.3476482618
      },
      "appos": {
        "p": 72.5,
        "r": 70.303030303,
        "f": 71.3846153846
      },
      "flat": {
        "p": 82.6727066818,
        "r": 79.347826087,
        "f": 80.9761508597
      },
      "nummod": {
        "p": 81.2101910828,
        "r": 85.0,
        "f": 83.0618892508
      },
      "aux:pass": {
        "p": 90.9574468085,
        "r": 95.0,
        "f": 92.9347826087
      },
      "nsubj:pass": {
        "p": 85.7142857143,
        "r": 86.7924528302,
        "f": 86.25
      },
      "obj": {
        "p": 77.8434268833,
        "r": 80.3353658537,
        "f": 79.0697674419
      },
      "compound:prt": {
        "p": 80.2083333333,
        "r": 70.9677419355,
        "f": 75.3056234719
      },
      "parataxis": {
        "p": 47.4576271186,
        "r": 30.6569343066,
        "f": 37.2505543237
      },
      "xcomp": {
        "p": 66.2068965517,
        "r": 70.5882352941,
        "f": 68.3274021352
      },
      "mark": {
        "p": 90.1818181818,
        "r": 90.3460837887,
        "f": 90.2638762511
      },
      "acl": {
        "p": 57.1428571429,
        "r": 37.1134020619,
        "f": 45.0
      },
      "aux": {
        "p": 91.1184210526,
        "r": 91.1184210526,
        "f": 91.1184210526
      },
      "acl:relcl": {
        "p": 73.417721519,
        "r": 72.9559748428,
        "f": 73.1861198738
      },
      "nmod:poss": {
        "p": 94.8148148148,
        "r": 93.4306569343,
        "f": 94.1176470588
      },
      "expl:pv": {
        "p": 73.4693877551,
        "r": 81.8181818182,
        "f": 77.4193548387
      },
      "advcl": {
        "p": 51.1312217195,
        "r": 50.9009009009,
        "f": 51.0158013544
      },
      "ccomp": {
        "p": 66.3265306122,
        "r": 60.7476635514,
        "f": 63.4146341463
      },
      "obl:agent": {
        "p": 96.4285714286,
        "r": 93.1034482759,
        "f": 94.7368421053
      },
      "iobj": {
        "p": 70.5882352941,
        "r": 36.3636363636,
        "f": 48.0
      },
      "expl": {
        "p": 54.5454545455,
        "r": 57.1428571429,
        "f": 55.8139534884
      },
      "orphan": {
        "p": 0.0,
        "r": 0.0,
        "f": 0.0
      },
      "csubj": {
        "p": 57.1428571429,
        "r": 40.0,
        "f": 47.0588235294
      },
      "dep": {
        "p": 0.0,
        "r": 0.0,
        "f": 0.0
      }
    },
    "tags_acc": 95.094059622,
    "ents_f": 76.6596785465,
    "ents_p": 77.4717514124,
    "ents_r": 75.8644536653,
    "ents_per_type": {
      "ORG": {
        "p": 67.3758865248,
        "r": 56.2130177515,
        "f": 61.2903225806
      },
      "GPE": {
        "p": 75.7847533632,
        "r": 92.8571428571,
        "f": 83.4567901235
      },
      "ORDINAL": {
        "p": 96.9696969697,
        "r": 96.9696969697,
        "f": 96.9696969697
      },
      "DATE": {
        "p": 93.6877076412,
        "r": 91.5584415584,
        "f": 92.6108374384
      },
      "CARDINAL": {
        "p": 88.1578947368,
        "r": 95.7142857143,
        "f": 91.7808219178
      },
      "LAW": {
        "p": 37.5,
        "r": 100.0,
        "f": 54.5454545455
      },
      "LANGUAGE": {
        "p": 100.0,
        "r": 54.5454545455,
        "f": 70.5882352941
      },
      "PERSON": {
        "p": 76.9696969697,
        "r": 82.2006472492,
        "f": 79.4992175274
      },
      "WORK_OF_ART": {
        "p": 65.7407407407,
        "r": 39.4444444444,
        "f": 49.3055555556
      },
      "NORP": {
        "p": 78.0,
        "r": 93.9759036145,
        "f": 85.2459016393
      },
      "QUANTITY": {
        "p": 84.6153846154,
        "r": 91.6666666667,
        "f": 88.0
      },
      "LOC": {
        "p": 50.0,
        "r": 23.5294117647,
        "f": 32.0
      },
      "MONEY": {
        "p": 0.0,
        "r": 0.0,
        "f": 0.0
      },
      "EVENT": {
        "p": 39.3939393939,
        "r": 56.5217391304,
        "f": 46.4285714286
      },
      "FAC": {
        "p": 11.1111111111,
        "r": 14.2857142857,
        "f": 12.5
      },
      "PRODUCT": {
        "p": 0.0,
        "r": 0.0,
        "f": 0.0
      },
      "PERCENT": {
        "p": 100.0,
        "r": 83.3333333333,
        "f": 90.9090909091
      },
      "TIME": {
        "p": 50.0,
        "r": 100.0,
        "f": 66.6666666667
      }
    }
  },
  "speed": {
    "cpu": 3212.7434167988,
    "gpu": null,
    "nwords": 11247
  },
  "labels": {
    "tagger": [
      "ADJ|nom|basis|met-e|mv-n__Degree=Pos",
      "ADJ|nom|basis|met-e|zonder-n|bijz__Degree=Pos",
      "ADJ|nom|basis|met-e|zonder-n|stan__Degree=Pos",
      "ADJ|nom|basis|zonder|mv-n__Degree=Pos",
      "ADJ|nom|basis|zonder|zonder-n__Degree=Pos",
      "ADJ|nom|comp|met-e|mv-n__Degree=Cmp",
      "ADJ|nom|comp|met-e|zonder-n|stan__Degree=Cmp",
      "ADJ|nom|sup|met-e|mv-n__Degree=Sup",
      "ADJ|nom|sup|met-e|zonder-n|stan__Degree=Sup",
      "ADJ|nom|sup|zonder|zonder-n__Degree=Sup",
      "ADJ|postnom|basis|met-s__Degree=Pos",
      "ADJ|postnom|basis|zonder",
      "ADJ|postnom|basis|zonder__Degree=Pos",
      "ADJ|postnom|comp|met-s__Degree=Cmp",
      "ADJ|prenom|basis|met-e|bijz__Degree=Pos",
      "ADJ|prenom|basis|met-e|stan",
      "ADJ|prenom|basis|met-e|stan__Degree=Pos",
      "ADJ|prenom|basis|zonder",
      "ADJ|prenom|basis|zonder__Degree=Pos",
      "ADJ|prenom|comp|met-e|stan__Degree=Cmp",
      "ADJ|prenom|comp|zonder__Degree=Cmp",
      "ADJ|prenom|sup|met-e|stan__Degree=Sup",
      "ADJ|vrij|basis|zonder",
      "ADJ|vrij|basis|zonder__Degree=Pos",
      "ADJ|vrij|comp|zonder__Degree=Cmp",
      "ADJ|vrij|dim|zonder__Degree=Pos",
      "ADJ|vrij|sup|zonder__Degree=Sup",
      "BW",
      "LET",
      "LID|bep|dat|evmo__Definite=Def",
      "LID|bep|gen|evmo__Definite=Def",
      "LID|bep|gen|rest3__Definite=Def",
      "LID|bep|stan|evon__Definite=Def",
      "LID|bep|stan|rest__Definite=Def",
      "LID|onbep|stan|agr__Definite=Ind",
      "N|eigen|ev|basis|gen__Number=Sing",
      "N|eigen|ev|basis|genus|stan__Gender=Com,Neut|Number=Sing",
      "N|eigen|ev|basis|onz|stan__Gender=Neut|Number=Sing",
      "N|eigen|ev|basis|zijd|stan__Gender=Com|Number=Sing",
      "N|eigen|ev|dim|onz|stan__Gender=Neut|Number=Sing",
      "N|eigen|mv|basis__Number=Plur",
      "N|soort|ev|basis|dat__Number=Sing",
      "N|soort|ev|basis|gen__Number=Sing",
      "N|soort|ev|basis|genus|stan__Gender=Com,Neut|Number=Sing",
      "N|soort|ev|basis|onz|stan__Gender=Neut|Number=Sing",
      "N|soort|ev|basis|zijd|stan__Gender=Com|Number=Sing",
      "N|soort|ev|dim|onz|stan__Gender=Neut|Number=Sing",
      "N|soort|mv|basis__Number=Plur",
      "N|soort|mv|dim__Number=Plur",
      "SPEC|afgebr",
      "SPEC|afk__Abbr=Yes",
      "SPEC|deeleigen",
      "SPEC|enof",
      "SPEC|meta",
      "SPEC|symb",
      "SPEC|vreemd__Foreign=Yes",
      "TSW",
      "TW|hoofd|nom|mv-n|basis",
      "TW|hoofd|nom|mv-n|dim",
      "TW|hoofd|nom|zonder-n|basis",
      "TW|hoofd|nom|zonder-n|dim",
      "TW|hoofd|prenom|stan",
      "TW|hoofd|vrij",
      "TW|rang|nom|mv-n",
      "TW|rang|nom|zonder-n",
      "TW|rang|prenom|stan",
      "VG|neven",
      "VG|onder",
      "VNW|aanw|adv-pron|obl|vol|3o|getal",
      "VNW|aanw|adv-pron|stan|red|3|getal",
      "VNW|aanw|adv-pron|stan|red|3|getal__Person=3|PronType=Dem",
      "VNW|aanw|det|dat|nom|met-e|zonder-n__Case=Dat|PronType=Dem",
      "VNW|aanw|det|dat|prenom|met-e|evmo",
      "VNW|aanw|det|dat|prenom|met-e|evmo__Case=Dat|PronType=Dem",
      "VNW|aanw|det|gen|prenom|met-e|rest3",
      "VNW|aanw|det|stan|nom|met-e|mv-n__PronType=Dem",
      "VNW|aanw|det|stan|nom|met-e|zonder-n",
      "VNW|aanw|det|stan|nom|met-e|zonder-n__PronType=Dem",
      "VNW|aanw|det|stan|prenom|met-e|rest",
      "VNW|aanw|det|stan|prenom|met-e|rest__PronType=Dem",
      "VNW|aanw|det|stan|prenom|zonder|agr",
      "VNW|aanw|det|stan|prenom|zonder|agr__PronType=Dem",
      "VNW|aanw|det|stan|prenom|zonder|evon",
      "VNW|aanw|det|stan|prenom|zonder|rest",
      "VNW|aanw|det|stan|vrij|zonder",
      "VNW|aanw|det|stan|vrij|zonder__PronType=Dem",
      "VNW|aanw|pron|gen|vol|3m|ev",
      "VNW|aanw|pron|stan|vol|3o|ev",
      "VNW|aanw|pron|stan|vol|3o|ev__Person=3|PronType=Dem",
      "VNW|aanw|pron|stan|vol|3|getal__Person=3|PronType=Dem",
      "VNW|betr|det|stan|nom|met-e|zonder-n__PronType=Rel",
      "VNW|betr|det|stan|nom|zonder|zonder-n__PronType=Rel",
      "VNW|betr|pron|stan|vol|3|ev__Person=3|PronType=Rel",
      "VNW|betr|pron|stan|vol|persoon|getal__PronType=Rel",
      "VNW|bez|det|gen|vol|3|ev|prenom|met-e|rest3__Case=Gen|Person=3|Poss=Yes|PronType=Prs",
      "VNW|bez|det|stan|nadr|2v|mv|prenom|zonder|agr__Person=2|Poss=Yes|PronType=Prs",
      "VNW|bez|det|stan|red|1|ev|prenom|zonder|agr__Person=1|Poss=Yes|PronType=Prs",
      "VNW|bez|det|stan|red|2v|ev|prenom|zonder|agr",
      "VNW|bez|det|stan|red|2v|ev|prenom|zonder|agr__Person=2|Poss=Yes|PronType=Prs",
      "VNW|bez|det|stan|red|3|ev|prenom|zonder|agr",
      "VNW|bez|det|stan|red|3|ev|prenom|zonder|agr__Person=3|Poss=Yes|PronType=Prs",
      "VNW|bez|det|stan|vol|1|ev|prenom|zonder|agr",
      "VNW|bez|det|stan|vol|1|ev|prenom|zonder|agr__Person=1|Poss=Yes|PronType=Prs",
      "VNW|bez|det|stan|vol|1|mv|prenom|met-e|rest",
      "VNW|bez|det|stan|vol|1|mv|prenom|met-e|rest__Person=1|Poss=Yes|PronType=Prs",
      "VNW|bez|det|stan|vol|1|mv|prenom|zonder|evon__Person=1|Poss=Yes|PronType=Prs",
      "VNW|bez|det|stan|vol|2v|ev|prenom|zonder|agr__Person=2|Poss=Yes|PronType=Prs",
      "VNW|bez|det|stan|vol|2|getal|prenom|zonder|agr",
      "VNW|bez|det|stan|vol|2|getal|prenom|zonder|agr__Person=2|Poss=Yes|PronType=Prs",
      "VNW|bez|det|stan|vol|3m|ev|nom|met-e|zonder-n__Person=3|Poss=Yes|PronType=Prs",
      "VNW|bez|det|stan|vol|3m|ev|prenom|met-e|rest__Person=3|Poss=Yes|PronType=Prs",
      "VNW|bez|det|stan|vol|3p|mv|prenom|met-e|rest__Person=3|Poss=Yes|PronType=Prs",
      "VNW|bez|det|stan|vol|3v|ev|nom|met-e|zonder-n__Person=3|Poss=Yes|PronType=Prs",
      "VNW|bez|det|stan|vol|3v|ev|prenom|met-e|rest__Person=3|Poss=Yes|PronType=Prs",
      "VNW|bez|det|stan|vol|3|ev|prenom|zonder|agr",
      "VNW|bez|det|stan|vol|3|ev|prenom|zonder|agr__Person=3|Poss=Yes|PronType=Prs",
      "VNW|bez|det|stan|vol|3|mv|prenom|zonder|agr",
      "VNW|bez|det|stan|vol|3|mv|prenom|zonder|agr__Person=3|Poss=Yes|PronType=Prs",
      "VNW|onbep|adv-pron|gen|red|3|getal",
      "VNW|onbep|adv-pron|obl|vol|3o|getal",
      "VNW|onbep|det|stan|nom|met-e|mv-n__PronType=Ind",
      "VNW|onbep|det|stan|nom|met-e|zonder-n__PronType=Ind",
      "VNW|onbep|det|stan|prenom|met-e|agr",
      "VNW|onbep|det|stan|prenom|met-e|agr__PronType=Ind",
      "VNW|onbep|det|stan|prenom|met-e|evz",
      "VNW|onbep|det|stan|prenom|met-e|evz__PronType=Ind",
      "VNW|onbep|det|stan|prenom|met-e|mv",
      "VNW|onbep|det|stan|prenom|met-e|mv__PronType=Ind",
      "VNW|onbep|det|stan|prenom|met-e|rest",
      "VNW|onbep|det|stan|prenom|met-e|rest__PronType=Ind",
      "VNW|onbep|det|stan|prenom|zonder|agr",
      "VNW|onbep|det|stan|prenom|zonder|agr__PronType=Ind",
      "VNW|onbep|det|stan|prenom|zonder|evon",
      "VNW|onbep|det|stan|prenom|zonder|evon__PronType=Ind",
      "VNW|onbep|det|stan|vrij|zonder",
      "VNW|onbep|det|stan|vrij|zonder__PronType=Ind",
      "VNW|onbep|grad|gen|nom|met-e|mv-n|basis",
      "VNW|onbep|grad|stan|nom|met-e|mv-n|basis__PronType=Ind",
      "VNW|onbep|grad|stan|nom|met-e|mv-n|sup__PronType=Ind",
      "VNW|onbep|grad|stan|nom|met-e|zonder-n|basis",
      "VNW|onbep|grad|stan|nom|met-e|zonder-n|basis__PronType=Ind",
      "VNW|onbep|grad|stan|nom|met-e|zonder-n|sup__PronType=Ind",
      "VNW|onbep|grad|stan|prenom|met-e|agr|basis",
      "VNW|onbep|grad|stan|prenom|met-e|agr|comp",
      "VNW|onbep|grad|stan|prenom|met-e|agr|sup",
      "VNW|onbep|grad|stan|prenom|met-e|mv|basis",
      "VNW|onbep|grad|stan|prenom|zonder|agr|basis",
      "VNW|onbep|grad|stan|prenom|zonder|agr|basis__PronType=Ind",
      "VNW|onbep|grad|stan|prenom|zonder|agr|comp",
      "VNW|onbep|grad|stan|prenom|zonder|agr|comp__PronType=Ind",
      "VNW|onbep|grad|stan|vrij|zonder|basis",
      "VNW|onbep|grad|stan|vrij|zonder|basis__PronType=Ind",
      "VNW|onbep|grad|stan|vrij|zonder|comp",
      "VNW|onbep|grad|stan|vrij|zonder|comp__PronType=Ind",
      "VNW|onbep|grad|stan|vrij|zonder|sup",
      "VNW|onbep|grad|stan|vrij|zonder|sup__PronType=Ind",
      "VNW|onbep|pron|gen|vol|3p|ev",
      "VNW|onbep|pron|stan|vol|3o|ev",
      "VNW|onbep|pron|stan|vol|3o|ev__Person=3|PronType=Ind",
      "VNW|onbep|pron|stan|vol|3p|ev__Person=3|PronType=Ind",
      "VNW|pers|pron|gen|vol|2|getal__Case=Gen|Person=2|PronType=Prs",
      "VNW|pers|pron|nomin|nadr|3m|ev|masc__Case=Nom|Person=3|PronType=Prs",
      "VNW|pers|pron|nomin|nadr|3v|ev|fem__Case=Nom|Person=3|PronType=Prs",
      "VNW|pers|pron|nomin|red|1|mv__Case=Nom|Person=1|PronType=Prs",
      "VNW|pers|pron|nomin|red|2v|ev__Case=Nom|Person=2|PronType=Prs",
      "VNW|pers|pron|nomin|red|2|getal__Case=Nom|Person=2|PronType=Prs",
      "VNW|pers|pron|nomin|red|3p|ev|masc__Case=Nom|Person=3|PronType=Prs",
      "VNW|pers|pron|nomin|red|3|ev|masc__Case=Nom|Person=3|PronType=Prs",
      "VNW|pers|pron|nomin|vol|1|ev__Case=Nom|Person=1|PronType=Prs",
      "VNW|pers|pron|nomin|vol|1|mv__Case=Nom|Person=1|PronType=Prs",
      "VNW|pers|pron|nomin|vol|2b|getal__Case=Nom|Person=2|PronType=Prs",
      "VNW|pers|pron|nomin|vol|2v|ev__Case=Nom|Person=2|PronType=Prs",
      "VNW|pers|pron|nomin|vol|2|getal__Case=Nom|Person=2|PronType=Prs",
      "VNW|pers|pron|nomin|vol|3p|mv__Case=Nom|Person=3|PronType=Prs",
      "VNW|pers|pron|nomin|vol|3v|ev|fem__Case=Nom|Person=3|PronType=Prs",
      "VNW|pers|pron|nomin|vol|3|ev|masc__Case=Nom|Person=3|PronType=Prs",
      "VNW|pers|pron|obl|nadr|3m|ev|masc__Case=Acc|Person=3|PronType=Prs",
      "VNW|pers|pron|obl|red|3|ev|masc__Case=Acc|Person=3|PronType=Prs",
      "VNW|pers|pron|obl|vol|2v|ev__Case=Acc|Person=2|PronType=Prs",
      "VNW|pers|pron|obl|vol|3p|mv__Case=Acc|Person=3|PronType=Prs",
      "VNW|pers|pron|obl|vol|3|ev|masc__Case=Acc|Person=3|PronType=Prs",
      "VNW|pers|pron|obl|vol|3|getal|fem__Case=Acc|Person=3|PronType=Prs",
      "VNW|pers|pron|stan|nadr|2v|mv__Person=2|PronType=Prs",
      "VNW|pers|pron|stan|red|3|ev|fem__Person=3|PronType=Prs",
      "VNW|pers|pron|stan|red|3|ev|onz__Person=3|PronType=Prs",
      "VNW|pers|pron|stan|red|3|mv__Person=3|PronType=Prs",
      "VNW|pr|pron|obl|nadr|1|ev__Case=Acc|Person=1|PronType=Prs",
      "VNW|pr|pron|obl|nadr|2v|getal__Case=Acc|Person=2|PronType=Prs",
      "VNW|pr|pron|obl|nadr|2|getal__Case=Acc|Person=2|PronType=Prs",
      "VNW|pr|pron|obl|red|1|ev__Case=Acc|Person=1|PronType=Prs",
      "VNW|pr|pron|obl|red|2v|getal__Case=Acc|Person=2|PronType=Prs",
      "VNW|pr|pron|obl|vol|1|ev__Case=Acc|Person=1|PronType=Prs",
      "VNW|pr|pron|obl|vol|1|mv__Case=Acc|Person=1|PronType=Prs",
      "VNW|pr|pron|obl|vol|2|getal__Case=Acc|Person=2|PronType=Prs",
      "VNW|recip|pron|gen|vol|persoon|mv",
      "VNW|recip|pron|obl|vol|persoon|mv__Case=Acc|PronType=Rcp",
      "VNW|refl|pron|obl|nadr|3|getal__Case=Acc|Person=3|PronType=Prs|Reflex=Yes",
      "VNW|refl|pron|obl|red|3|getal__Case=Acc|Person=3|PronType=Prs|Reflex=Yes",
      "VNW|vb|adv-pron|obl|vol|3o|getal",
      "VNW|vb|det|stan|nom|met-e|zonder-n__PronType=Int",
      "VNW|vb|det|stan|prenom|met-e|rest",
      "VNW|vb|det|stan|prenom|zonder|evon",
      "VNW|vb|pron|gen|vol|3m|ev",
      "VNW|vb|pron|gen|vol|3p|mv",
      "VNW|vb|pron|gen|vol|3v|ev",
      "VNW|vb|pron|stan|vol|3o|ev__Person=3|PronType=Int",
      "VNW|vb|pron|stan|vol|3p|getal",
      "VNW|vb|pron|stan|vol|3p|getal__Person=3|PronType=Int",
      "VZ|fin",
      "VZ|init",
      "VZ|versm",
      "WW|inf|nom|zonder|zonder-n__VerbForm=Inf",
      "WW|inf|prenom|met-e__VerbForm=Inf",
      "WW|inf|vrij|zonder__VerbForm=Inf",
      "WW|od|nom|met-e|mv-n__VerbForm=Part",
      "WW|od|nom|met-e|zonder-n__VerbForm=Part",
      "WW|od|prenom|met-e__VerbForm=Part",
      "WW|od|prenom|zonder__VerbForm=Part",
      "WW|od|vrij|zonder__VerbForm=Part",
      "WW|pv|conj|ev__Number=Sing|Tense=Pres|VerbForm=Fin",
      "WW|pv|tgw|ev__Number=Sing|Tense=Pres|VerbForm=Fin",
      "WW|pv|tgw|met-t__Number=Sing|Tense=Pres|VerbForm=Fin",
      "WW|pv|tgw|mv__Number=Plur|Tense=Pres|VerbForm=Fin",
      "WW|pv|verl|ev__Number=Sing|Tense=Past|VerbForm=Fin",
      "WW|pv|verl|mv__Number=Plur|Tense=Past|VerbForm=Fin",
      "WW|vd|nom|met-e|mv-n__VerbForm=Part",
      "WW|vd|nom|met-e|zonder-n__VerbForm=Part",
      "WW|vd|prenom|met-e__VerbForm=Part",
      "WW|vd|prenom|zonder__VerbForm=Part",
      "WW|vd|vrij|zonder__VerbForm=Part",
      "_SP"
    ],
    "parser": [
      "ROOT",
      "acl",
      "acl:relcl",
      "advcl",
      "advmod",
      "amod",
      "appos",
      "aux",
      "aux:pass",
      "case",
      "cc",
      "ccomp",
      "compound:prt",
      "conj",
      "cop",
      "csubj",
      "dep",
      "det",
      "expl",
      "expl:pv",
      "fixed",
      "flat",
      "iobj",
      "mark",
      "nmod",
      "nmod:poss",
      "nsubj",
      "nsubj:pass",
      "nummod",
      "obj",
      "obl",
      "obl:agent",
      "orphan",
      "parataxis",
      "punct",
      "xcomp"
    ],
    "ner": [
      "CARDINAL",
      "DATE",
      "EVENT",
      "FAC",
      "GPE",
      "LANGUAGE",
      "LAW",
      "LOC",
      "MONEY",
      "NORP",
      "ORDINAL",
      "ORG",
      "PERCENT",
      "PERSON",
      "PRODUCT",
      "QUANTITY",
      "TIME",
      "WORK_OF_ART"
    ]
  },
  "vectors": {
    "width": 300,
    "vectors": 500000,
    "keys": 500000,
    "name": "nl_core_news_lg.vectors"
  },
  "size": "545 MB",
  "checksum": "dbc24f53752dd05bb77ceadaf33d120a980c1402638e0eeab820befba731c104"
}