{
  "lang": "pl",
  "name": "core_news_md",
  "version": "3.0.0a1",
  "description": "Polish pipeline optimized for CPU. Components: tok2vec, morphologizer, tagger, parser, senter, ner, attribute_ruler, lemmatizer.",
  "author": "Explosion",
  "email": "contact@explosion.ai",
  "url": "https://explosion.ai",
  "license": "GNU GPL 3.0",
  "spacy_version": ">=3.0.0rc3,<3.1.0",
  "spacy_git_version": "43a752a2a",
  "vectors": {
    "width": 300,
    "vectors": 20000,
    "keys": 500000,
    "name": "pl_vectors"
  },
  "labels": {
    "tok2vec": [],
    "morphologizer": [
      "AdpType=Prep|Case=Acc|POS=ADP|Variant=Long",
      "Animacy=Inan|Case=Acc|Gender=Masc|Number=Sing|POS=NOUN",
      "Animacy=Hum|Case=Nom|Gender=Masc|Number=Sing|POS=NOUN",
      "Animacy=Hum|Case=Nom|Gender=Masc|Number=Sing|POS=PROPN",
      "Animacy=Hum|Aspect=Perf|Gender=Masc|Number=Sing|POS=VERB|Tense=Past|VerbForm=Part|Voice=Act",
      "Case=Acc|Gender=Fem|Number=Sing|POS=NOUN",
      "AdpType=Prep|Case=Gen|POS=ADP",
      "Animacy=Hum|Case=Gen|Gender=Masc|Number=Sing|POS=NOUN",
      "Animacy=Hum|Case=Gen|Degree=Pos|Gender=Masc|Number=Sing|POS=ADJ",
      "Animacy=Inan|Case=Gen|Gender=Masc|Number=Sing|POS=PROPN",
      "Case=Gen|Gender=Fem|Number=Sing|POS=PROPN",
      "POS=PUNCT",
      "AdpType=Prep|Case=Acc|POS=ADP|Variant=Short",
      "Animacy=Hum|Aspect=Imp|Gender=Masc|Number=Sing|POS=VERB|Tense=Past|VerbForm=Part|Voice=Act",
      "AdpType=Prep|Case=Loc|POS=ADP",
      "Animacy=Inan|Case=Loc|Gender=Masc|Number=Sing|POS=NOUN",
      "POS=CCONJ",
      "Animacy=Hum|Case=Dat|Gender=Masc|Number=Plur|POS=NOUN",
      "Case=Acc|Gender=Fem|Number=Plur|POS=NOUN",
      "Case=Gen|Gender=Neut|Number=Sing|POS=NOUN",
      "Animacy=Inan|Case=Gen|Gender=Masc|Number=Plur|POS=NOUN",
      "Degree=Pos|POS=ADV",
      "Animacy=Hum|Aspect=Imp|Gender=Masc|Number=Sing|POS=ADJ",
      "Aspect=Imp|POS=AUX|VerbForm=Inf",
      "Animacy=Hum|Case=Nom|Degree=Pos|Gender=Masc|Number=Sing|POS=ADJ",
      "Animacy=Inan|Aspect=Perf|Gender=Masc|Number=Plur|POS=VERB|Tense=Past|VerbForm=Part|Voice=Act",
      "POS=PRON|PronType=Prs|Reflex=Yes",
      "AdpType=Prep|Case=Loc|POS=ADP|Variant=Short",
      "Case=Loc|Gender=Fem|Number=Sing|POS=NOUN",
      "Animacy=Inan|Case=Gen|Gender=Masc|NumType=Card|Number=Plur|POS=DET|PronType=Ind",
      "AdpType=Prep|Case=Gen|POS=ADP|Variant=Short",
      "Case=Gen|Gender=Neut|Number=Plur|POS=NOUN",
      "Animacy=Hum|Case=Gen|Gender=Masc|Number=Sing|POS=PROPN",
      "Animacy=Inan|Case=Acc|Degree=Pos|Gender=Masc|Number=Sing|POS=ADJ",
      "AdpType=Prep|Case=Ins|POS=ADP|Variant=Short",
      "Animacy=Inan|Case=Ins|Degree=Pos|Gender=Masc|Number=Sing|POS=ADJ",
      "Animacy=Inan|Case=Ins|Gender=Masc|Number=Sing|POS=NOUN",
      "Case=Gen|Gender=Neut|Number=Sing|POS=PROPN",
      "Animacy=Inan|Case=Loc|Degree=Pos|Gender=Masc|Number=Sing|POS=ADJ",
      "Animacy=Inan|Case=Loc|Gender=Masc|Number=Sing|POS=PROPN",
      "Animacy=Inan|Case=Nom|Degree=Pos|Gender=Masc|Number=Plur|POS=ADJ",
      "Animacy=Inan|Case=Nom|Gender=Masc|Number=Plur|POS=NOUN",
      "POS=ADV",
      "Aspect=Perf|Gender=Fem|Number=Sing|POS=VERB|Tense=Past|VerbForm=Part|Voice=Act",
      "Animacy=Inan|Case=Loc|Gender=Masc|Number=Sing|POS=PRON|Person=3|PrepCase=Pre|PronType=Prs|Variant=Long",
      "Case=Acc|Gender=Neut|Number=Sing|POS=NOUN",
      "Case=Gen|Gender=Neut|Number=Sing|POS=PRON|Person=3|PrepCase=Pre|PronType=Prs|Variant=Long",
      "Case=Gen|Gender=Fem|Number=Sing|POS=NOUN",
      "Case=Acc|Gender=Fem|Number=Sing|POS=DET|PronType=Int,Rel",
      "Animacy=Inan|Case=Nom|Degree=Pos|Gender=Masc|Number=Sing|POS=ADJ",
      "Animacy=Inan|Case=Nom|Gender=Masc|Number=Sing|POS=NOUN",
      "Animacy=Inan|Aspect=Perf|Gender=Masc|Number=Sing|POS=VERB|Tense=Past|VerbForm=Part|Voice=Act",
      "Case=Loc|Gender=Neut|Number=Sing|POS=NOUN",
      "Animacy=Inan|Aspect=Perf|Case=Acc|Gender=Masc|Number=Sing|POS=ADJ|Polarity=Pos|VerbForm=Part|Voice=Pass",
      "Case=Ins|Degree=Pos|Gender=Fem|Number=Sing|POS=ADJ",
      "Case=Ins|Gender=Fem|Number=Sing|POS=NOUN",
      "Animacy=Inan|Case=Acc|Gender=Masc|Number=Sing|POS=PRON|Person=3|PrepCase=Npr|PronType=Prs|Variant=Short",
      "Animacy=Inan|Case=Gen|Gender=Masc|Number=Sing|POS=NOUN",
      "Case=Nom|Gender=Neut|Number=Sing|POS=PRON|PronType=Int,Rel",
      "Case=Nom|Gender=Neut|Number=Sing|POS=PRON|PronType=Dem",
      "Aspect=Imp|Mood=Ind|Number=Sing|POS=AUX|Person=3|Tense=Pres|VerbForm=Fin",
      "Case=Nom|Gender=Fem|Number=Sing|POS=PROPN",
      "Case=Nom|Gender=Neut|Number=Sing|POS=NOUN",
      "Aspect=Perf|Gender=Neut|Number=Sing|POS=VERB|Tense=Past|VerbForm=Part|Voice=Act",
      "Case=Gen|POS=PRON|PronType=Prs|Reflex=Yes",
      "Aspect=Imp|Case=Gen|Gender=Neut|Number=Sing|POS=ADJ|Polarity=Pos|Tense=Pres|VerbForm=Part|Voice=Act",
      "AdpType=Prep|Case=Acc|POS=ADP",
      "Case=Acc|Degree=Pos|Gender=Neut|Number=Plur|POS=ADJ",
      "Case=Acc|Gender=Neut|Number=Plur|POS=NOUN",
      "POS=PART",
      "POS=SCONJ",
      "Aspect=Imp|Mood=Ind|Number=Sing|POS=VERB|Person=3|Tense=Pres|VerbForm=Fin",
      "POS=ADJ|PrepCase=Pre",
      "Aspect=Imp|POS=VERB|VerbForm=Inf",
      "Aspect=Perf|POS=VERB|VerbForm=Inf",
      "Aspect=Perf|Case=Nom|Gender=Neut|Number=Sing|POS=ADJ|Polarity=Pos|VerbForm=Part|Voice=Pass",
      "Case=Gen|Gender=Neut|Number=Sing|POS=PRON|PronType=Neg",
      "POS=VERB",
      "Case=Nom|Gender=Fem|Number=Sing|POS=NOUN",
      "Aspect=Imp|Case=Nom|Gender=Fem|Number=Sing|POS=ADJ|Polarity=Pos|Tense=Pres|VerbForm=Part|Voice=Act",
      "Animacy=Inan|Case=Gen|Degree=Pos|Gender=Masc|Number=Sing|POS=ADJ",
      "Case=Gen|Degree=Pos|Gender=Neut|Number=Plur|POS=ADJ",
      "Case=Nom|Degree=Pos|Gender=Fem|Number=Sing|POS=ADJ",
      "Animacy=Inan|Case=Loc|Gender=Masc|Number=Sing|POS=DET|PronType=Int,Rel",
      "Animacy=Hum|Case=Gen|Gender=Masc|Number=Plur|POS=NOUN",
      "Animacy=Inan|Aspect=Perf|Case=Gen|Gender=Masc|Number=Sing|POS=ADJ|Polarity=Pos|VerbForm=Part|Voice=Pass",
      "Aspect=Imp|Gender=Neut|Number=Sing|POS=VERB|Tense=Past|VerbForm=Part|Voice=Act",
      "Animacy=Hum|Aspect=Imp,Perf|Gender=Masc|Mood=Ind|Number=Sing|POS=VERB|Person=1|Tense=Past,Pres|Variant=Long|VerbForm=Fin,Part|Voice=Act",
      "Case=Acc|Degree=Pos|Gender=Fem|Number=Sing|POS=ADJ",
      "Case=Acc|Gender=Fem|Number=Sing|POS=PRON|Person=3|PrepCase=Npr|PronType=Prs|Variant=Long",
      "Animacy=Hum|Aspect=Imp|Gender=Masc|Mood=Cnd,Ind|Number=Sing|POS=VERB|Person=1|Tense=Past,Pres|Variant=Short|VerbForm=Fin,Part|Voice=Act",
      "Animacy=Inan|Aspect=Imp|Gender=Masc|Number=Plur|POS=VERB|Tense=Past|VerbForm=Part|Voice=Act",
      "Case=Nom|Gender=Fem|Number=Plur|POS=NOUN",
      "Aspect=Imp|Gender=Fem|Number=Plur|POS=VERB|Tense=Past|VerbForm=Part|Voice=Act",
      "AdpType=Prep|Case=Nom|POS=ADP",
      "Animacy=Inan|Case=Loc|Gender=Masc|Number=Plur|POS=NOUN",
      "Animacy=Hum|Aspect=Imp|Gender=Masc|Mood=Ind|Number=Sing|POS=VERB|Person=1|Tense=Past,Pres|Variant=Long|VerbForm=Fin,Part|Voice=Act",
      "Animacy=Inan|Case=Acc|Gender=Masc|NumType=Card|Number=Plur|POS=DET|PronType=Ind",
      "Aspect=Perf|Mood=Ind|Number=Sing|POS=VERB|Person=3|Tense=Pres|VerbForm=Fin",
      "Animacy=Hum|Case=Acc|Gender=Masc|Number=Plur|POS=PRON|Person=1|PronType=Prs",
      "Case=Acc|Degree=Pos|Gender=Fem|Number=Plur|POS=ADJ",
      "Case=Gen|Gender=Fem|Number=Plur|POS=NOUN",
      "Abbr=Yes|POS=X",
      "Case=Dat|POS=PRON|PronType=Prs|Reflex=Yes",
      "POS=AUX",
      "Case=Gen|Degree=Pos|Gender=Fem|Number=Sing|POS=ADJ",
      "Aspect=Perf|Case=Gen|Gender=Fem|Number=Sing|POS=ADJ|Polarity=Pos|VerbForm=Part|Voice=Pass",
      "Case=Nom|Gender=Neut|Number=Plur|POS=DET|PronType=Ind",
      "Case=Gen|Gender=Neut|Number=Plur|POS=PRON|Person=3|PrepCase=Pre|PronType=Prs|Variant=Long",
      "Aspect=Imp|Mood=Ind|Number=Plur|POS=VERB|Person=3|Tense=Pres|VerbForm=Fin",
      "Animacy=Inan|Case=Acc|Gender=Masc|Number=Plur|POS=NOUN",
      "Animacy=Inan|Case=Nom|Gender=Masc|Number=Plur|POS=DET|PronType=Int,Rel",
      "Animacy=Inan|Case=Ins|Gender=Masc|Number=Plur|POS=NOUN",
      "Case=Nom|Gender=Neut|Number=Sing|POS=PROPN",
      "Case=Ins|Gender=Neut|Number=Sing|POS=NOUN",
      "Case=Ins|Gender=Neut|Number=Plur|POS=PROPN",
      "Aspect=Imp|Mood=Ind|Number=Plur|POS=AUX|Person=3|Tense=Fut|VerbForm=Fin",
      "Aspect=Imp|Mood=Ind|Number=Sing|POS=VERB|Person=2|Tense=Pres|VerbForm=Fin",
      "Aspect=Imp|Mood=Cnd,Ind|Number=Sing|POS=CCONJ|Person=2|Tense=Pres|Variant=Short|VerbForm=Fin",
      "Aspect=Imp|Mood=Ind|Number=Sing|POS=SCONJ|Person=2|Tense=Pres|Variant=Short|VerbForm=Fin",
      "Animacy=Inan|Case=Acc|Gender=Masc|Number=Sing|POS=DET|PronType=Tot",
      "Aspect=Perf|Mood=Ind|Number=Plur|POS=VERB|Person=1|Tense=Pres|VerbForm=Fin",
      "Animacy=Hum|Case=Acc|Gender=Masc|Number=Sing|POS=PRON|Person=2|PronType=Prs|Variant=Short",
      "Animacy=Nhum|Case=Acc|Gender=Masc|Number=Sing|POS=NOUN",
      "Aspect=Perf|Case=Nom|Gender=Neut|Number=Sing|POS=NOUN|Polarity=Pos|VerbForm=Vnoun",
      "Case=Nom|Degree=Pos|Gender=Neut|Number=Sing|POS=ADJ",
      "AdpType=Prep|Case=Ins|POS=ADP|Variant=Long",
      "Case=Ins|Gender=Neut|Number=Sing|POS=PRON|PronType=Tot",
      "Animacy=Hum|Case=Nom|Gender=Masc|Number=Plur|POS=NOUN",
      "Animacy=Hum|Aspect=Imp|Gender=Masc|Number=Plur|POS=ADJ",
      "Animacy=Hum|Case=Acc|Gender=Masc|Number=Sing|POS=NOUN",
      "Animacy=Hum|Aspect=Perf|Case=Acc|Gender=Masc|Number=Sing|POS=ADJ|Polarity=Pos|VerbForm=Part|Voice=Pass",
      "Aspect=Perf|Case=Loc|Gender=Neut|Number=Sing|POS=NOUN|Polarity=Pos|VerbForm=Vnoun",
      "Animacy=Hum|Case=Gen|Gender=Masc|Number=Sing|POS=PRON|Person=1|PronType=Prs|Variant=Long",
      "Animacy=Hum|Aspect=Imp|Gender=Masc|Number=Plur|POS=VERB|Tense=Past|VerbForm=Part|Voice=Act",
      "Case=Nom|Degree=Pos|Gender=Fem|Number=Plur|POS=ADJ",
      "Aspect=Imp|Mood=Ind|Number=Sing|POS=SCONJ|Person=1|Tense=Pres|Variant=Short|VerbForm=Fin",
      "Animacy=Hum|Case=Acc|Gender=Masc|Number=Plur|POS=PRON|Person=3|PrepCase=Npr|PronType=Prs|Variant=Long",
      "Animacy=Hum|Aspect=Perf|Gender=Masc|Number=Plur|POS=VERB|Tense=Past|VerbForm=Part|Voice=Act",
      "Case=Loc|Gender=Fem|Number=Sing|POS=PRON|Person=3|PrepCase=Pre|PronType=Prs|Variant=Long",
      "Case=Gen|Gender=Neut|Number=Plur|POS=PROPN",
      "Case=Nom|Gender=Neut|Number=Plur|POS=NOUN",
      "Aspect=Imp|Case=Gen|Gender=Neut|Number=Sing|POS=NOUN|Polarity=Pos|VerbForm=Vnoun",
      "Aspect=Perf|Gender=Neut|Number=Plur|POS=AUX|Tense=Past|VerbForm=Part|Voice=Act",
      "Aspect=Perf|Case=Nom|Gender=Neut|Number=Plur|POS=ADJ|Polarity=Pos|VerbForm=Part|Voice=Pass",
      "Animacy=Nhum|Case=Gen|Gender=Masc|Number=Sing|POS=NOUN",
      "Animacy=Nhum|Case=Gen|Degree=Pos|Gender=Masc|Number=Sing|POS=ADJ",
      "Case=Loc|Gender=Fem|Number=Sing|POS=PROPN",
      "Animacy=Hum|Case=Nom|Degree=Pos|Gender=Masc|Number=Plur|POS=ADJ",
      "Animacy=Nhum|Case=Gen|Gender=Masc|Number=Sing|POS=PROPN",
      "Case=Loc|Gender=Neut|Number=Plur|POS=DET|PronType=Int,Rel",
      "Animacy=Hum|Case=Gen|Gender=Masc|Number=Plur|POS=PRON|Person=3|PrepCase=Npr|PronType=Prs|Variant=Long",
      "Animacy=Hum|Case=Ins|Gender=Masc|Number=Sing|POS=NOUN",
      "Aspect=Imp|Mood=Ind|Number=Sing|POS=AUX|Person=3|Tense=Fut|VerbForm=Fin",
      "Hyph=Yes|POS=ADJ",
      "Animacy=Nhum|Case=Nom|Gender=Masc|Number=Sing|POS=PROPN",
      "Case=Loc|Degree=Pos|Gender=Fem|Number=Sing|POS=ADJ",
      "Case=Gen|Degree=Pos|Gender=Neut|Number=Sing|POS=ADJ",
      "Animacy=Inan|Case=Acc|Gender=Masc|Number=Sing|POS=DET|PronType=Int,Rel",
      "Aspect=Perf|Mood=Ind|Number=Plur|POS=VERB|Person=3|Tense=Pres|VerbForm=Fin",
      "Case=Nom|Gender=Fem|Number=Sing|POS=DET|PronType=Tot",
      "Case=Gen|Gender=Fem|Number=Plur|POS=DET|PronType=Dem",
      "Animacy=Hum|Case=Ins|Gender=Masc|Number=Sing|POS=DET|Poss=Yes|PronType=Prs|Reflex=Yes",
      "Animacy=Inan|Case=Nom|Gender=Masc|Number=Sing|POS=PROPN",
      "Case=Acc|Gender=Fem|Number=Plur|POS=NUM",
      "Case=Gen|Degree=Pos|Gender=Fem|Number=Plur|POS=ADJ",
      "Aspect=Perf|Gender=Fem|Number=Plur|POS=VERB|Tense=Past|VerbForm=Part|Voice=Act",
      "Animacy=Hum|Case=Gen|Degree=Pos|Gender=Masc|Number=Plur|POS=ADJ",
      "Case=Loc|Gender=Neut|Number=Plur|POS=NOUN",
      "Case=Loc|Degree=Pos|Gender=Neut|Number=Plur|POS=ADJ",
      "Case=Gen|Gender=Fem|Number=Plur|POS=PRON|Person=3|PrepCase=Pre|PronType=Prs|Variant=Long",
      "Case=Ins|Gender=Neut|Number=Plur|POS=NOUN",
      "Case=Loc|Gender=Fem|Number=Plur|POS=NOUN",
      "Case=Loc|Degree=Pos|Gender=Fem|Number=Plur|POS=ADJ",
      "AdpType=Prep|Case=Dat|POS=ADP",
      "Case=Dat|Gender=Fem|Number=Plur|POS=PRON|Person=3|PrepCase=Pre|PronType=Prs|Variant=Long",
      "Aspect=Imp|Case=Nom|Gender=Neut|Number=Sing|POS=NOUN|Polarity=Pos|VerbForm=Vnoun",
      "Animacy=Inan|Aspect=Perf|Case=Nom|Gender=Masc|Number=Plur|POS=ADJ|Polarity=Pos|VerbForm=Part|Voice=Pass",
      "Case=Acc|Gender=Fem|Number=Sing|POS=DET|Poss=Yes|PronType=Prs|Reflex=Yes",
      "Animacy=Inan|Case=Acc|Gender=Masc|Number=Sing|POS=DET|PronType=Ind",
      "Aspect=Imp|Gender=Fem|Number=Sing|POS=AUX|Tense=Past|VerbForm=Part|Voice=Act",
      "Animacy=Inan|Case=Acc|Gender=Masc|Number=Sing|Number[psor]=Sing|POS=DET|Person=1|Poss=Yes|PronType=Prs",
      "Aspect=Imp|Gender=Neut|Number=Sing|POS=AUX|Tense=Past|VerbForm=Part|Voice=Act",
      "Aspect=Imp|Mood=Ind|Number=Sing|POS=VERB|Person=1|Tense=Pres|VerbForm=Fin",
      "Case=Gen|Gender=Fem|Number=Sing|POS=PRON|Person=3|PrepCase=Npr|PronType=Prs|Variant=Long",
      "Animacy=Inan|Aspect=Imp|Gender=Masc|Number=Sing|POS=AUX|Tense=Past|VerbForm=Part|Voice=Act",
      "Aspect=Imp|Gender=Fem|Number=Sing|POS=VERB|Tense=Past|VerbForm=Part|Voice=Act",
      "Case=Acc|Gender=Neut|Number=Sing|POS=PRON|PronType=Ind",
      "Case=Dat|Gender=Fem|Number=Sing|POS=PRON|Person=3|PrepCase=Npr|PronType=Prs|Variant=Long",
      "Animacy=Nhum|Case=Nom|Gender=Masc|Number=Sing|POS=NOUN",
      "Aspect=Imp|Gender=Fem|Number=Sing|POS=ADJ",
      "Case=Loc|Gender=Fem|Number=Sing|Number[psor]=Plur|POS=DET|Person=1|Poss=Yes|PronType=Prs",
      "Aspect=Imp|Mood=Ind|Number=Plur|POS=AUX|Person=3|Tense=Pres|VerbForm=Fin",
      "Animacy=Hum|Aspect=Perf|Case=Nom|Gender=Masc|Number=Plur|POS=ADJ|Polarity=Pos|VerbForm=Part|Voice=Pass",
      "Animacy=Hum|Case=Acc|Gender=Masc|Number=Sing|POS=PRON|Person=1|PronType=Prs|Variant=Long",
      "Animacy=Hum|Aspect=Imp|Gender=Masc|Mood=Ind|Number=Sing|POS=VERB|Person=2|Tense=Past,Pres|Variant=Long|VerbForm=Fin,Part|Voice=Act",
      "Animacy=Hum|Aspect=Imp|Gender=Masc|Mood=Ind|Number=Sing|POS=AUX|Person=1|Tense=Past,Pres|Variant=Long|VerbForm=Fin,Part|Voice=Act",
      "Animacy=Hum|Aspect=Perf|Case=Nom|Gender=Masc|Number=Sing|POS=ADJ|Polarity=Pos|VerbForm=Part|Voice=Pass",
      "Animacy=Hum|Case=Dat|Gender=Masc|Number=Plur|POS=PRON|Person=3|PrepCase=Pre|PronType=Prs|Variant=Long",
      "Animacy=Hum|Case=Acc|Gender=Masc|Number=Sing|POS=PRON|Person=3|PrepCase=Pre|PronType=Prs|Variant=Long",
      "Animacy=Inan|Case=Gen|Gender=Masc|Number=Plur|POS=PRON|Person=3|PrepCase=Npr|PronType=Prs|Variant=Long",
      "AdpType=Prep|Case=Ins|POS=ADP",
      "Case=Ins|Gender=Neut|Number=Sing|POS=PRON|PronType=Dem",
      "Animacy=Inan|Case=Gen|Gender=Masc|Number=Plur|POS=DET|PronType=Dem",
      "Animacy=Inan|Case=Gen|Degree=Pos|Gender=Masc|Number=Plur|POS=ADJ",
      "Case=Acc|Gender=Fem|Number=Sing|POS=DET|PronType=Dem",
      "Case=Acc|Gender=Fem|Number=Sing|Number[psor]=Sing|POS=DET|Person=1|Poss=Yes|PronType=Prs",
      "Case=Ins|Degree=Pos|Gender=Neut|Number=Sing|POS=ADJ",
      "Aspect=Perf|Case=Ins|Gender=Neut|Number=Sing|POS=NOUN|Polarity=Pos|VerbForm=Vnoun",
      "Case=Gen|Gender=Fem|Number=Sing|POS=PRON|Person=3|PrepCase=Pre|PronType=Prs|Variant=Long",
      "Animacy=Hum|Case=Dat|Gender=Masc|Number=Plur|POS=PRON|Person=3|PrepCase=Npr|PronType=Prs|Variant=Long",
      "Animacy=Inan|Case=Gen|Gender=Masc|Number=Plur|POS=NUM",
      "Case=Loc|Gender=Neut|Number=Sing|POS=PRON|PronType=Dem",
      "Animacy=Hum|Case=Nom|Gender=Masc|Number=Sing|POS=DET|PronType=Dem",
      "Animacy=Hum|Case=Acc|Degree=Pos|Gender=Masc|Number=Sing|POS=ADJ",
      "Case=Dat|Gender=Fem|Number=Plur|POS=DET|Poss=Yes|PronType=Prs|Reflex=Yes",
      "Case=Dat|Gender=Fem|Number=Plur|POS=NOUN",
      "Case=Acc|Gender=Neut|Number=Plur|POS=PRON|Person=3|PrepCase=Npr|PronType=Prs|Variant=Long",
      "Case=Loc|Degree=Pos|Gender=Neut|Number=Sing|POS=ADJ",
      "Case=Loc|Gender=Neut|Number=Sing|POS=PROPN",
      "Case=Nom|Number=Plur|POS=NUM",
      "Case=Dat|Gender=Fem|Number=Plur|POS=DET|PronType=Dem",
      "Case=Nom|Gender=Neut|Number=Sing|POS=PRON|PronType=Tot",
      "Animacy=Inan|Case=Loc|Gender=Masc|Number=Plur|POS=PRON|Person=3|PrepCase=Pre|PronType=Prs|Variant=Long",
      "Case=Nom|Gender=Fem|Number=Plur|POS=DET|PronType=Int,Rel",
      "Case=Acc|Degree=Pos|Gender=Neut|Number=Sing|POS=ADJ",
      "Case=Acc|Gender=Neut|Number=Sing|POS=PROPN",
      "Aspect=Imp|Case=Loc|Gender=Neut|Number=Sing|POS=NOUN|Polarity=Pos|VerbForm=Vnoun",
      "Animacy=Hum|Aspect=Imp|Gender=Masc|Number=Sing|POS=AUX|Tense=Past|VerbForm=Part|Voice=Act",
      "Animacy=Hum|Case=Nom|Degree=Sup|Gender=Masc|Number=Sing|POS=ADJ",
      "Case=Gen|Gender=Neut|Number=Sing|POS=DET|PronType=Dem",
      "Animacy=Hum|Case=Nom|Gender=Masc|Number=Sing|POS=PRON|Person=3|PrepCase=Npr|PronType=Prs|Variant=Long",
      "Aspect=Imp|Mood=Cnd|POS=AUX|VerbForm=Fin",
      "Case=Ins|Gender=Fem|Number=Plur|POS=NOUN",
      "Aspect=Imp|POS=VERB|Tense=Pres|VerbForm=Conv",
      "Animacy=Inan|Case=Acc|Degree=Pos|Gender=Masc|Number=Plur|POS=ADJ",
      "Aspect=Imp|Mood=Ind|Number=Sing|POS=AUX|Person=1|Tense=Fut|VerbForm=Fin",
      "Case=Dat|Gender=Neut|Number=Sing|POS=NOUN",
      "Case=Gen|Gender=Fem|Number=Sing|POS=DET|PronType=Dem",
      "Animacy=Inan|Case=Ins|Gender=Masc|Number=Plur|POS=DET|PronType=Tot",
      "AdpType=Prep|Case=Gen|POS=ADP|Variant=Long",
      "Aspect=Perf|Case=Gen|Gender=Neut|Number=Sing|POS=NOUN|Polarity=Pos|VerbForm=Vnoun",
      "Animacy=Inan|Case=Acc|Gender=Masc|Number=Plur|POS=NUM",
      "Case=Loc|Gender=Fem|Number=Plur|POS=NUM",
      "Animacy=Hum|Case=Dat|Degree=Pos|Gender=Masc|Number=Sing|POS=ADJ",
      "Animacy=Hum|Case=Dat|Gender=Masc|Number=Sing|POS=NOUN",
      "Animacy=Inan|Case=Gen|Gender=Masc|Number=Sing|POS=DET|PronType=Dem",
      "Case=Acc|Gender=Fem|NumType=Card|Number=Plur|POS=DET|PronType=Ind",
      "Aspect=Imp|Mood=Ind|Number=Plur|POS=VERB|Person=1|Tense=Pres|VerbForm=Fin",
      "Animacy=Inan|Case=Dat|Gender=Masc|Number=Sing|POS=NOUN",
      "Aspect=Imp|Mood=Imp|Number=Plur|POS=VERB|Person=1|VerbForm=Fin",
      "Degree=Sup|POS=ADV",
      "Animacy=Hum|Case=Nom|Gender=Masc|Number=Sing|POS=PRON|PronType=Neg",
      "Animacy=Hum|Case=Gen|Gender=Masc|Number=Plur|POS=PRON|Person=1|PronType=Prs",
      "Animacy=Inan|Case=Dat|Gender=Masc|Number=Sing|POS=PROPN",
      "Aspect=Perf|Gender=Neut|Number=Plur|POS=VERB|Tense=Past|VerbForm=Part|Voice=Act",
      "Case=Loc|Gender=Neut|Number=Plur|POS=PRON|Person=3|PrepCase=Pre|PronType=Prs|Variant=Long",
      "Case=Loc|Gender=Fem|Number=Sing|POS=DET|PronType=Dem",
      "Animacy=Nhum|Case=Gen|Gender=Masc|Number=Plur|POS=NUM",
      "Animacy=Nhum|Case=Gen|Gender=Masc|Number=Plur|POS=NOUN",
      "Animacy=Hum|Aspect=Imp|Case=Gen|Gender=Masc|Number=Plur|POS=ADJ|Polarity=Pos|Tense=Pres|VerbForm=Part|Voice=Act",
      "Case=Ins|Gender=Fem|Number=Sing|POS=DET|PronType=Dem",
      "Animacy=Hum|Case=Nom|Gender=Masc|Number=Sing|POS=DET|PronType=Tot",
      "Animacy=Hum|Case=Nom|Gender=Masc|Number=Plur|POS=DET|PronType=Int,Rel",
      "Animacy=Hum|Case=Gen|Gender=Masc|Number=Plur|POS=NUM",
      "Animacy=Hum|Case=Nom|Gender=Masc|Number=Sing|POS=PRON|PronType=Ind",
      "Animacy=Hum|Case=Gen|Gender=Masc|Number=Plur|POS=PRON|Person=3|PrepCase=Pre|PronType=Prs|Variant=Long",
      "Case=Gen|Gender=Neut|Number=Plur|POS=DET|Poss=Yes|PronType=Prs|Reflex=Yes",
      "Aspect=Perf|Case=Acc|Gender=Neut|Number=Plur|POS=ADJ|Polarity=Pos|VerbForm=Part|Voice=Pass",
      "Animacy=Inan|Aspect=Imp|Gender=Masc|Number=Sing|POS=VERB|Tense=Past|VerbForm=Part|Voice=Act",
      "Case=Dat|Gender=Neut|Number=Plur|POS=NOUN",
      "Aspect=Imp|Case=Acc|Gender=Neut|Number=Sing|POS=NOUN|Polarity=Pos|VerbForm=Vnoun",
      "Animacy=Hum|Case=Acc|Gender=Masc|Number=Plur|POS=NOUN",
      "Aspect=Perf|Case=Nom|Gender=Fem|Number=Sing|POS=ADJ|Polarity=Pos|VerbForm=Part|Voice=Pass",
      "Aspect=Perf|Mood=Ind|Number=Plur|POS=VERB|Person=2|Tense=Pres|VerbForm=Fin",
      "Animacy=Hum|Case=Ins|Gender=Masc|Number=Sing|POS=PROPN",
      "Case=Loc|Gender=Neut|Number=Sing|POS=DET|PronType=Dem",
      "Case=Acc|Gender=Neut|Number=Sing|POS=PRON|PronType=Dem",
      "Animacy=Hum|Case=Gen|Gender=Masc|Number=Sing|POS=PRON|Person=3|PrepCase=Npr|PronType=Prs|Variant=Long",
      "Aspect=Imp|Case=Ins|Gender=Neut|Number=Sing|POS=NOUN|Polarity=Pos|VerbForm=Vnoun",
      "Case=Gen|Gender=Neut|Number=Sing|POS=PRON|PronType=Dem",
      "Animacy=Hum|Case=Gen|Gender=Masc|Number=Sing|POS=PRON|Person=3|PrepCase=Npr|PronType=Prs|Variant=Short",
      "Case=Nom|Gender=Fem|Number=Plur|POS=NUM",
      "Animacy=Inan|Aspect=Imp|Case=Gen|Gender=Masc|Number=Sing|POS=ADJ|Polarity=Pos|Tense=Pres|VerbForm=Part|Voice=Act",
      "Animacy=Hum|Aspect=Imp,Perf|Gender=Masc|Mood=Ind|Number=Plur|POS=VERB|Person=1|Tense=Past,Pres|Variant=Short|VerbForm=Fin,Part|Voice=Act",
      "Animacy=Hum|Case=Acc|Gender=Masc|Number=Sing|POS=PROPN",
      "Case=Acc|Gender=Neut|Number=Plur|POS=DET|PronType=Dem",
      "Case=Gen|Gender=Neut|Number=Sing|POS=PRON|Person=3|PrepCase=Npr|PronType=Prs|Variant=Short",
      "Case=Acc|Gender=Neut|Number=Sing|POS=PRON|PronType=Int,Rel",
      "Animacy=Hum|Case=Nom|Gender=Masc|Number=Plur|POS=PROPN",
      "Animacy=Hum|Case=Nom|Gender=Masc|Number=Plur|POS=NUM",
      "Aspect=Perf|Mood=Ind|Number=Sing|POS=AUX|Person=3|Tense=Pres|VerbForm=Fin",
      "Case=Nom|Gender=Fem|Number=Sing|POS=DET|PronType=Dem",
      "Animacy=Inan|Case=Loc|Degree=Sup|Gender=Masc|Number=Plur|POS=ADJ",
      "Animacy=Inan|Aspect=Imp|Case=Loc|Gender=Masc|Number=Sing|POS=ADJ|Polarity=Pos|VerbForm=Part|Voice=Pass",
      "Aspect=Perf|Case=Acc|Gender=Neut|Number=Sing|POS=NOUN|Polarity=Pos|VerbForm=Vnoun",
      "Aspect=Imp|Case=Acc|Gender=Fem|Number=Sing|POS=ADJ|Polarity=Pos|Tense=Pres|VerbForm=Part|Voice=Act",
      "Aspect=Perf|Case=Loc|Gender=Neut|Number=Plur|POS=ADJ|Polarity=Pos|VerbForm=Part|Voice=Pass",
      "Animacy=Inan|Case=Nom|Gender=Masc|Number=Plur|POS=NUM",
      "Case=Nom|Gender=Neut|Number=Sing|Number[psor]=Plur|POS=DET|Person=1|Poss=Yes|PronType=Prs",
      "Animacy=Inan|Case=Acc|Gender=Masc|Number=Sing|POS=DET|Poss=Yes|PronType=Prs|Reflex=Yes",
      "Case=Nom|Gender=Fem|Number=Sing|POS=DET|PronType=Int,Rel",
      "Animacy=Hum|Case=Gen|Gender=Masc|Number=Sing|POS=DET|Poss=Yes|PronType=Prs|Reflex=Yes",
      "Animacy=Hum|Case=Nom|Gender=Masc|Number=Plur|POS=PRON|PronType=Tot",
      "Animacy=Hum|Case=Gen|Gender=Masc|Number=Plur|POS=DET|Poss=Yes|PronType=Prs|Reflex=Yes",
      "Animacy=Inan|Case=Nom|Gender=Masc|Number=Sing|POS=DET|PronType=Dem",
      "Animacy=Inan|Aspect=Imp|Case=Nom|Gender=Masc|Number=Sing|POS=ADJ|Polarity=Pos|VerbForm=Part|Voice=Pass",
      "Animacy=Nhum|Case=Acc|Gender=Masc|Number=Plur|POS=NUM",
      "Case=Dat|Gender=Neut|Number=Sing|POS=PRON|PronType=Dem",
      "Animacy=Hum|Case=Dat|Gender=Masc|Number=Sing|POS=PRON|Person=3|PrepCase=Npr|PronType=Prs|Variant=Short",
      "Animacy=Inan|Aspect=Perf|Case=Nom|Gender=Masc|Number=Sing|POS=ADJ|Polarity=Pos|VerbForm=Part|Voice=Pass",
      "Animacy=Hum|Case=Acc|Gender=Masc|Number=Sing|POS=PRON|Person=3|PrepCase=Npr|PronType=Prs|Variant=Short",
      "Aspect=Imp|Case=Nom|Gender=Neut|Number=Sing|POS=ADJ|Polarity=Pos|VerbForm=Part|Voice=Pass",
      "Aspect=Perf|Case=Loc|Gender=Fem|Number=Sing|POS=ADJ|Polarity=Pos|VerbForm=Part|Voice=Pass",
      "Animacy=Hum|Aspect=Imp|Case=Gen|Gender=Masc|Number=Sing|POS=ADJ|Polarity=Pos|Tense=Pres|VerbForm=Part|Voice=Act",
      "Case=Gen|Gender=Neut|Number=Sing|POS=PRON|PronType=Ind",
      "Animacy=Nhum|Case=Nom|Degree=Pos|Gender=Masc|Number=Sing|POS=ADJ",
      "Animacy=Hum|Case=Dat|Gender=Masc|Number=Sing|POS=PROPN",
      "Animacy=Nhum|Aspect=Perf|Gender=Masc|Number=Sing|POS=VERB|Tense=Past|VerbForm=Part|Voice=Act",
      "Animacy=Nhum|Case=Nom|Gender=Masc|Number=Plur|POS=NOUN",
      "Animacy=Nhum|Aspect=Imp|Gender=Masc|Number=Plur|POS=VERB|Tense=Past|VerbForm=Part|Voice=Act",
      "Animacy=Hum|Aspect=Perf|Case=Gen|Gender=Masc|Number=Sing|POS=ADJ|Polarity=Pos|VerbForm=Part|Voice=Pass",
      "Aspect=Imp|Case=Nom|Gender=Fem|Number=Sing|POS=ADJ|Polarity=Neg|VerbForm=Part|Voice=Pass",
      "Animacy=Nhum|Case=Acc|Degree=Pos|Gender=Masc|Number=Sing|POS=ADJ",
      "Animacy=Hum|Aspect=Imp|Gender=Masc|Mood=Ind|Number=Plur|POS=VERB|Person=1|Tense=Past,Pres|Variant=Short|VerbForm=Fin,Part|Voice=Act",
      "Case=Loc|Gender=Fem|Number=Sing|POS=DET|PronType=Tot",
      "Aspect=Perf|Gender=Fem|Number=Sing|POS=AUX|Tense=Past|VerbForm=Part|Voice=Act",
      "Animacy=Inan|Case=Ins|Degree=Pos|Gender=Masc|Number=Plur|POS=ADJ",
      "Case=Loc|Gender=Neut|Number=Plur|POS=PROPN",
      "Aspect=Perf|Case=Dat|Gender=Neut|Number=Sing|POS=NOUN|Polarity=Pos|VerbForm=Vnoun",
      "Case=Acc|Gender=Fem|Number=Plur|POS=PROPN",
      "Animacy=Hum|Case=Ins|Gender=Masc|Number=Plur|POS=NOUN",
      "Case=Acc|Gender=Neut|Number=Sing|POS=DET|PronType=Ind",
      "Animacy=Inan|Case=Nom|Gender=Masc|Number=Plur|POS=DET|PronType=Dem",
      "Animacy=Inan|Case=Nom|Gender=Masc|Number=Plur|POS=DET|PronType=Tot",
      "Animacy=Hum|Case=Nom|Gender=Masc|Number=Plur|POS=PRON|Person=1|PronType=Prs",
      "Aspect=Imp|Mood=Ind|Number=Plur|POS=AUX|Person=1|Tense=Pres|VerbForm=Fin",
      "Aspect=Imp|Mood=Ind|Number=Sing|POS=AUX|Person=1|Tense=Pres|VerbForm=Fin",
      "Animacy=Inan|Case=Acc|Gender=Masc|Number=Sing|POS=DET|PronType=Dem",
      "Animacy=Inan|Case=Nom|Gender=Masc|Number=Sing|Number[psor]=Sing|POS=DET|Person=1|Poss=Yes|PronType=Prs",
      "Animacy=Hum|Case=Ins|Gender=Masc|Number=Sing|POS=PRON|Person=1|PronType=Prs",
      "Animacy=Hum|Case=Nom|Gender=Masc|Number=Sing|POS=DET|PronType=Int,Rel",
      "AdpType=Prep|Case=Loc|POS=ADP|Variant=Long",
      "Animacy=Inan|Case=Gen|Gender=Masc|Number=Sing|POS=PRON|Person=3|PrepCase=Pre|PronType=Prs|Variant=Long",
      "Case=Nom|Gender=Neut|Number=Sing|POS=PRON|PronType=Neg",
      "Animacy=Nhum|Case=Dat|Gender=Masc|Number=Sing|POS=PRON|Person=3|PrepCase=Npr|PronType=Prs|Variant=Short",
      "Animacy=Inan|Case=Loc|Gender=Masc|Number=Sing|POS=DET|PronType=Tot",
      "Case=Ins|Gender=Fem|Number=Sing|POS=PRON|Person=3|PrepCase=Pre|PronType=Prs|Variant=Long",
      "Animacy=Inan|Aspect=Perf|Gender=Masc|Number=Sing|POS=AUX|Tense=Past|VerbForm=Part|Voice=Act",
      "Animacy=Hum|Case=Ins|Degree=Pos|Gender=Masc|Number=Sing|POS=ADJ",
      "Animacy=Hum|Aspect=Perf|Gender=Masc|Number=Sing|POS=AUX|Tense=Past|VerbForm=Part|Voice=Act",
      "Case=Acc|Gender=Fem|Number=Sing|POS=PROPN",
      "Animacy=Inan|Case=Gen|Gender=Masc|Number=Plur|Number[psor]=Plur|POS=DET|Person=1|Poss=Yes|PronType=Prs",
      "Animacy=Inan|Aspect=Imp|Case=Acc|Gender=Masc|Number=Sing|POS=ADJ|Polarity=Pos|VerbForm=Part|Voice=Pass",
      "Animacy=Hum|Aspect=Imp|Case=Dat|Gender=Masc|Number=Sing|POS=ADJ|Polarity=Pos|VerbForm=Part|Voice=Pass",
      "Case=Ins|Gender=Neut|Number=Sing|POS=PRON|PronType=Int,Rel",
      "Animacy=Nhum|Case=Nom|Gender=Masc|Number=Plur|Number[psor]=Plur|POS=DET|Person=1|Poss=Yes|PronType=Prs",
      "Animacy=Nhum|Case=Nom|Gender=Masc|Number=Plur|POS=PROPN",
      "Aspect=Imp|Case=Gen|Gender=Neut|Number=Sing|POS=ADJ|Polarity=Pos|VerbForm=Part|Voice=Pass",
      "Case=Acc|Gender=Neut|Number=Sing|POS=PRON|Person=3|PrepCase=Pre|PronType=Prs|Variant=Long",
      "Aspect=Perf|Case=Loc|Gender=Neut|Number=Sing|POS=ADJ|Polarity=Pos|VerbForm=Part|Voice=Pass",
      "Animacy=Nhum|Case=Acc|Gender=Masc|Number=Plur|POS=NOUN",
      "Aspect=Imp|Gender=Neut|Number=Sing|POS=ADJ",
      "Animacy=Hum|Case=Nom|Gender=Masc|Number=Sing|Number[psor]=Sing|POS=DET|Person=1|Poss=Yes|PronType=Prs",
      "Case=Gen|Gender=Fem|Number=Plur|POS=ADJ",
      "Animacy=Hum|Case=Acc|Gender=Masc|Number=Plur|POS=NUM",
      "Aspect=Perf|Case=Acc|Gender=Fem|Number=Plur|POS=ADJ|Polarity=Pos|VerbForm=Part|Voice=Pass",
      "Animacy=Hum|Case=Nom|Gender=Masc|Number=Plur|POS=PRON|Person=3|PrepCase=Npr|PronType=Prs|Variant=Long",
      "Aspect=Imp|Case=Acc|Gender=Neut|Number=Plur|POS=ADJ|Polarity=Pos|Tense=Pres|VerbForm=Part|Voice=Act",
      "Case=Dat|Gender=Fem|Number=Sing|POS=NOUN",
      "Aspect=Imp|Case=Dat|Gender=Fem|Number=Sing|POS=ADJ|Polarity=Pos|Tense=Pres|VerbForm=Part|Voice=Act",
      "Animacy=Inan|Aspect=Perf|Case=Nom|Gender=Masc|Number=Sing|POS=ADJ|Polarity=Neg|VerbForm=Part|Voice=Pass",
      "Case=Nom|Gender=Fem|Number=Plur|Number[psor]=Plur|POS=DET|Person=1|Poss=Yes|PronType=Prs",
      "Case=Nom|Gender=Neut|Number=Sing|POS=DET|PronType=Dem",
      "Case=Nom|Degree=Sup|Gender=Fem|Number=Plur|POS=ADJ",
      "Case=Acc|Gender=Neut|Number=Sing|POS=PRON|PronType=Neg",
      "Animacy=Inan|Case=Nom|Gender=Masc|Number=Sing|POS=DET|PronType=Int,Rel",
      "Animacy=Hum|Case=Nom|Gender=Masc|Number=Plur|POS=DET|PronType=Tot",
      "Animacy=Inan|Aspect=Imp|Gender=Masc|Number=Plur|POS=AUX|Tense=Past|VerbForm=Part|Voice=Act",
      "Animacy=Inan|Case=Nom|Gender=Masc|Number=Plur|POS=ADJ",
      "Case=Acc|POS=PRON|PronType=Prs|Reflex=Yes",
      "Case=Gen|Gender=Fem|Number=Plur|POS=PRON|Person=3|PrepCase=Npr|PronType=Prs|Variant=Long",
      "Case=Ins|Degree=Pos|Gender=Fem|Number=Plur|POS=ADJ",
      "Animacy=Hum|Case=Dat|Gender=Masc|Number=Plur|POS=PRON|Person=1|PronType=Prs",
      "Animacy=Hum|Case=Ins|Gender=Masc|Number=Sing|POS=PRON|PronType=Int,Rel",
      "Animacy=Hum|Aspect=Imp,Perf|Gender=Masc|Mood=Cnd|Number=Sing|POS=VERB|Tense=Past|VerbForm=Fin,Part|Voice=Act",
      "Case=Acc|Gender=Neut|Number=Sing|POS=DET|Poss=Yes|PronType=Prs|Reflex=Yes",
      "Case=Ins|Gender=Fem|Number=Sing|POS=DET|PronType=Ind",
      "Case=Gen|Gender=Neut|Number=Sing|POS=PRON|PronType=Int,Rel",
      "Animacy=Hum|Case=Loc|Gender=Masc|Number=Sing|POS=PROPN",
      "Case=Gen|Gender=Fem|NumType=Card|Number=Plur|POS=DET|PronType=Ind",
      "Animacy=Inan|Aspect=Imp|Gender=Masc|Mood=Cnd|Number=Plur|POS=VERB|Tense=Past|VerbForm=Fin,Part|Voice=Act",
      "Case=Dat|Degree=Pos|Gender=Fem|Number=Sing|POS=ADJ",
      "Animacy=Hum|Case=Nom|Gender=Masc|Number=Plur|POS=DET|PronType=Ind",
      "Aspect=Perf|Mood=Ind|Number=Sing|POS=VERB|Person=2|Tense=Pres|VerbForm=Fin",
      "Case=Acc|Gender=Fem|Number=Sing|POS=DET|PronType=Ind",
      "Case=Nom|Gender=Fem|Number=Sing|POS=DET|PronType=Ind",
      "Case=Acc|Gender=Neut|Number=Sing|POS=DET|PronType=Dem",
      "Animacy=Hum|Case=Gen|Gender=Masc|Number=Plur|POS=PROPN",
      "Case=Loc|Gender=Fem|NumType=Card|Number=Plur|POS=DET|PronType=Ind",
      "Case=Dat|Degree=Pos|Gender=Fem|Number=Plur|POS=ADJ",
      "Aspect=Imp|Gender=Neut|Number=Plur|POS=AUX|Tense=Past|VerbForm=Part|Voice=Act",
      "Case=Nom|Degree=Sup|Gender=Neut|Number=Plur|POS=ADJ",
      "Animacy=Hum|Aspect=Imp|Case=Nom|Gender=Masc|Number=Sing|POS=ADJ|Polarity=Pos|Tense=Pres|VerbForm=Part|Voice=Act",
      "Case=Ins|Gender=Fem|Number=Sing|POS=PRON|Person=1|PronType=Prs",
      "Animacy=Inan|Case=Ins|Gender=Masc|Number=Plur|POS=NUM",
      "Animacy=Nhum|Case=Ins|Gender=Masc|Number=Sing|POS=PRON|Person=3|PrepCase=Pre|PronType=Prs|Variant=Long",
      "Case=Loc|Gender=Fem|Number=Plur|POS=DET|PronType=Int,Rel",
      "Aspect=Imp|Gender=Fem|Number=Plur|POS=AUX|Tense=Past|VerbForm=Part|Voice=Act",
      "Case=Gen|Gender=Fem|Number=Sing|POS=DET|PronType=Int,Rel",
      "Animacy=Nhum|Case=Acc|Gender=Masc|Number=Sing|POS=PRON|Person=3|PrepCase=Npr|PronType=Prs|Variant=Short",
      "Animacy=Hum|Case=Acc|Gender=Masc|Number=Sing|POS=ADJ",
      "Animacy=Nhum|Aspect=Imp|Gender=Masc|Number=Sing|POS=VERB|Tense=Past|VerbForm=Part|Voice=Act",
      "Animacy=Hum|Case=Dat|Degree=Sup|Gender=Masc|Number=Plur|POS=ADJ",
      "Animacy=Hum|Case=Dat|Degree=Pos|Gender=Masc|Number=Plur|POS=ADJ",
      "Animacy=Nhum|Aspect=Imp|Gender=Masc|Mood=Cnd|Number=Sing|POS=AUX|Tense=Past|VerbForm=Fin,Part|Voice=Act",
      "Animacy=Hum|Case=Acc|Degree=Pos|Gender=Masc|Number=Plur|POS=ADJ",
      "Case=Acc|Gender=Fem|Number=Sing|POS=PRON|Person=1|PronType=Prs|Variant=Long",
      "Animacy=Nhum|Case=Nom|Gender=Masc|Number=Plur|POS=NUM",
      "Aspect=Imp|Gender=Fem|Mood=Ind|Number=Sing|POS=VERB|Person=1|Tense=Past,Pres|Variant=Short|VerbForm=Fin,Part|Voice=Act",
      "Aspect=Imp,Perf|Gender=Fem|Mood=Ind|Number=Sing|POS=VERB|Person=1|Tense=Past,Pres|Variant=Short|VerbForm=Fin,Part|Voice=Act",
      "Animacy=Nhum|Case=Gen|Degree=Pos|Gender=Masc|Number=Plur|POS=ADJ",
      "Animacy=Inan|Aspect=Imp|Case=Gen|Gender=Masc|Number=Plur|POS=ADJ|Polarity=Pos|Tense=Pres|VerbForm=Part|Voice=Act",
      "Animacy=Inan|Aspect=Perf|Case=Gen|Gender=Masc|Number=Plur|POS=ADJ|Polarity=Pos|VerbForm=Part|Voice=Pass",
      "Animacy=Inan|Aspect=Imp,Perf|Gender=Masc|Mood=Cnd|Number=Sing|POS=VERB|Tense=Past|VerbForm=Fin,Part|Voice=Act",
      "Aspect=Perf|POS=VERB|Tense=Past|VerbForm=Conv",
      "Case=Acc|Gender=Fem|Number=Sing|POS=ADJ",
      "Case=Ins|Gender=Fem|Number=Sing|POS=PROPN",
      "Animacy=Inan|Aspect=Imp|Case=Nom|Gender=Masc|Number=Plur|POS=ADJ|Polarity=Pos|Tense=Pres|VerbForm=Part|Voice=Act",
      "Aspect=Perf|Mood=Imp|Number=Sing|POS=VERB|Person=2|VerbForm=Fin",
      "Case=Voc|Gender=Fem|Number=Sing|POS=PROPN",
      "Case=Acc|Gender=Neut|Number=Sing|POS=DET|PronType=Int,Rel",
      "Animacy=Inan|Case=Dat|Degree=Pos|Gender=Masc|Number=Plur|POS=ADJ",
      "Animacy=Inan|Case=Dat|Gender=Masc|Number=Plur|POS=NOUN",
      "Case=Gen|Gender=Fem|Number=Sing|POS=DET|Poss=Yes|PronType=Prs|Reflex=Yes",
      "Case=Acc|Gender=Fem|Number=Plur|POS=DET|Poss=Yes|PronType=Prs|Reflex=Yes",
      "Animacy=Inan|Case=Gen|Gender=Masc|Number=Sing|POS=DET|Poss=Yes|PronType=Prs|Reflex=Yes",
      "Case=Ins|POS=PRON|PronType=Prs|Reflex=Yes",
      "Case=Ins|Gender=Fem|Number=Sing|POS=DET|Poss=Yes|PronType=Prs|Reflex=Yes",
      "Animacy=Inan|Case=Ins|Gender=Masc|Number=Sing|POS=PROPN",
      "Case=Acc|Gender=Neut|Number=Sing|POS=ADJ",
      "Animacy=Hum|Case=Loc|Gender=Masc|Number=Plur|POS=NOUN",
      "Aspect=Imp|Case=Loc|Gender=Fem|Number=Plur|POS=ADJ|Polarity=Pos|Tense=Pres|VerbForm=Part|Voice=Act",
      "Case=Acc|Gender=Fem|Number=Plur|POS=ADJ",
      "Case=Ins|Degree=Sup|Gender=Fem|Number=Sing|POS=ADJ",
      "Aspect=Perf|Case=Gen|Gender=Neut|Number=Sing|POS=ADJ|Polarity=Pos|VerbForm=Part|Voice=Pass",
      "Case=Nom|Degree=Sup|Gender=Fem|Number=Sing|POS=ADJ",
      "Case=Nom|Degree=Pos|Gender=Neut|Number=Plur|POS=ADJ",
      "Animacy=Hum|Case=Acc|Gender=Masc|Number=Plur|POS=ADJ",
      "Animacy=Hum|Case=Nom|Gender=Masc|Number=Sing|POS=PRON|Person=1|PronType=Prs",
      "Animacy=Hum|Aspect=Imp|Case=Nom|Gender=Masc|Number=Sing|POS=ADJ|Polarity=Pos|VerbForm=Part|Voice=Pass",
      "Animacy=Hum|Aspect=Imp|Case=Nom|Gender=Masc|Number=Plur|POS=ADJ|Polarity=Pos|VerbForm=Part|Voice=Pass",
      "Case=Loc|Gender=Neut|Number=Sing|POS=PRON|PronType=Neg",
      "Case=Nom|Gender=Fem|Number=Sing|POS=PRON|Person=3|PrepCase=Npr|PronType=Prs|Variant=Long",
      "Animacy=Inan|Aspect=Imp|Case=Acc|Gender=Masc|Number=Plur|POS=ADJ|Polarity=Pos|Tense=Pres|VerbForm=Part|Voice=Act",
      "Case=Dat|Gender=Neut|Number=Sing|POS=PRON|PronType=Int,Rel",
      "Case=Loc|Gender=Neut|Number=Plur|POS=DET|PronType=Ind",
      "Animacy=Inan|Case=Loc|Degree=Pos|Gender=Masc|Number=Plur|POS=ADJ",
      "Animacy=Hum|Aspect=Imp|Gender=Masc|Mood=Cnd|Number=Sing|POS=VERB|Tense=Past|VerbForm=Fin,Part|Voice=Act",
      "Case=Acc|Gender=Neut|NumType=Card|Number=Plur|POS=DET|PronType=Ind",
      "Animacy=Hum|Case=Dat|Gender=Masc|Number=Sing|POS=PRON|Person=2|PronType=Prs|Variant=Long",
      "Animacy=Hum|Case=Dat|Gender=Masc|Number=Sing|POS=PRON|Person=1|PronType=Prs|Variant=Short",
      "POS=PRON|PronType=Prs|Reflex=Yes|Typo=Yes",
      "Animacy=Hum|Case=Nom|Gender=Masc|Number=Sing|POS=PRON|PronType=Int,Rel",
      "Animacy=Hum|Aspect=Imp,Perf|Gender=Masc|Mood=Ind|Number=Sing|POS=VERB|Person=2|Tense=Past,Pres|Variant=Long|VerbForm=Fin,Part|Voice=Act",
      "Case=Gen|Gender=Fem|Number=Sing|Number[psor]=Plur|POS=DET|Person=1|Poss=Yes|PronType=Prs",
      "Aspect=Imp|Mood=Ind|Number=Plur|POS=AUX|Person=2|Tense=Pres|VerbForm=Fin",
      "Aspect=Perf|Mood=Imp|Number=Plur|POS=VERB|Person=2|VerbForm=Fin",
      "Case=Acc|Gender=Neut|Number=Plur|POS=NUM",
      "Case=Loc|Gender=Neut|Number=Sing|POS=DET|PronType=Int,Rel",
      "Animacy=Nhum|Case=Nom|Gender=Masc|Number=Plur|POS=DET|PronType=Tot",
      "Animacy=Inan|Case=Loc|Gender=Masc|Number=Sing|POS=DET|PronType=Dem",
      "Case=Nom|Gender=Fem|Number=Plur|POS=DET|PronType=Ind",
      "Case=Ins|Gender=Neut|Number=Sing|POS=DET|Poss=Yes|PronType=Prs|Reflex=Yes",
      "Case=Ins|Gender=Neut|Number=Sing|POS=PROPN",
      "Aspect=Imp|Case=Loc|Gender=Neut|Number=Plur|POS=ADJ|Polarity=Pos|Tense=Pres|VerbForm=Part|Voice=Act",
      "Animacy=Hum|Case=Dat|Gender=Masc|Number=Plur|POS=PRON|Person=2|PronType=Prs",
      "Animacy=Nhum|Case=Acc|Gender=Masc|Number=Sing|POS=PROPN",
      "Animacy=Hum|Aspect=Imp|Gender=Masc|Mood=Ind|Number=Plur|POS=VERB|Person=2|Tense=Past,Pres|Variant=Short|VerbForm=Fin,Part|Voice=Act",
      "Aspect=Imp|Mood=Imp|Number=Plur|POS=VERB|Person=2|VerbForm=Fin",
      "Animacy=Hum|Case=Acc|Gender=Masc|Number=Plur|POS=PRON|Person=2|PronType=Prs",
      "Animacy=Hum|Case=Acc|Gender=Masc|Number=Plur|POS=DET|PronType=Tot",
      "Animacy=Hum|Case=Ins|Gender=Masc|Number=Plur|POS=PRON|Person=2|PronType=Prs",
      "Animacy=Hum|Case=Gen|Gender=Masc|Number=Sing|POS=PRON|Person=3|PrepCase=Pre|PronType=Prs|Variant=Long",
      "Aspect=Perf|Case=Gen|Gender=Fem|Number=Plur|POS=ADJ|Polarity=Pos|VerbForm=Part|Voice=Pass",
      "Animacy=Hum|Case=Nom|Gender=Masc|Number=Sing|POS=DET|PronType=Ind",
      "Animacy=Hum|Aspect=Imp|Gender=Masc|Mood=Cnd|Number=Sing|POS=AUX|Tense=Past|VerbForm=Fin,Part|Voice=Act",
      "Animacy=Hum|Aspect=Perf|Case=Gen|Gender=Masc|Number=Plur|POS=ADJ|Polarity=Pos|VerbForm=Part|Voice=Pass",
      "Aspect=Imp|Case=Acc|Gender=Fem|Number=Plur|POS=ADJ|Polarity=Pos|Tense=Pres|VerbForm=Part|Voice=Act",
      "Animacy=Inan|Case=Gen|Gender=Masc|Number=Sing|POS=DET|PronType=Int,Rel",
      "Case=Acc|Gender=Fem|Number=Plur|POS=DET|PronType=Tot",
      "Aspect=Imp|Gender=Neut|Number=Plur|POS=VERB|Tense=Past|VerbForm=Part|Voice=Act",
      "Animacy=Inan|Case=Nom|Gender=Masc|Number=Sing|POS=DET|PronType=Neg",
      "Case=Gen|Degree=Sup|Gender=Neut|Number=Plur|POS=ADJ",
      "Animacy=Inan|Aspect=Imp|Case=Nom|Gender=Masc|Number=Sing|POS=ADJ|Polarity=Pos|Tense=Pres|VerbForm=Part|Voice=Act",
      "Case=Gen|Gender=Fem|Number=Plur|POS=PROPN",
      "Case=Ins|Gender=Fem|Number=Plur|POS=PROPN",
      "Animacy=Hum|Aspect=Imp|Case=Dat|Gender=Masc|Number=Plur|POS=ADJ|Polarity=Pos|Tense=Pres|VerbForm=Part|Voice=Act",
      "Case=Ins|Gender=Fem|Number=Plur|POS=PRON|Person=3|PrepCase=Pre|PronType=Prs|Variant=Long",
      "Animacy=Hum|Case=Dat|Gender=Masc|Number=Plur|POS=PROPN",
      "Case=Dat|Gender=Fem|Number=Plur|POS=PROPN",
      "Animacy=Hum|Case=Ins|Degree=Pos|Gender=Masc|Number=Plur|POS=ADJ",
      "Aspect=Imp|Case=Gen|Gender=Fem|Number=Sing|POS=ADJ|Polarity=Pos|VerbForm=Part|Voice=Pass",
      "Case=Gen|Gender=Neut|Number=Sing|POS=PRON|Person=3|PrepCase=Npr|PronType=Prs|Variant=Long",
      "Case=Loc|Gender=Neut|Number=Sing|POS=PRON|Person=3|PrepCase=Pre|PronType=Prs|Variant=Long",
      "Case=Gen|Gender=Neut|Number=Plur|POS=ADJ",
      "Case=Nom|Gender=Neut|Number=Plur|POS=DET|PronType=Int,Rel",
      "Animacy=Hum|Aspect=Imp|Case=Gen|Gender=Masc|Number=Sing|POS=ADJ|Polarity=Pos|VerbForm=Part|Voice=Pass",
      "Aspect=Imp|Mood=Ind|Number=Plur|POS=VERB|Person=2|Tense=Pres|VerbForm=Fin",
      "Animacy=Hum|Case=Ins|Gender=Masc|Number=Plur|POS=PRON|Person=3|PrepCase=Pre|PronType=Prs|Variant=Long",
      "Case=Acc|Gender=Neut|Number=Plur|POS=DET|PronType=Int,Rel",
      "Case=Gen|Gender=Fem|Number=Plur|POS=DET|PronType=Int,Rel",
      "Animacy=Hum|Case=Ins|Gender=Masc|Number=Sing|POS=PRON|Person=3|PrepCase=Pre|PronType=Prs|Variant=Long",
      "Animacy=Hum|Case=Ins|Degree=Sup|Gender=Masc|Number=Sing|POS=ADJ",
      "Case=Ins|Gender=Fem|Number=Sing|Number[psor]=Plur|POS=DET|Person=1|Poss=Yes|PronType=Prs",
      "Case=Nom|Gender=Neut|Number=Sing|POS=PRON|PronType=Ind",
      "Animacy=Hum|Aspect=Imp,Perf|Gender=Masc|Mood=Ind|Number=Plur|POS=VERB|Person=2|Tense=Past,Pres|Variant=Short|VerbForm=Fin,Part|Voice=Act",
      "Aspect=Imp|Case=Nom|Gender=Fem|Number=Plur|POS=ADJ|Polarity=Pos|VerbForm=Part|Voice=Pass",
      "Animacy=Inan|Case=Loc|Gender=Masc|Number=Plur|Number[psor]=Plur|POS=DET|Person=1|Poss=Yes|PronType=Prs",
      "Aspect=Perf|Mood=Ind|Number=Sing|POS=VERB|Person=1|Tense=Pres|VerbForm=Fin",
      "Case=Gen|Gender=Neut|Number=Sing|POS=ADJ",
      "Animacy=Inan|Aspect=Imp|Case=Gen|Gender=Masc|Number=Plur|POS=ADJ|Polarity=Pos|VerbForm=Part|Voice=Pass",
      "Animacy=Nhum|Case=Ins|Degree=Pos|Gender=Masc|Number=Sing|POS=ADJ",
      "Animacy=Nhum|Case=Ins|Gender=Masc|Number=Sing|POS=NOUN",
      "Case=Loc|Gender=Fem|Number=Plur|POS=DET|PronType=Dem",
      "Animacy=Inan|Case=Ins|Gender=Masc|Number=Sing|POS=DET|PronType=Neg",
      "Aspect=Imp|Mood=Imp|Number=Sing|POS=VERB|Person=2|VerbForm=Fin",
      "Case=Nom|Gender=Neut|Number=Plur|Number[psor]=Sing|POS=DET|Person=2|Poss=Yes|PronType=Prs",
      "Animacy=Inan|Case=Loc|Gender=Masc|Number=Plur|POS=DET|PronType=Tot",
      "Animacy=Hum|Case=Dat|Gender=Masc|Number=Sing|POS=PRON|Person=1|PronType=Prs|Variant=Long",
      "Case=Nom|Gender=Fem|Number=Plur|POS=DET|PronType=Dem",
      "Case=Nom|Gender=Neut|Number=Sing|POS=ADJ",
      "Animacy=Hum|Aspect=Imp|Gender=Masc|Number=Plur|POS=AUX|Tense=Past|VerbForm=Part|Voice=Act",
      "Case=Loc|Gender=Fem|Number=Sing|POS=DET|PronType=Ind",
      "Aspect=Imp|Case=Loc|Gender=Fem|Number=Sing|POS=ADJ|Polarity=Pos|Tense=Pres|VerbForm=Part|Voice=Act",
      "Animacy=Hum|Case=Gen|Gender=Masc|Number=Sing|POS=PRON|PronType=Neg",
      "Case=Acc|Degree=Sup|Gender=Neut|Number=Sing|POS=ADJ",
      "Animacy=Hum|Case=Gen|Gender=Masc|Number=Plur|POS=DET|PronType=Tot",
      "Case=Acc|Gender=Fem|Number=Sing|POS=DET|PronType=Tot",
      "Animacy=Hum|Case=Acc|Gender=Masc|Number=Plur|POS=DET|Poss=Yes|PronType=Prs|Reflex=Yes",
      "Animacy=Inan|Case=Nom|Degree=Sup|Gender=Masc|Number=Sing|POS=ADJ",
      "Animacy=Inan|Case=Loc|Gender=Masc|Number=Plur|POS=NUM",
      "Case=Acc|Gender=Neut|Number=Sing|POS=PRON|PronType=Tot",
      "Animacy=Hum|Case=Acc|Gender=Masc|Number=Plur|POS=PRON|PronType=Tot",
      "Case=Gen|Gender=Fem|Number=Sing|POS=DET|PronType=Ind",
      "Animacy=Hum|Case=Nom|Gender=Masc|Number=Sing|POS=ADJ",
      "Animacy=Hum|Case=Loc|Gender=Masc|Number=Sing|POS=PRON|Person=3|PrepCase=Pre|PronType=Prs|Variant=Long",
      "Animacy=Hum|Case=Loc|Degree=Pos|Gender=Masc|Number=Sing|POS=ADJ",
      "Animacy=Hum|Case=Ins|Gender=Masc|Number=Plur|POS=DET|PronType=Int,Rel",
      "Case=Loc|POS=PRON|PronType=Prs|Reflex=Yes",
      "Animacy=Inan|Case=Nom|Gender=Masc|Number=Sing|POS=PRON|Person=3|PrepCase=Npr|PronType=Prs|Variant=Long",
      "Animacy=Inan|Case=Ins|Degree=Sup|Gender=Masc|Number=Sing|POS=ADJ",
      "Animacy=Hum|Case=Gen|Degree=Sup|Gender=Masc|Number=Sing|POS=ADJ",
      "Aspect=Imp|Case=Nom|Gender=Fem|Number=Sing|POS=ADJ|Polarity=Pos|VerbForm=Part|Voice=Pass",
      "Case=Gen|Gender=Fem|Number=Sing|POS=DET|PronType=Neg",
      "Case=Loc|Gender=Neut|Number=Sing|POS=PRON|PronType=Int,Rel",
      "Animacy=Inan|Aspect=Imp|Case=Acc|Gender=Masc|Number=Sing|POS=ADJ|Polarity=Pos|Tense=Pres|VerbForm=Part|Voice=Act",
      "Aspect=Perf|Case=Acc|Gender=Fem|Number=Sing|POS=ADJ|Polarity=Pos|VerbForm=Part|Voice=Pass",
      "Animacy=Hum|Case=Nom|Gender=Masc|Number=Sing|POS=DET|PronType=Neg",
      "Animacy=Hum|Case=Dat|Gender=Masc|Number=Sing|POS=DET|PronType=Int,Rel",
      "Animacy=Inan|Case=Ins|Gender=Masc|Number=Sing|POS=DET|PronType=Tot",
      "Aspect=Imp|Case=Gen|Gender=Neut|Number=Plur|POS=ADJ|Polarity=Pos|VerbForm=Part|Voice=Pass",
      "Aspect=Perf|Case=Ins|Gender=Neut|Number=Plur|POS=ADJ|Polarity=Pos|VerbForm=Part|Voice=Pass",
      "Animacy=Nhum|Case=Nom|Degree=Pos|Gender=Masc|Number=Plur|POS=ADJ",
      "Aspect=Perf|Mood=Ind|Number=Plur|POS=AUX|Person=3|Tense=Pres|VerbForm=Fin",
      "Animacy=Hum|Case=Loc|Gender=Masc|Number=Sing|POS=PRON|Person=2|PronType=Prs",
      "Animacy=Hum|Aspect=Imp|Case=Nom|Gender=Masc|Number=Plur|POS=ADJ|Polarity=Pos|Tense=Pres|VerbForm=Part|Voice=Act",
      "Aspect=Imp|Case=Loc|Gender=Neut|Number=Plur|POS=ADJ|Polarity=Pos|VerbForm=Part|Voice=Pass",
      "Case=Acc|Gender=Fem|Number=Plur|POS=PRON|Person=3|PrepCase=Npr|PronType=Prs|Variant=Long",
      "Aspect=Imp|Case=Ins|Gender=Neut|Number=Sing|POS=ADJ|Polarity=Pos|Tense=Pres|VerbForm=Part|Voice=Act",
      "Case=Acc|Gender=Fem|Number=Sing|Number[psor]=Plur|POS=DET|Person=1|Poss=Yes|PronType=Prs",
      "Animacy=Inan|Case=Nom|Gender=Masc|Number=Plur|POS=PRON|Person=3|PrepCase=Npr|PronType=Prs|Variant=Long",
      "Animacy=Inan|Case=Ins|Gender=Masc|Number=Sing|POS=DET|PronType=Dem",
      "Animacy=Hum|Case=Nom|Gender=Masc|Number=Plur|POS=DET|PronType=Dem",
      "Case=Acc|Gender=Neut|Number=Plur|POS=DET|PronType=Ind",
      "Case=Ins|Degree=Pos|Gender=Neut|Number=Plur|POS=ADJ",
      "Animacy=Inan|Case=Gen|Gender=Masc|Number=Sing|POS=DET|PronType=Tot",
      "Case=Dat|Gender=Neut|Number=Sing|POS=PRON|Person=3|PrepCase=Npr|PronType=Prs|Variant=Long",
      "Case=Acc|Gender=Fem|Number=Plur|POS=PRON|Person=3|PrepCase=Pre|PronType=Prs|Variant=Long",
      "Case=Loc|Gender=Fem|Number=Sing|POS=DET|Poss=Yes|PronType=Prs|Reflex=Yes",
      "Animacy=Hum|Case=Voc|Gender=Masc|Number=Sing|POS=PROPN",
      "Case=Nom|Gender=Neut|Number=Sing|POS=DET|PronType=Int,Rel",
      "Animacy=Inan|Aspect=Imp|Case=Loc|Gender=Masc|Number=Sing|POS=ADJ|Polarity=Pos|Tense=Pres|VerbForm=Part|Voice=Act",
      "Case=Gen|Gender=Fem|Number=Plur|POS=DET|PronType=Tot",
      "Aspect=Imp|Gender=Fem|Mood=Cnd|Number=Sing|POS=VERB|Tense=Past|VerbForm=Fin,Part|Voice=Act",
      "Case=Gen|Gender=Fem|Number=Sing|POS=ADJ",
      "Animacy=Hum|Case=Dat|Gender=Masc|Number=Sing|POS=PRON|Person=2|PronType=Prs|Variant=Short",
      "Animacy=Inan|Aspect=Imp|Case=Nom|Gender=Masc|Number=Plur|POS=ADJ|Polarity=Pos|VerbForm=Part|Voice=Pass",
      "Animacy=Inan|Case=Acc|Gender=Masc|Number=Plur|POS=DET|PronType=Ind",
      "Case=Dat|Gender=Fem|Number=Sing|POS=PRON|Person=2|PronType=Prs|Variant=Short",
      "Case=Nom|Gender=Fem|Number=Sing|POS=PRON|Person=2|PronType=Prs",
      "Animacy=Hum|Aspect=Imp,Perf|Gender=Masc|Mood=Cnd,Ind|Number=Sing|POS=VERB|Person=2|Tense=Past,Pres|Variant=Short|VerbForm=Fin,Part|Voice=Act",
      "Animacy=Inan|Aspect=Imp|Case=Loc|Gender=Masc|Number=Plur|POS=ADJ|Polarity=Pos|VerbForm=Part|Voice=Pass",
      "Animacy=Hum|Aspect=Imp|Case=Acc|Gender=Masc|Number=Plur|POS=ADJ|Polarity=Pos|Tense=Pres|VerbForm=Part|Voice=Act",
      "Animacy=Hum|Case=Nom|Gender=Masc|Number=Plur|POS=ADJ",
      "Animacy=Inan|Aspect=Perf|Case=Loc|Gender=Masc|Number=Plur|POS=ADJ|Polarity=Pos|VerbForm=Part|Voice=Pass",
      "Case=Gen|Gender=Neut|Number=Plur|POS=PRON|Person=3|PrepCase=Npr|PronType=Prs|Variant=Long",
      "Animacy=Hum|Case=Dat|Gender=Masc|Number=Plur|POS=DET|Poss=Yes|PronType=Prs|Reflex=Yes",
      "Case=Gen|Gender=Fem|Number=Plur|POS=NUM",
      "Aspect=Imp|Case=Gen|Gender=Fem|Number=Plur|POS=ADJ|Polarity=Pos|Tense=Pres|VerbForm=Part|Voice=Act",
      "Case=Dat|Degree=Pos|Gender=Neut|Number=Plur|POS=ADJ",
      "Animacy=Hum|Case=Gen|Gender=Masc|Number=Sing|POS=DET|PronType=Ind",
      "Case=Nom|Gender=Fem|Number=Sing|POS=PRON|Person=1|PronType=Prs",
      "Case=Nom|Gender=Fem|NumType=Card|Number=Plur|POS=DET|PronType=Ind",
      "Case=Loc|Gender=Fem|Number=Sing|POS=DET|PronType=Int,Rel",
      "Animacy=Inan|Case=Ins|Gender=Masc|Number=Sing|POS=PRON|Person=3|PrepCase=Pre|PronType=Prs|Variant=Long",
      "Animacy=Inan|Aspect=Imp|Case=Ins|Gender=Masc|Number=Sing|POS=ADJ|Polarity=Pos|Tense=Pres|VerbForm=Part|Voice=Act",
      "Aspect=Perf|Mood=Imp|Number=Plur|POS=VERB|Person=1|VerbForm=Fin",
      "Animacy=Inan|Case=Acc|Gender=Masc|Number=Plur|POS=PRON|Person=3|PrepCase=Npr|PronType=Prs|Variant=Long",
      "Case=Gen|Gender=Neut|Number=Plur|POS=NUM",
      "Case=Acc|Degree=Sup|Gender=Fem|Number=Plur|POS=ADJ",
      "Case=Dat|Gender=Neut|Number=Sing|POS=PROPN",
      "Case=Nom|Gender=Neut|Number=Plur|POS=NUM",
      "Animacy=Inan|Case=Gen|Gender=Masc|Number=Sing|POS=PRON|Person=3|PrepCase=Npr|PronType=Prs|Variant=Long",
      "Aspect=Imp|Gender=Neut|Mood=Cnd|Number=Sing|POS=VERB|Tense=Past|VerbForm=Fin,Part|Voice=Act",
      "Animacy=Inan|Aspect=Perf|Case=Ins|Gender=Masc|Number=Plur|POS=ADJ|Polarity=Pos|VerbForm=Part|Voice=Pass",
      "Aspect=Imp|Case=Gen|Gender=Fem|Number=Plur|POS=ADJ|Polarity=Pos|VerbForm=Part|Voice=Pass",
      "Animacy=Inan|Aspect=Imp|Case=Acc|Gender=Masc|Number=Plur|POS=ADJ|Polarity=Pos|VerbForm=Part|Voice=Pass",
      "Aspect=Imp|Case=Acc|Gender=Fem|Number=Plur|POS=ADJ|Polarity=Pos|VerbForm=Part|Voice=Pass",
      "Case=Loc|Gender=Neut|Number=Sing|POS=DET|Poss=Yes|PronType=Prs|Reflex=Yes",
      "Case=Dat|Gender=Fem|Number=Sing|Number[psor]=Plur|POS=DET|Person=1|Poss=Yes|PronType=Prs",
      "Case=Nom|Gender=Neut|Number=Plur|POS=PRON|Person=3|PrepCase=Npr|PronType=Prs|Variant=Long",
      "Case=Dat|Gender=Fem|Number=Sing|POS=PRON|Person=1|PronType=Prs|Variant=Short",
      "Case=Voc|Gender=Fem|Number=Sing|POS=NOUN",
      "Animacy=Hum|Case=Gen|Gender=Masc|Number=Sing|Number[psor]=Sing|POS=DET|Person=1|Poss=Yes|PronType=Prs",
      "Animacy=Inan|Case=Loc|Degree=Sup|Gender=Masc|Number=Sing|POS=ADJ",
      "Case=Loc|Gender=Fem|Number=Sing|Number[psor]=Sing|POS=DET|Person=1|Poss=Yes|PronType=Prs",
      "Case=Acc|Gender=Fem|Number=Plur|POS=DET|PronType=Ind",
      "Case=Ins|Gender=Neut|Number=Plur|POS=NUM",
      "Aspect=Imp|Case=Ins|Gender=Neut|Number=Plur|POS=ADJ|Polarity=Pos|Tense=Pres|VerbForm=Part|Voice=Act",
      "Case=Dat|Degree=Pos|Gender=Neut|Number=Sing|POS=ADJ",
      "Aspect=Perf|Case=Ins|Gender=Fem|Number=Plur|POS=ADJ|Polarity=Pos|VerbForm=Part|Voice=Pass",
      "Animacy=Hum|Case=Loc|Gender=Masc|Number=Plur|POS=DET|PronType=Tot",
      "Case=Dat|Gender=Fem|Number=Sing|POS=PROPN",
      "Animacy=Inan|Case=Acc|Gender=Masc|Number=Plur|POS=DET|PronType=Tot",
      "Animacy=Hum|Case=Ins|Gender=Masc|Number=Plur|POS=PRON|Person=1|PronType=Prs",
      "Animacy=Inan|Case=Gen|Gender=Masc|Number=Plur|POS=ADJ",
      "Animacy=Inan|Case=Gen|Gender=Masc|Number=Plur|Number[psor]=Sing|POS=DET|Person=1|Poss=Yes|PronType=Prs",
      "Animacy=Hum|Case=Loc|Gender=Masc|Number=Sing|POS=DET|PronType=Int,Rel",
      "Case=Loc|Gender=Neut|Number=Plur|POS=DET|Poss=Yes|PronType=Prs|Reflex=Yes",
      "Case=Acc|Degree=Sup|Gender=Fem|Number=Sing|POS=ADJ",
      "Animacy=Inan|Case=Loc|Gender=Masc|Number=Sing|Number[psor]=Plur|POS=DET|Person=1|Poss=Yes|PronType=Prs",
      "Case=Nom|Gender=Neut|Number=Plur|POS=ADJ",
      "Animacy=Inan|Case=Loc|Gender=Masc|Number=Plur|POS=DET|PronType=Int,Rel",
      "Case=Acc|Gender=Neut|Number=Plur|POS=DET|Poss=Yes|PronType=Prs|Reflex=Yes",
      "Case=Gen|Degree=Sup|Gender=Neut|Number=Sing|POS=ADJ",
      "Case=Nom|Gender=Fem|Number=Plur|POS=ADJ",
      "Animacy=Inan|Case=Nom|Gender=Masc|Number=Sing|Number[psor]=Plur|POS=DET|Person=1|Poss=Yes|PronType=Prs",
      "Case=Gen|Degree=Sup|Gender=Fem|Number=Sing|POS=ADJ",
      "Animacy=Hum|Aspect=Imp|Case=Ins|Gender=Masc|Number=Sing|POS=ADJ|Polarity=Pos|Tense=Pres|VerbForm=Part|Voice=Act",
      "Case=Loc|Degree=Sup|Gender=Neut|Number=Sing|POS=ADJ",
      "Case=Gen|Gender=Neut|Number=Plur|Number[psor]=Plur|POS=DET|Person=1|Poss=Yes|PronType=Prs",
      "Animacy=Inan|Aspect=Imp|Case=Gen|Gender=Masc|Number=Sing|POS=ADJ|Polarity=Pos|VerbForm=Part|Voice=Pass",
      "Animacy=Hum|Case=Acc|Gender=Masc|Number=Plur|POS=PROPN",
      "Animacy=Inan|Case=Nom|Gender=Masc|NumType=Card|Number=Plur|POS=DET|PronType=Ind",
      "Animacy=Inan|Case=Dat|Gender=Masc|Number=Sing|POS=DET|PronType=Int,Rel",
      "Case=Nom|Gender=Fem|Number=Plur|POS=DET|PronType=Tot",
      "Aspect=Perf|Case=Nom|Gender=Fem|Number=Plur|POS=ADJ|Polarity=Pos|VerbForm=Part|Voice=Pass",
      "Aspect=Imp|Case=Nom|Gender=Fem|Number=Plur|POS=ADJ|Polarity=Pos|Tense=Pres|VerbForm=Part|Voice=Act",
      "Animacy=Hum|Aspect=Perf|Gender=Masc|Number=Plur|POS=AUX|Tense=Past|VerbForm=Part|Voice=Act",
      "Aspect=Perf|Gender=Neut|Number=Sing|POS=AUX|Tense=Past|VerbForm=Part|Voice=Act",
      "Animacy=Nhum|Case=Acc|Gender=Masc|Number=Sing|POS=PRON|Person=3|PrepCase=Pre|PronType=Prs|Variant=Long",
      "Aspect=Imp|Gender=Fem|Mood=Cnd,Ind|Number=Sing|POS=VERB|Person=1|Tense=Past,Pres|Variant=Short|VerbForm=Fin,Part|Voice=Act",
      "Animacy=Hum|Case=Ins|Gender=Masc|Number=Sing|POS=PRON|Person=2|PronType=Prs",
      "Animacy=Nhum|Case=Loc|Degree=Pos|Gender=Masc|Number=Sing|POS=ADJ",
      "Animacy=Nhum|Case=Loc|Gender=Masc|Number=Sing|POS=NOUN",
      "Animacy=Hum|Aspect=Imp,Perf|Gender=Masc|Mood=Cnd,Ind|Number=Sing|POS=VERB|Person=1|Tense=Past,Pres|Variant=Short|VerbForm=Fin,Part|Voice=Act",
      "Animacy=Inan|Case=Acc|Gender=Masc|Number=Plur|POS=DET|PronType=Int,Rel",
      "Animacy=Nhum|Case=Gen|Gender=Masc|Number=Sing|POS=PRON|Person=3|PrepCase=Npr|PronType=Prs|Variant=Long",
      "Case=Ins|Degree=Sup|Gender=Neut|Number=Plur|POS=ADJ",
      "Case=Ins|Gender=Neut|Number=Sing|POS=ADJ",
      "Animacy=Inan|Case=Gen|Gender=Masc|Number=Sing|Number[psor]=Plur|POS=DET|Person=1|Poss=Yes|PronType=Prs",
      "Animacy=Inan|Case=Ins|Gender=Masc|Number=Sing|POS=ADJ",
      "Aspect=Perf|POS=AUX|VerbForm=Inf",
      "Animacy=Inan|Case=Gen|Gender=Masc|Number=Sing|POS=ADJ",
      "Animacy=Inan|Case=Nom|Gender=Masc|Number=Sing|POS=DET|PronType=Tot",
      "Animacy=Inan|Aspect=Perf|Gender=Masc|Number=Plur|POS=AUX|Tense=Past|VerbForm=Part|Voice=Act",
      "Aspect=Imp|Case=Ins|Gender=Fem|Number=Sing|POS=ADJ|Polarity=Pos|Tense=Pres|VerbForm=Part|Voice=Act",
      "Case=Acc|Gender=Neut|Number=Sing|POS=PRON|Person=3|PrepCase=Npr|PronType=Prs|Variant=Long",
      "Animacy=Inan|Case=Nom|Gender=Masc|Number=Sing|Number[psor]=Sing|POS=DET|Person=2|Poss=Yes|PronType=Prs",
      "Aspect=Imp|Gender=Fem|Mood=Cnd,Ind|Number=Sing|POS=VERB|Person=2|Tense=Past,Pres|Variant=Short|VerbForm=Fin,Part|Voice=Act",
      "Animacy=Inan|Case=Acc|Gender=Masc|Number=Plur|POS=DET|PronType=Dem",
      "Animacy=Hum|Aspect=Imp|Gender=Masc|Mood=Cnd,Ind|Number=Sing|POS=VERB|Person=2|Tense=Past,Pres|Variant=Short|VerbForm=Fin,Part|Voice=Act",
      "Animacy=Hum|Case=Gen|Gender=Masc|Number=Sing|POS=PRON|Person=2|PronType=Prs|Variant=Long",
      "Animacy=Hum|Case=Nom|Gender=Masc|Number=Sing|POS=PRON|Person=2|PronType=Prs",
      "Case=Nom|Gender=Neut|Number=Plur|POS=DET|PronType=Dem",
      "Case=Nom|Gender=Neut|Number=Sing|POS=PRON|Person=3|PrepCase=Npr|PronType=Prs|Variant=Long",
      "Case=Loc|Gender=Fem|Number=Plur|POS=DET|PronType=Neg",
      "Animacy=Hum|Case=Dat|Gender=Masc|Number=Sing|POS=PRON|Person=3|PrepCase=Npr|PronType=Prs|Variant=Long",
      "Aspect=Imp|Case=Ins|Gender=Fem|Number=Sing|POS=ADJ|Polarity=Neg|VerbForm=Part|Voice=Pass",
      "Aspect=Imp|Mood=Ind|Number=Sing|POS=AUX|Person=2|Tense=Pres|VerbForm=Fin",
      "Case=Gen|Gender=Neut|Number=Plur|POS=DET|PronType=Dem",
      "Case=Nom|Gender=Neut|Number=Plur|POS=PROPN",
      "Animacy=Inan|Case=Ins|Gender=Masc|Number=Sing|POS=DET|Poss=Yes|PronType=Prs|Reflex=Yes",
      "Case=Gen|Gender=Fem|Number=Sing|POS=DET|PronType=Tot",
      "Animacy=Hum|Case=Acc|Gender=Masc|Number=Plur|POS=PRON|Person=3|PrepCase=Pre|PronType=Prs|Variant=Long",
      "Animacy=Hum|Case=Nom|Degree=Sup|Gender=Masc|Number=Plur|POS=ADJ",
      "Animacy=Hum|Case=Gen|Gender=Masc|Number=Sing|POS=PRON|PronType=Ind",
      "Case=Ins|Gender=Neut|Number=Sing|POS=PRON|PronType=Ind",
      "Aspect=Imp|Gender=Fem|Number=Plur|POS=ADJ",
      "Aspect=Imp|Case=Nom|Gender=Neut|Number=Plur|POS=ADJ|Polarity=Pos|VerbForm=Part|Voice=Pass",
      "Case=Ins|Gender=Neut|Number=Sing|Number[psor]=Plur|POS=DET|Person=1|Poss=Yes|PronType=Prs",
      "Aspect=Imp|Mood=Ind|Number=Plur|POS=SCONJ|Person=1|Tense=Pres|Variant=Short|VerbForm=Fin",
      "Case=Gen|Gender=Neut|Number=Sing|POS=DET|Poss=Yes|PronType=Prs|Reflex=Yes",
      "Animacy=Inan|Aspect=Imp|Gender=Masc|Number=Sing|POS=ADJ",
      "Animacy=Inan|Case=Acc|Gender=Masc|Number=Sing|POS=PROPN",
      "Case=Gen|Gender=Neut|Number=Sing|POS=DET|PronType=Int,Rel",
      "Aspect=Imp|Gender=Neut|Number=Plur|POS=ADJ",
      "Animacy=Hum|Case=Loc|Gender=Masc|Number=Sing|POS=DET|Poss=Yes|PronType=Prs|Reflex=Yes",
      "Animacy=Hum|Aspect=Perf|Case=Loc|Gender=Masc|Number=Sing|POS=ADJ|Polarity=Pos|VerbForm=Part|Voice=Pass",
      "Animacy=Hum|Case=Loc|Gender=Masc|Number=Sing|POS=NOUN",
      "Aspect=Imp|Case=Loc|Gender=Neut|Number=Sing|POS=ADJ|Polarity=Pos|Tense=Pres|VerbForm=Part|Voice=Act",
      "Animacy=Nhum|Case=Dat|Gender=Masc|Number=Sing|POS=NOUN",
      "Animacy=Nhum|Aspect=Perf|Case=Gen|Gender=Masc|Number=Sing|POS=ADJ|Polarity=Pos|VerbForm=Part|Voice=Pass",
      "Aspect=Imp|Gender=Fem|Mood=Ind|Number=Sing|POS=ADJ|Person=1|Tense=Pres|Variant=Short|VerbForm=Fin",
      "Animacy=Hum|Case=Gen|Gender=Masc|Number=Sing|POS=DET|PronType=Dem",
      "Case=Gen|Gender=Fem|Number=Sing|POS=PRON|Person=1|PronType=Prs|Variant=Long",
      "Animacy=Hum|Case=Ins|Gender=Masc|Number=Sing|POS=ADJ",
      "Aspect=Imp|Case=Gen|Gender=Neut|Number=Plur|POS=ADJ|Polarity=Pos|Tense=Pres|VerbForm=Part|Voice=Act",
      "Case=Acc|Gender=Fem|Number=Sing|POS=PRON|Person=2|PronType=Prs|Variant=Short",
      "Aspect=Imp|Case=Nom|Gender=Neut|Number=Sing|POS=ADJ|Polarity=Pos|Tense=Pres|VerbForm=Part|Voice=Act",
      "Aspect=Imp,Perf|Gender=Fem|Mood=Ind|Number=Sing|POS=VERB|Person=2|Tense=Past,Pres|Variant=Short|VerbForm=Fin,Part|Voice=Act",
      "Case=Loc|Gender=Fem|Number=Plur|POS=DET|Poss=Yes|PronType=Prs|Reflex=Yes",
      "Aspect=Imp,Perf|Gender=Fem|Mood=Cnd|Number=Sing|POS=VERB|Tense=Past|VerbForm=Fin,Part|Voice=Act",
      "Animacy=Nhum|Case=Gen|Gender=Masc|Number=Sing|POS=DET|Poss=Yes|PronType=Prs|Reflex=Yes",
      "Animacy=Nhum|Case=Nom|Gender=Masc|Number=Sing|Number[psor]=Sing|POS=DET|Person=2|Poss=Yes|PronType=Prs",
      "Case=Acc|Gender=Fem|Number=Plur|POS=DET|PronType=Dem",
      "Aspect=Perf|Case=Acc|Gender=Neut|Number=Sing|POS=ADJ|Polarity=Pos|VerbForm=Part|Voice=Pass",
      "Animacy=Inan|Case=Acc|Gender=Masc|Number=Sing|POS=PRON|Person=3|PrepCase=Pre|PronType=Prs|Variant=Long",
      "Animacy=Inan|Aspect=Imp|Case=Dat|Gender=Masc|Number=Plur|POS=ADJ|Polarity=Pos|Tense=Pres|VerbForm=Part|Voice=Act",
      "Case=Gen|Gender=Fem|Number=Plur|POS=PRON|Person=1|PronType=Prs",
      "Case=Gen|Gender=Neut|Number=Sing|Number[psor]=Sing|POS=DET|Person=2|Poss=Yes|PronType=Prs",
      "Animacy=Nhum|Case=Voc|Gender=Masc|Number=Plur|POS=NOUN",
      "Case=Gen|Gender=Fem|Number=Sing|Number[psor]=Sing|POS=DET|Person=2|Poss=Yes|PronType=Prs",
      "Animacy=Hum|Aspect=Imp|Case=Acc|Gender=Masc|Number=Sing|POS=ADJ|Polarity=Pos|Tense=Pres|VerbForm=Part|Voice=Act",
      "Animacy=Hum|Case=Acc|Degree=Sup|Gender=Masc|Number=Plur|POS=ADJ",
      "Aspect=Perf|Case=Ins|Gender=Fem|Number=Sing|POS=ADJ|Polarity=Pos|VerbForm=Part|Voice=Pass",
      "Animacy=Hum|Case=Acc|Gender=Masc|Number=Sing|POS=PRON|Person=2|PronType=Prs|Variant=Long",
      "Animacy=Hum|Case=Dat|Gender=Masc|Number=Sing|POS=PRON|PronType=Int,Rel",
      "Animacy=Hum|Case=Dat|Gender=Masc|Number=Plur|POS=NUM",
      "Case=Gen|Gender=Neut|Number=Sing|POS=PRON|PronType=Tot",
      "Animacy=Hum|Case=Acc|Gender=Masc|Number=Sing|Number[psor]=Sing|POS=DET|Person=1|Poss=Yes|PronType=Prs",
      "Case=Gen|Gender=Neut|Number=Sing|Number[psor]=Plur|POS=DET|Person=1|Poss=Yes|PronType=Prs",
      "Case=Nom|Gender=Neut|Number=Sing|Number[psor]=Sing|POS=DET|Person=1|Poss=Yes|PronType=Prs",
      "Aspect=Imp|Case=Acc|Gender=Neut|Number=Sing|POS=ADJ|Polarity=Pos|Tense=Pres|VerbForm=Part|Voice=Act",
      "Case=Nom|Gender=Fem|Number=Plur|POS=PRON|Person=3|PrepCase=Npr|PronType=Prs|Variant=Long",
      "Case=Gen|Gender=Neut|Number=Plur|POS=DET|PronType=Tot",
      "Animacy=Inan|Case=Nom|Gender=Masc|Number=Sing|POS=ADJ",
      "Animacy=Inan|Case=Gen|Gender=Masc|Number=Plur|POS=DET|PronType=Tot",
      "Animacy=Inan|Case=Dat|Gender=Masc|Number=Plur|POS=DET|PronType=Dem",
      "Case=Nom|Gender=Fem|Number=Sing|POS=ADJ",
      "Case=Loc|Gender=Fem|Number=Plur|POS=DET|PronType=Tot",
      "Case=Acc|Gender=Fem|Number=Sing|Number[psor]=Sing|POS=DET|Person=2|Poss=Yes|PronType=Prs",
      "Case=Acc|Gender=Neut|Number=Sing|Number[psor]=Sing|POS=DET|Person=2|Poss=Yes|PronType=Prs",
      "Animacy=Inan|Case=Gen|Gender=Masc|Number=Plur|POS=DET|PronType=Int,Rel",
      "Aspect=Imp|Case=Ins|Gender=Fem|Number=Sing|POS=ADJ|Polarity=Pos|VerbForm=Part|Voice=Pass",
      "Aspect=Perf|Case=Ins|Gender=Neut|Number=Sing|POS=ADJ|Polarity=Neg|VerbForm=Part|Voice=Pass",
      "Case=Gen|Gender=Neut|Number=Sing|Number[psor]=Sing|POS=DET|Person=1|Poss=Yes|PronType=Prs",
      "Case=Nom|Gender=Fem|Number=Sing|Number[psor]=Sing|POS=DET|Person=1|Poss=Yes|PronType=Prs",
      "Aspect=Perf|Case=Nom|Gender=Neut|Number=Sing|POS=ADJ|Polarity=Pos",
      "Aspect=Imp|Case=Gen|Gender=Fem|Number=Sing|POS=ADJ|Polarity=Pos|Tense=Pres|VerbForm=Part|Voice=Act",
      "Case=Acc|Gender=Fem|Number=Plur|POS=DET|PronType=Int,Rel",
      "Animacy=Hum|Aspect=Imp|Case=Loc|Gender=Masc|Number=Plur|POS=ADJ|Polarity=Pos|VerbForm=Part|Voice=Pass",
      "Case=Ins|Gender=Neut|Number=Plur|POS=DET|PronType=Dem",
      "Animacy=Hum|Case=Voc|Gender=Masc|Number=Sing|POS=NOUN",
      "Case=Acc|Gender=Fem|Number=Sing|POS=PRON|Person=3|PrepCase=Pre|PronType=Prs|Variant=Long",
      "Animacy=Inan|Case=Ins|Gender=Masc|Number=Sing|Number[psor]=Sing|POS=DET|Person=1|Poss=Yes|PronType=Prs",
      "Case=Acc|Gender=Neut|Number=Plur|POS=ADJ",
      "Animacy=Nhum|Case=Ins|Gender=Masc|Number=Plur|POS=NOUN",
      "Animacy=Inan|Case=Gen|Degree=Sup|Gender=Masc|Number=Sing|POS=ADJ",
      "POS=X",
      "Animacy=Inan|Case=Dat|Degree=Pos|Gender=Masc|Number=Sing|POS=ADJ",
      "Aspect=Imp|Mood=Ind|Number=Sing|POS=AUX|Person=2|Tense=Fut|VerbForm=Fin",
      "Animacy=Hum|Aspect=Imp|Gender=Masc|Mood=Cnd,Ind|Number=Sing|POS=AUX|Person=1|Tense=Past,Pres|Variant=Short|VerbForm=Fin,Part|Voice=Act",
      "Case=Loc|Gender=Neut|Number=Plur|POS=ADJ",
      "Case=Nom|Gender=Neut|Number=Plur|POS=DET|PronType=Neg",
      "Case=Loc|Gender=Fem|Number=Plur|Number[psor]=Plur|POS=DET|Person=1|Poss=Yes|PronType=Prs",
      "Animacy=Inan|Case=Nom|Gender=Masc|Number=Plur|POS=DET|PronType=Ind",
      "Case=Acc|Gender=Neut|Number=Plur|POS=PROPN",
      "Animacy=Inan|Case=Ins|Gender=Masc|Number=Sing|POS=DET|PronType=Int,Rel",
      "Animacy=Hum|Case=Acc|Gender=Masc|Number=Sing|Number[psor]=Plur|POS=DET|Person=1|Poss=Yes|PronType=Prs",
      "Animacy=Inan|Case=Acc|Degree=Sup|Gender=Masc|Number=Sing|POS=ADJ",
      "Animacy=Inan|Case=Ins|Degree=Sup|Gender=Masc|Number=Plur|POS=ADJ",
      "Case=Nom|Gender=Fem|Number=Sing|Number[psor]=Plur|POS=DET|Person=1|Poss=Yes|PronType=Prs",
      "Animacy=Nhum|Case=Acc|Gender=Masc|Number=Sing|POS=DET|PronType=Dem",
      "Case=Loc|Gender=Neut|Number=Plur|POS=DET|PronType=Dem",
      "Animacy=Inan|Case=Gen|Gender=Masc|Number=Sing|POS=DET|PronType=Neg",
      "Animacy=Inan|Case=Acc|Gender=Masc|Number=Plur|POS=DET|Poss=Yes|PronType=Prs|Reflex=Yes",
      "Animacy=Inan|Case=Gen|Gender=Masc|Number=Plur|POS=PRON|Person=3|PrepCase=Pre|PronType=Prs|Variant=Long",
      "Animacy=Hum|Case=Gen|Gender=Masc|Number=Sing|POS=DET|PronType=Neg",
      "Animacy=Hum|Case=Gen|Degree=Sup|Gender=Masc|Number=Plur|POS=ADJ",
      "Aspect=Imp,Perf|Gender=Fem|Mood=Ind|Number=Sing|POS=AUX|Person=1|Tense=Past,Pres|Variant=Short|VerbForm=Fin,Part|Voice=Act",
      "Animacy=Hum|Case=Dat|Gender=Masc|Number=Sing|POS=PRON|PronType=Ind",
      "Animacy=Hum|Case=Dat|Gender=Masc|Number=Sing|POS=PRON|PronType=Neg",
      "Animacy=Nhum|Case=Gen|Gender=Masc|NumType=Card|Number=Plur|POS=DET|PronType=Ind",
      "Animacy=Inan|Case=Acc|Gender=Masc|Number=Sing|Number[psor]=Plur|POS=DET|Person=1|Poss=Yes|PronType=Prs",
      "Animacy=Nhum|Case=Nom|Gender=Masc|Number=Sing|POS=DET|PronType=Int,Rel",
      "Animacy=Nhum|Case=Loc|Gender=Masc|Number=Sing|POS=PRON|Person=3|PrepCase=Pre|PronType=Prs|Variant=Long",
      "Case=Loc|Gender=Fem|Number=Sing|POS=ADJ",
      "Animacy=Inan|Aspect=Perf|Case=Loc|Gender=Masc|Number=Sing|POS=ADJ|Polarity=Pos|VerbForm=Part|Voice=Pass",
      "Animacy=Inan|Case=Nom|Gender=Masc|Number=Sing|POS=DET|PronType=Ind",
      "Animacy=Inan|Case=Acc|Degree=Sup|Gender=Masc|Number=Plur|POS=ADJ",
      "Case=Nom|Gender=Neut|Number=Sing|POS=DET|PronType=Tot",
      "Animacy=Inan|Case=Dat|Gender=Masc|Number=Sing|POS=PRON|Person=3|PrepCase=Npr|PronType=Prs|Variant=Short",
      "Case=Dat|Gender=Fem|Number=Plur|POS=NUM",
      "Animacy=Hum|Case=Acc|Gender=Masc|Number=Plur|POS=DET|PronType=Int,Rel",
      "Case=Nom|Gender=Neut|Number=Plur|POS=DET|PronType=Tot",
      "Animacy=Hum|Aspect=Imp|Case=Gen|Gender=Masc|Number=Plur|POS=ADJ|Polarity=Pos|VerbForm=Part|Voice=Pass",
      "Animacy=Inan|Aspect=Imp|Gender=Masc|Number=Plur|POS=ADJ",
      "Animacy=Nhum|Aspect=Imp|Case=Acc|Gender=Masc|Number=Sing|POS=ADJ|Polarity=Pos|Tense=Pres|VerbForm=Part|Voice=Act",
      "Case=Dat|Gender=Fem|Number=Plur|POS=PRON|Person=3|PrepCase=Npr|PronType=Prs|Variant=Long",
      "Animacy=Nhum|Aspect=Perf|Gender=Masc|Number=Plur|POS=VERB|Tense=Past|VerbForm=Part|Voice=Act",
      "Case=Loc|Gender=Neut|Number=Sing|POS=ADJ",
      "Animacy=Inan|Aspect=Imp|Case=Loc|Gender=Masc|Number=Plur|POS=ADJ|Polarity=Pos|Tense=Pres|VerbForm=Part|Voice=Act",
      "Aspect=Imp|Gender=Fem|Mood=Ind|Number=Sing|POS=VERB|Person=2|Tense=Past,Pres|Variant=Short|VerbForm=Fin,Part|Voice=Act",
      "Animacy=Inan|Aspect=Imp|Gender=Masc|Mood=Cnd|Number=Sing|POS=VERB|Tense=Past|VerbForm=Fin,Part|Voice=Act",
      "Animacy=Hum|Case=Loc|Gender=Masc|Number=Sing|POS=PRON|Person=1|PronType=Prs",
      "Aspect=Perf|Case=Nom|Gender=Fem|Number=Plur|POS=ADJ|Polarity=Neg|VerbForm=Part|Voice=Pass",
      "Animacy=Hum|Case=Voc|Gender=Masc|Number=Sing|POS=PRON|Person=2|PronType=Prs",
      "Animacy=Hum|Case=Dat|Gender=Masc|Number=Plur|POS=PRON|PronType=Tot",
      "Animacy=Hum|Case=Acc|Gender=Masc|NumType=Card|Number=Plur|POS=DET|PronType=Ind",
      "Aspect=Imp,Perf|Gender=Fem|Mood=Cnd|Number=Sing|POS=AUX|Tense=Past|VerbForm=Fin,Part|Voice=Act",
      "Animacy=Inan|Case=Loc|Gender=Masc|Number=Plur|POS=DET|PronType=Dem",
      "Animacy=Hum|Aspect=Imp,Perf|Gender=Masc|Mood=Cnd,Ind|Number=Plur|POS=VERB|Person=2|Tense=Past,Pres|Variant=Short|VerbForm=Fin,Part|Voice=Act",
      "Animacy=Hum|Case=Voc|Gender=Masc|Number=Plur|POS=PROPN",
      "Animacy=Inan|Case=Acc|Gender=Masc|Number=Plur|Number[psor]=Sing|POS=DET|Person=1|Poss=Yes|PronType=Prs",
      "Animacy=Nhum|Aspect=Imp|Case=Nom|Gender=Masc|Number=Plur|POS=ADJ|Polarity=Pos|VerbForm=Part|Voice=Pass",
      "Animacy=Inan|Aspect=Perf|Case=Nom|Gender=Masc|Number=Plur|POS=ADJ|Polarity=Neg|VerbForm=Part|Voice=Pass",
      "Case=Gen|Gender=Fem|Number=Plur|POS=DET|Poss=Yes|PronType=Prs|Reflex=Yes",
      "Animacy=Nhum|Aspect=Imp|Gender=Masc|Number=Sing|POS=AUX|Tense=Past|VerbForm=Part|Voice=Act",
      "Aspect=Imp,Perf|Gender=Neut|Mood=Cnd|Number=Sing|POS=AUX|Tense=Past|VerbForm=Fin,Part|Voice=Act",
      "Animacy=Inan|Aspect=Imp|Gender=Masc|Mood=Cnd|Number=Sing|POS=AUX|Tense=Past|VerbForm=Fin,Part|Voice=Act",
      "Case=Loc|Gender=Neut|Number=Sing|Number[psor]=Sing|POS=DET|Person=1|Poss=Yes|PronType=Prs",
      "Animacy=Inan|Case=Nom|Gender=Masc|Number=Plur|Number[psor]=Plur|POS=DET|Person=1|Poss=Yes|PronType=Prs",
      "Animacy=Hum|Case=Voc|Gender=Masc|Number=Plur|POS=NOUN",
      "Aspect=Perf|Case=Ins|Gender=Neut|Number=Sing|POS=ADJ|Polarity=Pos|VerbForm=Part|Voice=Pass",
      "Aspect=Perf|Mood=Ind|Number=Sing|POS=AUX|Person=2|Tense=Pres|VerbForm=Fin",
      "Animacy=Nhum|Case=Gen|Gender=Masc|Number=Plur|POS=PRON|Person=3|PrepCase=Npr|PronType=Prs|Variant=Long",
      "Animacy=Inan|Case=Gen|Gender=Masc|Number=Plur|POS=DET|Poss=Yes|PronType=Prs|Reflex=Yes",
      "Aspect=Imp|Gender=Neut|Mood=Cnd|Number=Sing|POS=AUX|Tense=Past|VerbForm=Fin,Part|Voice=Act",
      "Case=Gen|Gender=Neut|Number=Plur|POS=DET|PronType=Ind",
      "Animacy=Hum|Case=Loc|Degree=Sup|Gender=Masc|Number=Plur|POS=ADJ",
      "Animacy=Hum|Case=Gen|Gender=Masc|Number=Plur|POS=DET|PronType=Int,Rel",
      "Animacy=Hum|Case=Gen|Gender=Masc|Number=Plur|POS=DET|PronType=Dem",
      "Animacy=Hum|Case=Dat|Gender=Masc|Number=Plur|POS=DET|PronType=Int,Rel",
      "Animacy=Nhum|Aspect=Imp|Gender=Masc|Number=Sing|POS=ADJ",
      "Animacy=Inan|Case=Gen|Gender=Masc|Number=Sing|POS=DET|PronType=Ind",
      "Animacy=Inan|Case=Acc|Gender=Masc|Number=Plur|POS=PRON|Person=3|PrepCase=Pre|PronType=Prs|Variant=Long",
      "Animacy=Inan|Case=Ins|Gender=Masc|Number=Sing|Number[psor]=Plur|POS=DET|Person=1|Poss=Yes|PronType=Prs",
      "Animacy=Inan|Case=Loc|Gender=Masc|NumType=Card|Number=Plur|POS=DET|PronType=Ind",
      "Animacy=Hum|Aspect=Imp|Gender=Masc|Mood=Cnd|Number=Plur|POS=VERB|Tense=Past|VerbForm=Fin,Part|Voice=Act",
      "Aspect=Imp|Gender=Fem|Mood=Cnd|Number=Plur|POS=AUX|Tense=Past|VerbForm=Fin,Part|Voice=Act",
      "Aspect=Imp|Mood=Ind|Number=Plur|POS=AUX|Person=1|Tense=Fut|VerbForm=Fin",
      "Case=Gen|Gender=Neut|NumType=Card|Number=Plur|POS=DET|PronType=Ind",
      "Case=Ins|Gender=Fem|Number=Plur|POS=PRON|Person=3|PrepCase=Pre|PronType=Prs|Variant=Short",
      "Case=Gen|Gender=Fem|Number=Sing|Number[psor]=Sing|POS=DET|Person=1|Poss=Yes|PronType=Prs",
      "Case=Dat|Gender=Fem|Number=Sing|Number[psor]=Sing|POS=DET|Person=1|Poss=Yes|PronType=Prs",
      "Animacy=Hum|Case=Gen|Gender=Masc|Number=Plur|POS=PRON|Person=2|PronType=Prs",
      "Animacy=Hum|Case=Ins|Degree=Sup|Gender=Masc|Number=Plur|POS=ADJ",
      "Case=Gen|Degree=Sup|Gender=Fem|Number=Plur|POS=ADJ",
      "Animacy=Inan|Case=Loc|Gender=Masc|Number=Plur|POS=ADJ",
      "Aspect=Imp|Case=Dat|Gender=Neut|Number=Sing|POS=NOUN|Polarity=Pos|VerbForm=Vnoun",
      "Aspect=Imp|Case=Dat|Gender=Fem|Number=Plur|POS=ADJ|Polarity=Pos|Tense=Pres|VerbForm=Part|Voice=Act",
      "Animacy=Nhum|Case=Gen|Gender=Masc|Number=Sing|POS=DET|PronType=Tot",
      "Animacy=Nhum|Case=Ins|Degree=Pos|Gender=Masc|Number=Plur|POS=ADJ",
      "Case=Ins|Gender=Neut|Number=Sing|POS=PRON|Person=3|PrepCase=Npr|PronType=Prs|Variant=Long",
      "Animacy=Nhum|Case=Nom|Gender=Masc|Number=Sing|POS=DET|PronType=Dem",
      "Animacy=Nhum|Aspect=Imp|Case=Acc|Gender=Masc|Number=Plur|POS=ADJ|Polarity=Pos|Tense=Pres|VerbForm=Part|Voice=Act",
      "Aspect=Imp|Case=Acc|Gender=Fem|Number=Sing|POS=ADJ|Polarity=Neg|VerbForm=Part|Voice=Pass",
      "Animacy=Nhum|Aspect=Imp|Case=Nom|Gender=Masc|Number=Sing|POS=ADJ|Polarity=Pos|Tense=Pres|VerbForm=Part|Voice=Act",
      "Animacy=Nhum|Aspect=Perf|Case=Nom|Gender=Masc|Number=Sing|POS=ADJ|Polarity=Pos|VerbForm=Part|Voice=Pass",
      "Animacy=Hum|Case=Acc|Gender=Masc|Number=Sing|POS=DET|PronType=Int,Rel",
      "Aspect=Imp|Gender=Fem|Mood=Ind|Number=Sing|POS=AUX|Person=1|Tense=Past,Pres|Variant=Short|VerbForm=Fin,Part|Voice=Act",
      "Animacy=Inan|Aspect=Perf|Case=Acc|Gender=Masc|Number=Plur|POS=ADJ|Polarity=Pos|VerbForm=Part|Voice=Pass",
      "Case=Dat|Gender=Neut|Number=Plur|POS=NUM",
      "Animacy=Inan|Case=Loc|Gender=Masc|Number=Plur|POS=DET|Poss=Yes|PronType=Prs|Reflex=Yes",
      "Aspect=Perf|Case=Gen|Gender=Neut|Number=Plur|POS=ADJ|Polarity=Pos|VerbForm=Part|Voice=Pass",
      "Case=Acc|Gender=Neut|Number=Plur|Number[psor]=Plur|POS=DET|Person=2|Poss=Yes|PronType=Prs",
      "Animacy=Hum|Case=Acc|Gender=Masc|Number=Plur|POS=DET|PronType=Dem",
      "Aspect=Imp|Gender=Fem|Mood=Ind|Number=Plur|POS=AUX|Person=1|Tense=Past,Pres|Variant=Short|VerbForm=Fin,Part|Voice=Act",
      "Case=Ins|Gender=Neut|Number=Plur|POS=DET|PronType=Int,Rel",
      "Case=Loc|Gender=Neut|Number=Plur|POS=DET|PronType=Tot",
      "Animacy=Hum|Case=Nom|Gender=Masc|Number=Plur|Number[psor]=Plur|POS=DET|Person=1|Poss=Yes|PronType=Prs",
      "Aspect=Perf|Case=Dat|Gender=Neut|Number=Plur|POS=ADJ|Polarity=Pos|VerbForm=Part|Voice=Pass",
      "Animacy=Hum|Case=Gen|Gender=Masc|Number=Plur|POS=PRON|PronType=Tot",
      "Case=Gen|Gender=Fem|Number=Plur|POS=DET|PronType=Neg",
      "Aspect=Imp|Case=Nom|Gender=Neut|Number=Plur|POS=ADJ|Polarity=Pos|Tense=Pres|VerbForm=Part|Voice=Act",
      "Case=Dat|Gender=Fem|Number=Sing|POS=DET|Poss=Yes|PronType=Prs|Reflex=Yes",
      "Case=Dat|Gender=Neut|Number=Sing|POS=DET|PronType=Int,Rel",
      "Animacy=Hum|Case=Dat|Gender=Masc|Number=Sing|POS=PRON|Person=3|PrepCase=Pre|PronType=Prs|Variant=Long",
      "Animacy=Nhum|Aspect=Perf|Case=Acc|Gender=Masc|Number=Sing|POS=ADJ|Polarity=Pos|VerbForm=Part|Voice=Pass",
      "Aspect=Imp|Mood=Cnd,Ind|Number=Sing|POS=AUX|Person=1|Tense=Pres|Variant=Short|VerbForm=Fin",
      "Animacy=Inan|Case=Loc|Gender=Masc|Number=Sing|POS=DET|Poss=Yes|PronType=Prs|Reflex=Yes",
      "Animacy=Inan|Case=Gen|Gender=Masc|Number=Plur|POS=DET|PronType=Neg",
      "Animacy=Hum|Aspect=Imp,Perf|Gender=Masc|Mood=Ind|Number=Plur|POS=AUX|Person=1|Tense=Past,Pres|Variant=Short|VerbForm=Fin,Part|Voice=Act",
      "Animacy=Hum|Case=Ins|Gender=Masc|Number=Plur|POS=PRON|Person=3|PrepCase=Pre|PronType=Prs|Variant=Short",
      "Animacy=Hum|Case=Nom|Gender=Masc|NumType=Card|Number=Plur|POS=DET|PronType=Ind",
      "Animacy=Hum|Case=Nom|Gender=Masc|Number=Plur|Number[psor]=Sing|POS=DET|Person=2|Poss=Yes|PronType=Prs",
      "Animacy=Inan|Case=Dat|Gender=Masc|Number=Plur|POS=DET|PronType=Int,Rel",
      "Case=Acc|Degree=Sup|Gender=Neut|Number=Plur|POS=ADJ",
      "Animacy=Inan|Case=Ins|Gender=Masc|Number=Plur|POS=DET|PronType=Dem",
      "Animacy=Nhum|Case=Nom|Gender=Masc|Number=Plur|POS=DET|PronType=Dem",
      "Animacy=Nhum|Aspect=Imp|Case=Gen|Gender=Masc|Number=Plur|POS=ADJ|Polarity=Pos|VerbForm=Part|Voice=Pass",
      "Animacy=Nhum|Case=Nom|Gender=Masc|Number=Plur|POS=DET|PronType=Int,Rel",
      "Case=Loc|Gender=Neut|Number=Plur|POS=NUM",
      "Case=Acc|Gender=Neut|Number=Plur|POS=DET|PronType=Tot",
      "Aspect=Perf|Case=Dat|Gender=Fem|Number=Plur|POS=ADJ|Polarity=Pos|VerbForm=Part|Voice=Pass",
      "Aspect=Imp|Case=Dat|Gender=Fem|Number=Plur|POS=ADJ|Polarity=Pos|VerbForm=Part|Voice=Pass",
      "Case=Loc|Degree=Sup|Gender=Fem|Number=Plur|POS=ADJ",
      "Case=Ins|Gender=Fem|Number=Sing|Number[psor]=Sing|POS=DET|Person=2|Poss=Yes|PronType=Prs",
      "Animacy=Inan|Case=Acc|Gender=Masc|Number=Sing|Number[psor]=Sing|POS=DET|Person=2|Poss=Yes|PronType=Prs",
      "Animacy=Inan|Case=Loc|Gender=Masc|Number=Sing|Number[psor]=Sing|POS=DET|Person=1|Poss=Yes|PronType=Prs",
      "Case=Gen|Gender=Neut|Number=Plur|POS=DET|PronType=Neg",
      "Case=Loc|Gender=Fem|Number=Plur|POS=PRON|Person=3|PrepCase=Pre|PronType=Prs|Variant=Long",
      "Case=Nom|Gender=Neut|Number=Plur|Number[psor]=Plur|POS=DET|Person=1|Poss=Yes|PronType=Prs",
      "Animacy=Hum|Case=Acc|Gender=Masc|Number=Sing|POS=PRON|Person=3|PrepCase=Pre|PronType=Prs|Variant=Short",
      "Case=Ins|Gender=Fem|NumType=Card|Number=Plur|POS=DET|PronType=Ind",
      "Animacy=Hum|Case=Ins|Gender=Masc|Number=Sing|POS=DET|PronType=Tot",
      "Animacy=Hum|Case=Ins|Gender=Masc|Number=Sing|POS=DET|PronType=Int,Rel",
      "Animacy=Inan|Case=Dat|Gender=Masc|Number=Sing|POS=DET|PronType=Dem",
      "Case=Ins|Gender=Fem|Number=Plur|POS=NUM",
      "Aspect=Imp|Mood=Imp|Number=Sing|POS=AUX|Person=2|VerbForm=Fin",
      "Animacy=Inan|Case=Loc|Gender=Masc|Number=Sing|POS=ADJ",
      "Case=Ins|Gender=Neut|Number=Sing|Number[psor]=Sing|POS=DET|Person=2|Poss=Yes|PronType=Prs",
      "Animacy=Hum|Aspect=Perf|Case=Ins|Gender=Masc|Number=Plur|POS=ADJ|Polarity=Pos|VerbForm=Part|Voice=Pass",
      "Animacy=Inan|Aspect=Imp|Case=Ins|Gender=Masc|Number=Plur|POS=ADJ|Polarity=Pos|Tense=Pres|VerbForm=Part|Voice=Act",
      "Case=Loc|Gender=Neut|Number=Sing|Number[psor]=Sing|POS=DET|Person=2|Poss=Yes|PronType=Prs",
      "Animacy=Hum|Aspect=Perf|Case=Acc|Gender=Masc|Number=Plur|POS=ADJ|Polarity=Pos|VerbForm=Part|Voice=Pass",
      "Aspect=Imp|Gender=Fem|Mood=Cnd|Number=Plur|POS=VERB|Tense=Past|VerbForm=Fin,Part|Voice=Act",
      "Case=Ins|Gender=Fem|Number=Sing|POS=DET|PronType=Int,Rel",
      "Animacy=Hum|Case=Dat|Gender=Masc|Number=Plur|POS=DET|PronType=Tot",
      "Animacy=Hum|Case=Ins|Gender=Masc|Number=Plur|POS=NUM",
      "Animacy=Hum|Case=Dat|Gender=Masc|Number=Plur|POS=DET|PronType=Dem",
      "Animacy=Hum|Case=Gen|Gender=Masc|Number=Plur|Number[psor]=Plur|POS=DET|Person=1|Poss=Yes|PronType=Prs",
      "Aspect=Perf|Case=Loc|Gender=Fem|Number=Plur|POS=ADJ|Polarity=Pos|VerbForm=Part|Voice=Pass",
      "Case=Ins|Gender=Fem|Number=Sing|POS=ADJ",
      "Case=Acc|Gender=Neut|Number=Sing|POS=DET|PronType=Tot",
      "Animacy=Inan|Case=Loc|Gender=Masc|Number=Plur|POS=DET|PronType=Ind",
      "Animacy=Nhum|Case=Acc|Gender=Masc|Number=Sing|POS=DET|PronType=Tot",
      "Case=Ins|Gender=Neut|Number=Sing|POS=DET|PronType=Int,Rel",
      "Case=Gen|Gender=Neut|Number=Sing|POS=DET|PronType=Ind",
      "Animacy=Hum|Case=Acc|Gender=Masc|Number=Sing|POS=DET|PronType=Dem",
      "Animacy=Hum|Aspect=Imp|Gender=Masc|Mood=Ind|Number=Sing|POS=ADJ|Person=2|Tense=Pres|Variant=Long|VerbForm=Fin",
      "Case=Nom|Gender=Fem|Number=Sing|POS=DET|PronType=Neg",
      "Case=Ins|Gender=Neut|Number=Sing|POS=PRON|Person=3|PrepCase=Pre|PronType=Prs|Variant=Long",
      "Case=Dat|Gender=Neut|Number=Plur|Number[psor]=Plur|POS=DET|Person=1|Poss=Yes|PronType=Prs",
      "Aspect=Perf|Case=Gen|Gender=Neut|Number=Sing|POS=NOUN|Polarity=Neg|VerbForm=Vnoun",
      "Animacy=Hum|Aspect=Imp,Perf|Gender=Masc|Mood=Ind|Number=Sing|POS=AUX|Person=1|Tense=Past,Pres|Variant=Long|VerbForm=Fin,Part|Voice=Act",
      "Animacy=Hum|Case=Gen|Gender=Masc|Number=Sing|Number[psor]=Plur|POS=DET|Person=1|Poss=Yes|PronType=Prs",
      "Animacy=Hum|Case=Acc|Gender=Masc|Number=Sing|POS=PRON|PronType=Neg",
      "Case=Gen|Gender=Fem|Number=Plur|Number[psor]=Plur|POS=DET|Person=1|Poss=Yes|PronType=Prs",
      "Case=Ins|Gender=Neut|Number=Sing|POS=DET|PronType=Ind",
      "Animacy=Hum|Case=Acc|Gender=Masc|Number=Sing|POS=PRON|PronType=Ind",
      "Case=Loc|Degree=Sup|Gender=Neut|Number=Plur|POS=ADJ",
      "Case=Gen|Gender=Fem|Number=Plur|POS=DET|PronType=Ind",
      "Animacy=Hum|Case=Nom|Gender=Masc|Number=Plur|Number[psor]=Sing|POS=DET|Person=1|Poss=Yes|PronType=Prs",
      "Case=Dat|Gender=Neut|Number=Sing|POS=DET|Poss=Yes|PronType=Prs|Reflex=Yes",
      "Animacy=Hum|Case=Ins|Gender=Masc|Number=Plur|Number[psor]=Sing|POS=DET|Person=1|Poss=Yes|PronType=Prs",
      "Animacy=Hum|Aspect=Perf|Case=Ins|Gender=Masc|Number=Sing|POS=ADJ|Polarity=Pos|VerbForm=Part|Voice=Pass",
      "Aspect=Imp,Perf|Gender=Neut|Mood=Cnd|Number=Sing|POS=VERB|Tense=Past|VerbForm=Fin,Part|Voice=Act",
      "Aspect=Perf|Case=Nom|Gender=Neut|Number=Sing|POS=NOUN|Polarity=Neg|VerbForm=Vnoun",
      "Aspect=Perf|Case=Dat|Gender=Fem|Number=Sing|POS=ADJ|Polarity=Pos|VerbForm=Part|Voice=Pass",
      "Animacy=Hum|Case=Ins|Gender=Masc|Number=Plur|POS=DET|PronType=Tot",
      "Aspect=Imp,Perf|Gender=Fem|Mood=Cnd,Ind|Number=Sing|POS=VERB|Person=1|Tense=Past,Pres|Variant=Short|VerbForm=Fin,Part|Voice=Act",
      "Animacy=Hum|Case=Nom|Gender=Masc|Number=Sing|Number[psor]=Sing|POS=DET|Person=2|Poss=Yes|PronType=Prs",
      "Animacy=Hum|Case=Voc|Gender=Masc|Number=Sing|Number[psor]=Plur|POS=DET|Person=1|Poss=Yes|PronType=Prs",
      "Animacy=Hum|Aspect=Imp,Perf|Gender=Masc|Mood=Cnd|Number=Plur|POS=VERB|Tense=Past|VerbForm=Fin,Part|Voice=Act",
      "Animacy=Hum|Aspect=Imp|Gender=Masc|Mood=Ind|Number=Sing|POS=AUX|Person=2|Tense=Past,Pres|Variant=Long|VerbForm=Fin,Part|Voice=Act",
      "Case=Ins|Gender=Fem|Number=Sing|POS=DET|PronType=Neg",
      "Animacy=Hum|Case=Loc|Degree=Pos|Gender=Masc|Number=Plur|POS=ADJ",
      "Animacy=Hum|Case=Nom|Gender=Masc|Number=Sing|POS=DET|Poss=Yes|PronType=Prs|Reflex=Yes",
      "Case=Loc|Gender=Fem|Number=Sing|POS=PRON|Person=1|PronType=Prs",
      "Animacy=Hum|Case=Ins|Gender=Masc|Number=Sing|Number[psor]=Plur|POS=DET|Person=1|Poss=Yes|PronType=Prs",
      "Animacy=Hum|Case=Nom|Gender=Masc|Number=Plur|POS=PRON|Person=2|PronType=Prs",
      "Case=Acc|Gender=Fem|Number=Plur|Number[psor]=Plur|POS=DET|Person=1|Poss=Yes|PronType=Prs",
      "Aspect=Perf|Gender=Fem|Number=Plur|POS=AUX|Tense=Past|VerbForm=Part|Voice=Act",
      "Animacy=Inan|Aspect=Imp|Case=Ins|Gender=Masc|Number=Sing|POS=ADJ|Polarity=Pos|VerbForm=Part|Voice=Pass",
      "Case=Dat|Gender=Fem|Number=Sing|POS=DET|PronType=Dem",
      "Animacy=Inan|Case=Nom|Degree=Sup|Gender=Masc|Number=Plur|POS=ADJ",
      "Case=Loc|Gender=Neut|Number=Sing|Number[psor]=Plur|POS=DET|Person=1|Poss=Yes|PronType=Prs",
      "Animacy=Hum|Case=Gen|Gender=Masc|Number=Plur|Number[psor]=Sing|POS=DET|Person=1|Poss=Yes|PronType=Prs",
      "Case=Ins|Gender=Fem|Number=Sing|Number[psor]=Sing|POS=DET|Person=1|Poss=Yes|PronType=Prs",
      "Aspect=Perf|Case=Dat|Gender=Neut|Number=Sing|POS=ADJ|Polarity=Pos|VerbForm=Part|Voice=Pass",
      "Animacy=Nhum|Case=Gen|Gender=Masc|Number=Sing|POS=PRON|Person=3|PrepCase=Pre|PronType=Prs|Variant=Long",
      "Animacy=Nhum|Case=Acc|Gender=Masc|Number=Plur|POS=DET|Poss=Yes|PronType=Prs|Reflex=Yes",
      "Animacy=Hum|Case=Dat|Gender=Masc|Number=Sing|POS=DET|PronType=Tot",
      "Animacy=Inan|Case=Acc|Gender=Masc|Number=Plur|POS=PROPN",
      "Animacy=Inan|Case=Ins|Gender=Masc|Number=Plur|POS=PRON|Person=3|PrepCase=Pre|PronType=Prs|Variant=Long",
      "Aspect=Imp|Mood=Cnd,Ind|Number=Plur|POS=AUX|Person=1|Tense=Pres|Variant=Short|VerbForm=Fin",
      "Aspect=Perf|Mood=Ind|Number=Sing|POS=AUX|Person=1|Tense=Pres|VerbForm=Fin",
      "Animacy=Nhum|Case=Ins|Gender=Masc|Number=Sing|POS=PROPN",
      "Animacy=Inan|Aspect=Perf|Case=Ins|Gender=Masc|Number=Sing|POS=ADJ|Polarity=Pos|VerbForm=Part|Voice=Pass",
      "Animacy=Nhum|Case=Acc|Gender=Masc|Number=Sing|POS=DET|Poss=Yes|PronType=Prs|Reflex=Yes",
      "Animacy=Hum|Case=Ins|Gender=Masc|NumType=Card|Number=Plur|POS=DET|PronType=Ind",
      "Case=Gen|Gender=Neut|Number=Plur|POS=DET|PronType=Int,Rel",
      "Animacy=Inan|Case=Gen|Gender=Masc|Number=Sing|POS=PRON|Person=3|PrepCase=Npr|PronType=Prs|Variant=Short",
      "Animacy=Hum|Case=Acc|Gender=Masc|Number=Sing|POS=DET|Poss=Yes|PronType=Prs|Reflex=Yes",
      "Animacy=Inan|Case=Acc|Gender=Masc|Number=Plur|POS=DET|PronType=Neg",
      "Animacy=Hum|Case=Gen|Gender=Masc|Number=Sing|POS=DET|PronType=Int,Rel",
      "Animacy=Hum|Aspect=Imp,Perf|Gender=Masc|Mood=Cnd|Number=Sing|POS=AUX|Tense=Past|VerbForm=Fin,Part|Voice=Act",
      "Animacy=Inan|Case=Gen|Gender=Masc|Number=Plur|POS=DET|PronType=Ind",
      "Animacy=Nhum|Case=Acc|Gender=Masc|NumType=Card|Number=Plur|POS=DET|PronType=Ind",
      "Case=Ins|Gender=Neut|Number=Sing|Number[psor]=Sing|POS=DET|Person=1|Poss=Yes|PronType=Prs",
      "Animacy=Inan|Case=Acc|Gender=Masc|Number=Sing|Number[psor]=Plur|POS=DET|Person=2|Poss=Yes|PronType=Prs",
      "Animacy=Inan|Case=Gen|Degree=Sup|Gender=Masc|Number=Plur|POS=ADJ",
      "Case=Loc|Gender=Fem|Number=Plur|POS=ADJ",
      "Animacy=Inan|Case=Dat|Gender=Masc|Number=Plur|POS=NUM",
      "Animacy=Hum|Case=Ins|Gender=Masc|Number=Sing|POS=DET|PronType=Dem",
      "Case=Nom|Gender=Fem|Number=Plur|Number[psor]=Sing|POS=DET|Person=2|Poss=Yes|PronType=Prs",
      "Case=Ins|Gender=Fem|Number=Plur|POS=PRON|Person=3|PrepCase=Npr|PronType=Prs|Variant=Long",
      "Animacy=Inan|Case=Nom|Gender=Masc|Number=Plur|Number[psor]=Sing|POS=DET|Person=2|Poss=Yes|PronType=Prs",
      "Case=Acc|Gender=Fem|Number=Plur|Number[psor]=Sing|POS=DET|Person=2|Poss=Yes|PronType=Prs",
      "Animacy=Hum|Aspect=Imp|Gender=Masc|Mood=Cnd|Number=Plur|POS=AUX|Tense=Past|VerbForm=Fin,Part|Voice=Act",
      "Animacy=Hum|Aspect=Imp|Gender=Masc|Mood=Ind|Number=Plur|POS=ADJ|Person=1|Tense=Pres|Variant=Short|VerbForm=Fin",
      "Case=Acc|Gender=Neut|Number=Plur|POS=PRON|Person=3|PrepCase=Pre|PronType=Prs|Variant=Long",
      "Case=Nom|Degree=Sup|Gender=Neut|Number=Sing|POS=ADJ",
      "Animacy=Nhum|Case=Acc|Gender=Masc|Number=Sing|POS=ADJ",
      "Case=Ins|Gender=Fem|Number=Plur|POS=DET|PronType=Dem",
      "Animacy=Inan|Case=Nom|Gender=Masc|Number=Plur|POS=PROPN",
      "Case=Ins|Gender=Fem|Number=Plur|POS=DET|PronType=Tot",
      "Case=Gen|Gender=Neut|Number=Sing|POS=DET|PronType=Neg",
      "Case=Ins|Gender=Neut|Number=Plur|Number[psor]=Sing|POS=DET|Person=1|Poss=Yes|PronType=Prs",
      "Animacy=Nhum|Aspect=Perf|Gender=Masc|Number=Sing|POS=AUX|Tense=Past|VerbForm=Part|Voice=Act",
      "Case=Ins|Gender=Neut|NumType=Card|Number=Plur|POS=DET|PronType=Ind",
      "Animacy=Nhum|Case=Ins|Gender=Masc|Number=Plur|POS=NUM",
      "Aspect=Imp|Case=Loc|Gender=Neut|Number=Sing|POS=ADJ|Polarity=Pos|VerbForm=Part|Voice=Pass",
      "Animacy=Inan|Case=Acc|Gender=Masc|Number=Plur|POS=ADJ",
      "Animacy=Inan|Case=Acc|Gender=Masc|Number=Sing|POS=NUM",
      "Animacy=Hum|Case=Acc|Gender=Masc|Number=Sing|POS=DET|PronType=Ind",
      "Animacy=Inan|Case=Loc|Gender=Masc|Number=Sing|POS=DET|PronType=Ind",
      "Animacy=Hum|Case=Nom|Gender=Masc|Number=Sing|Number[psor]=Plur|POS=DET|Person=2|Poss=Yes|PronType=Prs",
      "Animacy=Hum|Case=Loc|Gender=Masc|Number=Sing|POS=DET|PronType=Dem",
      "Case=Dat|Gender=Fem|NumType=Card|Number=Plur|POS=DET|PronType=Ind",
      "Animacy=Nhum|Aspect=Perf|Case=Nom|Gender=Masc|Number=Plur|POS=ADJ|Polarity=Pos|VerbForm=Part|Voice=Pass",
      "Animacy=Inan|Case=Gen|Gender=Masc|Number=Plur|POS=PROPN",
      "Animacy=Inan|Case=Ins|Gender=Masc|Number=Plur|POS=DET|PronType=Int,Rel",
      "Animacy=Hum|Case=Acc|Gender=Masc|Number=Plur|Number[psor]=Sing|POS=DET|Person=1|Poss=Yes|PronType=Prs",
      "Case=Nom|Gender=Neut|Number=Sing|POS=DET|PronType=Neg",
      "Aspect=Imp,Perf|Gender=Fem|Mood=Cnd|Number=Plur|POS=VERB|Tense=Past|VerbForm=Fin,Part|Voice=Act",
      "Animacy=Inan|Case=Loc|Gender=Masc|Number=Sing|POS=NUM",
      "Animacy=Nhum|Case=Ins|Gender=Masc|Number=Plur|POS=PRON|Person=3|PrepCase=Pre|PronType=Prs|Variant=Long",
      "Case=Nom|Gender=Neut|NumType=Card|Number=Plur|POS=DET|PronType=Ind",
      "Case=Dat|Gender=Neut|Number=Sing|POS=PRON|Person=3|PrepCase=Npr|PronType=Prs|Variant=Short"
    ],
    "parser": [
      "ROOT",
      "acl",
      "advcl",
      "advmod",
      "amod",
      "appos",
      "aux",
      "aux:pass",
      "case",
      "cc",
      "ccomp",
      "conj",
      "cop",
      "dep",
      "det",
      "det:numgov",
      "expl:pv",
      "iobj",
      "mark",
      "nmod",
      "nsubj",
      "nsubj:pass",
      "nummod",
      "obj",
      "obl",
      "obl:arg",
      "punct",
      "xcomp"
    ],
    "tagger": [
      "ADJ",
      "ADJA",
      "ADJC",
      "ADJP",
      "ADV",
      "AGLT",
      "BEDZIE",
      "BREV",
      "BURK",
      "COMP",
      "CONJ",
      "DEPR",
      "FIN",
      "GER",
      "IMPS",
      "IMPT",
      "INF",
      "INTERJ",
      "INTERP",
      "NUM",
      "NUMCOL",
      "PACT",
      "PANT",
      "PCON",
      "PPAS",
      "PPRON12",
      "PPRON3",
      "PRAET",
      "PRED",
      "PREP",
      "QUB",
      "SIEBIE",
      "SUBST",
      "WINIEN",
      "XXX"
    ],
    "senter": [
      "I",
      "S"
    ],
    "ner": [
      "date",
      "geogName",
      "orgName",
      "persName",
      "placeName",
      "time"
    ],
    "attribute_ruler": [],
    "lemmatizer": []
  },
  "pipeline": [
    "tok2vec",
    "morphologizer",
    "parser",
    "tagger",
    "ner",
    "attribute_ruler",
    "lemmatizer"
  ],
  "components": [
    "tok2vec",
    "morphologizer",
    "parser",
    "tagger",
    "senter",
    "ner",
    "attribute_ruler",
    "lemmatizer"
  ],
  "disabled": [
    "senter"
  ],
  "performance": {
    "ents_p": 0.8449163449,
    "ents_r": 0.8368387508,
    "ents_f": 0.8408581492,
    "sents_p": 0.9778420039,
    "sents_r": 0.988315482,
    "sents_f": 0.9830508475,
    "speed": 5889.75916893,
    "ents_per_type": {
      "placeName": {
        "p": 0.837587007,
        "r": 0.8434579439,
        "f": 0.8405122235
      },
      "orgName": {
        "p": 0.7814569536,
        "r": 0.7564102564,
        "f": 0.7687296417
      },
      "date": {
        "p": 0.9090909091,
        "r": 0.8333333333,
        "f": 0.8695652174
      },
      "persName": {
        "p": 0.8936877076,
        "r": 0.910321489,
        "f": 0.9019279128
      },
      "time": {
        "p": 0.8214285714,
        "r": 0.92,
        "f": 0.8679245283
      },
      "geogName": {
        "p": 0.7065217391,
        "r": 0.619047619,
        "f": 0.6598984772
      }
    },
    "token_acc": 1.0,
    "tag_acc": 0.9815212589,
    "pos_acc": 0.9683186797,
    "morph_acc": 0.8551642847,
    "lemma_acc": 0.8832686736,
    "dep_uas": 0.8883418322,
    "dep_las": 0.8353747876,
    "morph_per_feat": {
      "Aspect": {
        "p": 0.8705156951,
        "r": 0.8656633222,
        "f": 0.8680827278
      },
      "Gender": {
        "p": 0.9017632242,
        "r": 0.899845321,
        "f": 0.9008032517
      },
      "Number": {
        "p": 0.9691988233,
        "r": 0.9656896552,
        "f": 0.9674410571
      },
      "Tense": {
        "p": 0.9583333333,
        "r": 0.9540740741,
        "f": 0.9561989607
      },
      "VerbForm": {
        "p": 0.9425028185,
        "r": 0.9361702128,
        "f": 0.9393258427
      },
      "Voice": {
        "p": 0.9408284024,
        "r": 0.9386068477,
        "f": 0.9397163121
      },
      "PronType": {
        "p": 0.9845559846,
        "r": 0.9720457433,
        "f": 0.9782608696
      },
      "Reflex": {
        "p": 0.980620155,
        "r": 1.0,
        "f": 0.9902152642
      },
      "Animacy": {
        "p": 0.8279329609,
        "r": 0.8369728916,
        "f": 0.8324283842
      },
      "Mood": {
        "p": 0.9457142857,
        "r": 0.9350282486,
        "f": 0.9403409091
      },
      "Person": {
        "p": 0.9509071505,
        "r": 0.9408658923,
        "f": 0.9458598726
      },
      "Case": {
        "p": 0.9093530366,
        "r": 0.90625,
        "f": 0.9077988666
      },
      "Polarity": {
        "p": 0.7787234043,
        "r": 0.75,
        "f": 0.764091858
      },
      "AdpType": {
        "p": 0.9990619137,
        "r": 0.9943977591,
        "f": 0.99672438
      },
      "Variant": {
        "p": 0.9885350318,
        "r": 0.9897959184,
        "f": 0.9891650733
      },
      "NumType": {
        "p": 1.0,
        "r": 0.8571428571,
        "f": 0.9230769231
      },
      "Degree": {
        "p": 0.904860393,
        "r": 0.9067357513,
        "f": 0.9057971014
      },
      "Poss": {
        "p": 0.935483871,
        "r": 0.9508196721,
        "f": 0.9430894309
      },
      "PrepCase": {
        "p": 0.9934210526,
        "r": 0.9934210526,
        "f": 0.9934210526
      },
      "Number[psor]": {
        "p": 0.9,
        "r": 0.7941176471,
        "f": 0.84375
      },
      "Hyph": {
        "p": 0.8,
        "r": 0.8,
        "f": 0.8
      },
      "Abbr": {
        "p": 0.8536585366,
        "r": 0.9722222222,
        "f": 0.9090909091
      }
    },
    "dep_las_per_type": {
      "root": {
        "p": 0.9181117534,
        "r": 0.9279454722,
        "f": 0.9230024213
      },
      "expl:pv": {
        "p": 0.9509803922,
        "r": 0.9463414634,
        "f": 0.9486552567
      },
      "aux:pass": {
        "p": 0.7959183673,
        "r": 0.9069767442,
        "f": 0.847826087
      },
      "obj": {
        "p": 0.8248847926,
        "r": 0.8261538462,
        "f": 0.8255188317
      },
      "case": {
        "p": 0.9338695264,
        "r": 0.9347048301,
        "f": 0.9342869915
      },
      "obl": {
        "p": 0.6430155211,
        "r": 0.5811623246,
        "f": 0.6105263158
      },
      "conj": {
        "p": 0.7492877493,
        "r": 0.7735294118,
        "f": 0.7612156295
      },
      "nsubj": {
        "p": 0.8284457478,
        "r": 0.8260233918,
        "f": 0.8272327965
      },
      "amod": {
        "p": 0.8842652796,
        "r": 0.8717948718,
        "f": 0.8779857973
      },
      "obl:arg": {
        "p": 0.7030812325,
        "r": 0.6820652174,
        "f": 0.6924137931
      },
      "iobj": {
        "p": 0.5,
        "r": 0.3953488372,
        "f": 0.4415584416
      },
      "det:numgov": {
        "p": 1.0,
        "r": 0.8,
        "f": 0.8888888889
      },
      "ccomp": {
        "p": 0.7209302326,
        "r": 0.8611111111,
        "f": 0.7848101266
      },
      "cop": {
        "p": 0.7844827586,
        "r": 0.7583333333,
        "f": 0.7711864407
      },
      "advmod": {
        "p": 0.8672086721,
        "r": 0.8625336927,
        "f": 0.8648648649
      },
      "nmod": {
        "p": 0.7375661376,
        "r": 0.8076477404,
        "f": 0.7710176991
      },
      "det": {
        "p": 0.9085714286,
        "r": 0.9408284024,
        "f": 0.9244186047
      },
      "xcomp": {
        "p": 0.9011627907,
        "r": 0.8959537572,
        "f": 0.8985507246
      },
      "cc": {
        "p": 0.9182692308,
        "r": 0.9009433962,
        "f": 0.9095238095
      },
      "nummod": {
        "p": 0.9,
        "r": 0.7714285714,
        "f": 0.8307692308
      },
      "aux": {
        "p": 0.8372093023,
        "r": 0.8780487805,
        "f": 0.8571428571
      },
      "mark": {
        "p": 0.8571428571,
        "r": 0.8888888889,
        "f": 0.8727272727
      },
      "advcl": {
        "p": 0.7258064516,
        "r": 0.5769230769,
        "f": 0.6428571429
      },
      "fixed": {
        "p": 0.0,
        "r": 0.0,
        "f": 0.0
      },
      "acl": {
        "p": 0.5652173913,
        "r": 0.619047619,
        "f": 0.5909090909
      },
      "nsubj:pass": {
        "p": 0.92,
        "r": 0.696969697,
        "f": 0.7931034483
      },
      "appos": {
        "p": 0.8222222222,
        "r": 0.649122807,
        "f": 0.7254901961
      },
      "det:nummod": {
        "p": 0.0,
        "r": 0.0,
        "f": 0.0
      },
      "dep": {
        "p": 0.0,
        "r": 0.0,
        "f": 0.0
      }
    }
  },
  "sources": [
    {
      "name": "UD Polish SZ v2.3",
      "url": "https://github.com/UniversalDependencies/UD_Polish-PDB/",
      "license": "GNU GPL 3.0",
      "author": "Wr\u00f3blewska, Alina; Zeman, Daniel; Ma\u0161ek, Jan; Rosa, Rudolf"
    },
    {
      "name": "Morfeusz 2 Lemmas from the Grammatical Dictionary of Polish (SGJP)",
      "url": "http://sgjp.pl/o-slowniku/",
      "license": "BSD-2-Clause",
      "author": "Marcin Woli\u0144ski, Zbigniew Bronk, W\u0142odzimierz Gruszczy\u0144ski, Witold Kiera\u015b, Zygmunt Saloni, Danuta Skowro\u0144ska, Robert Wo\u0142osz"
    },
    {
      "name": "National Corpus of Polish",
      "url": "http://nkjp.pl/",
      "license": "GNU GPL 3.0",
      "author": "Miros\u0142aw Ba\u0144ko, Rafa\u0142 L. G\u00f3rski, Barbara Lewandowska-Tomaszczyk, Marek \u0141azi\u0144ski, Piotr P\u0119zik, Adam Przepi\u00f3rkowski"
    },
    {
      "name": "National Corpus of Polish",
      "url": "http://nkjp.pl/",
      "license": "GNU GPL 3.0",
      "author": "Miros\u0142aw Ba\u0144ko, Rafa\u0142 L. G\u00f3rski, Barbara Lewandowska-Tomaszczyk, Marek \u0141azi\u0144ski, Piotr P\u0119zik, Adam Przepi\u00f3rkowski"
    },
    {
      "name": "Morfeusz 2 Lemmas from the Grammatical Dictionary of Polish (SGJP)",
      "url": "http://sgjp.pl/o-slowniku/",
      "license": "BSD-2-Clause",
      "author": "Marcin Woli\u0144ski, Zbigniew Bronk, W\u0142odzimierz Gruszczy\u0144ski, Witold Kiera\u015b, Zygmunt Saloni, Danuta Skowro\u0144ska, Robert Wo\u0142osz"
    }
  ],
  "requirements": [],
  "parent_package": "spacy-nightly",
  "size": "84 MB",
  "checksum": "852583ef753272198de05805067c0aad4481c52183a42f7ba893077ead56e20e"
}