{
  "lang": "pt",
  "name": "core_news_sm",
  "license": "CC BY-SA 4.0",
  "author": "Explosion",
  "url": "https://explosion.ai",
  "email": "contact@explosion.ai",
  "description": "Portuguese multi-task CNN trained on UD Portuguese Bosque and WikiNER. Assigns context-specific token vectors, POS tags, dependency parses and named entities.",
  "notes": "Because the model is trained on Wikipedia, it may perform inconsistently on many genres, such as social media text. The NER accuracy refers to the \"silver standard\" annotations in the WikiNER corpus. Accuracy on these annotations tends to be higher than correct human annotations.",
  "sources": [
    {
      "name": "UD Portuguese Bosque v2.5",
      "url": "https://github.com/UniversalDependencies/UD_Portuguese-Bosque",
      "license": "CC BY-SA 4.0",
      "author": "Rademaker, Alexandre; Freitas, Cl\u00e1udia; de Souza, Elvis; Silveira, Aline; Cavalcanti, Tatiana; Evelyn, Wograine; Rocha, Luisa; Soares-Bastos, Isabela; Bick, Eckhard; Chalub, Fabricio; Paulino-Passos, Guilherme; Real, Livy; de Paiva, Valeria; Zeman, Daniel; Popel, Martin; Mare\u010dek, David; Silveira, Natalia; Martins, Andr\u00e9"
    },
    {
      "name": "WikiNER",
      "url": "https://figshare.com/articles/Learning_multilingual_named_entity_recognition_from_Wikipedia/5462500",
      "license": "CC BY 4.0"
    }
  ],
  "pipeline": [
    "tagger",
    "parser",
    "ner"
  ],
  "version": "2.3.0",
  "spacy_version": ">=2.3.0,<2.4.0",
  "parent_package": "spacy",
  "accuracy": {
    "las": 85.169613546,
    "uas": 89.2933248863,
    "token_acc": 99.8811881188,
    "las_per_type": {
      "root": {
        "p": 89.9461400359,
        "r": 89.4642857143,
        "f": 89.7045658013
      },
      "parataxis": {
        "p": 51.8518518519,
        "r": 35.4430379747,
        "f": 42.1052631579
      },
      "obj": {
        "p": 85.3658536585,
        "r": 80.3059273423,
        "f": 82.7586206897
      },
      "case": {
        "p": 97.8274760383,
        "r": 97.9526551504,
        "f": 97.8900255754
      },
      "nmod": {
        "p": 80.8743169399,
        "r": 82.3136818687,
        "f": 81.5876515987
      },
      "obl": {
        "p": 65.503875969,
        "r": 69.6907216495,
        "f": 67.5324675325
      },
      "det": {
        "p": 96.5783664459,
        "r": 96.3656387665,
        "f": 96.4718853363
      },
      "nsubj": {
        "p": 86.917562724,
        "r": 84.4947735192,
        "f": 85.6890459364
      },
      "mark": {
        "p": 88.1188118812,
        "r": 83.1775700935,
        "f": 85.5769230769
      },
      "advmod": {
        "p": 79.3201133144,
        "r": 80.229226361,
        "f": 79.7720797721
      },
      "cop": {
        "p": 84.9673202614,
        "r": 92.8571428571,
        "f": 88.7372013652
      },
      "expl": {
        "p": 71.4285714286,
        "r": 100.0,
        "f": 83.3333333333
      },
      "ccomp": {
        "p": 64.8148148148,
        "r": 67.3076923077,
        "f": 66.0377358491
      },
      "acl:relcl": {
        "p": 63.0630630631,
        "r": 64.8148148148,
        "f": 63.9269406393
      },
      "fixed": {
        "p": 83.3333333333,
        "r": 75.0,
        "f": 78.9473684211
      },
      "conj": {
        "p": 64.84375,
        "r": 63.1178707224,
        "f": 63.9691714836
      },
      "cc": {
        "p": 89.1304347826,
        "r": 88.7445887446,
        "f": 88.9370932755
      },
      "amod": {
        "p": 90.1234567901,
        "r": 89.0243902439,
        "f": 89.5705521472
      },
      "iobj": {
        "p": 50.0,
        "r": 13.6363636364,
        "f": 21.4285714286
      },
      "appos": {
        "p": 58.8235294118,
        "r": 65.8682634731,
        "f": 62.1468926554
      },
      "acl": {
        "p": 58.1818181818,
        "r": 55.652173913,
        "f": 56.8888888889
      },
      "xcomp": {
        "p": 84.6846846847,
        "r": 74.0157480315,
        "f": 78.9915966387
      },
      "nummod": {
        "p": 96.1290322581,
        "r": 95.5128205128,
        "f": 95.8199356913
      },
      "flat": {
        "p": 100.0,
        "r": 100.0,
        "f": 100.0
      },
      "flat:name": {
        "p": 88.1756756757,
        "r": 93.8848920863,
        "f": 90.9407665505
      },
      "aux:pass": {
        "p": 98.5074626866,
        "r": 98.5074626866,
        "f": 98.5074626866
      },
      "nsubj:pass": {
        "p": 87.2727272727,
        "r": 90.5660377358,
        "f": 88.8888888889
      },
      "obl:agent": {
        "p": 75.0,
        "r": 90.0,
        "f": 81.8181818182
      },
      "advcl": {
        "p": 51.1111111111,
        "r": 62.1621621622,
        "f": 56.0975609756
      },
      "aux": {
        "p": 93.4426229508,
        "r": 89.0625,
        "f": 91.2
      },
      "discourse": {
        "p": 0.0,
        "r": 0.0,
        "f": 0.0
      },
      "vocative": {
        "p": 0.0,
        "r": 0.0,
        "f": 0.0
      },
      "csubj": {
        "p": 37.5,
        "r": 37.5,
        "f": 37.5
      },
      "flat:foreign": {
        "p": 100.0,
        "r": 50.0,
        "f": 66.6666666667
      },
      "compound": {
        "p": 100.0,
        "r": 42.8571428571,
        "f": 60.0
      },
      "orphan": {
        "p": 0.0,
        "r": 0.0,
        "f": 0.0
      },
      "dep": {
        "p": 0.0,
        "r": 0.0,
        "f": 0.0
      }
    },
    "tags_acc": 93.5335216293,
    "ents_f": 89.2671963409,
    "ents_p": 89.4258685047,
    "ents_r": 89.1090862575,
    "ents_per_type": {
      "LOC": {
        "p": 91.4002089864,
        "r": 92.2679324895,
        "f": 91.8320209974
      },
      "PER": {
        "p": 90.1078838174,
        "r": 91.6286919831,
        "f": 90.8619246862
      },
      "MISC": {
        "p": 81.2289711351,
        "r": 75.8683427059,
        "f": 78.4571966134
      },
      "ORG": {
        "p": 85.0212967345,
        "r": 80.2546348001,
        "f": 82.5692290015
      }
    }
  },
  "speed": {
    "cpu": 7942.8270057703,
    "gpu": null,
    "nwords": 676043
  },
  "labels": {
    "tagger": [
      "ADJ",
      "ADJ__Gender=Fem|Number=Plur",
      "ADJ__Gender=Fem|Number=Plur|NumType=Ord",
      "ADJ__Gender=Fem|Number=Sing",
      "ADJ__Gender=Fem|Number=Sing|NumType=Ord",
      "ADJ__Gender=Masc",
      "ADJ__Gender=Masc|Number=Plur",
      "ADJ__Gender=Masc|Number=Plur|NumType=Ord",
      "ADJ__Gender=Masc|Number=Sing",
      "ADJ__Gender=Masc|Number=Sing|NumType=Ord",
      "ADJ__Gender=Unsp|Number=Plur",
      "ADJ__Gender=Unsp|Number=Sing",
      "ADJ__NumType=Ord",
      "ADJ__Number=Plur",
      "ADJ__Number=Sing",
      "ADP",
      "ADP_ADV",
      "ADP_ADV__Gender=Masc|Number=Sing|PronType=Art",
      "ADP_DET__Definite=Def|Gender=Fem|Number=Plur|PronType=Art",
      "ADP_DET__Definite=Def|Gender=Fem|Number=Sing|PronType=Art",
      "ADP_DET__Definite=Def|Gender=Fem|PronType=Art",
      "ADP_DET__Definite=Def|Gender=Masc|Number=Plur|PronType=Art",
      "ADP_DET__Definite=Def|Gender=Masc|Number=Sing|PronType=Art",
      "ADP_DET__Definite=Def|Gender=Masc|Number=Unsp|PronType=Art",
      "ADP_DET__Definite=Def|PronType=Art",
      "ADP_DET__Definite=Ind|Gender=Fem|Number=Sing|PronType=Art",
      "ADP_DET__Definite=Ind|Gender=Masc|Number=Sing|PronType=Art",
      "ADP_DET__Gender=Fem|Number=Plur|PronType=Art",
      "ADP_DET__Gender=Fem|Number=Plur|PronType=Dem",
      "ADP_DET__Gender=Fem|Number=Plur|PronType=Ind",
      "ADP_DET__Gender=Fem|Number=Sing|PronType=Art",
      "ADP_DET__Gender=Fem|Number=Sing|PronType=Dem",
      "ADP_DET__Gender=Fem|Number=Sing|PronType=Ind",
      "ADP_DET__Gender=Masc|Number=Plur|PronType=Art",
      "ADP_DET__Gender=Masc|Number=Plur|PronType=Dem",
      "ADP_DET__Gender=Masc|Number=Plur|PronType=Ind",
      "ADP_DET__Gender=Masc|Number=Sing|PronType=Art",
      "ADP_DET__Gender=Masc|Number=Sing|PronType=Dem",
      "ADP_DET__Gender=Masc|Number=Sing|PronType=Ind",
      "ADP_DET__PronType=Art",
      "ADP_DET__PronType=Dem",
      "ADP_NUM__NumType=Card",
      "ADP_PRON__Case=Nom|Gender=Fem|Number=Plur|Person=3|PronType=Prs",
      "ADP_PRON__Case=Nom|Gender=Fem|Number=Sing|Person=3|PronType=Prs",
      "ADP_PRON__Case=Nom|Gender=Masc|Number=Plur|Person=3|PronType=Prs",
      "ADP_PRON__Case=Nom|Gender=Masc|Number=Sing|Person=3|PronType=Prs",
      "ADP_PRON__Definite=Def|Gender=Fem|Number=Plur|PronType=Art",
      "ADP_PRON__Definite=Def|Gender=Fem|Number=Sing|PronType=Art",
      "ADP_PRON__Definite=Def|Gender=Fem|Number=Sing|PronType=Dem",
      "ADP_PRON__Definite=Def|Gender=Masc|Number=Plur|PronType=Dem",
      "ADP_PRON__Definite=Def|Gender=Masc|Number=Sing|PronType=Art",
      "ADP_PRON__Definite=Def|Gender=Masc|Number=Sing|PronType=Dem",
      "ADP_PRON__Gender=Fem|Number=Plur|Person=1|PronType=Prs",
      "ADP_PRON__Gender=Fem|Number=Plur|Person=3|PronType=Prs",
      "ADP_PRON__Gender=Fem|Number=Plur|PronType=Dem",
      "ADP_PRON__Gender=Fem|Number=Plur|PronType=Ind",
      "ADP_PRON__Gender=Fem|Number=Sing|Person=1|PronType=Prs",
      "ADP_PRON__Gender=Fem|Number=Sing|Person=3|PronType=Prs",
      "ADP_PRON__Gender=Fem|Number=Sing|PronType=Dem",
      "ADP_PRON__Gender=Fem|Number=Sing|PronType=Ind",
      "ADP_PRON__Gender=Masc|Number=Plur|Person=3|PronType=Prs",
      "ADP_PRON__Gender=Masc|Number=Plur|PronType=Dem",
      "ADP_PRON__Gender=Masc|Number=Sing|Person=3|PronType=Prs",
      "ADP_PRON__Gender=Masc|Number=Sing|PronType=Dem",
      "ADP_PRON__Gender=Masc|Number=Sing|PronType=Ind",
      "ADP_PRON__Gender=Masc|Number=Sing|PronType=Rel",
      "ADP_PRON__Gender=Unsp|Number=Plur|Person=2|PronType=Prs",
      "ADP_PRON__PronType=Rel",
      "ADP_PROPN__Gender=Masc|Number=Plur",
      "ADP_PROPN__Number=Sing",
      "ADP__Gender=Masc|Number=Sing",
      "ADV",
      "ADV_PRON__Case=Acc|Gender=Masc|Number=Sing|Person=3|PronType=Prs",
      "ADV_PROPN__Gender=Unsp|Number=Sing",
      "ADV__Gender=Fem|Number=Sing|PronType=Ind",
      "ADV__Gender=Fem|Number=Sing|PronType=Rel",
      "ADV__Gender=Masc|Number=Sing",
      "ADV__Gender=Masc|Number=Sing|Polarity=Neg",
      "ADV__Gender=Masc|Number=Sing|PronType=Ind",
      "ADV__Gender=Masc|Number=Sing|PronType=Int",
      "ADV__Gender=Unsp|Number=Sing|PronType=Ind",
      "ADV__Gender=Unsp|Number=Unsp|PronType=Int",
      "ADV__Polarity=Neg",
      "AUX",
      "AUX_PRON__Case=Acc|Gender=Fem|Mood=Ind|Number=Sing|Person=3|PronType=Prs|Tense=Pres|VerbForm=Fin",
      "AUX_PRON__Case=Acc|Gender=Fem|Number=Sing|Person=3|PronType=Prs|VerbForm=Inf",
      "AUX_PRON__Case=Acc|Gender=Fem|PronType=Prs|VerbForm=Ger",
      "AUX_PRON__Case=Acc|Gender=Masc|Mood=Ind|Number=Plur|Person=3|PronType=Prs|Tense=Imp|VerbForm=Fin",
      "AUX_PRON__Case=Acc|Gender=Masc|Mood=Ind|Number=Sing|Person=3|PronType=Prs|Tense=Imp|VerbForm=Fin",
      "AUX_PRON__Case=Acc|Gender=Masc|Mood=Ind|Number=Sing|Person=3|PronType=Prs|Tense=Past|VerbForm=Fin",
      "AUX_PRON__Case=Acc|Gender=Masc|Mood=Ind|Number=Sing|Person=3|PronType=Prs|Tense=Pres|VerbForm=Fin",
      "AUX_PRON__Case=Acc|Gender=Masc|Number=Sing|Person=3|PronType=Prs|VerbForm=Ger",
      "AUX_PRON__Case=Acc|Gender=Masc|Number=Sing|Person=3|PronType=Prs|VerbForm=Inf",
      "AUX_PRON__Case=Acc|Gender=Masc|PronType=Prs|VerbForm=Ger",
      "AUX_PRON__Case=Acc|Gender=Unsp|Mood=Ind|Number=Sing|Person=1|PronType=Prs|Tense=Pres|VerbForm=Fin",
      "AUX_PRON__Case=Acc|Gender=Unsp|Mood=Ind|Number=Sing|Person=3|PronType=Prs|Tense=Pres|VerbForm=Fin",
      "AUX_PRON__Case=Acc|Gender=Unsp|Mood=Sub|Number=Sing|Person=3|PronType=Prs|Tense=Pres|VerbForm=Fin",
      "AUX_PRON__Case=Acc|Gender=Unsp|PronType=Prs|VerbForm=Inf",
      "AUX_PRON__Case=Dat|Gender=Masc|Number=Sing|Person=3|PronType=Prs|VerbForm=Ger",
      "AUX_PRON__Case=Dat|Gender=Unsp|Mood=Ind|Number=Sing|Person=1,3|PronType=Prs|Tense=Past|VerbForm=Fin",
      "AUX__Gender=Masc|Number=Sing|VerbForm=Part",
      "AUX__Mood=Cnd|Number=Plur|Person=3|VerbForm=Fin",
      "AUX__Mood=Cnd|Number=Sing|Person=1|VerbForm=Fin",
      "AUX__Mood=Cnd|Number=Sing|Person=3|VerbForm=Fin",
      "AUX__Mood=Imp|Number=Sing|Person=2|VerbForm=Fin",
      "AUX__Mood=Ind|Number=Plur|Person=1|Tense=Fut|VerbForm=Fin",
      "AUX__Mood=Ind|Number=Plur|Person=1|Tense=Imp|VerbForm=Fin",
      "AUX__Mood=Ind|Number=Plur|Person=1|Tense=Past|VerbForm=Fin",
      "AUX__Mood=Ind|Number=Plur|Person=1|Tense=Pres|VerbForm=Fin",
      "AUX__Mood=Ind|Number=Plur|Person=3|Tense=Fut|VerbForm=Fin",
      "AUX__Mood=Ind|Number=Plur|Person=3|Tense=Imp|VerbForm=Fin",
      "AUX__Mood=Ind|Number=Plur|Person=3|Tense=Past|VerbForm=Fin",
      "AUX__Mood=Ind|Number=Plur|Person=3|Tense=Pqp|VerbForm=Fin",
      "AUX__Mood=Ind|Number=Plur|Person=3|Tense=Pres|VerbForm=Fin",
      "AUX__Mood=Ind|Number=Plur|Person=3|VerbForm=Fin",
      "AUX__Mood=Ind|Number=Sing|Person=1|Tense=Fut|VerbForm=Fin",
      "AUX__Mood=Ind|Number=Sing|Person=1|Tense=Imp|VerbForm=Fin",
      "AUX__Mood=Ind|Number=Sing|Person=1|Tense=Past|VerbForm=Fin",
      "AUX__Mood=Ind|Number=Sing|Person=1|Tense=Pqp|VerbForm=Fin",
      "AUX__Mood=Ind|Number=Sing|Person=1|Tense=Pres|VerbForm=Fin",
      "AUX__Mood=Ind|Number=Sing|Person=2|Tense=Pres|VerbForm=Fin",
      "AUX__Mood=Ind|Number=Sing|Person=3|Tense=Fut|VerbForm=Fin",
      "AUX__Mood=Ind|Number=Sing|Person=3|Tense=Imp|VerbForm=Fin",
      "AUX__Mood=Ind|Number=Sing|Person=3|Tense=Past|VerbForm=Fin",
      "AUX__Mood=Ind|Number=Sing|Person=3|Tense=Pqp|VerbForm=Fin",
      "AUX__Mood=Ind|Number=Sing|Person=3|Tense=Pres|VerbForm=Fin",
      "AUX__Mood=Ind|Number=Sing|Tense=Imp|VerbForm=Fin",
      "AUX__Mood=Sub|Number=Plur|Person=1|Tense=Pres|VerbForm=Fin",
      "AUX__Mood=Sub|Number=Plur|Person=3|Tense=Fut|VerbForm=Fin",
      "AUX__Mood=Sub|Number=Plur|Person=3|Tense=Imp|VerbForm=Fin",
      "AUX__Mood=Sub|Number=Plur|Person=3|Tense=Pres|VerbForm=Fin",
      "AUX__Mood=Sub|Number=Sing|Person=1|Tense=Imp|VerbForm=Fin",
      "AUX__Mood=Sub|Number=Sing|Person=3|Tense=Fut|VerbForm=Fin",
      "AUX__Mood=Sub|Number=Sing|Person=3|Tense=Imp|VerbForm=Fin",
      "AUX__Mood=Sub|Number=Sing|Person=3|Tense=Pres|VerbForm=Fin",
      "AUX__Mood=Sub|Number=Sing|Tense=Imp|VerbForm=Fin",
      "AUX__Number=Plur|Person=1|Tense=Past",
      "AUX__Number=Plur|Person=1|VerbForm=Inf",
      "AUX__Number=Plur|Person=3|VerbForm=Inf",
      "AUX__Number=Sing|Person=3|VerbForm=Inf",
      "AUX__VerbForm=Ger",
      "AUX__VerbForm=Inf",
      "AUX__VerbForm=Part",
      "CCONJ",
      "DET",
      "DET__Definite=Def|Gender=Fem|Number=Plur|PronType=Art",
      "DET__Definite=Def|Gender=Fem|Number=Sing|PronType=Art",
      "DET__Definite=Def|Gender=Masc|Number=Plur|PronType=Art",
      "DET__Definite=Def|Gender=Masc|Number=Sing|PronType=Art",
      "DET__Definite=Def|Number=Sing|PronType=Art",
      "DET__Definite=Def|PronType=Art",
      "DET__Definite=Ind|Gender=Fem|Number=Sing|PronType=Art",
      "DET__Definite=Ind|Gender=Fem|PronType=Art",
      "DET__Definite=Ind|Gender=Masc|Number=Sing|PronType=Art",
      "DET__Gender=Fem|Number=Plur",
      "DET__Gender=Fem|Number=Plur|PronType=Art",
      "DET__Gender=Fem|Number=Plur|PronType=Dem",
      "DET__Gender=Fem|Number=Plur|PronType=Emp",
      "DET__Gender=Fem|Number=Plur|PronType=Ind",
      "DET__Gender=Fem|Number=Plur|PronType=Int",
      "DET__Gender=Fem|Number=Plur|PronType=Prs",
      "DET__Gender=Fem|Number=Plur|PronType=Rel",
      "DET__Gender=Fem|Number=Plur|PronType=Tot",
      "DET__Gender=Fem|Number=Sing",
      "DET__Gender=Fem|Number=Sing|PronType=Art",
      "DET__Gender=Fem|Number=Sing|PronType=Dem",
      "DET__Gender=Fem|Number=Sing|PronType=Emp",
      "DET__Gender=Fem|Number=Sing|PronType=Ind",
      "DET__Gender=Fem|Number=Sing|PronType=Int",
      "DET__Gender=Fem|Number=Sing|PronType=Neg",
      "DET__Gender=Fem|Number=Sing|PronType=Prs",
      "DET__Gender=Fem|Number=Sing|PronType=Rel",
      "DET__Gender=Fem|Number=Sing|PronType=Tot",
      "DET__Gender=Fem|PronType=Dem",
      "DET__Gender=Masc|Number=Plur",
      "DET__Gender=Masc|Number=Plur|PronType=Art",
      "DET__Gender=Masc|Number=Plur|PronType=Dem",
      "DET__Gender=Masc|Number=Plur|PronType=Emp",
      "DET__Gender=Masc|Number=Plur|PronType=Ind",
      "DET__Gender=Masc|Number=Plur|PronType=Int",
      "DET__Gender=Masc|Number=Plur|PronType=Prs",
      "DET__Gender=Masc|Number=Plur|PronType=Rel",
      "DET__Gender=Masc|Number=Plur|PronType=Tot",
      "DET__Gender=Masc|Number=Sing",
      "DET__Gender=Masc|Number=Sing|PronType=Art",
      "DET__Gender=Masc|Number=Sing|PronType=Dem",
      "DET__Gender=Masc|Number=Sing|PronType=Emp",
      "DET__Gender=Masc|Number=Sing|PronType=Ind",
      "DET__Gender=Masc|Number=Sing|PronType=Int",
      "DET__Gender=Masc|Number=Sing|PronType=Neg",
      "DET__Gender=Masc|Number=Sing|PronType=Prs",
      "DET__Gender=Masc|Number=Sing|PronType=Rel",
      "DET__Gender=Masc|Number=Sing|PronType=Tot",
      "DET__Gender=Unsp|Number=Plur|PronType=Ind",
      "DET__Gender=Unsp|Number=Sing|PronType=Ind",
      "DET__Gender=Unsp|Number=Sing|PronType=Rel",
      "DET__Gender=Unsp|Number=Sing|PronType=Tot",
      "DET__Number=Sing",
      "DET__Number=Sing|PronType=Art",
      "DET__PronType=Ind",
      "DET__PronType=Int",
      "INTJ",
      "NOUN",
      "NOUN__Foreign=Yes",
      "NOUN__Gender=Fem|Number=Plur",
      "NOUN__Gender=Fem|Number=Sing",
      "NOUN__Gender=Masc",
      "NOUN__Gender=Masc|Number=Plur",
      "NOUN__Gender=Masc|Number=Sing",
      "NOUN__Gender=Masc|Number=Sing|NumType=Ord",
      "NOUN__Gender=Masc|Number=Unsp",
      "NOUN__Gender=Unsp|Number=Plur",
      "NOUN__Gender=Unsp|Number=Sing",
      "NOUN__Number=Sing",
      "NUM__Gender=Fem|Number=Plur",
      "NUM__Gender=Fem|Number=Sing",
      "NUM__Gender=Masc|Number=Plur",
      "NUM__Gender=Masc|Number=Sing|NumType=Card",
      "NUM__Gender=Masc|Number=Sing|NumType=Frac",
      "NUM__Gender=Masc|Number=Sing|NumType=Mult",
      "NUM__Gender=Masc|Number=Sing|NumType=Sets",
      "NUM__NumType=Card",
      "NUM__NumType=Frac",
      "NUM__NumType=Mult",
      "NUM__NumType=Ord",
      "NUM__NumType=Range",
      "NUM__Number=Plur|NumType=Card",
      "PART",
      "PART_NOUN__Gender=Masc|Number=Sing",
      "PART__Gender=Masc|Number=Sing",
      "PRON_PRON__Case=Acc,Dat|Gender=Fem,Unsp|Number=Sing|Person=3|PronType=Prs",
      "PRON__Case=Acc|Gender=Fem|Number=Plur|Person=3|PronType=Prs",
      "PRON__Case=Acc|Gender=Fem|Number=Sing|Person=1|PronType=Prs",
      "PRON__Case=Acc|Gender=Fem|Number=Sing|Person=3|PronType=Prs",
      "PRON__Case=Acc|Gender=Fem|PronType=Prs",
      "PRON__Case=Acc|Gender=Masc|Number=Plur|Person=1|PronType=Prs",
      "PRON__Case=Acc|Gender=Masc|Number=Plur|Person=3|PronType=Prs",
      "PRON__Case=Acc|Gender=Masc|Number=Sing|Person=1|PronType=Prs",
      "PRON__Case=Acc|Gender=Masc|Number=Sing|Person=2|PronType=Prs",
      "PRON__Case=Acc|Gender=Masc|Number=Sing|Person=3|PronType=Dem",
      "PRON__Case=Acc|Gender=Masc|Number=Sing|Person=3|PronType=Prs",
      "PRON__Case=Acc|Gender=Masc|Number=Sing|PronType=Prs",
      "PRON__Case=Acc|Gender=Masc|PronType=Prs",
      "PRON__Case=Acc|Gender=Unsp|Number=Plur|Person=1|PronType=Prs",
      "PRON__Case=Acc|Gender=Unsp|Number=Plur|Person=3|PronType=Prs",
      "PRON__Case=Acc|Gender=Unsp|Number=Sing|Person=1|PronType=Prs",
      "PRON__Case=Acc|Gender=Unsp|Number=Sing|Person=3|PronType=Prs",
      "PRON__Case=Acc|Gender=Unsp|Number=Sing|Person=3|PronType=Prs|VerbForm=Ger",
      "PRON__Case=Acc|Gender=Unsp|PronType=Prs",
      "PRON__Case=Acc|Number=Sing|Person=3|PronType=Prs",
      "PRON__Case=Dat|Gender=Fem|Number=Plur|Person=3|PronType=Prs",
      "PRON__Case=Dat|Gender=Fem|Number=Sing|Person=1|PronType=Prs",
      "PRON__Case=Dat|Gender=Fem|Number=Sing|Person=3|PronType=Prs",
      "PRON__Case=Dat|Gender=Masc|Number=Plur|Person=1|PronType=Prs",
      "PRON__Case=Dat|Gender=Masc|Number=Plur|Person=3|PronType=Prs",
      "PRON__Case=Dat|Gender=Masc|Number=Sing|Person=1|PronType=Prs",
      "PRON__Case=Dat|Gender=Masc|Number=Sing|Person=3|PronType=Prs",
      "PRON__Case=Dat|Gender=Unsp|Number=Plur|Person=1|PronType=Prs",
      "PRON__Case=Dat|Gender=Unsp|Number=Plur|Person=2|PronType=Prs",
      "PRON__Case=Dat|Gender=Unsp|Number=Plur|Person=3|PronType=Prs",
      "PRON__Case=Dat|Gender=Unsp|Number=Sing|Person=1|PronType=Prs",
      "PRON__Case=Dat|Gender=Unsp|Number=Sing|Person=3|PronType=Prs",
      "PRON__Case=Dat|Gender=Unsp|PronType=Prs",
      "PRON__Case=Nom|Gender=Fem|Number=Plur|Person=3|PronType=Prs",
      "PRON__Case=Nom|Gender=Fem|Number=Sing|Person=1|PronType=Prs",
      "PRON__Case=Nom|Gender=Fem|Number=Sing|Person=3|PronType=Prs",
      "PRON__Case=Nom|Gender=Masc|Number=Plur|Person=1|PronType=Prs",
      "PRON__Case=Nom|Gender=Masc|Number=Plur|Person=3|PronType=Prs",
      "PRON__Case=Nom|Gender=Masc|Number=Sing|Person=1|PronType=Prs",
      "PRON__Case=Nom|Gender=Masc|Number=Sing|Person=3|PronType=Prs",
      "PRON__Case=Nom|Gender=Unsp|Number=Plur|Person=1|PronType=Prs",
      "PRON__Case=Nom|Gender=Unsp|Number=Plur|Person=2|PronType=Prs",
      "PRON__Case=Nom|Gender=Unsp|Number=Plur|Person=3|PronType=Prs",
      "PRON__Case=Nom|Gender=Unsp|Number=Sing|Person=1|PronType=Prs",
      "PRON__Case=Nom|Gender=Unsp|Number=Sing|Person=3|PronType=Prs",
      "PRON__Definite=Def|Gender=Fem|Number=Plur|PronType=Dem",
      "PRON__Definite=Def|Gender=Fem|Number=Sing|PronType=Art",
      "PRON__Definite=Def|Gender=Fem|Number=Sing|PronType=Dem",
      "PRON__Definite=Def|Gender=Masc|Number=Plur|PronType=Art",
      "PRON__Definite=Def|Gender=Masc|Number=Plur|PronType=Dem",
      "PRON__Definite=Def|Gender=Masc|Number=Plur|PronType=Rel",
      "PRON__Definite=Def|Gender=Masc|Number=Sing|PronType=Art",
      "PRON__Definite=Def|Gender=Masc|Number=Sing|PronType=Dem",
      "PRON__Definite=Def|Gender=Masc|Number=Sing|PronType=Rel",
      "PRON__Gender=Fem|Number=Plur|Person=3|PronType=Prs",
      "PRON__Gender=Fem|Number=Plur|PronType=Dem",
      "PRON__Gender=Fem|Number=Plur|PronType=Ind",
      "PRON__Gender=Fem|Number=Plur|PronType=Int",
      "PRON__Gender=Fem|Number=Plur|PronType=Prs",
      "PRON__Gender=Fem|Number=Plur|PronType=Rel",
      "PRON__Gender=Fem|Number=Plur|PronType=Tot",
      "PRON__Gender=Fem|Number=Sing|Person=1|PronType=Prs",
      "PRON__Gender=Fem|Number=Sing|Person=3|PronType=Prs",
      "PRON__Gender=Fem|Number=Sing|PronType=Dem",
      "PRON__Gender=Fem|Number=Sing|PronType=Ind",
      "PRON__Gender=Fem|Number=Sing|PronType=Int",
      "PRON__Gender=Fem|Number=Sing|PronType=Neg",
      "PRON__Gender=Fem|Number=Sing|PronType=Prs",
      "PRON__Gender=Fem|Number=Sing|PronType=Rel",
      "PRON__Gender=Fem|Number=Sing|PronType=Tot",
      "PRON__Gender=Masc|Number=Plur|Person=1|PronType=Prs",
      "PRON__Gender=Masc|Number=Plur|Person=3|PronType=Prs",
      "PRON__Gender=Masc|Number=Plur|PronType=Dem",
      "PRON__Gender=Masc|Number=Plur|PronType=Ind",
      "PRON__Gender=Masc|Number=Plur|PronType=Int",
      "PRON__Gender=Masc|Number=Plur|PronType=Prs",
      "PRON__Gender=Masc|Number=Plur|PronType=Rel",
      "PRON__Gender=Masc|Number=Plur|PronType=Tot",
      "PRON__Gender=Masc|Number=Sing",
      "PRON__Gender=Masc|Number=Sing|Person=1|PronType=Prs",
      "PRON__Gender=Masc|Number=Sing|Person=2|PronType=Prs",
      "PRON__Gender=Masc|Number=Sing|Person=3|PronType=Prs",
      "PRON__Gender=Masc|Number=Sing|PronType=Dem",
      "PRON__Gender=Masc|Number=Sing|PronType=Ind",
      "PRON__Gender=Masc|Number=Sing|PronType=Int",
      "PRON__Gender=Masc|Number=Sing|PronType=Neg",
      "PRON__Gender=Masc|Number=Sing|PronType=Prs",
      "PRON__Gender=Masc|Number=Sing|PronType=Rel",
      "PRON__Gender=Masc|Number=Sing|PronType=Tot",
      "PRON__Gender=Masc|Number=Unsp|PronType=Ind",
      "PRON__Gender=Unsp|Number=Plur|Person=1|PronType=Prs",
      "PRON__Gender=Unsp|Number=Plur|PronType=Int",
      "PRON__Gender=Unsp|Number=Plur|PronType=Rel",
      "PRON__Gender=Unsp|Number=Sing|Person=1|PronType=Prs",
      "PRON__Gender=Unsp|Number=Sing|Person=3|PronType=Prs",
      "PRON__Gender=Unsp|Number=Sing|PronType=Ind",
      "PRON__Gender=Unsp|Number=Sing|PronType=Int",
      "PRON__Gender=Unsp|Number=Sing|PronType=Rel",
      "PRON__Gender=Unsp|Number=Sing|PronType=Tot",
      "PRON__Gender=Unsp|Number=Unsp|PronType=Dem",
      "PRON__Gender=Unsp|Number=Unsp|PronType=Ind",
      "PRON__Gender=Unsp|Number=Unsp|PronType=Int",
      "PRON__Gender=Unsp|Number=Unsp|PronType=Rel",
      "PRON__Gender=Unsp|PronType=Prs",
      "PRON__Number=Sing|Person=3|PronType=Prs",
      "PRON__Number=Sing|PronType=Rel",
      "PRON__Number=Unsp|PronType=Ind",
      "PRON__Person=3|PronType=Prs|Reflex=Yes",
      "PRON__PronType=Dem",
      "PRON__PronType=Neg",
      "PRON__PronType=Rel",
      "PROPN",
      "PROPN_DET__Gender=Masc|Number=Sing|PronType=Art",
      "PROPN_PROPN__Gender=Fem,Masc|Number=Sing",
      "PROPN_PROPN__Gender=Fem|Number=Sing",
      "PROPN_PROPN__Gender=Masc|Number=Sing",
      "PROPN__Gender=Fem|Number=Plur",
      "PROPN__Gender=Fem|Number=Sing",
      "PROPN__Gender=Fem|Number=Sing|PronType=Art",
      "PROPN__Gender=Masc",
      "PROPN__Gender=Masc|Number=Plur",
      "PROPN__Gender=Masc|Number=Sing",
      "PROPN__Gender=Masc|Number=Sing|PronType=Art",
      "PROPN__Gender=Unsp|Number=Plur",
      "PROPN__Gender=Unsp|Number=Sing",
      "PROPN__Number=Sing",
      "PROPN__Number=Sing|PronType=Art",
      "PUNCT",
      "SCONJ",
      "SCONJ_DET__Definite=Def|Gender=Fem|Number=Plur|PronType=Art",
      "SCONJ_DET__Definite=Def|Gender=Fem|Number=Sing|PronType=Art",
      "SCONJ_DET__Definite=Def|Gender=Masc|Number=Plur|PronType=Art",
      "SCONJ_DET__Definite=Def|Gender=Masc|Number=Sing|PronType=Art",
      "SCONJ_DET__Definite=Def|PronType=Art",
      "SCONJ_DET__Gender=Fem|Number=Sing|PronType=Dem",
      "SCONJ_DET__Gender=Masc|Number=Plur|PronType=Dem",
      "SCONJ_PRON__Case=Nom|Gender=Masc|Number=Sing|Person=3|PronType=Prs",
      "SCONJ_PRON__Gender=Masc|Number=Plur|PronType=Dem",
      "SCONJ_PRON__Gender=Masc|Number=Sing|PronType=Dem",
      "SCONJ__Definite=Ind|Gender=Fem|Number=Sing|PronType=Art",
      "SCONJ__Gender=Masc|Number=Sing",
      "SCONJ__VerbForm=Ger",
      "SYM",
      "VERB",
      "VERB_PRON__Case=Acc|Gender=Fem|Mood=Cnd|Number=Sing|Person=3|PronType=Prs|VerbForm=Fin",
      "VERB_PRON__Case=Acc|Gender=Fem|Mood=Ind|Number=Plur,Sing|Person=1,3|PronType=Prs|Tense=Imp|VerbForm=Fin",
      "VERB_PRON__Case=Acc|Gender=Fem|Mood=Ind|Number=Plur,Sing|Person=1,3|PronType=Prs|Tense=Past|VerbForm=Fin",
      "VERB_PRON__Case=Acc|Gender=Fem|Mood=Ind|Number=Plur,Sing|Person=3|PronType=Prs|Tense=Imp|VerbForm=Fin",
      "VERB_PRON__Case=Acc|Gender=Fem|Mood=Ind|Number=Plur,Sing|Person=3|PronType=Prs|Tense=Past|VerbForm=Fin",
      "VERB_PRON__Case=Acc|Gender=Fem|Mood=Ind|Number=Plur,Sing|Person=3|PronType=Prs|Tense=Pres|VerbForm=Fin",
      "VERB_PRON__Case=Acc|Gender=Fem|Mood=Ind|Number=Plur|Person=3|PronType=Prs|Tense=Imp|VerbForm=Fin",
      "VERB_PRON__Case=Acc|Gender=Fem|Mood=Ind|Number=Plur|Person=3|PronType=Prs|Tense=Past|VerbForm=Fin",
      "VERB_PRON__Case=Acc|Gender=Fem|Mood=Ind|Number=Plur|Person=3|PronType=Prs|Tense=Pres|VerbForm=Fin",
      "VERB_PRON__Case=Acc|Gender=Fem|Mood=Ind|Number=Plur|Person=3|PronType=Prs|Tense=Pres|VerbForm=Fin|Voice=Pass",
      "VERB_PRON__Case=Acc|Gender=Fem|Mood=Ind|Number=Plur|Person=3|PronType=Prs|VerbForm=Fin",
      "VERB_PRON__Case=Acc|Gender=Fem|Mood=Ind|Number=Sing|Person=1,3|PronType=Prs|Tense=Past|VerbForm=Fin",
      "VERB_PRON__Case=Acc|Gender=Fem|Mood=Ind|Number=Sing|Person=1,3|PronType=Prs|Tense=Pres|VerbForm=Fin",
      "VERB_PRON__Case=Acc|Gender=Fem|Mood=Ind|Number=Sing|Person=1|PronType=Prs|Tense=Past|VerbForm=Fin",
      "VERB_PRON__Case=Acc|Gender=Fem|Mood=Ind|Number=Sing|Person=3|PronType=Prs|Tense=Fut|VerbForm=Fin",
      "VERB_PRON__Case=Acc|Gender=Fem|Mood=Ind|Number=Sing|Person=3|PronType=Prs|Tense=Imp|VerbForm=Fin",
      "VERB_PRON__Case=Acc|Gender=Fem|Mood=Ind|Number=Sing|Person=3|PronType=Prs|Tense=Past|VerbForm=Fin",
      "VERB_PRON__Case=Acc|Gender=Fem|Mood=Ind|Number=Sing|Person=3|PronType=Prs|Tense=Pqp|VerbForm=Fin",
      "VERB_PRON__Case=Acc|Gender=Fem|Mood=Ind|Number=Sing|Person=3|PronType=Prs|Tense=Pres|VerbForm=Fin",
      "VERB_PRON__Case=Acc|Gender=Fem|Mood=Ind|Number=Sing|Person=3|PronType=Prs|Tense=Pres|VerbForm=Fin|Voice=Pass",
      "VERB_PRON__Case=Acc|Gender=Fem|Mood=Sub|Number=Plur|Person=3|PronType=Prs|Tense=Pres|VerbForm=Fin|Voice=Pass",
      "VERB_PRON__Case=Acc|Gender=Fem|Number=Plur|Person=3|PronType=Prs|VerbForm=Ger",
      "VERB_PRON__Case=Acc|Gender=Fem|Number=Plur|Person=3|PronType=Prs|VerbForm=Inf",
      "VERB_PRON__Case=Acc|Gender=Fem|Number=Plur|Person=3|PronType=Prs|VerbForm=Inf|Voice=Pass",
      "VERB_PRON__Case=Acc|Gender=Fem|Number=Sing|Person=3|PronType=Prs|VerbForm=Ger",
      "VERB_PRON__Case=Acc|Gender=Fem|Number=Sing|Person=3|PronType=Prs|VerbForm=Inf",
      "VERB_PRON__Case=Acc|Gender=Fem|Number=Sing|PronType=Prs|VerbForm=Inf",
      "VERB_PRON__Case=Acc|Gender=Masc|Mood=Ind|Number=Plur,Sing|Person=3|PronType=Prs|Tense=Imp|VerbForm=Fin",
      "VERB_PRON__Case=Acc|Gender=Masc|Mood=Ind|Number=Plur,Sing|Person=3|PronType=Prs|Tense=Past|VerbForm=Fin",
      "VERB_PRON__Case=Acc|Gender=Masc|Mood=Ind|Number=Plur,Sing|Person=3|PronType=Prs|Tense=Pres|VerbForm=Fin",
      "VERB_PRON__Case=Acc|Gender=Masc|Mood=Ind|Number=Plur|Person=1|PronType=Prs|Tense=Pres|VerbForm=Fin",
      "VERB_PRON__Case=Acc|Gender=Masc|Mood=Ind|Number=Plur|Person=3|PronType=Prs|Tense=Fut|VerbForm=Fin",
      "VERB_PRON__Case=Acc|Gender=Masc|Mood=Ind|Number=Plur|Person=3|PronType=Prs|Tense=Imp|VerbForm=Fin",
      "VERB_PRON__Case=Acc|Gender=Masc|Mood=Ind|Number=Plur|Person=3|PronType=Prs|Tense=Past|VerbForm=Fin",
      "VERB_PRON__Case=Acc|Gender=Masc|Mood=Ind|Number=Plur|Person=3|PronType=Prs|Tense=Pres|VerbForm=Fin",
      "VERB_PRON__Case=Acc|Gender=Masc|Mood=Ind|Number=Sing|Person=1,3|PronType=Prs|Tense=Past|VerbForm=Fin",
      "VERB_PRON__Case=Acc|Gender=Masc|Mood=Ind|Number=Sing|Person=1|PronType=Prs|Tense=Pres|VerbForm=Fin",
      "VERB_PRON__Case=Acc|Gender=Masc|Mood=Ind|Number=Sing|Person=2|PronType=Prs|Tense=Past|VerbForm=Fin",
      "VERB_PRON__Case=Acc|Gender=Masc|Mood=Ind|Number=Sing|Person=3|PronType=Prs|Tense=Fut|VerbForm=Fin",
      "VERB_PRON__Case=Acc|Gender=Masc|Mood=Ind|Number=Sing|Person=3|PronType=Prs|Tense=Imp|VerbForm=Fin",
      "VERB_PRON__Case=Acc|Gender=Masc|Mood=Ind|Number=Sing|Person=3|PronType=Prs|Tense=Past|VerbForm=Fin",
      "VERB_PRON__Case=Acc|Gender=Masc|Mood=Ind|Number=Sing|Person=3|PronType=Prs|Tense=Past|VerbForm=Fin|Voice=Pass",
      "VERB_PRON__Case=Acc|Gender=Masc|Mood=Ind|Number=Sing|Person=3|PronType=Prs|Tense=Pqp|VerbForm=Fin",
      "VERB_PRON__Case=Acc|Gender=Masc|Mood=Ind|Number=Sing|Person=3|PronType=Prs|Tense=Pres|VerbForm=Fin",
      "VERB_PRON__Case=Acc|Gender=Masc|Mood=Sub|Number=Plur|Person=3|PronType=Prs|Tense=Pres|VerbForm=Fin",
      "VERB_PRON__Case=Acc|Gender=Masc|Mood=Sub|Number=Plur|Person=3|PronType=Prs|Tense=Pres|VerbForm=Fin|Voice=Pass",
      "VERB_PRON__Case=Acc|Gender=Masc|Mood=Sub|Number=Sing|Person=3|PronType=Prs|Tense=Pres|VerbForm=Fin",
      "VERB_PRON__Case=Acc|Gender=Masc|Number=Plur,Sing|Person=1,3|PronType=Prs|VerbForm=Inf",
      "VERB_PRON__Case=Acc|Gender=Masc|Number=Plur,Sing|Person=3|PronType=Prs|VerbForm=Inf",
      "VERB_PRON__Case=Acc|Gender=Masc|Number=Plur|Person=1|PronType=Prs|VerbForm=Inf",
      "VERB_PRON__Case=Acc|Gender=Masc|Number=Plur|Person=3|PronType=Prs|VerbForm=Ger",
      "VERB_PRON__Case=Acc|Gender=Masc|Number=Plur|Person=3|PronType=Prs|VerbForm=Inf",
      "VERB_PRON__Case=Acc|Gender=Masc|Number=Sing|Person=1|PronType=Prs|VerbForm=Inf",
      "VERB_PRON__Case=Acc|Gender=Masc|Number=Sing|Person=3|PronType=Prs|VerbForm=Ger",
      "VERB_PRON__Case=Acc|Gender=Masc|Number=Sing|Person=3|PronType=Prs|VerbForm=Inf",
      "VERB_PRON__Case=Acc|Gender=Masc|PronType=Prs|VerbForm=Inf",
      "VERB_PRON__Case=Acc|Gender=Unsp|Mood=Ind|Number=Plur,Sing|Person=1,3|PronType=Prs|Tense=Imp|VerbForm=Fin",
      "VERB_PRON__Case=Acc|Gender=Unsp|Mood=Ind|Number=Plur,Sing|Person=1,3|PronType=Prs|Tense=Past|VerbForm=Fin",
      "VERB_PRON__Case=Acc|Gender=Unsp|Mood=Ind|Number=Plur,Sing|Person=1,3|PronType=Prs|Tense=Pres|VerbForm=Fin",
      "VERB_PRON__Case=Acc|Gender=Unsp|Mood=Ind|Number=Plur|Person=1,3|PronType=Prs|Tense=Pres|VerbForm=Fin",
      "VERB_PRON__Case=Acc|Gender=Unsp|Mood=Ind|Number=Plur|Person=1|PronType=Prs|Tense=Past|VerbForm=Fin",
      "VERB_PRON__Case=Acc|Gender=Unsp|Mood=Ind|Number=Plur|Person=1|PronType=Prs|Tense=Pres|VerbForm=Fin",
      "VERB_PRON__Case=Acc|Gender=Unsp|Mood=Ind|Number=Plur|Person=3|PronType=Prs|Tense=Imp|VerbForm=Fin",
      "VERB_PRON__Case=Acc|Gender=Unsp|Mood=Ind|Number=Plur|Person=3|PronType=Prs|Tense=Pres|VerbForm=Fin",
      "VERB_PRON__Case=Acc|Gender=Unsp|Mood=Ind|Number=Sing|Person=1,3|PronType=Prs|Tense=Past|VerbForm=Fin",
      "VERB_PRON__Case=Acc|Gender=Unsp|Mood=Ind|Number=Sing|Person=1|PronType=Prs|Tense=Past|VerbForm=Fin",
      "VERB_PRON__Case=Acc|Gender=Unsp|Mood=Ind|Number=Sing|Person=3|PronType=Prs|Tense=Fut|VerbForm=Fin",
      "VERB_PRON__Case=Acc|Gender=Unsp|Mood=Ind|Number=Sing|Person=3|PronType=Prs|Tense=Imp|VerbForm=Fin",
      "VERB_PRON__Case=Acc|Gender=Unsp|Mood=Ind|Number=Sing|Person=3|PronType=Prs|Tense=Past|VerbForm=Fin",
      "VERB_PRON__Case=Acc|Gender=Unsp|Mood=Ind|Number=Sing|Person=3|PronType=Prs|Tense=Pres|VerbForm=Fin",
      "VERB_PRON__Case=Acc|Gender=Unsp|Mood=Ind|Number=Sing|Person=3|PronType=Prs|Tense=Pres|VerbForm=Fin|Voice=Pass",
      "VERB_PRON__Case=Acc|Gender=Unsp|Mood=Sub|Number=Plur|Person=3|PronType=Prs|Tense=Pres|VerbForm=Fin",
      "VERB_PRON__Case=Acc|Gender=Unsp|Mood=Sub|Number=Sing|Person=3|PronType=Prs|Tense=Pres|VerbForm=Fin",
      "VERB_PRON__Case=Acc|Gender=Unsp|Number=Plur|Person=1|PronType=Prs|VerbForm=Inf",
      "VERB_PRON__Case=Acc|Gender=Unsp|Number=Plur|Person=2|PronType=Prs|VerbForm=Inf",
      "VERB_PRON__Case=Acc|Gender=Unsp|Number=Plur|Person=3|PronType=Prs|VerbForm=Inf",
      "VERB_PRON__Case=Acc|Gender=Unsp|Number=Sing|Person=1|PronType=Prs|VerbForm=Inf",
      "VERB_PRON__Case=Acc|Gender=Unsp|Number=Sing|Person=3|PronType=Prs|VerbForm=Ger",
      "VERB_PRON__Case=Acc|Gender=Unsp|Number=Sing|Person=3|PronType=Prs|VerbForm=Inf",
      "VERB_PRON__Case=Acc|Gender=Unsp|PronType=Prs|VerbForm=Ger",
      "VERB_PRON__Case=Acc|Gender=Unsp|PronType=Prs|VerbForm=Inf",
      "VERB_PRON__Case=Acc|PronType=Prs|VerbForm=Ger",
      "VERB_PRON__Case=Dat|Gender=Fem|Mood=Ind|Number=Plur|Person=3|PronType=Prs|Tense=Pres|VerbForm=Fin",
      "VERB_PRON__Case=Dat|Gender=Fem|Mood=Ind|Number=Sing|Person=1,3|PronType=Prs|Tense=Pres|VerbForm=Fin",
      "VERB_PRON__Case=Dat|Gender=Fem|Mood=Ind|Number=Sing|Person=3|PronType=Prs|Tense=Imp|VerbForm=Fin",
      "VERB_PRON__Case=Dat|Gender=Fem|Mood=Ind|Number=Sing|Person=3|PronType=Prs|Tense=Past|VerbForm=Fin",
      "VERB_PRON__Case=Dat|Gender=Fem|Mood=Ind|Number=Sing|Person=3|PronType=Prs|Tense=Pres|VerbForm=Fin",
      "VERB_PRON__Case=Dat|Gender=Fem|Number=Plur|Person=3|PronType=Prs|VerbForm=Inf",
      "VERB_PRON__Case=Dat|Gender=Fem|Number=Sing|Person=3|PronType=Prs|VerbForm=Ger",
      "VERB_PRON__Case=Dat|Gender=Fem|Number=Sing|Person=3|PronType=Prs|VerbForm=Inf",
      "VERB_PRON__Case=Dat|Gender=Masc|Mood=Cnd|Number=Sing|Person=1,3|PronType=Prs|VerbForm=Fin",
      "VERB_PRON__Case=Dat|Gender=Masc|Mood=Cnd|Number=Sing|Person=3|PronType=Prs|VerbForm=Fin",
      "VERB_PRON__Case=Dat|Gender=Masc|Mood=Ind|Number=Plur,Sing|Person=1,3|PronType=Prs|Tense=Past|VerbForm=Fin",
      "VERB_PRON__Case=Dat|Gender=Masc|Mood=Ind|Number=Plur,Sing|Person=1,3|PronType=Prs|Tense=Pres|VerbForm=Fin",
      "VERB_PRON__Case=Dat|Gender=Masc|Mood=Ind|Number=Plur,Sing|Person=3|PronType=Prs|Tense=Imp|VerbForm=Fin",
      "VERB_PRON__Case=Dat|Gender=Masc|Mood=Ind|Number=Plur,Sing|Person=3|PronType=Prs|Tense=Past|VerbForm=Fin",
      "VERB_PRON__Case=Dat|Gender=Masc|Mood=Ind|Number=Plur|Person=3|PronType=Prs|Tense=Imp|VerbForm=Fin",
      "VERB_PRON__Case=Dat|Gender=Masc|Mood=Ind|Number=Plur|Person=3|PronType=Prs|Tense=Pres|VerbForm=Fin",
      "VERB_PRON__Case=Dat|Gender=Masc|Mood=Ind|Number=Sing|Person=3|PronType=Prs|Tense=Past|VerbForm=Fin",
      "VERB_PRON__Case=Dat|Gender=Masc|Mood=Ind|Number=Sing|Person=3|PronType=Prs|Tense=Pres|VerbForm=Fin",
      "VERB_PRON__Case=Dat|Gender=Masc|Number=Plur|Person=3|PronType=Prs|VerbForm=Inf",
      "VERB_PRON__Case=Dat|Gender=Masc|Number=Sing|Person=3|PronType=Prs|VerbForm=Ger",
      "VERB_PRON__Case=Dat|Gender=Masc|Number=Sing|Person=3|PronType=Prs|VerbForm=Inf",
      "VERB_PRON__Case=Dat|Gender=Unsp|Mood=Cnd|Number=Sing|Person=1,3|PronType=Prs|VerbForm=Fin",
      "VERB_PRON__Case=Dat|Gender=Unsp|Mood=Ind|Number=Plur,Sing|Person=1,3|PronType=Prs|Tense=Past|VerbForm=Fin",
      "VERB_PRON__Case=Dat|Gender=Unsp|Mood=Ind|Number=Plur,Sing|Person=1,3|PronType=Prs|Tense=Pres|VerbForm=Fin",
      "VERB_PRON__Case=Dat|Gender=Unsp|Mood=Ind|Number=Plur|Person=1|PronType=Prs|Tense=Pres|VerbForm=Fin",
      "VERB_PRON__Case=Dat|Gender=Unsp|Mood=Ind|Number=Plur|Person=3|PronType=Prs|Tense=Pres|VerbForm=Fin",
      "VERB_PRON__Case=Dat|Gender=Unsp|Mood=Ind|Number=Sing|Person=1,3|PronType=Prs|Tense=Past|VerbForm=Fin",
      "VERB_PRON__Case=Dat|Gender=Unsp|Mood=Ind|Number=Sing|Person=1,3|PronType=Prs|Tense=Pres|VerbForm=Fin",
      "VERB_PRON__Case=Dat|Gender=Unsp|Mood=Ind|Number=Sing|Person=3|PronType=Prs|Tense=Past|VerbForm=Fin",
      "VERB_PRON__Case=Dat|Gender=Unsp|Number=Plur|Person=1|PronType=Prs|VerbForm=Inf",
      "VERB_PRON__Case=Dat|Gender=Unsp|Number=Sing|Person=3|PronType=Prs|VerbForm=Ger",
      "VERB_PRON__Case=Dat|Gender=Unsp|Number=Sing|Person=3|PronType=Prs|VerbForm=Inf",
      "VERB_PRON__Gender=Unsp|Mood=Sub|Number=Sing|Person=3|PronType=Prs|Tense=Pres|VerbForm=Fin",
      "VERB_PRON__Mood=Ind|Number=Sing|Person=3|Tense=Past|VerbForm=Fin",
      "VERB__Gender=Fem|Number=Plur",
      "VERB__Gender=Fem|Number=Plur|VerbForm=Part",
      "VERB__Gender=Fem|Number=Plur|VerbForm=Part|Voice=Pass",
      "VERB__Gender=Fem|Number=Sing",
      "VERB__Gender=Fem|Number=Sing|VerbForm=Part",
      "VERB__Gender=Fem|Number=Sing|VerbForm=Part|Voice=Pass",
      "VERB__Gender=Masc|Mood=Ind|Number=Sing|Person=3|VerbForm=Fin",
      "VERB__Gender=Masc|Number=Plur",
      "VERB__Gender=Masc|Number=Plur|VerbForm=Part",
      "VERB__Gender=Masc|Number=Plur|VerbForm=Part|Voice=Pass",
      "VERB__Gender=Masc|Number=Sing",
      "VERB__Gender=Masc|Number=Sing|VerbForm=Part",
      "VERB__Gender=Masc|Number=Sing|VerbForm=Part|Voice=Pass",
      "VERB__Mood=Cnd|Number=Plur|Person=1|VerbForm=Fin",
      "VERB__Mood=Cnd|Number=Plur|Person=3|VerbForm=Fin",
      "VERB__Mood=Cnd|Number=Plur|Person=3|VerbForm=Fin|Voice=Pass",
      "VERB__Mood=Cnd|Number=Sing|Person=1|VerbForm=Fin",
      "VERB__Mood=Cnd|Number=Sing|Person=3|VerbForm=Fin",
      "VERB__Mood=Cnd|Number=Sing|Person=3|VerbForm=Fin|Voice=Pass",
      "VERB__Mood=Cnd|Number=Sing|VerbForm=Fin",
      "VERB__Mood=Cnd|VerbForm=Fin",
      "VERB__Mood=Imp|Number=Sing|Person=2|VerbForm=Fin",
      "VERB__Mood=Ind|Number=Plur|Person=1|Tense=Fut|VerbForm=Fin",
      "VERB__Mood=Ind|Number=Plur|Person=1|Tense=Imp|VerbForm=Fin",
      "VERB__Mood=Ind|Number=Plur|Person=1|Tense=Past|VerbForm=Fin",
      "VERB__Mood=Ind|Number=Plur|Person=1|Tense=Pres|VerbForm=Fin",
      "VERB__Mood=Ind|Number=Plur|Person=2|Tense=Pres|VerbForm=Fin",
      "VERB__Mood=Ind|Number=Plur|Person=3|Tense=Fut|VerbForm=Fin",
      "VERB__Mood=Ind|Number=Plur|Person=3|Tense=Imp|VerbForm=Fin",
      "VERB__Mood=Ind|Number=Plur|Person=3|Tense=Imp|VerbForm=Fin|Voice=Pass",
      "VERB__Mood=Ind|Number=Plur|Person=3|Tense=Past|VerbForm=Fin",
      "VERB__Mood=Ind|Number=Plur|Person=3|Tense=Past|VerbForm=Fin|Voice=Pass",
      "VERB__Mood=Ind|Number=Plur|Person=3|Tense=Pqp|VerbForm=Fin",
      "VERB__Mood=Ind|Number=Plur|Person=3|Tense=Pres|VerbForm=Fin",
      "VERB__Mood=Ind|Number=Plur|Person=3|Tense=Pres|VerbForm=Fin|Voice=Pass",
      "VERB__Mood=Ind|Number=Plur|Person=3|VerbForm=Fin",
      "VERB__Mood=Ind|Number=Sing|Person=1|Tense=Fut|VerbForm=Fin",
      "VERB__Mood=Ind|Number=Sing|Person=1|Tense=Imp|VerbForm=Fin",
      "VERB__Mood=Ind|Number=Sing|Person=1|Tense=Past|VerbForm=Fin",
      "VERB__Mood=Ind|Number=Sing|Person=1|Tense=Pqp|VerbForm=Fin",
      "VERB__Mood=Ind|Number=Sing|Person=1|Tense=Pres|VerbForm=Fin",
      "VERB__Mood=Ind|Number=Sing|Person=2|Tense=Fut|VerbForm=Fin",
      "VERB__Mood=Ind|Number=Sing|Person=2|Tense=Past|VerbForm=Fin",
      "VERB__Mood=Ind|Number=Sing|Person=2|Tense=Pres|VerbForm=Fin",
      "VERB__Mood=Ind|Number=Sing|Person=3|Tense=Fut|VerbForm=Fin",
      "VERB__Mood=Ind|Number=Sing|Person=3|Tense=Imp|VerbForm=Fin",
      "VERB__Mood=Ind|Number=Sing|Person=3|Tense=Past|VerbForm=Fin",
      "VERB__Mood=Ind|Number=Sing|Person=3|Tense=Past|VerbForm=Fin|Voice=Pass",
      "VERB__Mood=Ind|Number=Sing|Person=3|Tense=Pqp|VerbForm=Fin",
      "VERB__Mood=Ind|Number=Sing|Person=3|Tense=Pres|VerbForm=Fin",
      "VERB__Mood=Ind|Number=Sing|Person=3|Tense=Pres|VerbForm=Fin|Voice=Pass",
      "VERB__Mood=Ind|Number=Sing|Tense=Imp|VerbForm=Fin",
      "VERB__Mood=Ind|Number=Sing|Tense=Pqp|VerbForm=Fin",
      "VERB__Mood=Ind|Tense=Imp|VerbForm=Fin",
      "VERB__Mood=Sub|Number=Plur|Person=1|Tense=Fut|VerbForm=Fin",
      "VERB__Mood=Sub|Number=Plur|Person=1|Tense=Imp|VerbForm=Fin",
      "VERB__Mood=Sub|Number=Plur|Person=1|Tense=Pres|VerbForm=Fin",
      "VERB__Mood=Sub|Number=Plur|Person=3|Tense=Fut|VerbForm=Fin",
      "VERB__Mood=Sub|Number=Plur|Person=3|Tense=Imp|VerbForm=Fin",
      "VERB__Mood=Sub|Number=Plur|Person=3|Tense=Pres|VerbForm=Fin",
      "VERB__Mood=Sub|Number=Sing|Person=1|Tense=Fut|VerbForm=Fin",
      "VERB__Mood=Sub|Number=Sing|Person=1|Tense=Imp|VerbForm=Fin",
      "VERB__Mood=Sub|Number=Sing|Person=1|Tense=Pres|VerbForm=Fin",
      "VERB__Mood=Sub|Number=Sing|Person=3|Tense=Fut|VerbForm=Fin",
      "VERB__Mood=Sub|Number=Sing|Person=3|Tense=Imp|VerbForm=Fin",
      "VERB__Mood=Sub|Number=Sing|Person=3|Tense=Past|VerbForm=Fin",
      "VERB__Mood=Sub|Number=Sing|Person=3|Tense=Pres|VerbForm=Fin",
      "VERB__Mood=Sub|Number=Sing|Tense=Fut|VerbForm=Fin",
      "VERB__Mood=Sub|Number=Sing|Tense=Pres|VerbForm=Fin",
      "VERB__Mood=Sub|Tense=Pres|VerbForm=Fin",
      "VERB__Number=Plur|Person=1|VerbForm=Inf",
      "VERB__Number=Plur|Person=3|Tense=Pres|VerbForm=Inf",
      "VERB__Number=Plur|Person=3|VerbForm=Inf",
      "VERB__Number=Sing",
      "VERB__Number=Sing|Person=1|VerbForm=Inf",
      "VERB__Number=Sing|Person=1|VerbForm=Inf|Voice=Pass",
      "VERB__Number=Sing|Person=3|VerbForm=Inf",
      "VERB__Number=Sing|Person=3|VerbForm=Inf|Voice=Pass",
      "VERB__Number=Sing|VerbForm=Part|Voice=Pass",
      "VERB__VerbForm=Fin",
      "VERB__VerbForm=Ger",
      "VERB__VerbForm=Inf",
      "VERB__VerbForm=Inf|Voice=Pass",
      "VERB__VerbForm=Part",
      "VERB__VerbForm=Part|Voice=Pass",
      "X",
      "X__Gender=Fem|Number=Plur",
      "X__Gender=Fem|Number=Sing",
      "X__Gender=Masc|Number=Sing",
      "X__Number=Sing",
      "_SP"
    ],
    "parser": [
      "ROOT",
      "acl",
      "acl:relcl",
      "advcl",
      "advmod",
      "amod",
      "appos",
      "aux",
      "aux:pass",
      "case",
      "cc",
      "ccomp",
      "compound",
      "conj",
      "cop",
      "csubj",
      "dep",
      "det",
      "discourse",
      "expl",
      "fixed",
      "flat",
      "flat:foreign",
      "flat:name",
      "iobj",
      "mark",
      "nmod",
      "nsubj",
      "nsubj:pass",
      "nummod",
      "obj",
      "obl",
      "obl:agent",
      "parataxis",
      "punct",
      "xcomp"
    ],
    "ner": [
      "LOC",
      "MISC",
      "ORG",
      "PER"
    ]
  },
  "size": "18 MB",
  "checksum": "f026674e137d1666c01d143806a4db4ad50b7ba2694ea7d4067d24975efb9bed"
}