{
  "lang": "pt",
  "name": "core_news_lg",
  "license": "CC BY-SA 4.0",
  "author": "Explosion",
  "url": "https://explosion.ai",
  "email": "contact@explosion.ai",
  "description": "Portuguese multi-task CNN trained on UD Portuguese Bosque and WikiNER. Assigns word vectors, POS tags, dependency parses and named entities. Word vectors trained using FastText CBOW on Wikipedia and OSCAR (Common Crawl).",
  "notes": "Because the model is trained on Wikipedia, it may perform inconsistently on many genres, such as social media text. The NER accuracy refers to the \"silver standard\" annotations in the WikiNER corpus. Accuracy on these annotations tends to be higher than correct human annotations.",
  "sources": [
    {
      "name": "UD Portuguese Bosque v2.5",
      "url": "https://github.com/UniversalDependencies/UD_Portuguese-Bosque",
      "license": "CC BY-SA 4.0",
      "author": "Rademaker, Alexandre; Freitas, Cl\u00e1udia; de Souza, Elvis; Silveira, Aline; Cavalcanti, Tatiana; Evelyn, Wograine; Rocha, Luisa; Soares-Bastos, Isabela; Bick, Eckhard; Chalub, Fabricio; Paulino-Passos, Guilherme; Real, Livy; de Paiva, Valeria; Zeman, Daniel; Popel, Martin; Mare\u010dek, David; Silveira, Natalia; Martins, Andr\u00e9"
    },
    {
      "name": "WikiNER",
      "url": "https://figshare.com/articles/Learning_multilingual_named_entity_recognition_from_Wikipedia/5462500",
      "license": "CC BY 4.0"
    },
    {
      "name": "OSCAR (Common Crawl)",
      "url": "https://oscar-corpus.com/",
      "license": "CC0"
    },
    {
      "name": "Wikipedia",
      "url": "https://dumps.wikimedia.org/",
      "license": "CC BY-SA 3.0"
    }
  ],
  "pipeline": [
    "tagger",
    "parser",
    "ner"
  ],
  "version": "2.3.0",
  "spacy_version": ">=2.3.0,<2.4.0",
  "parent_package": "spacy",
  "accuracy": {
    "las": 86.8217947241,
    "uas": 90.6923165534,
    "token_acc": 99.8811881188,
    "las_per_type": {
      "det": {
        "p": 97.1270718232,
        "r": 96.8061674009,
        "f": 96.9663541092
      },
      "nsubj": {
        "p": 88.8123924269,
        "r": 89.8954703833,
        "f": 89.3506493506
      },
      "case": {
        "p": 97.9565772669,
        "r": 98.14459373,
        "f": 98.0504953659
      },
      "nmod": {
        "p": 82.3076923077,
        "r": 83.3147942158,
        "f": 82.8081813156
      },
      "acl:relcl": {
        "p": 68.5185185185,
        "r": 68.5185185185,
        "f": 68.5185185185
      },
      "obj": {
        "p": 87.4743326489,
        "r": 81.4531548757,
        "f": 84.3564356436
      },
      "root": {
        "p": 91.6518650089,
        "r": 92.1428571429,
        "f": 91.8967052538
      },
      "xcomp": {
        "p": 85.4545454545,
        "r": 74.0157480315,
        "f": 79.3248945148
      },
      "obl": {
        "p": 70.1789264414,
        "r": 72.7835051546,
        "f": 71.4574898785
      },
      "nummod": {
        "p": 99.3288590604,
        "r": 94.8717948718,
        "f": 97.0491803279
      },
      "flat": {
        "p": 92.5925925926,
        "r": 96.1538461538,
        "f": 94.3396226415
      },
      "flat:name": {
        "p": 88.7372013652,
        "r": 93.5251798561,
        "f": 91.0683012259
      },
      "appos": {
        "p": 62.5730994152,
        "r": 64.0718562874,
        "f": 63.3136094675
      },
      "advmod": {
        "p": 81.7927170868,
        "r": 83.6676217765,
        "f": 82.7195467422
      },
      "aux:pass": {
        "p": 95.5882352941,
        "r": 97.0149253731,
        "f": 96.2962962963
      },
      "nsubj:pass": {
        "p": 83.6363636364,
        "r": 86.7924528302,
        "f": 85.1851851852
      },
      "amod": {
        "p": 92.2518159806,
        "r": 92.9268292683,
        "f": 92.5880923451
      },
      "obl:agent": {
        "p": 77.1428571429,
        "r": 90.0,
        "f": 83.0769230769
      },
      "mark": {
        "p": 89.1625615764,
        "r": 84.5794392523,
        "f": 86.8105515588
      },
      "advcl": {
        "p": 59.3984962406,
        "r": 71.1711711712,
        "f": 64.7540983607
      },
      "aux": {
        "p": 92.1875,
        "r": 92.1875,
        "f": 92.1875
      },
      "cop": {
        "p": 86.0927152318,
        "r": 92.8571428571,
        "f": 89.3470790378
      },
      "acl": {
        "p": 64.1509433962,
        "r": 59.1304347826,
        "f": 61.5384615385
      },
      "cc": {
        "p": 90.9482758621,
        "r": 91.341991342,
        "f": 91.1447084233
      },
      "conj": {
        "p": 63.9215686275,
        "r": 61.9771863118,
        "f": 62.9343629344
      },
      "parataxis": {
        "p": 63.7931034483,
        "r": 46.835443038,
        "f": 54.0145985401
      },
      "ccomp": {
        "p": 66.6666666667,
        "r": 69.2307692308,
        "f": 67.9245283019
      },
      "csubj": {
        "p": 50.0,
        "r": 50.0,
        "f": 50.0
      },
      "iobj": {
        "p": 45.4545454545,
        "r": 22.7272727273,
        "f": 30.303030303
      },
      "dep": {
        "p": 0.0,
        "r": 0.0,
        "f": 0.0
      },
      "expl": {
        "p": 74.0740740741,
        "r": 100.0,
        "f": 85.1063829787
      },
      "fixed": {
        "p": 82.4561403509,
        "r": 78.3333333333,
        "f": 80.3418803419
      },
      "vocative": {
        "p": 0.0,
        "r": 0.0,
        "f": 0.0
      },
      "discourse": {
        "p": 100.0,
        "r": 33.3333333333,
        "f": 50.0
      },
      "flat:foreign": {
        "p": 100.0,
        "r": 25.0,
        "f": 40.0
      },
      "orphan": {
        "p": 0.0,
        "r": 0.0,
        "f": 0.0
      },
      "compound": {
        "p": 100.0,
        "r": 42.8571428571,
        "f": 60.0
      }
    },
    "tags_acc": 95.0200683812,
    "ents_f": 91.2429684652,
    "ents_p": 91.3500611512,
    "ents_r": 91.1361265818,
    "ents_per_type": {
      "PER": {
        "p": 92.6058091286,
        "r": 94.1687763713,
        "f": 93.3807531381
      },
      "LOC": {
        "p": 92.9355425056,
        "r": 93.4845288326,
        "f": 93.2092273173
      },
      "ORG": {
        "p": 86.6240584341,
        "r": 84.7665847666,
        "f": 85.6852562655
      },
      "MISC": {
        "p": 84.3147656941,
        "r": 78.8620575587,
        "f": 81.4973079224
      }
    }
  },
  "speed": {
    "cpu": 7676.6625937528,
    "gpu": null,
    "nwords": 676043
  },
  "labels": {
    "tagger": [
      "ADJ",
      "ADJ__Gender=Fem|Number=Plur",
      "ADJ__Gender=Fem|Number=Plur|NumType=Ord",
      "ADJ__Gender=Fem|Number=Sing",
      "ADJ__Gender=Fem|Number=Sing|NumType=Ord",
      "ADJ__Gender=Masc",
      "ADJ__Gender=Masc|Number=Plur",
      "ADJ__Gender=Masc|Number=Plur|NumType=Ord",
      "ADJ__Gender=Masc|Number=Sing",
      "ADJ__Gender=Masc|Number=Sing|NumType=Ord",
      "ADJ__Gender=Unsp|Number=Plur",
      "ADJ__Gender=Unsp|Number=Sing",
      "ADJ__NumType=Ord",
      "ADJ__Number=Plur",
      "ADJ__Number=Sing",
      "ADP",
      "ADP_ADV",
      "ADP_ADV__Gender=Masc|Number=Sing|PronType=Art",
      "ADP_DET__Definite=Def|Gender=Fem|Number=Plur|PronType=Art",
      "ADP_DET__Definite=Def|Gender=Fem|Number=Sing|PronType=Art",
      "ADP_DET__Definite=Def|Gender=Fem|PronType=Art",
      "ADP_DET__Definite=Def|Gender=Masc|Number=Plur|PronType=Art",
      "ADP_DET__Definite=Def|Gender=Masc|Number=Sing|PronType=Art",
      "ADP_DET__Definite=Def|Gender=Masc|Number=Unsp|PronType=Art",
      "ADP_DET__Definite=Def|PronType=Art",
      "ADP_DET__Definite=Ind|Gender=Fem|Number=Sing|PronType=Art",
      "ADP_DET__Definite=Ind|Gender=Masc|Number=Sing|PronType=Art",
      "ADP_DET__Gender=Fem|Number=Plur|PronType=Art",
      "ADP_DET__Gender=Fem|Number=Plur|PronType=Dem",
      "ADP_DET__Gender=Fem|Number=Plur|PronType=Ind",
      "ADP_DET__Gender=Fem|Number=Sing|PronType=Art",
      "ADP_DET__Gender=Fem|Number=Sing|PronType=Dem",
      "ADP_DET__Gender=Fem|Number=Sing|PronType=Ind",
      "ADP_DET__Gender=Masc|Number=Plur|PronType=Art",
      "ADP_DET__Gender=Masc|Number=Plur|PronType=Dem",
      "ADP_DET__Gender=Masc|Number=Plur|PronType=Ind",
      "ADP_DET__Gender=Masc|Number=Sing|PronType=Art",
      "ADP_DET__Gender=Masc|Number=Sing|PronType=Dem",
      "ADP_DET__Gender=Masc|Number=Sing|PronType=Ind",
      "ADP_DET__PronType=Art",
      "ADP_DET__PronType=Dem",
      "ADP_NUM__NumType=Card",
      "ADP_PRON__Case=Nom|Gender=Fem|Number=Plur|Person=3|PronType=Prs",
      "ADP_PRON__Case=Nom|Gender=Fem|Number=Sing|Person=3|PronType=Prs",
      "ADP_PRON__Case=Nom|Gender=Masc|Number=Plur|Person=3|PronType=Prs",
      "ADP_PRON__Case=Nom|Gender=Masc|Number=Sing|Person=3|PronType=Prs",
      "ADP_PRON__Definite=Def|Gender=Fem|Number=Plur|PronType=Art",
      "ADP_PRON__Definite=Def|Gender=Fem|Number=Sing|PronType=Art",
      "ADP_PRON__Definite=Def|Gender=Fem|Number=Sing|PronType=Dem",
      "ADP_PRON__Definite=Def|Gender=Masc|Number=Plur|PronType=Dem",
      "ADP_PRON__Definite=Def|Gender=Masc|Number=Sing|PronType=Art",
      "ADP_PRON__Definite=Def|Gender=Masc|Number=Sing|PronType=Dem",
      "ADP_PRON__Gender=Fem|Number=Plur|Person=1|PronType=Prs",
      "ADP_PRON__Gender=Fem|Number=Plur|Person=3|PronType=Prs",
      "ADP_PRON__Gender=Fem|Number=Plur|PronType=Dem",
      "ADP_PRON__Gender=Fem|Number=Plur|PronType=Ind",
      "ADP_PRON__Gender=Fem|Number=Sing|Person=1|PronType=Prs",
      "ADP_PRON__Gender=Fem|Number=Sing|Person=3|PronType=Prs",
      "ADP_PRON__Gender=Fem|Number=Sing|PronType=Dem",
      "ADP_PRON__Gender=Fem|Number=Sing|PronType=Ind",
      "ADP_PRON__Gender=Masc|Number=Plur|Person=3|PronType=Prs",
      "ADP_PRON__Gender=Masc|Number=Plur|PronType=Dem",
      "ADP_PRON__Gender=Masc|Number=Sing|Person=3|PronType=Prs",
      "ADP_PRON__Gender=Masc|Number=Sing|PronType=Dem",
      "ADP_PRON__Gender=Masc|Number=Sing|PronType=Ind",
      "ADP_PRON__Gender=Masc|Number=Sing|PronType=Rel",
      "ADP_PRON__Gender=Unsp|Number=Plur|Person=2|PronType=Prs",
      "ADP_PRON__PronType=Rel",
      "ADP_PROPN__Gender=Masc|Number=Plur",
      "ADP_PROPN__Number=Sing",
      "ADP__Gender=Masc|Number=Sing",
      "ADV",
      "ADV_PRON__Case=Acc|Gender=Masc|Number=Sing|Person=3|PronType=Prs",
      "ADV_PROPN__Gender=Unsp|Number=Sing",
      "ADV__Gender=Fem|Number=Sing|PronType=Ind",
      "ADV__Gender=Fem|Number=Sing|PronType=Rel",
      "ADV__Gender=Masc|Number=Sing",
      "ADV__Gender=Masc|Number=Sing|Polarity=Neg",
      "ADV__Gender=Masc|Number=Sing|PronType=Ind",
      "ADV__Gender=Masc|Number=Sing|PronType=Int",
      "ADV__Gender=Unsp|Number=Sing|PronType=Ind",
      "ADV__Gender=Unsp|Number=Unsp|PronType=Int",
      "ADV__Polarity=Neg",
      "AUX",
      "AUX_PRON__Case=Acc|Gender=Fem|Mood=Ind|Number=Sing|Person=3|PronType=Prs|Tense=Pres|VerbForm=Fin",
      "AUX_PRON__Case=Acc|Gender=Fem|Number=Sing|Person=3|PronType=Prs|VerbForm=Inf",
      "AUX_PRON__Case=Acc|Gender=Fem|PronType=Prs|VerbForm=Ger",
      "AUX_PRON__Case=Acc|Gender=Masc|Mood=Ind|Number=Plur|Person=3|PronType=Prs|Tense=Imp|VerbForm=Fin",
      "AUX_PRON__Case=Acc|Gender=Masc|Mood=Ind|Number=Sing|Person=3|PronType=Prs|Tense=Imp|VerbForm=Fin",
      "AUX_PRON__Case=Acc|Gender=Masc|Mood=Ind|Number=Sing|Person=3|PronType=Prs|Tense=Past|VerbForm=Fin",
      "AUX_PRON__Case=Acc|Gender=Masc|Mood=Ind|Number=Sing|Person=3|PronType=Prs|Tense=Pres|VerbForm=Fin",
      "AUX_PRON__Case=Acc|Gender=Masc|Number=Sing|Person=3|PronType=Prs|VerbForm=Ger",
      "AUX_PRON__Case=Acc|Gender=Masc|Number=Sing|Person=3|PronType=Prs|VerbForm=Inf",
      "AUX_PRON__Case=Acc|Gender=Masc|PronType=Prs|VerbForm=Ger",
      "AUX_PRON__Case=Acc|Gender=Unsp|Mood=Ind|Number=Sing|Person=1|PronType=Prs|Tense=Pres|VerbForm=Fin",
      "AUX_PRON__Case=Acc|Gender=Unsp|Mood=Ind|Number=Sing|Person=3|PronType=Prs|Tense=Pres|VerbForm=Fin",
      "AUX_PRON__Case=Acc|Gender=Unsp|Mood=Sub|Number=Sing|Person=3|PronType=Prs|Tense=Pres|VerbForm=Fin",
      "AUX_PRON__Case=Acc|Gender=Unsp|PronType=Prs|VerbForm=Inf",
      "AUX_PRON__Case=Dat|Gender=Masc|Number=Sing|Person=3|PronType=Prs|VerbForm=Ger",
      "AUX_PRON__Case=Dat|Gender=Unsp|Mood=Ind|Number=Sing|Person=1,3|PronType=Prs|Tense=Past|VerbForm=Fin",
      "AUX__Gender=Masc|Number=Sing|VerbForm=Part",
      "AUX__Mood=Cnd|Number=Plur|Person=3|VerbForm=Fin",
      "AUX__Mood=Cnd|Number=Sing|Person=1|VerbForm=Fin",
      "AUX__Mood=Cnd|Number=Sing|Person=3|VerbForm=Fin",
      "AUX__Mood=Imp|Number=Sing|Person=2|VerbForm=Fin",
      "AUX__Mood=Ind|Number=Plur|Person=1|Tense=Fut|VerbForm=Fin",
      "AUX__Mood=Ind|Number=Plur|Person=1|Tense=Imp|VerbForm=Fin",
      "AUX__Mood=Ind|Number=Plur|Person=1|Tense=Past|VerbForm=Fin",
      "AUX__Mood=Ind|Number=Plur|Person=1|Tense=Pres|VerbForm=Fin",
      "AUX__Mood=Ind|Number=Plur|Person=3|Tense=Fut|VerbForm=Fin",
      "AUX__Mood=Ind|Number=Plur|Person=3|Tense=Imp|VerbForm=Fin",
      "AUX__Mood=Ind|Number=Plur|Person=3|Tense=Past|VerbForm=Fin",
      "AUX__Mood=Ind|Number=Plur|Person=3|Tense=Pqp|VerbForm=Fin",
      "AUX__Mood=Ind|Number=Plur|Person=3|Tense=Pres|VerbForm=Fin",
      "AUX__Mood=Ind|Number=Plur|Person=3|VerbForm=Fin",
      "AUX__Mood=Ind|Number=Sing|Person=1|Tense=Fut|VerbForm=Fin",
      "AUX__Mood=Ind|Number=Sing|Person=1|Tense=Imp|VerbForm=Fin",
      "AUX__Mood=Ind|Number=Sing|Person=1|Tense=Past|VerbForm=Fin",
      "AUX__Mood=Ind|Number=Sing|Person=1|Tense=Pqp|VerbForm=Fin",
      "AUX__Mood=Ind|Number=Sing|Person=1|Tense=Pres|VerbForm=Fin",
      "AUX__Mood=Ind|Number=Sing|Person=2|Tense=Pres|VerbForm=Fin",
      "AUX__Mood=Ind|Number=Sing|Person=3|Tense=Fut|VerbForm=Fin",
      "AUX__Mood=Ind|Number=Sing|Person=3|Tense=Imp|VerbForm=Fin",
      "AUX__Mood=Ind|Number=Sing|Person=3|Tense=Past|VerbForm=Fin",
      "AUX__Mood=Ind|Number=Sing|Person=3|Tense=Pqp|VerbForm=Fin",
      "AUX__Mood=Ind|Number=Sing|Person=3|Tense=Pres|VerbForm=Fin",
      "AUX__Mood=Ind|Number=Sing|Tense=Imp|VerbForm=Fin",
      "AUX__Mood=Sub|Number=Plur|Person=1|Tense=Pres|VerbForm=Fin",
      "AUX__Mood=Sub|Number=Plur|Person=3|Tense=Fut|VerbForm=Fin",
      "AUX__Mood=Sub|Number=Plur|Person=3|Tense=Imp|VerbForm=Fin",
      "AUX__Mood=Sub|Number=Plur|Person=3|Tense=Pres|VerbForm=Fin",
      "AUX__Mood=Sub|Number=Sing|Person=1|Tense=Imp|VerbForm=Fin",
      "AUX__Mood=Sub|Number=Sing|Person=3|Tense=Fut|VerbForm=Fin",
      "AUX__Mood=Sub|Number=Sing|Person=3|Tense=Imp|VerbForm=Fin",
      "AUX__Mood=Sub|Number=Sing|Person=3|Tense=Pres|VerbForm=Fin",
      "AUX__Mood=Sub|Number=Sing|Tense=Imp|VerbForm=Fin",
      "AUX__Number=Plur|Person=1|Tense=Past",
      "AUX__Number=Plur|Person=1|VerbForm=Inf",
      "AUX__Number=Plur|Person=3|VerbForm=Inf",
      "AUX__Number=Sing|Person=3|VerbForm=Inf",
      "AUX__VerbForm=Ger",
      "AUX__VerbForm=Inf",
      "AUX__VerbForm=Part",
      "CCONJ",
      "DET",
      "DET__Definite=Def|Gender=Fem|Number=Plur|PronType=Art",
      "DET__Definite=Def|Gender=Fem|Number=Sing|PronType=Art",
      "DET__Definite=Def|Gender=Masc|Number=Plur|PronType=Art",
      "DET__Definite=Def|Gender=Masc|Number=Sing|PronType=Art",
      "DET__Definite=Def|Number=Sing|PronType=Art",
      "DET__Definite=Def|PronType=Art",
      "DET__Definite=Ind|Gender=Fem|Number=Sing|PronType=Art",
      "DET__Definite=Ind|Gender=Fem|PronType=Art",
      "DET__Definite=Ind|Gender=Masc|Number=Sing|PronType=Art",
      "DET__Gender=Fem|Number=Plur",
      "DET__Gender=Fem|Number=Plur|PronType=Art",
      "DET__Gender=Fem|Number=Plur|PronType=Dem",
      "DET__Gender=Fem|Number=Plur|PronType=Emp",
      "DET__Gender=Fem|Number=Plur|PronType=Ind",
      "DET__Gender=Fem|Number=Plur|PronType=Int",
      "DET__Gender=Fem|Number=Plur|PronType=Prs",
      "DET__Gender=Fem|Number=Plur|PronType=Rel",
      "DET__Gender=Fem|Number=Plur|PronType=Tot",
      "DET__Gender=Fem|Number=Sing",
      "DET__Gender=Fem|Number=Sing|PronType=Art",
      "DET__Gender=Fem|Number=Sing|PronType=Dem",
      "DET__Gender=Fem|Number=Sing|PronType=Emp",
      "DET__Gender=Fem|Number=Sing|PronType=Ind",
      "DET__Gender=Fem|Number=Sing|PronType=Int",
      "DET__Gender=Fem|Number=Sing|PronType=Neg",
      "DET__Gender=Fem|Number=Sing|PronType=Prs",
      "DET__Gender=Fem|Number=Sing|PronType=Rel",
      "DET__Gender=Fem|Number=Sing|PronType=Tot",
      "DET__Gender=Fem|PronType=Dem",
      "DET__Gender=Masc|Number=Plur",
      "DET__Gender=Masc|Number=Plur|PronType=Art",
      "DET__Gender=Masc|Number=Plur|PronType=Dem",
      "DET__Gender=Masc|Number=Plur|PronType=Emp",
      "DET__Gender=Masc|Number=Plur|PronType=Ind",
      "DET__Gender=Masc|Number=Plur|PronType=Int",
      "DET__Gender=Masc|Number=Plur|PronType=Prs",
      "DET__Gender=Masc|Number=Plur|PronType=Rel",
      "DET__Gender=Masc|Number=Plur|PronType=Tot",
      "DET__Gender=Masc|Number=Sing",
      "DET__Gender=Masc|Number=Sing|PronType=Art",
      "DET__Gender=Masc|Number=Sing|PronType=Dem",
      "DET__Gender=Masc|Number=Sing|PronType=Emp",
      "DET__Gender=Masc|Number=Sing|PronType=Ind",
      "DET__Gender=Masc|Number=Sing|PronType=Int",
      "DET__Gender=Masc|Number=Sing|PronType=Neg",
      "DET__Gender=Masc|Number=Sing|PronType=Prs",
      "DET__Gender=Masc|Number=Sing|PronType=Rel",
      "DET__Gender=Masc|Number=Sing|PronType=Tot",
      "DET__Gender=Unsp|Number=Plur|PronType=Ind",
      "DET__Gender=Unsp|Number=Sing|PronType=Ind",
      "DET__Gender=Unsp|Number=Sing|PronType=Rel",
      "DET__Gender=Unsp|Number=Sing|PronType=Tot",
      "DET__Number=Sing",
      "DET__Number=Sing|PronType=Art",
      "DET__PronType=Ind",
      "DET__PronType=Int",
      "INTJ",
      "NOUN",
      "NOUN__Foreign=Yes",
      "NOUN__Gender=Fem|Number=Plur",
      "NOUN__Gender=Fem|Number=Sing",
      "NOUN__Gender=Masc",
      "NOUN__Gender=Masc|Number=Plur",
      "NOUN__Gender=Masc|Number=Sing",
      "NOUN__Gender=Masc|Number=Sing|NumType=Ord",
      "NOUN__Gender=Masc|Number=Unsp",
      "NOUN__Gender=Unsp|Number=Plur",
      "NOUN__Gender=Unsp|Number=Sing",
      "NOUN__Number=Sing",
      "NUM__Gender=Fem|Number=Plur",
      "NUM__Gender=Fem|Number=Sing",
      "NUM__Gender=Masc|Number=Plur",
      "NUM__Gender=Masc|Number=Sing|NumType=Card",
      "NUM__Gender=Masc|Number=Sing|NumType=Frac",
      "NUM__Gender=Masc|Number=Sing|NumType=Mult",
      "NUM__Gender=Masc|Number=Sing|NumType=Sets",
      "NUM__NumType=Card",
      "NUM__NumType=Frac",
      "NUM__NumType=Mult",
      "NUM__NumType=Ord",
      "NUM__NumType=Range",
      "NUM__Number=Plur|NumType=Card",
      "PART",
      "PART_NOUN__Gender=Masc|Number=Sing",
      "PART__Gender=Masc|Number=Sing",
      "PRON_PRON__Case=Acc,Dat|Gender=Fem,Unsp|Number=Sing|Person=3|PronType=Prs",
      "PRON__Case=Acc|Gender=Fem|Number=Plur|Person=3|PronType=Prs",
      "PRON__Case=Acc|Gender=Fem|Number=Sing|Person=1|PronType=Prs",
      "PRON__Case=Acc|Gender=Fem|Number=Sing|Person=3|PronType=Prs",
      "PRON__Case=Acc|Gender=Fem|PronType=Prs",
      "PRON__Case=Acc|Gender=Masc|Number=Plur|Person=1|PronType=Prs",
      "PRON__Case=Acc|Gender=Masc|Number=Plur|Person=3|PronType=Prs",
      "PRON__Case=Acc|Gender=Masc|Number=Sing|Person=1|PronType=Prs",
      "PRON__Case=Acc|Gender=Masc|Number=Sing|Person=2|PronType=Prs",
      "PRON__Case=Acc|Gender=Masc|Number=Sing|Person=3|PronType=Dem",
      "PRON__Case=Acc|Gender=Masc|Number=Sing|Person=3|PronType=Prs",
      "PRON__Case=Acc|Gender=Masc|Number=Sing|PronType=Prs",
      "PRON__Case=Acc|Gender=Masc|PronType=Prs",
      "PRON__Case=Acc|Gender=Unsp|Number=Plur|Person=1|PronType=Prs",
      "PRON__Case=Acc|Gender=Unsp|Number=Plur|Person=3|PronType=Prs",
      "PRON__Case=Acc|Gender=Unsp|Number=Sing|Person=1|PronType=Prs",
      "PRON__Case=Acc|Gender=Unsp|Number=Sing|Person=3|PronType=Prs",
      "PRON__Case=Acc|Gender=Unsp|Number=Sing|Person=3|PronType=Prs|VerbForm=Ger",
      "PRON__Case=Acc|Gender=Unsp|PronType=Prs",
      "PRON__Case=Acc|Number=Sing|Person=3|PronType=Prs",
      "PRON__Case=Dat|Gender=Fem|Number=Plur|Person=3|PronType=Prs",
      "PRON__Case=Dat|Gender=Fem|Number=Sing|Person=1|PronType=Prs",
      "PRON__Case=Dat|Gender=Fem|Number=Sing|Person=3|PronType=Prs",
      "PRON__Case=Dat|Gender=Masc|Number=Plur|Person=1|PronType=Prs",
      "PRON__Case=Dat|Gender=Masc|Number=Plur|Person=3|PronType=Prs",
      "PRON__Case=Dat|Gender=Masc|Number=Sing|Person=1|PronType=Prs",
      "PRON__Case=Dat|Gender=Masc|Number=Sing|Person=3|PronType=Prs",
      "PRON__Case=Dat|Gender=Unsp|Number=Plur|Person=1|PronType=Prs",
      "PRON__Case=Dat|Gender=Unsp|Number=Plur|Person=2|PronType=Prs",
      "PRON__Case=Dat|Gender=Unsp|Number=Plur|Person=3|PronType=Prs",
      "PRON__Case=Dat|Gender=Unsp|Number=Sing|Person=1|PronType=Prs",
      "PRON__Case=Dat|Gender=Unsp|Number=Sing|Person=3|PronType=Prs",
      "PRON__Case=Dat|Gender=Unsp|PronType=Prs",
      "PRON__Case=Nom|Gender=Fem|Number=Plur|Person=3|PronType=Prs",
      "PRON__Case=Nom|Gender=Fem|Number=Sing|Person=1|PronType=Prs",
      "PRON__Case=Nom|Gender=Fem|Number=Sing|Person=3|PronType=Prs",
      "PRON__Case=Nom|Gender=Masc|Number=Plur|Person=1|PronType=Prs",
      "PRON__Case=Nom|Gender=Masc|Number=Plur|Person=3|PronType=Prs",
      "PRON__Case=Nom|Gender=Masc|Number=Sing|Person=1|PronType=Prs",
      "PRON__Case=Nom|Gender=Masc|Number=Sing|Person=3|PronType=Prs",
      "PRON__Case=Nom|Gender=Unsp|Number=Plur|Person=1|PronType=Prs",
      "PRON__Case=Nom|Gender=Unsp|Number=Plur|Person=2|PronType=Prs",
      "PRON__Case=Nom|Gender=Unsp|Number=Plur|Person=3|PronType=Prs",
      "PRON__Case=Nom|Gender=Unsp|Number=Sing|Person=1|PronType=Prs",
      "PRON__Case=Nom|Gender=Unsp|Number=Sing|Person=3|PronType=Prs",
      "PRON__Definite=Def|Gender=Fem|Number=Plur|PronType=Dem",
      "PRON__Definite=Def|Gender=Fem|Number=Sing|PronType=Art",
      "PRON__Definite=Def|Gender=Fem|Number=Sing|PronType=Dem",
      "PRON__Definite=Def|Gender=Masc|Number=Plur|PronType=Art",
      "PRON__Definite=Def|Gender=Masc|Number=Plur|PronType=Dem",
      "PRON__Definite=Def|Gender=Masc|Number=Plur|PronType=Rel",
      "PRON__Definite=Def|Gender=Masc|Number=Sing|PronType=Art",
      "PRON__Definite=Def|Gender=Masc|Number=Sing|PronType=Dem",
      "PRON__Definite=Def|Gender=Masc|Number=Sing|PronType=Rel",
      "PRON__Gender=Fem|Number=Plur|Person=3|PronType=Prs",
      "PRON__Gender=Fem|Number=Plur|PronType=Dem",
      "PRON__Gender=Fem|Number=Plur|PronType=Ind",
      "PRON__Gender=Fem|Number=Plur|PronType=Int",
      "PRON__Gender=Fem|Number=Plur|PronType=Prs",
      "PRON__Gender=Fem|Number=Plur|PronType=Rel",
      "PRON__Gender=Fem|Number=Plur|PronType=Tot",
      "PRON__Gender=Fem|Number=Sing|Person=1|PronType=Prs",
      "PRON__Gender=Fem|Number=Sing|Person=3|PronType=Prs",
      "PRON__Gender=Fem|Number=Sing|PronType=Dem",
      "PRON__Gender=Fem|Number=Sing|PronType=Ind",
      "PRON__Gender=Fem|Number=Sing|PronType=Int",
      "PRON__Gender=Fem|Number=Sing|PronType=Neg",
      "PRON__Gender=Fem|Number=Sing|PronType=Prs",
      "PRON__Gender=Fem|Number=Sing|PronType=Rel",
      "PRON__Gender=Fem|Number=Sing|PronType=Tot",
      "PRON__Gender=Masc|Number=Plur|Person=1|PronType=Prs",
      "PRON__Gender=Masc|Number=Plur|Person=3|PronType=Prs",
      "PRON__Gender=Masc|Number=Plur|PronType=Dem",
      "PRON__Gender=Masc|Number=Plur|PronType=Ind",
      "PRON__Gender=Masc|Number=Plur|PronType=Int",
      "PRON__Gender=Masc|Number=Plur|PronType=Prs",
      "PRON__Gender=Masc|Number=Plur|PronType=Rel",
      "PRON__Gender=Masc|Number=Plur|PronType=Tot",
      "PRON__Gender=Masc|Number=Sing",
      "PRON__Gender=Masc|Number=Sing|Person=1|PronType=Prs",
      "PRON__Gender=Masc|Number=Sing|Person=2|PronType=Prs",
      "PRON__Gender=Masc|Number=Sing|Person=3|PronType=Prs",
      "PRON__Gender=Masc|Number=Sing|PronType=Dem",
      "PRON__Gender=Masc|Number=Sing|PronType=Ind",
      "PRON__Gender=Masc|Number=Sing|PronType=Int",
      "PRON__Gender=Masc|Number=Sing|PronType=Neg",
      "PRON__Gender=Masc|Number=Sing|PronType=Prs",
      "PRON__Gender=Masc|Number=Sing|PronType=Rel",
      "PRON__Gender=Masc|Number=Sing|PronType=Tot",
      "PRON__Gender=Masc|Number=Unsp|PronType=Ind",
      "PRON__Gender=Unsp|Number=Plur|Person=1|PronType=Prs",
      "PRON__Gender=Unsp|Number=Plur|PronType=Int",
      "PRON__Gender=Unsp|Number=Plur|PronType=Rel",
      "PRON__Gender=Unsp|Number=Sing|Person=1|PronType=Prs",
      "PRON__Gender=Unsp|Number=Sing|Person=3|PronType=Prs",
      "PRON__Gender=Unsp|Number=Sing|PronType=Ind",
      "PRON__Gender=Unsp|Number=Sing|PronType=Int",
      "PRON__Gender=Unsp|Number=Sing|PronType=Rel",
      "PRON__Gender=Unsp|Number=Sing|PronType=Tot",
      "PRON__Gender=Unsp|Number=Unsp|PronType=Dem",
      "PRON__Gender=Unsp|Number=Unsp|PronType=Ind",
      "PRON__Gender=Unsp|Number=Unsp|PronType=Int",
      "PRON__Gender=Unsp|Number=Unsp|PronType=Rel",
      "PRON__Gender=Unsp|PronType=Prs",
      "PRON__Number=Sing|Person=3|PronType=Prs",
      "PRON__Number=Sing|PronType=Rel",
      "PRON__Number=Unsp|PronType=Ind",
      "PRON__Person=3|PronType=Prs|Reflex=Yes",
      "PRON__PronType=Dem",
      "PRON__PronType=Neg",
      "PRON__PronType=Rel",
      "PROPN",
      "PROPN_DET__Gender=Masc|Number=Sing|PronType=Art",
      "PROPN_PROPN__Gender=Fem,Masc|Number=Sing",
      "PROPN_PROPN__Gender=Fem|Number=Sing",
      "PROPN_PROPN__Gender=Masc|Number=Sing",
      "PROPN__Gender=Fem|Number=Plur",
      "PROPN__Gender=Fem|Number=Sing",
      "PROPN__Gender=Fem|Number=Sing|PronType=Art",
      "PROPN__Gender=Masc",
      "PROPN__Gender=Masc|Number=Plur",
      "PROPN__Gender=Masc|Number=Sing",
      "PROPN__Gender=Masc|Number=Sing|PronType=Art",
      "PROPN__Gender=Unsp|Number=Plur",
      "PROPN__Gender=Unsp|Number=Sing",
      "PROPN__Number=Sing",
      "PROPN__Number=Sing|PronType=Art",
      "PUNCT",
      "SCONJ",
      "SCONJ_DET__Definite=Def|Gender=Fem|Number=Plur|PronType=Art",
      "SCONJ_DET__Definite=Def|Gender=Fem|Number=Sing|PronType=Art",
      "SCONJ_DET__Definite=Def|Gender=Masc|Number=Plur|PronType=Art",
      "SCONJ_DET__Definite=Def|Gender=Masc|Number=Sing|PronType=Art",
      "SCONJ_DET__Definite=Def|PronType=Art",
      "SCONJ_DET__Gender=Fem|Number=Sing|PronType=Dem",
      "SCONJ_DET__Gender=Masc|Number=Plur|PronType=Dem",
      "SCONJ_PRON__Case=Nom|Gender=Masc|Number=Sing|Person=3|PronType=Prs",
      "SCONJ_PRON__Gender=Masc|Number=Plur|PronType=Dem",
      "SCONJ_PRON__Gender=Masc|Number=Sing|PronType=Dem",
      "SCONJ__Definite=Ind|Gender=Fem|Number=Sing|PronType=Art",
      "SCONJ__Gender=Masc|Number=Sing",
      "SCONJ__VerbForm=Ger",
      "SYM",
      "VERB",
      "VERB_PRON__Case=Acc|Gender=Fem|Mood=Cnd|Number=Sing|Person=3|PronType=Prs|VerbForm=Fin",
      "VERB_PRON__Case=Acc|Gender=Fem|Mood=Ind|Number=Plur,Sing|Person=1,3|PronType=Prs|Tense=Imp|VerbForm=Fin",
      "VERB_PRON__Case=Acc|Gender=Fem|Mood=Ind|Number=Plur,Sing|Person=1,3|PronType=Prs|Tense=Past|VerbForm=Fin",
      "VERB_PRON__Case=Acc|Gender=Fem|Mood=Ind|Number=Plur,Sing|Person=3|PronType=Prs|Tense=Imp|VerbForm=Fin",
      "VERB_PRON__Case=Acc|Gender=Fem|Mood=Ind|Number=Plur,Sing|Person=3|PronType=Prs|Tense=Past|VerbForm=Fin",
      "VERB_PRON__Case=Acc|Gender=Fem|Mood=Ind|Number=Plur,Sing|Person=3|PronType=Prs|Tense=Pres|VerbForm=Fin",
      "VERB_PRON__Case=Acc|Gender=Fem|Mood=Ind|Number=Plur|Person=3|PronType=Prs|Tense=Imp|VerbForm=Fin",
      "VERB_PRON__Case=Acc|Gender=Fem|Mood=Ind|Number=Plur|Person=3|PronType=Prs|Tense=Past|VerbForm=Fin",
      "VERB_PRON__Case=Acc|Gender=Fem|Mood=Ind|Number=Plur|Person=3|PronType=Prs|Tense=Pres|VerbForm=Fin",
      "VERB_PRON__Case=Acc|Gender=Fem|Mood=Ind|Number=Plur|Person=3|PronType=Prs|Tense=Pres|VerbForm=Fin|Voice=Pass",
      "VERB_PRON__Case=Acc|Gender=Fem|Mood=Ind|Number=Plur|Person=3|PronType=Prs|VerbForm=Fin",
      "VERB_PRON__Case=Acc|Gender=Fem|Mood=Ind|Number=Sing|Person=1,3|PronType=Prs|Tense=Past|VerbForm=Fin",
      "VERB_PRON__Case=Acc|Gender=Fem|Mood=Ind|Number=Sing|Person=1,3|PronType=Prs|Tense=Pres|VerbForm=Fin",
      "VERB_PRON__Case=Acc|Gender=Fem|Mood=Ind|Number=Sing|Person=1|PronType=Prs|Tense=Past|VerbForm=Fin",
      "VERB_PRON__Case=Acc|Gender=Fem|Mood=Ind|Number=Sing|Person=3|PronType=Prs|Tense=Fut|VerbForm=Fin",
      "VERB_PRON__Case=Acc|Gender=Fem|Mood=Ind|Number=Sing|Person=3|PronType=Prs|Tense=Imp|VerbForm=Fin",
      "VERB_PRON__Case=Acc|Gender=Fem|Mood=Ind|Number=Sing|Person=3|PronType=Prs|Tense=Past|VerbForm=Fin",
      "VERB_PRON__Case=Acc|Gender=Fem|Mood=Ind|Number=Sing|Person=3|PronType=Prs|Tense=Pqp|VerbForm=Fin",
      "VERB_PRON__Case=Acc|Gender=Fem|Mood=Ind|Number=Sing|Person=3|PronType=Prs|Tense=Pres|VerbForm=Fin",
      "VERB_PRON__Case=Acc|Gender=Fem|Mood=Ind|Number=Sing|Person=3|PronType=Prs|Tense=Pres|VerbForm=Fin|Voice=Pass",
      "VERB_PRON__Case=Acc|Gender=Fem|Mood=Sub|Number=Plur|Person=3|PronType=Prs|Tense=Pres|VerbForm=Fin|Voice=Pass",
      "VERB_PRON__Case=Acc|Gender=Fem|Number=Plur|Person=3|PronType=Prs|VerbForm=Ger",
      "VERB_PRON__Case=Acc|Gender=Fem|Number=Plur|Person=3|PronType=Prs|VerbForm=Inf",
      "VERB_PRON__Case=Acc|Gender=Fem|Number=Plur|Person=3|PronType=Prs|VerbForm=Inf|Voice=Pass",
      "VERB_PRON__Case=Acc|Gender=Fem|Number=Sing|Person=3|PronType=Prs|VerbForm=Ger",
      "VERB_PRON__Case=Acc|Gender=Fem|Number=Sing|Person=3|PronType=Prs|VerbForm=Inf",
      "VERB_PRON__Case=Acc|Gender=Fem|Number=Sing|PronType=Prs|VerbForm=Inf",
      "VERB_PRON__Case=Acc|Gender=Masc|Mood=Ind|Number=Plur,Sing|Person=3|PronType=Prs|Tense=Imp|VerbForm=Fin",
      "VERB_PRON__Case=Acc|Gender=Masc|Mood=Ind|Number=Plur,Sing|Person=3|PronType=Prs|Tense=Past|VerbForm=Fin",
      "VERB_PRON__Case=Acc|Gender=Masc|Mood=Ind|Number=Plur,Sing|Person=3|PronType=Prs|Tense=Pres|VerbForm=Fin",
      "VERB_PRON__Case=Acc|Gender=Masc|Mood=Ind|Number=Plur|Person=1|PronType=Prs|Tense=Pres|VerbForm=Fin",
      "VERB_PRON__Case=Acc|Gender=Masc|Mood=Ind|Number=Plur|Person=3|PronType=Prs|Tense=Fut|VerbForm=Fin",
      "VERB_PRON__Case=Acc|Gender=Masc|Mood=Ind|Number=Plur|Person=3|PronType=Prs|Tense=Imp|VerbForm=Fin",
      "VERB_PRON__Case=Acc|Gender=Masc|Mood=Ind|Number=Plur|Person=3|PronType=Prs|Tense=Past|VerbForm=Fin",
      "VERB_PRON__Case=Acc|Gender=Masc|Mood=Ind|Number=Plur|Person=3|PronType=Prs|Tense=Pres|VerbForm=Fin",
      "VERB_PRON__Case=Acc|Gender=Masc|Mood=Ind|Number=Sing|Person=1,3|PronType=Prs|Tense=Past|VerbForm=Fin",
      "VERB_PRON__Case=Acc|Gender=Masc|Mood=Ind|Number=Sing|Person=1|PronType=Prs|Tense=Pres|VerbForm=Fin",
      "VERB_PRON__Case=Acc|Gender=Masc|Mood=Ind|Number=Sing|Person=2|PronType=Prs|Tense=Past|VerbForm=Fin",
      "VERB_PRON__Case=Acc|Gender=Masc|Mood=Ind|Number=Sing|Person=3|PronType=Prs|Tense=Fut|VerbForm=Fin",
      "VERB_PRON__Case=Acc|Gender=Masc|Mood=Ind|Number=Sing|Person=3|PronType=Prs|Tense=Imp|VerbForm=Fin",
      "VERB_PRON__Case=Acc|Gender=Masc|Mood=Ind|Number=Sing|Person=3|PronType=Prs|Tense=Past|VerbForm=Fin",
      "VERB_PRON__Case=Acc|Gender=Masc|Mood=Ind|Number=Sing|Person=3|PronType=Prs|Tense=Past|VerbForm=Fin|Voice=Pass",
      "VERB_PRON__Case=Acc|Gender=Masc|Mood=Ind|Number=Sing|Person=3|PronType=Prs|Tense=Pqp|VerbForm=Fin",
      "VERB_PRON__Case=Acc|Gender=Masc|Mood=Ind|Number=Sing|Person=3|PronType=Prs|Tense=Pres|VerbForm=Fin",
      "VERB_PRON__Case=Acc|Gender=Masc|Mood=Sub|Number=Plur|Person=3|PronType=Prs|Tense=Pres|VerbForm=Fin",
      "VERB_PRON__Case=Acc|Gender=Masc|Mood=Sub|Number=Plur|Person=3|PronType=Prs|Tense=Pres|VerbForm=Fin|Voice=Pass",
      "VERB_PRON__Case=Acc|Gender=Masc|Mood=Sub|Number=Sing|Person=3|PronType=Prs|Tense=Pres|VerbForm=Fin",
      "VERB_PRON__Case=Acc|Gender=Masc|Number=Plur,Sing|Person=1,3|PronType=Prs|VerbForm=Inf",
      "VERB_PRON__Case=Acc|Gender=Masc|Number=Plur,Sing|Person=3|PronType=Prs|VerbForm=Inf",
      "VERB_PRON__Case=Acc|Gender=Masc|Number=Plur|Person=1|PronType=Prs|VerbForm=Inf",
      "VERB_PRON__Case=Acc|Gender=Masc|Number=Plur|Person=3|PronType=Prs|VerbForm=Ger",
      "VERB_PRON__Case=Acc|Gender=Masc|Number=Plur|Person=3|PronType=Prs|VerbForm=Inf",
      "VERB_PRON__Case=Acc|Gender=Masc|Number=Sing|Person=1|PronType=Prs|VerbForm=Inf",
      "VERB_PRON__Case=Acc|Gender=Masc|Number=Sing|Person=3|PronType=Prs|VerbForm=Ger",
      "VERB_PRON__Case=Acc|Gender=Masc|Number=Sing|Person=3|PronType=Prs|VerbForm=Inf",
      "VERB_PRON__Case=Acc|Gender=Masc|PronType=Prs|VerbForm=Inf",
      "VERB_PRON__Case=Acc|Gender=Unsp|Mood=Ind|Number=Plur,Sing|Person=1,3|PronType=Prs|Tense=Imp|VerbForm=Fin",
      "VERB_PRON__Case=Acc|Gender=Unsp|Mood=Ind|Number=Plur,Sing|Person=1,3|PronType=Prs|Tense=Past|VerbForm=Fin",
      "VERB_PRON__Case=Acc|Gender=Unsp|Mood=Ind|Number=Plur,Sing|Person=1,3|PronType=Prs|Tense=Pres|VerbForm=Fin",
      "VERB_PRON__Case=Acc|Gender=Unsp|Mood=Ind|Number=Plur|Person=1,3|PronType=Prs|Tense=Pres|VerbForm=Fin",
      "VERB_PRON__Case=Acc|Gender=Unsp|Mood=Ind|Number=Plur|Person=1|PronType=Prs|Tense=Past|VerbForm=Fin",
      "VERB_PRON__Case=Acc|Gender=Unsp|Mood=Ind|Number=Plur|Person=1|PronType=Prs|Tense=Pres|VerbForm=Fin",
      "VERB_PRON__Case=Acc|Gender=Unsp|Mood=Ind|Number=Plur|Person=3|PronType=Prs|Tense=Imp|VerbForm=Fin",
      "VERB_PRON__Case=Acc|Gender=Unsp|Mood=Ind|Number=Plur|Person=3|PronType=Prs|Tense=Pres|VerbForm=Fin",
      "VERB_PRON__Case=Acc|Gender=Unsp|Mood=Ind|Number=Sing|Person=1,3|PronType=Prs|Tense=Past|VerbForm=Fin",
      "VERB_PRON__Case=Acc|Gender=Unsp|Mood=Ind|Number=Sing|Person=1|PronType=Prs|Tense=Past|VerbForm=Fin",
      "VERB_PRON__Case=Acc|Gender=Unsp|Mood=Ind|Number=Sing|Person=3|PronType=Prs|Tense=Fut|VerbForm=Fin",
      "VERB_PRON__Case=Acc|Gender=Unsp|Mood=Ind|Number=Sing|Person=3|PronType=Prs|Tense=Imp|VerbForm=Fin",
      "VERB_PRON__Case=Acc|Gender=Unsp|Mood=Ind|Number=Sing|Person=3|PronType=Prs|Tense=Past|VerbForm=Fin",
      "VERB_PRON__Case=Acc|Gender=Unsp|Mood=Ind|Number=Sing|Person=3|PronType=Prs|Tense=Pres|VerbForm=Fin",
      "VERB_PRON__Case=Acc|Gender=Unsp|Mood=Ind|Number=Sing|Person=3|PronType=Prs|Tense=Pres|VerbForm=Fin|Voice=Pass",
      "VERB_PRON__Case=Acc|Gender=Unsp|Mood=Sub|Number=Plur|Person=3|PronType=Prs|Tense=Pres|VerbForm=Fin",
      "VERB_PRON__Case=Acc|Gender=Unsp|Mood=Sub|Number=Sing|Person=3|PronType=Prs|Tense=Pres|VerbForm=Fin",
      "VERB_PRON__Case=Acc|Gender=Unsp|Number=Plur|Person=1|PronType=Prs|VerbForm=Inf",
      "VERB_PRON__Case=Acc|Gender=Unsp|Number=Plur|Person=2|PronType=Prs|VerbForm=Inf",
      "VERB_PRON__Case=Acc|Gender=Unsp|Number=Plur|Person=3|PronType=Prs|VerbForm=Inf",
      "VERB_PRON__Case=Acc|Gender=Unsp|Number=Sing|Person=1|PronType=Prs|VerbForm=Inf",
      "VERB_PRON__Case=Acc|Gender=Unsp|Number=Sing|Person=3|PronType=Prs|VerbForm=Ger",
      "VERB_PRON__Case=Acc|Gender=Unsp|Number=Sing|Person=3|PronType=Prs|VerbForm=Inf",
      "VERB_PRON__Case=Acc|Gender=Unsp|PronType=Prs|VerbForm=Ger",
      "VERB_PRON__Case=Acc|Gender=Unsp|PronType=Prs|VerbForm=Inf",
      "VERB_PRON__Case=Acc|PronType=Prs|VerbForm=Ger",
      "VERB_PRON__Case=Dat|Gender=Fem|Mood=Ind|Number=Plur|Person=3|PronType=Prs|Tense=Pres|VerbForm=Fin",
      "VERB_PRON__Case=Dat|Gender=Fem|Mood=Ind|Number=Sing|Person=1,3|PronType=Prs|Tense=Pres|VerbForm=Fin",
      "VERB_PRON__Case=Dat|Gender=Fem|Mood=Ind|Number=Sing|Person=3|PronType=Prs|Tense=Imp|VerbForm=Fin",
      "VERB_PRON__Case=Dat|Gender=Fem|Mood=Ind|Number=Sing|Person=3|PronType=Prs|Tense=Past|VerbForm=Fin",
      "VERB_PRON__Case=Dat|Gender=Fem|Mood=Ind|Number=Sing|Person=3|PronType=Prs|Tense=Pres|VerbForm=Fin",
      "VERB_PRON__Case=Dat|Gender=Fem|Number=Plur|Person=3|PronType=Prs|VerbForm=Inf",
      "VERB_PRON__Case=Dat|Gender=Fem|Number=Sing|Person=3|PronType=Prs|VerbForm=Ger",
      "VERB_PRON__Case=Dat|Gender=Fem|Number=Sing|Person=3|PronType=Prs|VerbForm=Inf",
      "VERB_PRON__Case=Dat|Gender=Masc|Mood=Cnd|Number=Sing|Person=1,3|PronType=Prs|VerbForm=Fin",
      "VERB_PRON__Case=Dat|Gender=Masc|Mood=Cnd|Number=Sing|Person=3|PronType=Prs|VerbForm=Fin",
      "VERB_PRON__Case=Dat|Gender=Masc|Mood=Ind|Number=Plur,Sing|Person=1,3|PronType=Prs|Tense=Past|VerbForm=Fin",
      "VERB_PRON__Case=Dat|Gender=Masc|Mood=Ind|Number=Plur,Sing|Person=1,3|PronType=Prs|Tense=Pres|VerbForm=Fin",
      "VERB_PRON__Case=Dat|Gender=Masc|Mood=Ind|Number=Plur,Sing|Person=3|PronType=Prs|Tense=Imp|VerbForm=Fin",
      "VERB_PRON__Case=Dat|Gender=Masc|Mood=Ind|Number=Plur,Sing|Person=3|PronType=Prs|Tense=Past|VerbForm=Fin",
      "VERB_PRON__Case=Dat|Gender=Masc|Mood=Ind|Number=Plur|Person=3|PronType=Prs|Tense=Imp|VerbForm=Fin",
      "VERB_PRON__Case=Dat|Gender=Masc|Mood=Ind|Number=Plur|Person=3|PronType=Prs|Tense=Pres|VerbForm=Fin",
      "VERB_PRON__Case=Dat|Gender=Masc|Mood=Ind|Number=Sing|Person=3|PronType=Prs|Tense=Past|VerbForm=Fin",
      "VERB_PRON__Case=Dat|Gender=Masc|Mood=Ind|Number=Sing|Person=3|PronType=Prs|Tense=Pres|VerbForm=Fin",
      "VERB_PRON__Case=Dat|Gender=Masc|Number=Plur|Person=3|PronType=Prs|VerbForm=Inf",
      "VERB_PRON__Case=Dat|Gender=Masc|Number=Sing|Person=3|PronType=Prs|VerbForm=Ger",
      "VERB_PRON__Case=Dat|Gender=Masc|Number=Sing|Person=3|PronType=Prs|VerbForm=Inf",
      "VERB_PRON__Case=Dat|Gender=Unsp|Mood=Cnd|Number=Sing|Person=1,3|PronType=Prs|VerbForm=Fin",
      "VERB_PRON__Case=Dat|Gender=Unsp|Mood=Ind|Number=Plur,Sing|Person=1,3|PronType=Prs|Tense=Past|VerbForm=Fin",
      "VERB_PRON__Case=Dat|Gender=Unsp|Mood=Ind|Number=Plur,Sing|Person=1,3|PronType=Prs|Tense=Pres|VerbForm=Fin",
      "VERB_PRON__Case=Dat|Gender=Unsp|Mood=Ind|Number=Plur|Person=1|PronType=Prs|Tense=Pres|VerbForm=Fin",
      "VERB_PRON__Case=Dat|Gender=Unsp|Mood=Ind|Number=Plur|Person=3|PronType=Prs|Tense=Pres|VerbForm=Fin",
      "VERB_PRON__Case=Dat|Gender=Unsp|Mood=Ind|Number=Sing|Person=1,3|PronType=Prs|Tense=Past|VerbForm=Fin",
      "VERB_PRON__Case=Dat|Gender=Unsp|Mood=Ind|Number=Sing|Person=1,3|PronType=Prs|Tense=Pres|VerbForm=Fin",
      "VERB_PRON__Case=Dat|Gender=Unsp|Mood=Ind|Number=Sing|Person=3|PronType=Prs|Tense=Past|VerbForm=Fin",
      "VERB_PRON__Case=Dat|Gender=Unsp|Number=Plur|Person=1|PronType=Prs|VerbForm=Inf",
      "VERB_PRON__Case=Dat|Gender=Unsp|Number=Sing|Person=3|PronType=Prs|VerbForm=Ger",
      "VERB_PRON__Case=Dat|Gender=Unsp|Number=Sing|Person=3|PronType=Prs|VerbForm=Inf",
      "VERB_PRON__Gender=Unsp|Mood=Sub|Number=Sing|Person=3|PronType=Prs|Tense=Pres|VerbForm=Fin",
      "VERB_PRON__Mood=Ind|Number=Sing|Person=3|Tense=Past|VerbForm=Fin",
      "VERB__Gender=Fem|Number=Plur",
      "VERB__Gender=Fem|Number=Plur|VerbForm=Part",
      "VERB__Gender=Fem|Number=Plur|VerbForm=Part|Voice=Pass",
      "VERB__Gender=Fem|Number=Sing",
      "VERB__Gender=Fem|Number=Sing|VerbForm=Part",
      "VERB__Gender=Fem|Number=Sing|VerbForm=Part|Voice=Pass",
      "VERB__Gender=Masc|Mood=Ind|Number=Sing|Person=3|VerbForm=Fin",
      "VERB__Gender=Masc|Number=Plur",
      "VERB__Gender=Masc|Number=Plur|VerbForm=Part",
      "VERB__Gender=Masc|Number=Plur|VerbForm=Part|Voice=Pass",
      "VERB__Gender=Masc|Number=Sing",
      "VERB__Gender=Masc|Number=Sing|VerbForm=Part",
      "VERB__Gender=Masc|Number=Sing|VerbForm=Part|Voice=Pass",
      "VERB__Mood=Cnd|Number=Plur|Person=1|VerbForm=Fin",
      "VERB__Mood=Cnd|Number=Plur|Person=3|VerbForm=Fin",
      "VERB__Mood=Cnd|Number=Plur|Person=3|VerbForm=Fin|Voice=Pass",
      "VERB__Mood=Cnd|Number=Sing|Person=1|VerbForm=Fin",
      "VERB__Mood=Cnd|Number=Sing|Person=3|VerbForm=Fin",
      "VERB__Mood=Cnd|Number=Sing|Person=3|VerbForm=Fin|Voice=Pass",
      "VERB__Mood=Cnd|Number=Sing|VerbForm=Fin",
      "VERB__Mood=Cnd|VerbForm=Fin",
      "VERB__Mood=Imp|Number=Sing|Person=2|VerbForm=Fin",
      "VERB__Mood=Ind|Number=Plur|Person=1|Tense=Fut|VerbForm=Fin",
      "VERB__Mood=Ind|Number=Plur|Person=1|Tense=Imp|VerbForm=Fin",
      "VERB__Mood=Ind|Number=Plur|Person=1|Tense=Past|VerbForm=Fin",
      "VERB__Mood=Ind|Number=Plur|Person=1|Tense=Pres|VerbForm=Fin",
      "VERB__Mood=Ind|Number=Plur|Person=2|Tense=Pres|VerbForm=Fin",
      "VERB__Mood=Ind|Number=Plur|Person=3|Tense=Fut|VerbForm=Fin",
      "VERB__Mood=Ind|Number=Plur|Person=3|Tense=Imp|VerbForm=Fin",
      "VERB__Mood=Ind|Number=Plur|Person=3|Tense=Imp|VerbForm=Fin|Voice=Pass",
      "VERB__Mood=Ind|Number=Plur|Person=3|Tense=Past|VerbForm=Fin",
      "VERB__Mood=Ind|Number=Plur|Person=3|Tense=Past|VerbForm=Fin|Voice=Pass",
      "VERB__Mood=Ind|Number=Plur|Person=3|Tense=Pqp|VerbForm=Fin",
      "VERB__Mood=Ind|Number=Plur|Person=3|Tense=Pres|VerbForm=Fin",
      "VERB__Mood=Ind|Number=Plur|Person=3|Tense=Pres|VerbForm=Fin|Voice=Pass",
      "VERB__Mood=Ind|Number=Plur|Person=3|VerbForm=Fin",
      "VERB__Mood=Ind|Number=Sing|Person=1|Tense=Fut|VerbForm=Fin",
      "VERB__Mood=Ind|Number=Sing|Person=1|Tense=Imp|VerbForm=Fin",
      "VERB__Mood=Ind|Number=Sing|Person=1|Tense=Past|VerbForm=Fin",
      "VERB__Mood=Ind|Number=Sing|Person=1|Tense=Pqp|VerbForm=Fin",
      "VERB__Mood=Ind|Number=Sing|Person=1|Tense=Pres|VerbForm=Fin",
      "VERB__Mood=Ind|Number=Sing|Person=2|Tense=Fut|VerbForm=Fin",
      "VERB__Mood=Ind|Number=Sing|Person=2|Tense=Past|VerbForm=Fin",
      "VERB__Mood=Ind|Number=Sing|Person=2|Tense=Pres|VerbForm=Fin",
      "VERB__Mood=Ind|Number=Sing|Person=3|Tense=Fut|VerbForm=Fin",
      "VERB__Mood=Ind|Number=Sing|Person=3|Tense=Imp|VerbForm=Fin",
      "VERB__Mood=Ind|Number=Sing|Person=3|Tense=Past|VerbForm=Fin",
      "VERB__Mood=Ind|Number=Sing|Person=3|Tense=Past|VerbForm=Fin|Voice=Pass",
      "VERB__Mood=Ind|Number=Sing|Person=3|Tense=Pqp|VerbForm=Fin",
      "VERB__Mood=Ind|Number=Sing|Person=3|Tense=Pres|VerbForm=Fin",
      "VERB__Mood=Ind|Number=Sing|Person=3|Tense=Pres|VerbForm=Fin|Voice=Pass",
      "VERB__Mood=Ind|Number=Sing|Tense=Imp|VerbForm=Fin",
      "VERB__Mood=Ind|Number=Sing|Tense=Pqp|VerbForm=Fin",
      "VERB__Mood=Ind|Tense=Imp|VerbForm=Fin",
      "VERB__Mood=Sub|Number=Plur|Person=1|Tense=Fut|VerbForm=Fin",
      "VERB__Mood=Sub|Number=Plur|Person=1|Tense=Imp|VerbForm=Fin",
      "VERB__Mood=Sub|Number=Plur|Person=1|Tense=Pres|VerbForm=Fin",
      "VERB__Mood=Sub|Number=Plur|Person=3|Tense=Fut|VerbForm=Fin",
      "VERB__Mood=Sub|Number=Plur|Person=3|Tense=Imp|VerbForm=Fin",
      "VERB__Mood=Sub|Number=Plur|Person=3|Tense=Pres|VerbForm=Fin",
      "VERB__Mood=Sub|Number=Sing|Person=1|Tense=Fut|VerbForm=Fin",
      "VERB__Mood=Sub|Number=Sing|Person=1|Tense=Imp|VerbForm=Fin",
      "VERB__Mood=Sub|Number=Sing|Person=1|Tense=Pres|VerbForm=Fin",
      "VERB__Mood=Sub|Number=Sing|Person=3|Tense=Fut|VerbForm=Fin",
      "VERB__Mood=Sub|Number=Sing|Person=3|Tense=Imp|VerbForm=Fin",
      "VERB__Mood=Sub|Number=Sing|Person=3|Tense=Past|VerbForm=Fin",
      "VERB__Mood=Sub|Number=Sing|Person=3|Tense=Pres|VerbForm=Fin",
      "VERB__Mood=Sub|Number=Sing|Tense=Fut|VerbForm=Fin",
      "VERB__Mood=Sub|Number=Sing|Tense=Pres|VerbForm=Fin",
      "VERB__Mood=Sub|Tense=Pres|VerbForm=Fin",
      "VERB__Number=Plur|Person=1|VerbForm=Inf",
      "VERB__Number=Plur|Person=3|Tense=Pres|VerbForm=Inf",
      "VERB__Number=Plur|Person=3|VerbForm=Inf",
      "VERB__Number=Sing",
      "VERB__Number=Sing|Person=1|VerbForm=Inf",
      "VERB__Number=Sing|Person=1|VerbForm=Inf|Voice=Pass",
      "VERB__Number=Sing|Person=3|VerbForm=Inf",
      "VERB__Number=Sing|Person=3|VerbForm=Inf|Voice=Pass",
      "VERB__Number=Sing|VerbForm=Part|Voice=Pass",
      "VERB__VerbForm=Fin",
      "VERB__VerbForm=Ger",
      "VERB__VerbForm=Inf",
      "VERB__VerbForm=Inf|Voice=Pass",
      "VERB__VerbForm=Part",
      "VERB__VerbForm=Part|Voice=Pass",
      "X",
      "X__Gender=Fem|Number=Plur",
      "X__Gender=Fem|Number=Sing",
      "X__Gender=Masc|Number=Sing",
      "X__Number=Sing",
      "_SP"
    ],
    "parser": [
      "ROOT",
      "acl",
      "acl:relcl",
      "advcl",
      "advmod",
      "amod",
      "appos",
      "aux",
      "aux:pass",
      "case",
      "cc",
      "ccomp",
      "compound",
      "conj",
      "cop",
      "csubj",
      "dep",
      "det",
      "discourse",
      "expl",
      "fixed",
      "flat",
      "flat:foreign",
      "flat:name",
      "iobj",
      "mark",
      "nmod",
      "nsubj",
      "nsubj:pass",
      "nummod",
      "obj",
      "obl",
      "obl:agent",
      "parataxis",
      "punct",
      "xcomp"
    ],
    "ner": [
      "LOC",
      "MISC",
      "ORG",
      "PER"
    ]
  },
  "vectors": {
    "width": 300,
    "vectors": 500000,
    "keys": 500000,
    "name": "pt_core_news_lg.vectors"
  },
  "size": "549 MB",
  "checksum": "8d8483edfaf454c8a763dcac4794694f79f8207d351a200c5e5a78cf5d6dfba1"
}