{
  "lang": "pt",
  "name": "core_news_lg",
  "version": "3.0.0a0",
  "description": "Portuguese pipeline optimized for CPU. Components: tok2vec, morphologizer, parser, senter, ner, attribute_ruler, lemmatizer.",
  "author": "Explosion",
  "email": "contact@explosion.ai",
  "url": "https://explosion.ai",
  "license": "CC BY-SA 4.0",
  "spacy_version": ">=3.0.0a41,<3.1.0",
  "spacy_git_version": "f8a1c1afd",
  "vectors": {
    "width": 300,
    "vectors": 500000,
    "keys": 500000,
    "name": "pt_vectors"
  },
  "labels": {
    "tok2vec": [],
    "morphologizer": [
      "_",
      "Definite=Ind|Gender=Masc|Number=Sing|POS=DET|PronType=Art",
      "Gender=Masc|Number=Sing|POS=NOUN",
      "Gender=Masc|Number=Sing|POS=ADJ",
      "Definite=Def|Gender=Masc|Number=Sing|POS=DET|PronType=Art",
      "Gender=Masc|Number=Sing|POS=PROPN",
      "Number=Sing|POS=PROPN",
      "Mood=Ind|Number=Sing|POS=AUX|Person=3|Tense=Pres|VerbForm=Fin",
      "Gender=Masc|Number=Plur|POS=NOUN",
      "Definite=Def|POS=ADP|PronType=Art",
      "Gender=Fem|Number=Sing|POS=NOUN",
      "Gender=Fem|Number=Sing|POS=ADJ",
      "POS=PUNCT",
      "NumType=Card|POS=NUM",
      "POS=ADV",
      "Gender=Fem|Number=Plur|POS=ADJ",
      "Gender=Fem|Number=Plur|POS=NOUN",
      "Definite=Def|Gender=Masc|Number=Sing|POS=ADP|PronType=Art",
      "Gender=Fem|Number=Sing|POS=PROPN",
      "Gender=Fem|Number=Sing|POS=VERB|VerbForm=Part",
      "POS=ADP",
      "POS=PRON|PronType=Rel",
      "Mood=Ind|Number=Sing|POS=VERB|Person=3|Tense=Pres|VerbForm=Fin",
      "POS=SCONJ",
      "POS=VERB|VerbForm=Inf",
      "Definite=Def|Gender=Masc|Number=Plur|POS=DET|PronType=Art",
      "Gender=Masc|Number=Plur|POS=ADJ",
      "POS=CCONJ",
      "Definite=Def|Gender=Fem|Number=Plur|POS=DET|PronType=Art",
      "Definite=Def|Gender=Fem|Number=Sing|POS=DET|PronType=Art",
      "Definite=Ind|Gender=Fem|Number=Sing|POS=DET|PronType=Art",
      "Gender=Masc|Number=Sing|POS=DET|PronType=Ind",
      "Mood=Sub|Number=Sing|POS=AUX|Person=3|Tense=Pres|VerbForm=Fin",
      "Gender=Unsp|Number=Sing|POS=PROPN",
      "Definite=Def|Gender=Masc|Number=Plur|POS=ADP|PronType=Art",
      "Gender=Masc|Number=Plur|POS=PRON|PronType=Rel",
      "Gender=Fem|Number=Sing|POS=PRON|Person=3|PronType=Prs",
      "Mood=Ind|Number=Plur|POS=VERB|Person=3|Tense=Pres|VerbForm=Fin",
      "POS=ADV|Polarity=Neg",
      "Gender=Masc|Number=Sing|POS=DET|PronType=Art",
      "POS=X",
      "Gender=Masc|Number=Plur|POS=PRON|PronType=Dem",
      "Gender=Fem|Number=Plur|POS=DET|PronType=Ind",
      "Mood=Ind|Number=Plur|POS=VERB|Person=1|Tense=Pres|VerbForm=Fin",
      "Gender=Masc|Number=Plur|POS=PRON|PronType=Tot",
      "Case=Acc|Gender=Masc|Mood=Ind|Number=Plur|POS=VERB|Person=1|PronType=Prs|Tense=Pres|VerbForm=Fin",
      "Gender=Masc|Number=Sing|POS=VERB|VerbForm=Part",
      "Gender=Masc|Number=Plur|POS=DET|PronType=Dem",
      "Case=Acc|Gender=Masc|Number=Plur|POS=VERB|Person=3|PronType=Prs|VerbForm=Inf",
      "Gender=Masc|Number=Sing|POS=DET|PronType=Dem",
      "Gender=Masc|Number=Sing|POS=PRON|PronType=Rel",
      "Case=Acc|Gender=Fem|Number=Plur|POS=VERB|Person=3|PronType=Prs|VerbForm=Inf",
      "Gender=Fem|Number=Plur|POS=PRON|PronType=Ind",
      "Gender=Masc|Number=Plur|POS=DET|PronType=Prs",
      "Case=Acc|Gender=Masc|Mood=Sub|Number=Plur|POS=VERB|Person=3|PronType=Prs|Tense=Pres|VerbForm=Fin",
      "Gender=Unsp|Number=Plur|POS=NOUN",
      "Mood=Sub|Number=Plur|POS=VERB|Person=3|Tense=Fut|VerbForm=Fin",
      "POS=AUX|VerbForm=Inf",
      "Gender=Fem|Number=Plur|POS=VERB|VerbForm=Part|Voice=Pass",
      "Case=Nom|Gender=Masc|Number=Plur|POS=PRON|Person=3|PronType=Prs",
      "Gender=Masc|Number=Sing|POS=ADP|PronType=Dem",
      "Gender=Masc|Number=Sing|POS=PRON|PronType=Dem",
      "POS=VERB|VerbForm=Ger",
      "Mood=Ind|Number=Plur|POS=AUX|Person=3|Tense=Pres|VerbForm=Fin",
      "Gender=Masc|Number=Plur|POS=VERB|VerbForm=Part|Voice=Pass",
      "Gender=Masc|Number=Plur|POS=PROPN",
      "Number=Plur|POS=AUX|Person=3|VerbForm=Inf",
      "Gender=Fem|Number=Sing|POS=PRON|PronType=Dem",
      "Mood=Ind|Number=Sing|POS=VERB|Person=3|Tense=Fut|VerbForm=Fin",
      "Gender=Masc|Number=Plur|POS=PRON|PronType=Ind",
      "Mood=Ind|Number=Plur|POS=VERB|Person=3|Tense=Past|VerbForm=Fin",
      "Definite=Def|Gender=Masc|Number=Sing|POS=PRON|PronType=Art",
      "POS=VERB|VerbForm=Part",
      "Gender=Masc|NumType=Ord|Number=Sing|POS=ADJ",
      "Mood=Ind|Number=Sing|POS=VERB|Person=3|Tense=Past|VerbForm=Fin",
      "Gender=Fem|Number=Sing|POS=DET|PronType=Dem",
      "Definite=Ind|Gender=Fem|Number=Sing|POS=ADP|PronType=Art",
      "Gender=Fem|Number=Sing|POS=PRON|PronType=Rel",
      "Mood=Sub|Number=Sing|POS=VERB|Person=3|Tense=Pres|VerbForm=Fin",
      "Definite=Def|Gender=Fem|Number=Sing|POS=ADP|PronType=Art",
      "Mood=Ind|Number=Sing|POS=AUX|Person=3|Tense=Past|VerbForm=Fin",
      "Case=Acc|Gender=Masc|Mood=Ind|Number=Sing|POS=VERB|Person=3|PronType=Prs|Tense=Pres|VerbForm=Fin",
      "Case=Acc|Gender=Masc|Number=Plur|POS=PRON|Person=3|PronType=Prs",
      "Gender=Masc|Number=Sing|POS=VERB|VerbForm=Part|Voice=Pass",
      "Case=Dat|Gender=Masc|Number=Sing|POS=PRON|Person=3|PronType=Prs",
      "Mood=Ind|Number=Sing|POS=VERB|Person=1|Tense=Pres|VerbForm=Fin",
      "Case=Nom|Gender=Unsp|Number=Plur|POS=PRON|Person=1|PronType=Prs",
      "Mood=Sub|Number=Plur|POS=VERB|Person=1|Tense=Imp|VerbForm=Fin",
      "Mood=Sub|Number=Sing|POS=VERB|Person=3|Tense=Fut|VerbForm=Fin",
      "Gender=Fem|NumType=Ord|Number=Plur|POS=ADJ",
      "Gender=Fem|Number=Plur|POS=DET|PronType=Prs",
      "Gender=Masc|Number=Plur|POS=DET|PronType=Ind",
      "Gender=Masc|NumType=Ord|Number=Plur|POS=ADJ",
      "Case=Acc|Gender=Masc|Mood=Ind|Number=Plur|POS=VERB|Person=3|PronType=Prs|Tense=Pres|VerbForm=Fin",
      "NumType=Ord|POS=ADJ",
      "Definite=Def|Gender=Masc|Number=Sing|POS=PRON|PronType=Dem",
      "Case=Acc|Gender=Fem|Mood=Ind|Number=Sing|POS=VERB|Person=3|PronType=Prs|Tense=Pres|VerbForm=Fin",
      "Gender=Masc|Number=Sing|POS=PRON|PronType=Ind",
      "Gender=Unsp|Number=Plur|POS=ADJ",
      "Gender=Fem|Number=Sing|POS=VERB|VerbForm=Part|Voice=Pass",
      "Mood=Ind|Number=Sing|POS=AUX|Person=3|Tense=Fut|VerbForm=Fin",
      "Gender=Masc|Number=Sing|POS=SCONJ|PronType=Dem",
      "Mood=Sub|Number=Sing|POS=AUX|Person=3|Tense=Fut|VerbForm=Fin",
      "Gender=Fem|Number=Sing|POS=DET|PronType=Tot",
      "Gender=Fem|Number=Sing|POS=PRON|PronType=Ind",
      "Gender=Masc|Number=Plur|POS=VERB|VerbForm=Part",
      "Gender=Fem|Number=Plur|POS=VERB|VerbForm=Part",
      "Gender=Masc|NumType=Mult|Number=Sing|POS=NUM",
      "Gender=Unsp|Number=Sing|POS=PRON|PronType=Ind",
      "Mood=Ind|Number=Plur|POS=AUX|Person=3|Tense=Past|VerbForm=Fin",
      "Case=Acc|Gender=Fem|Number=Plur|POS=PRON|Person=3|PronType=Prs",
      "Mood=Cnd|Number=Sing|POS=VERB|Person=3|VerbForm=Fin",
      "Gender=Fem|Number=Plur|POS=PRON|PronType=Rel",
      "Gender=Unsp|Number=Plur|POS=PRON|Person=1|PronType=Prs",
      "Mood=Sub|Number=Plur|POS=VERB|Person=3|Tense=Pres|VerbForm=Fin",
      "Case=Acc|Gender=Fem|Number=Sing|POS=PRON|Person=3|PronType=Prs",
      "Gender=Masc|Number=Plur|POS=DET|PronType=Tot",
      "Gender=Masc|Number=Sing|POS=PROPN|PronType=Art",
      "Gender=Fem|Number=Sing|POS=DET|PronType=Prs",
      "Case=Acc|Gender=Masc|Number=Sing|POS=PRON|Person=3|PronType=Prs",
      "Number=Sing|POS=VERB|Person=3|VerbForm=Inf",
      "Case=Nom|Gender=Masc|Number=Sing|POS=PRON|Person=1|PronType=Prs",
      "Mood=Ind|Number=Sing|POS=AUX|Person=1|Tense=Pres|VerbForm=Fin",
      "Mood=Ind|Number=Sing|POS=VERB|Person=1|Tense=Past|VerbForm=Fin",
      "Case=Nom|Gender=Fem|Number=Sing|POS=PRON|Person=3|PronType=Prs",
      "Case=Acc|Gender=Unsp|Number=Plur|POS=PRON|Person=1|PronType=Prs",
      "Mood=Sub|Number=Sing|POS=VERB|Person=3|Tense=Imp|VerbForm=Fin",
      "Mood=Cnd|Number=Sing|POS=AUX|Person=3|VerbForm=Fin",
      "POS=AUX|VerbForm=Part",
      "Gender=Fem|Number=Sing|POS=DET|PronType=Ind",
      "Case=Nom|Gender=Masc|Number=Sing|POS=PRON|Person=3|PronType=Prs",
      "Mood=Ind|Number=Sing|POS=AUX|Person=1|Tense=Past|VerbForm=Fin",
      "Case=Nom|Gender=Unsp|Number=Sing|POS=PRON|Person=1|PronType=Prs",
      "Gender=Unsp|Number=Sing|POS=PRON|PronType=Rel",
      "Number=Sing|POS=DET|PronType=Art",
      "Definite=Def|Gender=Fem|Number=Plur|POS=ADP|PronType=Art",
      "Mood=Ind|Number=Plur|POS=VERB|Person=3|Tense=Imp|VerbForm=Fin",
      "Mood=Ind|Number=Sing|POS=AUX|Person=3|Tense=Imp|VerbForm=Fin",
      "Gender=Masc|NumType=Frac|Number=Sing|POS=NUM",
      "Gender=Masc|Number=Sing|POS=DET|PronType=Prs",
      "Mood=Ind|Number=Sing|POS=VERB|Person=3|Tense=Imp|VerbForm=Fin",
      "Mood=Ind|Number=Plur|POS=AUX|Person=3|Tense=Imp|VerbForm=Fin",
      "Case=Acc|Gender=Masc|Mood=Ind|Number=Sing|POS=PRON|Person=3|PronType=Prs|Tense=Pres|VerbForm=Fin",
      "Gender=Fem|Number=Sing|POS=ADP|PronType=Dem",
      "Gender=Masc|Number=Plur|POS=DET|PronType=Art",
      "Case=Acc|Gender=Masc|Number=Sing|POS=PRON|Person=1|PronType=Prs",
      "Gender=Fem|NumType=Ord|Number=Sing|POS=ADJ",
      "Case=Acc|Gender=Masc|Number=Sing|POS=VERB|Person=3|PronType=Prs|VerbForm=Inf",
      "Number=Plur|POS=VERB|Person=3|VerbForm=Inf",
      "Definite=Def|Gender=Masc|Number=Sing|POS=SCONJ|PronType=Art",
      "Definite=Def|POS=SCONJ|PronType=Art",
      "Gender=Masc|Number=Plur|POS=ADP|PronType=Art",
      "Mood=Ind|Number=Sing|POS=VERB|Person=3|Tense=Pqp|VerbForm=Fin",
      "Case=Acc|Gender=Masc|Mood=Ind|Number=Sing|POS=VERB|Person=3|PronType=Prs|Tense=Past|VerbForm=Fin",
      "Gender=Fem|Number=Plur|POS=PRON|PronType=Dem",
      "Gender=Fem|Number=Plur|POS=PROPN",
      "Case=Acc|Gender=Unsp|POS=PRON|PronType=Prs",
      "Mood=Ind|Number=Plur|POS=VERB|Person=3|VerbForm=Fin",
      "POS=AUX",
      "Case=Acc|Gender=Unsp|Mood=Ind|Number=Sing|POS=VERB|Person=3|PronType=Prs|Tense=Past|VerbForm=Fin",
      "Gender=Masc|Number=Sing|POS=ADP|PronType=Art",
      "Gender=Fem|Number=Sing|POS=ADP|PronType=Art",
      "POS=INTJ",
      "Case=Acc|Gender=Unsp|Mood=Ind|Number=Sing|POS=VERB|Person=3|PronType=Prs|Tense=Pres|VerbForm=Fin",
      "Gender=Unsp|Number=Sing|POS=PRON|PronType=Int",
      "Gender=Fem|Number=Sing|POS=DET|PronType=Rel",
      "Gender=Masc|Number=Sing|POS=DET|PronType=Emp",
      "Case=Acc|Gender=Unsp|Mood=Sub|Number=Sing|POS=VERB|Person=3|PronType=Prs|Tense=Pres|VerbForm=Fin",
      "Gender=Masc|Number=Unsp|POS=PRON|PronType=Ind",
      "Gender=Fem|Number=Plur|POS=DET|PronType=Rel",
      "Gender=Masc|Number=Sing|POS=PRON|Person=3|PronType=Prs",
      "Definite=Ind|Gender=Masc|Number=Sing|POS=ADP|PronType=Art",
      "Mood=Ind|Number=Sing|POS=AUX|Person=3|Tense=Pqp|VerbForm=Fin",
      "Mood=Ind|Number=Sing|POS=VERB|Person=2|Tense=Past|VerbForm=Fin",
      "Mood=Ind|Number=Sing|POS=AUX|Person=2|Tense=Pres|VerbForm=Fin",
      "Case=Dat|Gender=Masc|Mood=Ind|Number=Sing|POS=VERB|Person=3|PronType=Prs|Tense=Pres|VerbForm=Fin",
      "Case=Acc|Gender=Fem|Mood=Ind|Number=Plur,Sing|POS=VERB|Person=3|PronType=Prs|Tense=Pres|VerbForm=Fin",
      "Case=Acc|Gender=Unsp|Number=Sing|POS=PRON|Person=3|PronType=Prs",
      "Case=Acc|Gender=Masc|POS=VERB|PronType=Prs|VerbForm=Inf",
      "Mood=Ind|Number=Plur|POS=AUX|Person=3|Tense=Fut|VerbForm=Fin",
      "Case=Acc|Gender=Fem|Mood=Ind|Number=Sing|POS=VERB|Person=3|PronType=Prs|Tense=Fut|VerbForm=Fin",
      "Gender=Fem|Number=Sing|POS=DET|PronType=Emp",
      "Case=Acc|Gender=Fem|Number=Sing|POS=VERB|Person=3|PronType=Prs|VerbForm=Inf",
      "Gender=Fem|Number=Plur|POS=PRON|Person=1|PronType=Prs",
      "Gender=Masc|Number=Sing|POS=DET|PronType=Tot",
      "Mood=Ind|Number=Plur|POS=VERB|Person=3|Tense=Fut|VerbForm=Fin",
      "Case=Acc|Gender=Fem|Mood=Ind|Number=Plur|POS=VERB|Person=3|PronType=Prs|Tense=Pres|VerbForm=Fin",
      "Gender=Masc|Number=Sing|POS=DET|PronType=Int",
      "Case=Acc|Gender=Unsp|POS=VERB|PronType=Prs|VerbForm=Ger",
      "Gender=Fem|Number=Plur|POS=DET|PronType=Dem",
      "Case=Acc|Gender=Unsp|Mood=Ind|Number=Sing|POS=VERB|Person=3|PronType=Prs|Tense=Imp|VerbForm=Fin",
      "Gender=Unsp|Number=Sing|POS=ADJ",
      "Mood=Cnd|Number=Sing|POS=VERB|Person=1|VerbForm=Fin",
      "Mood=Sub|Number=Plur|POS=VERB|Person=1|Tense=Pres|VerbForm=Fin",
      "Case=Dat|Gender=Fem|Number=Sing|POS=PRON|Person=3|PronType=Prs",
      "Gender=Fem|Number=Plur|POS=DET|PronType=Tot",
      "Gender=Masc|Number=Plur|POS=ADP|PronType=Dem",
      "Case=Acc|Gender=Masc|Mood=Ind|Number=Plur|POS=VERB|Person=3|PronType=Prs|Tense=Past|VerbForm=Fin",
      "Mood=Sub|Number=Plur|POS=VERB|Person=3|Tense=Imp|VerbForm=Fin",
      "Mood=Cnd|Number=Plur|POS=VERB|Person=3|VerbForm=Fin",
      "Gender=Masc|Number=Plur|POS=PRON|Person=3|PronType=Prs",
      "Case=Acc|Gender=Fem|Mood=Ind|Number=Plur|POS=VERB|Person=3|PronType=Prs|Tense=Past|VerbForm=Fin",
      "Number=Sing|POS=AUX|Person=3|VerbForm=Inf",
      "Gender=Masc|Number=Plur|POS=PRON|PronType=Int",
      "Gender=Masc|Number=Sing|POS=PRON|PronType=Int",
      "Mood=Ind|Number=Plur|POS=VERB|Person=1|Tense=Imp|VerbForm=Fin",
      "Gender=Masc|Number=Plur|POS=DET|PronType=Int",
      "Gender=Fem|Number=Plur|POS=DET|PronType=Int",
      "Case=Acc|Gender=Unsp|Mood=Ind|Number=Sing|POS=VERB|Person=3|PronType=Prs|Tense=Fut|VerbForm=Fin",
      "Gender=Fem|Number=Plur|POS=ADP|PronType=Art",
      "Gender=Fem|Number=Plur|POS=ADP|PronType=Dem",
      "Case=Dat|Gender=Masc|Number=Sing|POS=PRON|Person=1|PronType=Prs",
      "Mood=Ind|Number=Sing|POS=AUX|Person=1|Tense=Imp|VerbForm=Fin",
      "Mood=Ind|Number=Sing|POS=VERB|Person=1|Tense=Imp|VerbForm=Fin",
      "Gender=Masc|Number=Sing|POS=PART",
      "Number=Sing|POS=PRON|Person=3|PronType=Prs",
      "Gender=Unsp|Number=Plur|POS=DET|PronType=Ind",
      "Case=Acc|Gender=Unsp|Mood=Ind|Number=Sing|POS=AUX|Person=3|PronType=Prs|Tense=Pres|VerbForm=Fin",
      "Case=Dat|Gender=Masc|Number=Plur|POS=VERB|Person=3|PronType=Prs|VerbForm=Inf",
      "Gender=Masc|Number=Sing|POS=ADV",
      "Gender=Masc|Number=Sing|POS=DET|PronType=Rel",
      "Case=Dat|Gender=Unsp|Mood=Ind|Number=Sing|POS=VERB|Person=3|PronType=Prs|Tense=Past|VerbForm=Fin",
      "Case=Dat|Gender=Masc|Mood=Ind|Number=Sing|POS=VERB|Person=3|PronType=Prs|Tense=Past|VerbForm=Fin",
      "Gender=Fem|Number=Sing|POS=DET|PronType=Neg",
      "Mood=Sub|Number=Sing|POS=AUX|Person=3|Tense=Imp|VerbForm=Fin",
      "Definite=Def|POS=DET|PronType=Art",
      "Case=Dat|Gender=Masc|Number=Sing|POS=AUX|Person=3|PronType=Prs|VerbForm=Ger",
      "Number=Plur|POS=VERB|Person=1|VerbForm=Inf",
      "Gender=Fem|Number=Sing|POS=PRON|PronType=Int",
      "Mood=Cnd|Number=Plur|POS=AUX|Person=3|VerbForm=Fin",
      "Gender=Masc|POS=ADJ",
      "POS=NOUN",
      "POS=AUX|VerbForm=Ger",
      "Case=Dat|Gender=Unsp|Mood=Ind|Number=Plur,Sing|POS=VERB|Person=1,3|PronType=Prs|Tense=Past|VerbForm=Fin",
      "Case=Acc|Gender=Unsp|Mood=Ind|Number=Plur,Sing|POS=VERB|Person=1,3|PronType=Prs|Tense=Pres|VerbForm=Fin",
      "Mood=Ind|Number=Plur|POS=AUX|Person=1|Tense=Pres|VerbForm=Fin",
      "Case=Acc|Gender=Unsp|Mood=Ind|Number=Sing|POS=VERB|Person=1|PronType=Prs|Tense=Past|VerbForm=Fin",
      "Case=Acc|Number=Sing|POS=PRON|Person=3|PronType=Prs",
      "Case=Acc|Gender=Fem|Number=Sing|POS=AUX|Person=3|PronType=Prs|VerbForm=Inf",
      "Case=Acc|Gender=Masc|Number=Sing|POS=PRON|Person=2|PronType=Prs",
      "Mood=Ind|Number=Sing|POS=VERB|Person=2|Tense=Pres|VerbForm=Fin",
      "Definite=Def|Gender=Fem|Number=Sing|POS=SCONJ|PronType=Art",
      "Case=Acc|Gender=Unsp|Mood=Ind|Number=Plur|POS=VERB|Person=1|PronType=Prs|Tense=Pres|VerbForm=Fin",
      "Mood=Sub|Number=Plur|POS=AUX|Person=3|Tense=Fut|VerbForm=Fin",
      "Case=Dat|Gender=Masc|Number=Plur|POS=PRON|Person=3|PronType=Prs",
      "Gender=Fem|Number=Sing|POS=DET|PronType=Art",
      "Number=Sing|POS=NOUN",
      "Number=Sing|POS=ADJ",
      "Case=Acc|Gender=Fem|Mood=Ind|Number=Plur,Sing|POS=VERB|Person=3|PronType=Prs|Tense=Past|VerbForm=Fin",
      "Gender=Unsp|Number=Plur|POS=PROPN",
      "Gender=Fem|Number=Plur|POS=DET|PronType=Art",
      "Mood=Ind|Number=Plur|POS=AUX|Person=3|VerbForm=Fin",
      "Case=Dat|Gender=Masc|Mood=Ind|Number=Plur,Sing|POS=VERB|Person=3|PronType=Prs|Tense=Imp|VerbForm=Fin",
      "Case=Dat|Gender=Unsp|Number=Sing|POS=PRON|Person=3|PronType=Prs",
      "Gender=Masc|Number=Plur|POS=DET|PronType=Emp",
      "Gender=Unsp|POS=PRON|PronType=Prs",
      "Case=Dat|Gender=Fem|Number=Sing|POS=VERB|Person=3|PronType=Prs|VerbForm=Inf",
      "Case=Dat|Gender=Masc|Mood=Ind|Number=Plur,Sing|POS=VERB|Person=3|PronType=Prs|Tense=Past|VerbForm=Fin",
      "Case=Acc|Gender=Masc|Mood=Ind|Number=Sing|POS=VERB|Person=1,3|PronType=Prs|Tense=Past|VerbForm=Fin",
      "Case=Dat|Gender=Masc|Mood=Ind|Number=Plur,Sing|POS=VERB|Person=1,3|PronType=Prs|Tense=Past|VerbForm=Fin",
      "Mood=Ind|Number=Sing|POS=AUX|Tense=Imp|VerbForm=Fin",
      "Gender=Fem|Number=Plur|POS=PRON|PronType=Tot",
      "Case=Acc|Gender=Masc|POS=PRON|PronType=Prs",
      "Gender=Unsp|Number=Unsp|POS=PRON|PronType=Rel",
      "POS=VERB|VerbForm=Fin",
      "Gender=Masc|NumType=Card|Number=Sing|POS=NUM",
      "Definite=Def|Gender=Masc|Number=Plur|POS=PRON|PronType=Art",
      "Gender=Masc|Number=Sing|POS=DET|PronType=Neg",
      "POS=VERB|VerbForm=Inf|Voice=Pass",
      "Case=Acc|Gender=Fem|Number=Plur|POS=VERB|Person=3|PronType=Prs|VerbForm=Ger",
      "Case=Acc|Gender=Unsp|Number=Sing|POS=PRON|Person=1|PronType=Prs",
      "Gender=Masc|Number=Sing|POS=AUX|VerbForm=Part",
      "Case=Acc|Gender=Unsp|Mood=Ind|Number=Plur|POS=VERB|Person=1|PronType=Prs|Tense=Past|VerbForm=Fin",
      "POS=PRON|Person=3|PronType=Prs|Reflex=Yes",
      "Number=Plur|POS=VERB|Person=3|Tense=Pres|VerbForm=Inf",
      "Case=Dat|Gender=Masc|Number=Plur|POS=PRON|Person=1|PronType=Prs",
      "Mood=Ind|Number=Plur|POS=AUX|Person=1|Tense=Imp|VerbForm=Fin",
      "Gender=Masc|Number=Sing|POS=PRON|Person=1|PronType=Prs",
      "Mood=Sub|Number=Sing|POS=VERB|Person=1|Tense=Imp|VerbForm=Fin",
      "Number=Sing|POS=PROPN|PronType=Art",
      "Case=Dat|Gender=Unsp|Number=Sing|POS=VERB|Person=3|PronType=Prs|VerbForm=Inf",
      "Case=Acc|Gender=Masc|Mood=Ind|Number=Plur|POS=AUX|Person=3|PronType=Prs|Tense=Imp|VerbForm=Fin",
      "Case=Acc|Gender=Masc|Number=Sing|POS=VERB|Person=1|PronType=Prs|VerbForm=Inf",
      "Case=Acc|Gender=Fem|Mood=Ind|Number=Sing|POS=VERB|Person=3|PronType=Prs|Tense=Pqp|VerbForm=Fin",
      "Mood=Sub|Number=Plur|POS=VERB|Person=1|Tense=Fut|VerbForm=Fin",
      "Gender=Unsp|Number=Sing|POS=PRON|Person=1|PronType=Prs",
      "Case=Acc|Gender=Masc|Mood=Ind|Number=Plur|POS=VERB|Person=3|PronType=Prs|Tense=Imp|VerbForm=Fin",
      "Case=Acc|Gender=Fem|Mood=Ind|Number=Sing|POS=VERB|Person=3|PronType=Prs|Tense=Past|VerbForm=Fin",
      "Gender=Unsp|Number=Sing|POS=NOUN",
      "Case=Acc|Gender=Masc|Number=Plur|POS=PRON|Person=1|PronType=Prs",
      "Number=Plur|POS=AUX|Person=1|Tense=Past",
      "Case=Nom|Gender=Masc|Number=Plur|POS=PRON|Person=1|PronType=Prs",
      "Mood=Ind|Number=Plur|POS=VERB|Person=1|Tense=Past|VerbForm=Fin",
      "Case=Acc|Gender=Masc|Number=Sing|POS=PRON|Person=3|PronType=Dem",
      "Gender=Masc|Number=Sing|POS=PRON|PronType=Neg",
      "Gender=Unsp|Number=Unsp|POS=PRON|PronType=Dem",
      "Case=Acc|Gender=Masc|Number=Sing|POS=ADV|Person=3|PronType=Prs",
      "Case=Acc|Gender=Fem|Number=Sing|POS=VERB|Person=3|PronType=Prs|VerbForm=Ger",
      "Gender=Unsp|Number=Unsp|POS=PRON|PronType=Ind",
      "Case=Acc|Gender=Masc|Mood=Ind|Number=Plur|POS=VERB|Person=3|PronType=Prs|Tense=Fut|VerbForm=Fin",
      "Gender=Masc|Number=Sing|POS=PRON|PronType=Tot",
      "Gender=Masc|Number=Sing|POS=DET",
      "Case=Dat|Gender=Unsp|Mood=Ind|Number=Sing|POS=VERB|Person=1,3|PronType=Prs|Tense=Past|VerbForm=Fin",
      "Gender=Fem|Number=Plur|POS=PRON|Person=3|PronType=Prs",
      "Case=Acc|Gender=Unsp|POS=VERB|PronType=Prs|VerbForm=Inf",
      "Case=Acc|Gender=Fem|Number=Sing|POS=PRON|Person=1|PronType=Prs",
      "Mood=Ind|Number=Plur|POS=VERB|Person=1|Tense=Fut|VerbForm=Fin",
      "Gender=Masc|Number=Sing|POS=X",
      "Case=Nom|Gender=Fem|Number=Plur|POS=PRON|Person=3|PronType=Prs",
      "Case=Acc|Gender=Fem|Mood=Ind|Number=Sing|POS=VERB|Person=1,3|PronType=Prs|Tense=Past|VerbForm=Fin",
      "Case=Nom|Gender=Unsp|Number=Plur|POS=PRON|Person=3|PronType=Prs",
      "Case=Dat|Gender=Unsp|Mood=Ind|Number=Sing|POS=VERB|Person=1,3|PronType=Prs|Tense=Pres|VerbForm=Fin",
      "Gender=Masc|Number=Plur|POS=DET|PronType=Rel",
      "Gender=Masc|Number=Sing|POS=SCONJ",
      "Gender=Masc|Number=Sing|POS=PRON",
      "Gender=Fem|POS=DET|PronType=Dem",
      "Gender=Masc|Number=Plur|POS=NUM",
      "Case=Acc|Gender=Masc|Number=Sing|POS=VERB|Person=3|PronType=Prs|VerbForm=Ger",
      "Definite=Def|Gender=Fem|Number=Plur|POS=PRON|PronType=Dem",
      "Case=Dat|Gender=Unsp|Number=Plur|POS=PRON|Person=1|PronType=Prs",
      "Mood=Ind|Number=Sing|POS=VERB|Person=1|Tense=Fut|VerbForm=Fin",
      "Case=Acc|Gender=Unsp|Mood=Ind|Number=Sing|POS=AUX|Person=1|PronType=Prs|Tense=Pres|VerbForm=Fin",
      "Mood=Ind|Number=Plur|POS=VERB|Person=3|Tense=Pres|VerbForm=Fin|Voice=Pass",
      "Case=Dat|Gender=Masc|Number=Sing|POS=VERB|Person=3|PronType=Prs|VerbForm=Inf",
      "Case=Acc|Gender=Masc|Mood=Ind|Number=Sing|POS=VERB|Person=3|PronType=Prs|Tense=Imp|VerbForm=Fin",
      "POS=ADP|PronType=Dem",
      "Definite=Def|Gender=Fem|POS=ADP|PronType=Art",
      "POS=ADP|PronType=Art",
      "Gender=Masc|Number=Sing|POS=ADP",
      "Gender=Masc|Number=Sing|POS=ADP|Person=3|PronType=Prs",
      "Mood=Ind|Number=Plur|POS=AUX|Person=3|Tense=Pqp|VerbForm=Fin",
      "Case=Dat|Gender=Fem|Mood=Ind|Number=Sing|POS=VERB|Person=3|PronType=Prs|Tense=Past|VerbForm=Fin",
      "Case=Acc|Gender=Fem|Mood=Ind|Number=Plur,Sing|POS=VERB|Person=3|PronType=Prs|Tense=Imp|VerbForm=Fin",
      "Mood=Ind|Number=Sing|POS=VERB|Tense=Imp|VerbForm=Fin",
      "Case=Dat|Gender=Fem|Mood=Ind|Number=Sing|POS=VERB|Person=3|PronType=Prs|Tense=Pres|VerbForm=Fin",
      "POS=DET",
      "Gender=Fem|Number=Plur|POS=DET|PronType=Emp",
      "Gender=Unsp|Number=Sing|POS=PRON|Person=3|PronType=Prs",
      "Definite=Def|Gender=Fem|Number=Sing|POS=PRON|PronType=Art",
      "Case=Acc|Gender=Masc|Mood=Sub|Number=Sing|POS=VERB|Person=3|PronType=Prs|Tense=Pres|VerbForm=Fin",
      "Case=Dat|Gender=Unsp|Mood=Ind|Number=Plur,Sing|POS=VERB|Person=1,3|PronType=Prs|Tense=Pres|VerbForm=Fin",
      "Number=Plur|POS=AUX|Person=1|VerbForm=Inf",
      "Case=Acc|Gender=Masc|Mood=Ind|Number=Sing|POS=VERB|Person=1|PronType=Prs|Tense=Pres|VerbForm=Fin",
      "Number=Sing|POS=PRON|PronType=Rel",
      "Gender=Fem|Number=Plur|POS=ADP|PronType=Ind",
      "Case=Dat|Gender=Unsp|Number=Sing|POS=PRON|Person=1|PronType=Prs",
      "Definite=Def|Gender=Masc|Number=Plur|POS=PRON|PronType=Dem",
      "Case=Acc|Gender=Unsp|Mood=Ind|Number=Plur|POS=VERB|Person=3|PronType=Prs|Tense=Pres|VerbForm=Fin",
      "Mood=Sub|Number=Plur|POS=AUX|Person=3|Tense=Imp|VerbForm=Fin",
      "Number=Sing|POS=VERB|Person=3|VerbForm=Inf|Voice=Pass",
      "Mood=Sub|Number=Plur|POS=AUX|Person=3|Tense=Pres|VerbForm=Fin",
      "Case=Acc|Gender=Unsp|Mood=Ind|Number=Plur,Sing|POS=VERB|Person=1,3|PronType=Prs|Tense=Past|VerbForm=Fin",
      "Case=Acc|Gender=Unsp|Number=Plur|POS=VERB|Person=2|PronType=Prs|VerbForm=Inf",
      "Gender=Unsp|Mood=Sub|Number=Sing|POS=VERB|Person=3|PronType=Prs|Tense=Pres|VerbForm=Fin",
      "Case=Acc|Gender=Masc|Mood=Ind|Number=Sing|POS=AUX|Person=3|PronType=Prs|Tense=Pres|VerbForm=Fin",
      "Gender=Fem,Masc|Number=Sing|POS=PROPN",
      "Gender=Unsp|Number=Unsp|POS=PRON|PronType=Int",
      "Gender=Fem|Number=Plur|POS=NUM",
      "POS=PRON|PronType=Neg",
      "Gender=Fem|Number=Sing|POS=SCONJ|PronType=Dem",
      "POS=SYM",
      "Mood=Ind|Number=Plur|POS=VERB|Person=3|Tense=Pqp|VerbForm=Fin",
      "Gender=Fem|Number=Sing|POS=X",
      "Case=Dat|Gender=Unsp|Mood=Ind|Number=Plur|POS=VERB|Person=1|PronType=Prs|Tense=Pres|VerbForm=Fin",
      "Gender=Masc|NumType=Sets|Number=Sing|POS=NUM",
      "Foreign=Yes|POS=NOUN",
      "Case=Dat|Gender=Fem|Number=Sing|POS=VERB|Person=3|PronType=Prs|VerbForm=Ger",
      "Case=Acc|Gender=Unsp|POS=AUX|PronType=Prs|VerbForm=Inf",
      "Case=Acc|Gender=Masc|Mood=Ind|Number=Plur,Sing|POS=VERB|Person=3|PronType=Prs|Tense=Pres|VerbForm=Fin",
      "Gender=Unsp|Number=Sing|POS=DET|PronType=Ind",
      "Case=Nom|Gender=Unsp|Number=Sing|POS=PRON|Person=3|PronType=Prs",
      "Gender=Unsp|Number=Plur|POS=PRON|PronType=Int",
      "Definite=Def|Gender=Masc|Number=Plur|POS=SCONJ|PronType=Art",
      "Gender=Masc|Number=Plur|POS=PRON|PronType=Prs",
      "Number=Sing|POS=VERB|VerbForm=Part|Voice=Pass",
      "Case=Acc|Gender=Fem|Mood=Ind|Number=Plur|POS=VERB|Person=3|PronType=Prs|Tense=Imp|VerbForm=Fin",
      "Gender=Masc|Number=Plur|POS=ADP|PronType=Ind",
      "Gender=Fem|Number=Sing|POS=PRON|PronType=Prs",
      "Mood=Ind|Number=Plur|POS=AUX|Person=1|Tense=Past|VerbForm=Fin",
      "Case=Acc|Gender=Fem|Mood=Ind|Number=Sing|POS=VERB|Person=1,3|PronType=Prs|Tense=Pres|VerbForm=Fin",
      "Gender=Fem|Number=Sing|POS=PRON|Person=1|PronType=Prs",
      "Case=Nom|Gender=Fem|Number=Sing|POS=PRON|Person=1|PronType=Prs",
      "Case=Acc|Gender=Fem|Mood=Ind|Number=Sing|POS=VERB|Person=1|PronType=Prs|Tense=Past|VerbForm=Fin",
      "Mood=Sub|Number=Sing|POS=VERB|Person=1|Tense=Fut|VerbForm=Fin",
      "Definite=Ind|Gender=Fem|Number=Sing|POS=SCONJ|PronType=Art",
      "Number=Sing|POS=VERB",
      "Number=Sing|POS=DET",
      "Mood=Cnd|Number=Plur|POS=VERB|Person=3|VerbForm=Fin|Voice=Pass",
      "NumType=Mult|POS=NUM",
      "Gender=Fem|Number=Sing|POS=PRON|PronType=Neg",
      "POS=PRON|PronType=Dem",
      "Mood=Ind|POS=VERB|Tense=Imp|VerbForm=Fin",
      "Case=Acc|Gender=Masc|Mood=Ind|Number=Sing|POS=VERB|Person=2|PronType=Prs|Tense=Past|VerbForm=Fin",
      "Gender=Unsp|Number=Plur|POS=PRON|Person=2|PronType=Prs",
      "NumType=Card|Number=Plur|POS=NUM",
      "Case=Acc|Gender=Masc|Mood=Ind|Number=Sing|POS=AUX|Person=3|PronType=Prs|Tense=Past|VerbForm=Fin",
      "Case=Acc|Gender=Unsp|Number=Sing|POS=VERB|Person=3|PronType=Prs|VerbForm=Ger",
      "Gender=Fem|Number=Sing|POS=NUM",
      "Case=Acc|Gender=Unsp|Mood=Sub|Number=Plur|POS=VERB|Person=3|PronType=Prs|Tense=Pres|VerbForm=Fin",
      "Mood=Ind|Number=Sing|POS=VERB|Person=2|Tense=Fut|VerbForm=Fin",
      "Case=Acc|Gender=Masc|Mood=Ind|Number=Sing|POS=AUX|Person=3|PronType=Prs|Tense=Imp|VerbForm=Fin",
      "Number=Plur|POS=ADJ",
      "Case=Acc|Gender=Unsp|Mood=Ind|Number=Plur|POS=VERB|Person=1,3|PronType=Prs|Tense=Pres|VerbForm=Fin",
      "Gender=Fem|Number=Sing|POS=DET|PronType=Int",
      "Gender=Masc|Number=Sing|POS=ADV|Polarity=Neg",
      "Case=Acc|Gender=Masc|Mood=Ind|Number=Plur,Sing|POS=VERB|Person=3|PronType=Prs|Tense=Imp|VerbForm=Fin",
      "Case=Acc|Gender=Unsp|Mood=Ind|Number=Sing|POS=VERB|Person=1,3|PronType=Prs|Tense=Past|VerbForm=Fin",
      "Case=Acc|Gender=Unsp|Number=Sing|POS=VERB|Person=1|PronType=Prs|VerbForm=Inf",
      "Number=Sing|POS=VERB|Person=1|VerbForm=Inf",
      "Definite=Def|Gender=Masc|Number=Unsp|POS=ADP|PronType=Art",
      "Gender=Masc|Number=Unsp|POS=NOUN",
      "Gender=Masc|NumType=Ord|Number=Sing|POS=NOUN",
      "Definite=Def|Gender=Fem|Number=Plur|POS=SCONJ|PronType=Art",
      "POS=ADJ",
      "Gender=Fem|Number=Sing|POS=ADV|PronType=Ind",
      "Mood=Sub|Number=Sing|POS=VERB|Person=1|Tense=Pres|VerbForm=Fin",
      "Case=Acc|Gender=Masc|Number=Sing|POS=PRON|PronType=Prs",
      "Case=Dat|Gender=Unsp|Number=Plur|POS=PRON|Person=2|PronType=Prs",
      "Case=Acc|Gender=Unsp|Number=Plur|POS=VERB|Person=1|PronType=Prs|VerbForm=Inf",
      "Gender=Unsp|Number=Sing|POS=PRON|PronType=Tot",
      "Gender=Unsp|Number=Sing|POS=DET|PronType=Rel",
      "Gender=Fem|Number=Plur|POS=VERB",
      "Case=Dat|Gender=Fem|Mood=Ind|Number=Plur|POS=VERB|Person=3|PronType=Prs|Tense=Pres|VerbForm=Fin",
      "Case=Acc|Gender=Masc|Number=Sing|POS=AUX|Person=3|PronType=Prs|VerbForm=Inf",
      "Case=Acc|Gender=Masc|Number=Plur,Sing|POS=VERB|Person=3|PronType=Prs|VerbForm=Inf",
      "Case=Acc|Gender=Fem|Number=Sing|POS=VERB|PronType=Prs|VerbForm=Inf",
      "Gender=Unsp|Number=Sing|POS=DET|PronType=Tot",
      "Case=Acc|Gender=Masc|Number=Plur|POS=VERB|Person=3|PronType=Prs|VerbForm=Ger",
      "NumType=Range|POS=NUM",
      "Case=Dat|Gender=Unsp|Mood=Ind|Number=Plur|POS=VERB|Person=3|PronType=Prs|Tense=Pres|VerbForm=Fin",
      "Mood=Sub|POS=VERB|Tense=Pres|VerbForm=Fin",
      "Gender=Unsp|Number=Plur|POS=PRON|PronType=Rel",
      "Case=Dat|Gender=Masc|Mood=Cnd|Number=Sing|POS=VERB|Person=3|PronType=Prs|VerbForm=Fin",
      "Case=Acc|Gender=Fem|Mood=Cnd|Number=Sing|POS=VERB|Person=3|PronType=Prs|VerbForm=Fin",
      "Case=Dat|Gender=Fem|Number=Plur|POS=VERB|Person=3|PronType=Prs|VerbForm=Inf",
      "Case=Acc|Gender=Fem|Mood=Ind|Number=Sing|POS=AUX|Person=3|PronType=Prs|Tense=Pres|VerbForm=Fin",
      "Case=Acc|Gender=Unsp|Mood=Sub|Number=Sing|POS=AUX|Person=3|PronType=Prs|Tense=Pres|VerbForm=Fin",
      "Case=Acc|Gender=Masc|Mood=Ind|Number=Sing|POS=VERB|Person=3|PronType=Prs|Tense=Fut|VerbForm=Fin",
      "Number=Unsp|POS=PRON|PronType=Ind",
      "Case=Dat|Gender=Masc|Number=Sing|POS=VERB|Person=3|PronType=Prs|VerbForm=Ger",
      "Case=Acc|Gender=Masc|Number=Plur|POS=VERB|Person=1|PronType=Prs|VerbForm=Inf",
      "Case=Dat|Gender=Masc|Mood=Ind|Number=Plur,Sing|POS=VERB|Person=1,3|PronType=Prs|Tense=Pres|VerbForm=Fin",
      "Case=Acc|Gender=Fem|Mood=Ind|Number=Plur,Sing|POS=VERB|Person=1,3|PronType=Prs|Tense=Past|VerbForm=Fin",
      "Gender=Fem|Number=Plur|POS=PRON|PronType=Int",
      "Gender=Masc|POS=NOUN",
      "Case=Acc|Gender=Fem|Mood=Ind|Number=Plur,Sing|POS=VERB|Person=1,3|PronType=Prs|Tense=Imp|VerbForm=Fin",
      "Number=Sing|POS=VERB|Person=1|VerbForm=Inf|Voice=Pass",
      "Case=Acc|Gender=Fem|Mood=Ind|Number=Sing|POS=VERB|Person=3|PronType=Prs|Tense=Imp|VerbForm=Fin",
      "Gender=Masc|Number=Plur|POS=SCONJ|PronType=Dem",
      "NumType=Frac|POS=NUM",
      "Gender=Masc|Number=Sing|POS=PRON|Person=2|PronType=Prs",
      "Case=Dat|Gender=Fem|Mood=Ind|Number=Sing|POS=VERB|Person=1,3|PronType=Prs|Tense=Pres|VerbForm=Fin",
      "Gender=Fem|Number=Sing|POS=ADP|PronType=Ind",
      "Gender=Masc|Mood=Ind|Number=Sing|POS=VERB|Person=3|VerbForm=Fin",
      "Case=Acc|Gender=Masc|Mood=Ind|Number=Plur,Sing|POS=VERB|Person=3|PronType=Prs|Tense=Past|VerbForm=Fin",
      "Mood=Imp|Number=Sing|POS=VERB|Person=2|VerbForm=Fin",
      "Gender=Fem|Number=Sing|POS=ADV|PronType=Rel",
      "Case=Acc|POS=VERB|PronType=Prs|VerbForm=Ger",
      "Mood=Cnd|POS=VERB|VerbForm=Fin",
      "Case=Dat|Gender=Masc|Mood=Cnd|Number=Sing|POS=VERB|Person=1,3|PronType=Prs|VerbForm=Fin",
      "Mood=Ind|Number=Sing|POS=VERB|Person=3|Tense=Past|VerbForm=Fin|Voice=Pass",
      "Mood=Ind|Number=Plur|POS=VERB|Person=3|Tense=Past|VerbForm=Fin|Voice=Pass",
      "Case=Dat|Gender=Masc|Mood=Ind|Number=Plur|POS=VERB|Person=3|PronType=Prs|Tense=Imp|VerbForm=Fin",
      "Gender=Masc|Number=Sing|POS=PRON|PronType=Prs",
      "Gender=Masc|Number=Sing|POS=ADP|PronType=Ind",
      "Case=Acc|Gender=Fem|Number=Plur|POS=VERB|Person=3|PronType=Prs|VerbForm=Inf|Voice=Pass",
      "POS=VERB|VerbForm=Part|Voice=Pass",
      "Case=Dat|Gender=Unsp|Mood=Cnd|Number=Sing|POS=VERB|Person=1,3|PronType=Prs|VerbForm=Fin",
      "Mood=Ind|Number=Sing|POS=VERB|Person=3|Tense=Pres|VerbForm=Fin|Voice=Pass",
      "Number=Sing|POS=X",
      "Mood=Cnd|Number=Plur|POS=VERB|Person=1|VerbForm=Fin",
      "Case=Acc|Gender=Unsp|Number=Sing|POS=VERB|Person=3|PronType=Prs|VerbForm=Inf",
      "Case=Dat|Gender=Unsp|Number=Plur|POS=PRON|Person=3|PronType=Prs",
      "Case=Acc|Gender=Fem|Mood=Ind|Number=Plur|POS=VERB|Person=3|PronType=Prs|Tense=Pres|VerbForm=Fin|Voice=Pass",
      "Gender=Masc|Number=Sing|POS=ADV|PronType=Int",
      "Case=Dat|Gender=Unsp|Mood=Ind|Number=Sing|POS=AUX|Person=1,3|PronType=Prs|Tense=Past|VerbForm=Fin",
      "POS=VERB",
      "Case=Acc|Gender=Masc|Mood=Ind|Number=Sing|POS=VERB|Person=3|PronType=Prs|Tense=Past|VerbForm=Fin|Voice=Pass",
      "Case=Acc|Gender=Unsp|Number=Plur|POS=VERB|Person=3|PronType=Prs|VerbForm=Inf",
      "Mood=Ind|Number=Plur|POS=VERB|Person=3|Tense=Imp|VerbForm=Fin|Voice=Pass",
      "Case=Dat|Gender=Fem|Number=Plur|POS=PRON|Person=3|PronType=Prs",
      "Case=Acc,Dat|Gender=Fem,Unsp|Number=Sing|POS=PRON|Person=3|PronType=Prs",
      "Gender=Unsp|Number=Unsp|POS=ADV|PronType=Int",
      "Gender=Unsp|Number=Sing|POS=ADV|PronType=Ind",
      "Mood=Ind|Number=Sing|POS=AUX|Person=1|Tense=Pqp|VerbForm=Fin",
      "POS=PROPN",
      "Case=Acc|Gender=Masc|POS=AUX|PronType=Prs|VerbForm=Ger",
      "Case=Acc|Gender=Fem|POS=AUX|PronType=Prs|VerbForm=Ger",
      "Case=Acc|Gender=Fem|Mood=Sub|Number=Plur|POS=VERB|Person=3|PronType=Prs|Tense=Pres|VerbForm=Fin|Voice=Pass",
      "Case=Dat|Gender=Unsp|Number=Plur|POS=VERB|Person=1|PronType=Prs|VerbForm=Inf",
      "Case=Acc|Gender=Masc|Mood=Sub|Number=Plur|POS=VERB|Person=3|PronType=Prs|Tense=Pres|VerbForm=Fin|Voice=Pass",
      "Case=Acc|Gender=Masc|Number=Sing|POS=AUX|Person=3|PronType=Prs|VerbForm=Ger",
      "Mood=Ind|Number=Plur|POS=AUX|Person=1|Tense=Fut|VerbForm=Fin",
      "Case=Acc|Gender=Unsp|Mood=Ind|Number=Plur,Sing|POS=VERB|Person=1,3|PronType=Prs|Tense=Imp|VerbForm=Fin",
      "Gender=Fem|Number=Plur|POS=PRON|PronType=Prs",
      "Gender=Fem|Number=Plur|POS=X",
      "Definite=Def|Gender=Masc|Number=Plur|POS=PRON|PronType=Rel",
      "Definite=Ind|Gender=Fem|POS=DET|PronType=Art",
      "Gender=Unsp|Number=Sing|POS=ADV",
      "Case=Acc|Gender=Fem|Mood=Ind|Number=Sing|POS=VERB|Person=3|PronType=Prs|Tense=Pres|VerbForm=Fin|Voice=Pass",
      "Mood=Ind|Number=Sing|POS=VERB|Tense=Pqp|VerbForm=Fin",
      "Case=Dat|Gender=Masc|Mood=Ind|Number=Plur|POS=VERB|Person=3|PronType=Prs|Tense=Pres|VerbForm=Fin",
      "Mood=Sub|Number=Sing|POS=VERB|Tense=Pres|VerbForm=Fin",
      "Case=Dat|Gender=Unsp|POS=PRON|PronType=Prs",
      "Gender=Masc|Number=Sing|POS=VERB",
      "Case=Acc|Gender=Unsp|Mood=Ind|Number=Sing|POS=VERB|Person=3|PronType=Prs|Tense=Pres|VerbForm=Fin|Voice=Pass",
      "Definite=Def|Number=Sing|POS=DET|PronType=Art",
      "Gender=Fem|Number=Sing|POS=PROPN|PronType=Art",
      "Gender=Masc|Number=Plur|POS=VERB",
      "Gender=Masc|Number=Plur|POS=PRON|Person=1|PronType=Prs",
      "Case=Acc|Gender=Masc|Mood=Ind|Number=Sing|POS=VERB|Person=3|PronType=Prs|Tense=Pqp|VerbForm=Fin",
      "Gender=Masc|Number=Sing|POS=ADV|PronType=Ind",
      "Mood=Sub|Number=Sing|POS=AUX|Tense=Imp|VerbForm=Fin",
      "Gender=Fem|Number=Sing|POS=DET",
      "Mood=Imp|Number=Sing|POS=AUX|Person=2|VerbForm=Fin",
      "Mood=Sub|Number=Sing|POS=AUX|Person=1|Tense=Imp|VerbForm=Fin",
      "Definite=Def|Gender=Masc|Number=Sing|POS=PRON|PronType=Rel",
      "Mood=Cnd|Number=Sing|POS=VERB|Person=3|VerbForm=Fin|Voice=Pass",
      "POS=DET|PronType=Ind",
      "POS=SCONJ|VerbForm=Ger",
      "Mood=Cnd|Number=Sing|POS=VERB|VerbForm=Fin",
      "Gender=Masc|Number=Plur|POS=DET",
      "Definite=Def|Gender=Fem|Number=Sing|POS=PRON|PronType=Dem",
      "Gender=Fem|Number=Sing|POS=VERB",
      "Mood=Sub|Number=Sing|POS=VERB|Tense=Fut|VerbForm=Fin",
      "Case=Acc|Gender=Fem|POS=PRON|PronType=Prs",
      "Mood=Sub|Number=Sing|POS=VERB|Person=3|Tense=Past|VerbForm=Fin",
      "Gender=Masc|POS=PROPN",
      "Gender=Fem|Number=Plur|POS=DET",
      "NumType=Ord|POS=NUM",
      "POS=DET|PronType=Int",
      "Case=Acc|Gender=Unsp|Number=Sing|POS=PRON|Person=3|PronType=Prs|VerbForm=Ger",
      "Case=Dat|Gender=Fem|Number=Sing|POS=PRON|Person=1|PronType=Prs",
      "Mood=Ind|Number=Plur|POS=VERB|Person=2|Tense=Pres|VerbForm=Fin",
      "Case=Nom|Gender=Unsp|Number=Plur|POS=PRON|Person=2|PronType=Prs",
      "Case=Acc|Gender=Fem|Mood=Ind|Number=Plur|POS=VERB|Person=3|PronType=Prs|VerbForm=Fin",
      "POS=PART",
      "Mood=Ind|Number=Sing|POS=AUX|Person=1|Tense=Fut|VerbForm=Fin",
      "Mood=Cnd|Number=Sing|POS=AUX|Person=1|VerbForm=Fin",
      "Case=Acc|Gender=Masc|Number=Plur,Sing|POS=VERB|Person=1,3|PronType=Prs|VerbForm=Inf",
      "NumType=Card|POS=ADP",
      "Gender=Fem|Number=Sing|POS=PRON|PronType=Tot",
      "Gender=Masc|Number=Sing|POS=ADP|PronType=Rel",
      "Mood=Ind|Number=Sing|POS=VERB|Person=1|Tense=Pqp|VerbForm=Fin",
      "Case=Acc|Gender=Unsp|Mood=Ind|Number=Plur|POS=VERB|Person=3|PronType=Prs|Tense=Imp|VerbForm=Fin",
      "Case=Acc|Gender=Unsp|Number=Plur|POS=PRON|Person=3|PronType=Prs",
      "Case=Nom|Gender=Masc|Number=Sing|POS=SCONJ|Person=3|PronType=Prs",
      "Case=Dat|Gender=Fem|Mood=Ind|Number=Sing|POS=VERB|Person=3|PronType=Prs|Tense=Imp|VerbForm=Fin",
      "Definite=Def|Gender=Fem|Number=Plur|POS=PRON|PronType=Art",
      "Case=Dat|Gender=Unsp|Number=Sing|POS=VERB|Person=3|PronType=Prs|VerbForm=Ger",
      "Mood=Sub|Number=Plur|POS=AUX|Person=1|Tense=Pres|VerbForm=Fin"
    ],
    "parser": [
      "ROOT",
      "acl",
      "acl:relcl",
      "advcl",
      "advmod",
      "amod",
      "appos",
      "aux",
      "aux:pass",
      "case",
      "cc",
      "ccomp",
      "compound",
      "conj",
      "cop",
      "csubj",
      "dep",
      "det",
      "discourse",
      "expl",
      "fixed",
      "flat",
      "flat:foreign",
      "flat:name",
      "iobj",
      "mark",
      "nmod",
      "nsubj",
      "nsubj:pass",
      "nummod",
      "obj",
      "obl",
      "obl:agent",
      "parataxis",
      "punct",
      "xcomp"
    ],
    "senter": [
      "I",
      "S"
    ],
    "ner": [
      "LOC",
      "MISC",
      "ORG",
      "PER"
    ],
    "attribute_ruler": [],
    "lemmatizer": []
  },
  "pipeline": [
    "tok2vec",
    "morphologizer",
    "parser",
    "ner",
    "attribute_ruler",
    "lemmatizer"
  ],
  "components": [
    "tok2vec",
    "morphologizer",
    "parser",
    "senter",
    "ner",
    "attribute_ruler",
    "lemmatizer"
  ],
  "disabled": [
    "senter"
  ],
  "performance": {
    "tok": 100.0,
    "tag": 89.85,
    "pos": 97.28,
    "morph": 95.84,
    "lemma": 76.8,
    "uas": 90.25,
    "las": 86.39,
    "ner_p": 90.48,
    "ner_r": 90.38,
    "ner_f": 90.43,
    "sent_p": 92.45,
    "sent_r": 95.31,
    "sent_f": 93.84,
    "speed": 8325.0
  },
  "sources": [
    {
      "name": "UD Portuguese Bosque v2.5",
      "url": "https://github.com/UniversalDependencies/UD_Portuguese-Bosque",
      "license": "CC BY-SA 4.0",
      "author": "Rademaker, Alexandre; Freitas, Cl\u00e1udia; de Souza, Elvis; Silveira, Aline; Cavalcanti, Tatiana; Evelyn, Wograine; Rocha, Luisa; Soares-Bastos, Isabela; Bick, Eckhard; Chalub, Fabricio; Paulino-Passos, Guilherme; Real, Livy; de Paiva, Valeria; Zeman, Daniel; Popel, Martin; Mare\u010dek, David; Silveira, Natalia; Martins, Andr\u00e9"
    },
    {
      "name": "WikiNER",
      "url": "https://figshare.com/articles/Learning_multilingual_named_entity_recognition_from_Wikipedia/5462500",
      "license": "CC BY 4.0"
    }
  ],
  "requirements": [],
  "parent_package": "spacy-nightly",
  "size": "556 MB",
  "checksum": "fccb7d74661fda384f2b4b1cde78dbad1ab16c9f44a81569691b453181ea72b8"
}