{
  "lang": "pt",
  "name": "core_news_lg",
  "version": "3.0.0",
  "description": "Portuguese pipeline optimized for CPU. Components: tok2vec, morphologizer, parser, senter, ner, attribute_ruler, lemmatizer.",
  "author": "Explosion",
  "email": "contact@explosion.ai",
  "url": "https://explosion.ai",
  "license": "CC BY-SA 4.0",
  "spacy_version": ">=3.0.0,<3.1.0",
  "spacy_git_version": "e7db07a0b",
  "vectors": {
    "width": 300,
    "vectors": 500000,
    "keys": 500000,
    "name": "pt_vectors"
  },
  "labels": {
    "tok2vec": [],
    "morphologizer": [
      "Definite=Ind|Gender=Masc|Number=Sing|POS=DET|PronType=Art",
      "Gender=Masc|Number=Sing|POS=NOUN",
      "Gender=Masc|Number=Sing|POS=ADJ",
      "Definite=Def|Gender=Masc|Number=Sing|POS=DET|PronType=Art",
      "Gender=Masc|Number=Sing|POS=PROPN",
      "Number=Sing|POS=PROPN",
      "Mood=Ind|Number=Sing|POS=AUX|Person=3|Tense=Pres|VerbForm=Fin",
      "Gender=Masc|Number=Plur|POS=NOUN",
      "Definite=Def|POS=ADP|PronType=Art",
      "Gender=Fem|Number=Sing|POS=NOUN",
      "Gender=Fem|Number=Sing|POS=ADJ",
      "POS=PUNCT",
      "NumType=Card|POS=NUM",
      "POS=ADV",
      "Gender=Fem|Number=Plur|POS=ADJ",
      "Gender=Fem|Number=Plur|POS=NOUN",
      "Definite=Def|Gender=Masc|Number=Sing|POS=ADP|PronType=Art",
      "Gender=Fem|Number=Sing|POS=PROPN",
      "Gender=Fem|Number=Sing|POS=VERB|VerbForm=Part",
      "POS=ADP",
      "POS=PRON|PronType=Rel",
      "Mood=Ind|Number=Sing|POS=VERB|Person=3|Tense=Pres|VerbForm=Fin",
      "POS=SCONJ",
      "POS=VERB|VerbForm=Inf",
      "Definite=Def|Gender=Masc|Number=Plur|POS=DET|PronType=Art",
      "Gender=Masc|Number=Plur|POS=ADJ",
      "POS=CCONJ",
      "Definite=Def|Gender=Fem|Number=Plur|POS=DET|PronType=Art",
      "Definite=Def|Gender=Fem|Number=Sing|POS=DET|PronType=Art",
      "Definite=Ind|Gender=Fem|Number=Sing|POS=DET|PronType=Art",
      "Gender=Masc|Number=Sing|POS=DET|PronType=Ind",
      "Mood=Sub|Number=Sing|POS=AUX|Person=3|Tense=Pres|VerbForm=Fin",
      "Gender=Unsp|Number=Sing|POS=PROPN",
      "Definite=Def|Gender=Masc|Number=Plur|POS=ADP|PronType=Art",
      "Gender=Masc|Number=Plur|POS=PRON|PronType=Rel",
      "Gender=Fem|Number=Sing|POS=PRON|Person=3|PronType=Prs",
      "Mood=Ind|Number=Plur|POS=VERB|Person=3|Tense=Pres|VerbForm=Fin",
      "POS=ADV|Polarity=Neg",
      "Gender=Masc|Number=Sing|POS=DET|PronType=Art",
      "POS=X",
      "Gender=Masc|Number=Plur|POS=PRON|PronType=Dem",
      "Gender=Fem|Number=Plur|POS=DET|PronType=Ind",
      "Mood=Ind|Number=Plur|POS=VERB|Person=1|Tense=Pres|VerbForm=Fin",
      "Gender=Masc|Number=Plur|POS=PRON|PronType=Tot",
      "Case=Acc|Gender=Masc|Mood=Ind|Number=Plur|POS=VERB|Person=1|PronType=Prs|Tense=Pres|VerbForm=Fin",
      "Gender=Masc|Number=Sing|POS=VERB|VerbForm=Part",
      "Gender=Masc|Number=Plur|POS=DET|PronType=Dem",
      "Case=Acc|Gender=Masc|Number=Plur|POS=VERB|Person=3|PronType=Prs|VerbForm=Inf",
      "Gender=Masc|Number=Sing|POS=DET|PronType=Dem",
      "Gender=Masc|Number=Sing|POS=PRON|PronType=Rel",
      "Case=Acc|Gender=Fem|Number=Plur|POS=VERB|Person=3|PronType=Prs|VerbForm=Inf",
      "Gender=Fem|Number=Plur|POS=PRON|PronType=Ind",
      "Gender=Masc|Number=Plur|POS=DET|PronType=Prs",
      "Case=Acc|Gender=Masc|Mood=Sub|Number=Plur|POS=VERB|Person=3|PronType=Prs|Tense=Pres|VerbForm=Fin",
      "Gender=Unsp|Number=Plur|POS=NOUN",
      "Mood=Sub|Number=Plur|POS=VERB|Person=3|Tense=Fut|VerbForm=Fin",
      "POS=AUX|VerbForm=Inf",
      "Gender=Fem|Number=Plur|POS=VERB|VerbForm=Part|Voice=Pass",
      "Case=Nom|Gender=Masc|Number=Plur|POS=PRON|Person=3|PronType=Prs",
      "Gender=Masc|Number=Sing|POS=ADP|PronType=Dem",
      "Gender=Masc|Number=Sing|POS=PRON|PronType=Dem",
      "POS=VERB|VerbForm=Ger",
      "Mood=Ind|Number=Plur|POS=AUX|Person=3|Tense=Pres|VerbForm=Fin",
      "Gender=Masc|Number=Plur|POS=VERB|VerbForm=Part|Voice=Pass",
      "Gender=Masc|Number=Plur|POS=PROPN",
      "Number=Plur|POS=AUX|Person=3|VerbForm=Inf",
      "Gender=Fem|Number=Sing|POS=PRON|PronType=Dem",
      "Mood=Ind|Number=Sing|POS=VERB|Person=3|Tense=Fut|VerbForm=Fin",
      "Gender=Masc|Number=Plur|POS=PRON|PronType=Ind",
      "Mood=Ind|Number=Plur|POS=VERB|Person=3|Tense=Past|VerbForm=Fin",
      "Definite=Def|Gender=Masc|Number=Sing|POS=PRON|PronType=Art",
      "POS=VERB|VerbForm=Part",
      "Gender=Masc|NumType=Ord|Number=Sing|POS=ADJ",
      "Mood=Ind|Number=Sing|POS=VERB|Person=3|Tense=Past|VerbForm=Fin",
      "Gender=Fem|Number=Sing|POS=DET|PronType=Dem",
      "Definite=Ind|Gender=Fem|Number=Sing|POS=ADP|PronType=Art",
      "Gender=Fem|Number=Sing|POS=PRON|PronType=Rel",
      "Mood=Sub|Number=Sing|POS=VERB|Person=3|Tense=Pres|VerbForm=Fin",
      "Definite=Def|Gender=Fem|Number=Sing|POS=ADP|PronType=Art",
      "Mood=Ind|Number=Sing|POS=AUX|Person=3|Tense=Past|VerbForm=Fin",
      "Case=Acc|Gender=Masc|Mood=Ind|Number=Sing|POS=VERB|Person=3|PronType=Prs|Tense=Pres|VerbForm=Fin",
      "Case=Acc|Gender=Masc|Number=Plur|POS=PRON|Person=3|PronType=Prs",
      "Gender=Masc|Number=Sing|POS=VERB|VerbForm=Part|Voice=Pass",
      "Case=Dat|Gender=Masc|Number=Sing|POS=PRON|Person=3|PronType=Prs",
      "Mood=Ind|Number=Sing|POS=VERB|Person=1|Tense=Pres|VerbForm=Fin",
      "Case=Nom|Gender=Unsp|Number=Plur|POS=PRON|Person=1|PronType=Prs",
      "Mood=Sub|Number=Plur|POS=VERB|Person=1|Tense=Imp|VerbForm=Fin",
      "Mood=Sub|Number=Sing|POS=VERB|Person=3|Tense=Fut|VerbForm=Fin",
      "Gender=Fem|NumType=Ord|Number=Plur|POS=ADJ",
      "Gender=Fem|Number=Plur|POS=DET|PronType=Prs",
      "Gender=Masc|Number=Plur|POS=DET|PronType=Ind",
      "Gender=Masc|NumType=Ord|Number=Plur|POS=ADJ",
      "Case=Acc|Gender=Masc|Mood=Ind|Number=Plur|POS=VERB|Person=3|PronType=Prs|Tense=Pres|VerbForm=Fin",
      "NumType=Ord|POS=ADJ",
      "Definite=Def|Gender=Masc|Number=Sing|POS=PRON|PronType=Dem",
      "Case=Acc|Gender=Fem|Mood=Ind|Number=Sing|POS=VERB|Person=3|PronType=Prs|Tense=Pres|VerbForm=Fin",
      "Gender=Masc|Number=Sing|POS=PRON|PronType=Ind",
      "Gender=Unsp|Number=Plur|POS=ADJ",
      "Gender=Fem|Number=Sing|POS=VERB|VerbForm=Part|Voice=Pass",
      "Mood=Ind|Number=Sing|POS=AUX|Person=3|Tense=Fut|VerbForm=Fin",
      "Gender=Masc|Number=Sing|POS=SCONJ|PronType=Dem",
      "Mood=Sub|Number=Sing|POS=AUX|Person=3|Tense=Fut|VerbForm=Fin",
      "Gender=Fem|Number=Sing|POS=DET|PronType=Tot",
      "Gender=Fem|Number=Sing|POS=PRON|PronType=Ind",
      "Gender=Masc|Number=Plur|POS=VERB|VerbForm=Part",
      "Gender=Fem|Number=Plur|POS=VERB|VerbForm=Part",
      "Gender=Masc|NumType=Mult|Number=Sing|POS=NUM",
      "Gender=Unsp|Number=Sing|POS=PRON|PronType=Ind",
      "Mood=Ind|Number=Plur|POS=AUX|Person=3|Tense=Past|VerbForm=Fin",
      "Case=Acc|Gender=Fem|Number=Plur|POS=PRON|Person=3|PronType=Prs",
      "Mood=Cnd|Number=Sing|POS=VERB|Person=3|VerbForm=Fin",
      "Gender=Fem|Number=Plur|POS=PRON|PronType=Rel",
      "Gender=Unsp|Number=Plur|POS=PRON|Person=1|PronType=Prs",
      "Mood=Sub|Number=Plur|POS=VERB|Person=3|Tense=Pres|VerbForm=Fin",
      "Case=Acc|Gender=Fem|Number=Sing|POS=PRON|Person=3|PronType=Prs",
      "Gender=Masc|Number=Plur|POS=DET|PronType=Tot",
      "Gender=Masc|Number=Sing|POS=PROPN|PronType=Art",
      "Gender=Fem|Number=Sing|POS=DET|PronType=Prs",
      "Case=Acc|Gender=Masc|Number=Sing|POS=PRON|Person=3|PronType=Prs",
      "Number=Sing|POS=VERB|Person=3|VerbForm=Inf",
      "Case=Nom|Gender=Masc|Number=Sing|POS=PRON|Person=1|PronType=Prs",
      "Mood=Ind|Number=Sing|POS=AUX|Person=1|Tense=Pres|VerbForm=Fin",
      "Mood=Ind|Number=Sing|POS=VERB|Person=1|Tense=Past|VerbForm=Fin",
      "Case=Nom|Gender=Fem|Number=Sing|POS=PRON|Person=3|PronType=Prs",
      "Case=Acc|Gender=Unsp|Number=Plur|POS=PRON|Person=1|PronType=Prs",
      "Mood=Sub|Number=Sing|POS=VERB|Person=3|Tense=Imp|VerbForm=Fin",
      "Mood=Cnd|Number=Sing|POS=AUX|Person=3|VerbForm=Fin",
      "POS=AUX|VerbForm=Part",
      "Gender=Fem|Number=Sing|POS=DET|PronType=Ind",
      "Case=Nom|Gender=Masc|Number=Sing|POS=PRON|Person=3|PronType=Prs",
      "Mood=Ind|Number=Sing|POS=AUX|Person=1|Tense=Past|VerbForm=Fin",
      "Case=Nom|Gender=Unsp|Number=Sing|POS=PRON|Person=1|PronType=Prs",
      "Gender=Unsp|Number=Sing|POS=PRON|PronType=Rel",
      "Number=Sing|POS=DET|PronType=Art",
      "Definite=Def|Gender=Fem|Number=Plur|POS=ADP|PronType=Art",
      "Mood=Ind|Number=Plur|POS=VERB|Person=3|Tense=Imp|VerbForm=Fin",
      "Mood=Ind|Number=Sing|POS=AUX|Person=3|Tense=Imp|VerbForm=Fin",
      "Gender=Masc|NumType=Frac|Number=Sing|POS=NUM",
      "Gender=Masc|Number=Sing|POS=DET|PronType=Prs",
      "Mood=Ind|Number=Sing|POS=VERB|Person=3|Tense=Imp|VerbForm=Fin",
      "Mood=Ind|Number=Plur|POS=AUX|Person=3|Tense=Imp|VerbForm=Fin",
      "Case=Acc|Gender=Masc|Mood=Ind|Number=Sing|POS=PRON|Person=3|PronType=Prs|Tense=Pres|VerbForm=Fin",
      "Gender=Fem|Number=Sing|POS=ADP|PronType=Dem",
      "Gender=Masc|Number=Plur|POS=DET|PronType=Art",
      "Case=Acc|Gender=Masc|Number=Sing|POS=PRON|Person=1|PronType=Prs",
      "Gender=Fem|NumType=Ord|Number=Sing|POS=ADJ",
      "Case=Acc|Gender=Masc|Number=Sing|POS=VERB|Person=3|PronType=Prs|VerbForm=Inf",
      "Number=Plur|POS=VERB|Person=3|VerbForm=Inf",
      "Definite=Def|Gender=Masc|Number=Sing|POS=SCONJ|PronType=Art",
      "Definite=Def|POS=SCONJ|PronType=Art",
      "Gender=Masc|Number=Plur|POS=ADP|PronType=Art",
      "Mood=Ind|Number=Sing|POS=VERB|Person=3|Tense=Pqp|VerbForm=Fin",
      "Case=Acc|Gender=Masc|Mood=Ind|Number=Sing|POS=VERB|Person=3|PronType=Prs|Tense=Past|VerbForm=Fin",
      "Gender=Fem|Number=Plur|POS=PRON|PronType=Dem",
      "Gender=Fem|Number=Plur|POS=PROPN",
      "Case=Acc|Gender=Unsp|POS=PRON|PronType=Prs",
      "Mood=Ind|Number=Plur|POS=VERB|Person=3|VerbForm=Fin",
      "POS=AUX",
      "Case=Acc|Gender=Unsp|Mood=Ind|Number=Sing|POS=VERB|Person=3|PronType=Prs|Tense=Past|VerbForm=Fin",
      "Gender=Masc|Number=Sing|POS=ADP|PronType=Art",
      "Gender=Fem|Number=Sing|POS=ADP|PronType=Art",
      "POS=INTJ",
      "Case=Acc|Gender=Unsp|Mood=Ind|Number=Sing|POS=VERB|Person=3|PronType=Prs|Tense=Pres|VerbForm=Fin",
      "Gender=Unsp|Number=Sing|POS=PRON|PronType=Int",
      "Gender=Fem|Number=Sing|POS=DET|PronType=Rel",
      "Gender=Masc|Number=Sing|POS=DET|PronType=Emp",
      "Case=Acc|Gender=Unsp|Mood=Sub|Number=Sing|POS=VERB|Person=3|PronType=Prs|Tense=Pres|VerbForm=Fin",
      "Gender=Masc|Number=Unsp|POS=PRON|PronType=Ind",
      "Gender=Fem|Number=Plur|POS=DET|PronType=Rel",
      "Gender=Masc|Number=Sing|POS=PRON|Person=3|PronType=Prs",
      "Definite=Ind|Gender=Masc|Number=Sing|POS=ADP|PronType=Art",
      "Mood=Ind|Number=Sing|POS=AUX|Person=3|Tense=Pqp|VerbForm=Fin",
      "Mood=Ind|Number=Sing|POS=VERB|Person=2|Tense=Past|VerbForm=Fin",
      "Mood=Ind|Number=Sing|POS=AUX|Person=2|Tense=Pres|VerbForm=Fin",
      "Case=Dat|Gender=Masc|Mood=Ind|Number=Sing|POS=VERB|Person=3|PronType=Prs|Tense=Pres|VerbForm=Fin",
      "Case=Acc|Gender=Fem|Mood=Ind|Number=Plur,Sing|POS=VERB|Person=3|PronType=Prs|Tense=Pres|VerbForm=Fin",
      "Case=Acc|Gender=Unsp|Number=Sing|POS=PRON|Person=3|PronType=Prs",
      "Case=Acc|Gender=Masc|POS=VERB|PronType=Prs|VerbForm=Inf",
      "Mood=Ind|Number=Plur|POS=AUX|Person=3|Tense=Fut|VerbForm=Fin",
      "Case=Acc|Gender=Fem|Mood=Ind|Number=Sing|POS=VERB|Person=3|PronType=Prs|Tense=Fut|VerbForm=Fin",
      "Gender=Fem|Number=Sing|POS=DET|PronType=Emp",
      "Case=Acc|Gender=Fem|Number=Sing|POS=VERB|Person=3|PronType=Prs|VerbForm=Inf",
      "Gender=Fem|Number=Plur|POS=PRON|Person=1|PronType=Prs",
      "Gender=Masc|Number=Sing|POS=DET|PronType=Tot",
      "Mood=Ind|Number=Plur|POS=VERB|Person=3|Tense=Fut|VerbForm=Fin",
      "Case=Acc|Gender=Fem|Mood=Ind|Number=Plur|POS=VERB|Person=3|PronType=Prs|Tense=Pres|VerbForm=Fin",
      "Gender=Masc|Number=Sing|POS=DET|PronType=Int",
      "Case=Acc|Gender=Unsp|POS=VERB|PronType=Prs|VerbForm=Ger",
      "Gender=Fem|Number=Plur|POS=DET|PronType=Dem",
      "Case=Acc|Gender=Unsp|Mood=Ind|Number=Sing|POS=VERB|Person=3|PronType=Prs|Tense=Imp|VerbForm=Fin",
      "Gender=Unsp|Number=Sing|POS=ADJ",
      "Mood=Cnd|Number=Sing|POS=VERB|Person=1|VerbForm=Fin",
      "Mood=Sub|Number=Plur|POS=VERB|Person=1|Tense=Pres|VerbForm=Fin",
      "Case=Dat|Gender=Fem|Number=Sing|POS=PRON|Person=3|PronType=Prs",
      "Gender=Fem|Number=Plur|POS=DET|PronType=Tot",
      "Gender=Masc|Number=Plur|POS=ADP|PronType=Dem",
      "Case=Acc|Gender=Masc|Mood=Ind|Number=Plur|POS=VERB|Person=3|PronType=Prs|Tense=Past|VerbForm=Fin",
      "Mood=Sub|Number=Plur|POS=VERB|Person=3|Tense=Imp|VerbForm=Fin",
      "Mood=Cnd|Number=Plur|POS=VERB|Person=3|VerbForm=Fin",
      "Gender=Masc|Number=Plur|POS=PRON|Person=3|PronType=Prs",
      "Case=Acc|Gender=Fem|Mood=Ind|Number=Plur|POS=VERB|Person=3|PronType=Prs|Tense=Past|VerbForm=Fin",
      "Number=Sing|POS=AUX|Person=3|VerbForm=Inf",
      "Gender=Masc|Number=Plur|POS=PRON|PronType=Int",
      "Gender=Masc|Number=Sing|POS=PRON|PronType=Int",
      "Mood=Ind|Number=Plur|POS=VERB|Person=1|Tense=Imp|VerbForm=Fin",
      "Gender=Masc|Number=Plur|POS=DET|PronType=Int",
      "Gender=Fem|Number=Plur|POS=DET|PronType=Int",
      "Case=Acc|Gender=Unsp|Mood=Ind|Number=Sing|POS=VERB|Person=3|PronType=Prs|Tense=Fut|VerbForm=Fin",
      "Gender=Fem|Number=Plur|POS=ADP|PronType=Art",
      "Gender=Fem|Number=Plur|POS=ADP|PronType=Dem",
      "Case=Dat|Gender=Masc|Number=Sing|POS=PRON|Person=1|PronType=Prs",
      "Mood=Ind|Number=Sing|POS=AUX|Person=1|Tense=Imp|VerbForm=Fin",
      "Mood=Ind|Number=Sing|POS=VERB|Person=1|Tense=Imp|VerbForm=Fin",
      "Gender=Masc|Number=Sing|POS=PART",
      "Number=Sing|POS=PRON|Person=3|PronType=Prs",
      "Gender=Unsp|Number=Plur|POS=DET|PronType=Ind",
      "Case=Acc|Gender=Unsp|Mood=Ind|Number=Sing|POS=AUX|Person=3|PronType=Prs|Tense=Pres|VerbForm=Fin",
      "Case=Dat|Gender=Masc|Number=Plur|POS=VERB|Person=3|PronType=Prs|VerbForm=Inf",
      "Gender=Masc|Number=Sing|POS=ADV",
      "Gender=Masc|Number=Sing|POS=DET|PronType=Rel",
      "Case=Dat|Gender=Unsp|Mood=Ind|Number=Sing|POS=VERB|Person=3|PronType=Prs|Tense=Past|VerbForm=Fin",
      "Case=Dat|Gender=Masc|Mood=Ind|Number=Sing|POS=VERB|Person=3|PronType=Prs|Tense=Past|VerbForm=Fin",
      "Gender=Fem|Number=Sing|POS=DET|PronType=Neg",
      "Mood=Sub|Number=Sing|POS=AUX|Person=3|Tense=Imp|VerbForm=Fin",
      "Definite=Def|POS=DET|PronType=Art",
      "Case=Dat|Gender=Masc|Number=Sing|POS=AUX|Person=3|PronType=Prs|VerbForm=Ger",
      "Number=Plur|POS=VERB|Person=1|VerbForm=Inf",
      "Gender=Fem|Number=Sing|POS=PRON|PronType=Int",
      "Mood=Cnd|Number=Plur|POS=AUX|Person=3|VerbForm=Fin",
      "Gender=Masc|POS=ADJ",
      "POS=NOUN",
      "POS=AUX|VerbForm=Ger",
      "Case=Dat|Gender=Unsp|Mood=Ind|Number=Plur,Sing|POS=VERB|Person=1,3|PronType=Prs|Tense=Past|VerbForm=Fin",
      "Case=Acc|Gender=Unsp|Mood=Ind|Number=Plur,Sing|POS=VERB|Person=1,3|PronType=Prs|Tense=Pres|VerbForm=Fin",
      "Mood=Ind|Number=Plur|POS=AUX|Person=1|Tense=Pres|VerbForm=Fin",
      "Case=Acc|Gender=Unsp|Mood=Ind|Number=Sing|POS=VERB|Person=1|PronType=Prs|Tense=Past|VerbForm=Fin",
      "Case=Acc|Number=Sing|POS=PRON|Person=3|PronType=Prs",
      "Case=Acc|Gender=Fem|Number=Sing|POS=AUX|Person=3|PronType=Prs|VerbForm=Inf",
      "Case=Acc|Gender=Masc|Number=Sing|POS=PRON|Person=2|PronType=Prs",
      "Mood=Ind|Number=Sing|POS=VERB|Person=2|Tense=Pres|VerbForm=Fin",
      "Definite=Def|Gender=Fem|Number=Sing|POS=SCONJ|PronType=Art",
      "Case=Acc|Gender=Unsp|Mood=Ind|Number=Plur|POS=VERB|Person=1|PronType=Prs|Tense=Pres|VerbForm=Fin",
      "Mood=Sub|Number=Plur|POS=AUX|Person=3|Tense=Fut|VerbForm=Fin",
      "Case=Dat|Gender=Masc|Number=Plur|POS=PRON|Person=3|PronType=Prs",
      "Gender=Fem|Number=Sing|POS=DET|PronType=Art",
      "Number=Sing|POS=NOUN",
      "Number=Sing|POS=ADJ",
      "Case=Acc|Gender=Fem|Mood=Ind|Number=Plur,Sing|POS=VERB|Person=3|PronType=Prs|Tense=Past|VerbForm=Fin",
      "Gender=Unsp|Number=Plur|POS=PROPN",
      "Gender=Fem|Number=Plur|POS=DET|PronType=Art",
      "Mood=Ind|Number=Plur|POS=AUX|Person=3|VerbForm=Fin",
      "Case=Dat|Gender=Masc|Mood=Ind|Number=Plur,Sing|POS=VERB|Person=3|PronType=Prs|Tense=Imp|VerbForm=Fin",
      "Case=Dat|Gender=Unsp|Number=Sing|POS=PRON|Person=3|PronType=Prs",
      "Gender=Masc|Number=Plur|POS=DET|PronType=Emp",
      "Gender=Unsp|POS=PRON|PronType=Prs",
      "Case=Dat|Gender=Fem|Number=Sing|POS=VERB|Person=3|PronType=Prs|VerbForm=Inf",
      "Case=Dat|Gender=Masc|Mood=Ind|Number=Plur,Sing|POS=VERB|Person=3|PronType=Prs|Tense=Past|VerbForm=Fin",
      "Case=Acc|Gender=Masc|Mood=Ind|Number=Sing|POS=VERB|Person=1,3|PronType=Prs|Tense=Past|VerbForm=Fin",
      "Case=Dat|Gender=Masc|Mood=Ind|Number=Plur,Sing|POS=VERB|Person=1,3|PronType=Prs|Tense=Past|VerbForm=Fin",
      "Mood=Ind|Number=Sing|POS=AUX|Tense=Imp|VerbForm=Fin",
      "Gender=Fem|Number=Plur|POS=PRON|PronType=Tot",
      "Case=Acc|Gender=Masc|POS=PRON|PronType=Prs",
      "Gender=Unsp|Number=Unsp|POS=PRON|PronType=Rel",
      "POS=VERB|VerbForm=Fin",
      "Gender=Masc|NumType=Card|Number=Sing|POS=NUM",
      "Definite=Def|Gender=Masc|Number=Plur|POS=PRON|PronType=Art",
      "Gender=Masc|Number=Sing|POS=DET|PronType=Neg",
      "POS=VERB|VerbForm=Inf|Voice=Pass",
      "Case=Acc|Gender=Fem|Number=Plur|POS=VERB|Person=3|PronType=Prs|VerbForm=Ger",
      "Case=Acc|Gender=Unsp|Number=Sing|POS=PRON|Person=1|PronType=Prs",
      "Gender=Masc|Number=Sing|POS=AUX|VerbForm=Part",
      "Case=Acc|Gender=Unsp|Mood=Ind|Number=Plur|POS=VERB|Person=1|PronType=Prs|Tense=Past|VerbForm=Fin",
      "POS=PRON|Person=3|PronType=Prs|Reflex=Yes",
      "Number=Plur|POS=VERB|Person=3|Tense=Pres|VerbForm=Inf",
      "Case=Dat|Gender=Masc|Number=Plur|POS=PRON|Person=1|PronType=Prs",
      "Mood=Ind|Number=Plur|POS=AUX|Person=1|Tense=Imp|VerbForm=Fin",
      "Gender=Masc|Number=Sing|POS=PRON|Person=1|PronType=Prs",
      "Mood=Sub|Number=Sing|POS=VERB|Person=1|Tense=Imp|VerbForm=Fin",
      "Number=Sing|POS=PROPN|PronType=Art",
      "Case=Dat|Gender=Unsp|Number=Sing|POS=VERB|Person=3|PronType=Prs|VerbForm=Inf",
      "Case=Acc|Gender=Masc|Mood=Ind|Number=Plur|POS=AUX|Person=3|PronType=Prs|Tense=Imp|VerbForm=Fin",
      "Case=Acc|Gender=Masc|Number=Sing|POS=VERB|Person=1|PronType=Prs|VerbForm=Inf",
      "Case=Acc|Gender=Fem|Mood=Ind|Number=Sing|POS=VERB|Person=3|PronType=Prs|Tense=Pqp|VerbForm=Fin",
      "Mood=Sub|Number=Plur|POS=VERB|Person=1|Tense=Fut|VerbForm=Fin",
      "Gender=Unsp|Number=Sing|POS=PRON|Person=1|PronType=Prs",
      "Case=Acc|Gender=Masc|Mood=Ind|Number=Plur|POS=VERB|Person=3|PronType=Prs|Tense=Imp|VerbForm=Fin",
      "Case=Acc|Gender=Fem|Mood=Ind|Number=Sing|POS=VERB|Person=3|PronType=Prs|Tense=Past|VerbForm=Fin",
      "Gender=Unsp|Number=Sing|POS=NOUN",
      "Case=Acc|Gender=Masc|Number=Plur|POS=PRON|Person=1|PronType=Prs",
      "Number=Plur|POS=AUX|Person=1|Tense=Past",
      "Case=Nom|Gender=Masc|Number=Plur|POS=PRON|Person=1|PronType=Prs",
      "Mood=Ind|Number=Plur|POS=VERB|Person=1|Tense=Past|VerbForm=Fin",
      "Case=Acc|Gender=Masc|Number=Sing|POS=PRON|Person=3|PronType=Dem",
      "Gender=Masc|Number=Sing|POS=PRON|PronType=Neg",
      "Gender=Unsp|Number=Unsp|POS=PRON|PronType=Dem",
      "Case=Acc|Gender=Masc|Number=Sing|POS=ADV|Person=3|PronType=Prs",
      "Case=Acc|Gender=Fem|Number=Sing|POS=VERB|Person=3|PronType=Prs|VerbForm=Ger",
      "Gender=Unsp|Number=Unsp|POS=PRON|PronType=Ind",
      "Case=Acc|Gender=Masc|Mood=Ind|Number=Plur|POS=VERB|Person=3|PronType=Prs|Tense=Fut|VerbForm=Fin",
      "Gender=Masc|Number=Sing|POS=PRON|PronType=Tot",
      "Gender=Masc|Number=Sing|POS=DET",
      "Case=Dat|Gender=Unsp|Mood=Ind|Number=Sing|POS=VERB|Person=1,3|PronType=Prs|Tense=Past|VerbForm=Fin",
      "Gender=Fem|Number=Plur|POS=PRON|Person=3|PronType=Prs",
      "Case=Acc|Gender=Unsp|POS=VERB|PronType=Prs|VerbForm=Inf",
      "Case=Acc|Gender=Fem|Number=Sing|POS=PRON|Person=1|PronType=Prs",
      "Mood=Ind|Number=Plur|POS=VERB|Person=1|Tense=Fut|VerbForm=Fin",
      "Gender=Masc|Number=Sing|POS=X",
      "Case=Nom|Gender=Fem|Number=Plur|POS=PRON|Person=3|PronType=Prs",
      "Case=Acc|Gender=Fem|Mood=Ind|Number=Sing|POS=VERB|Person=1,3|PronType=Prs|Tense=Past|VerbForm=Fin",
      "Case=Nom|Gender=Unsp|Number=Plur|POS=PRON|Person=3|PronType=Prs",
      "Case=Dat|Gender=Unsp|Mood=Ind|Number=Sing|POS=VERB|Person=1,3|PronType=Prs|Tense=Pres|VerbForm=Fin",
      "Gender=Masc|Number=Plur|POS=DET|PronType=Rel",
      "Gender=Masc|Number=Sing|POS=SCONJ",
      "Gender=Masc|Number=Sing|POS=PRON",
      "Gender=Fem|POS=DET|PronType=Dem",
      "Gender=Masc|Number=Plur|POS=NUM",
      "Case=Acc|Gender=Masc|Number=Sing|POS=VERB|Person=3|PronType=Prs|VerbForm=Ger",
      "Definite=Def|Gender=Fem|Number=Plur|POS=PRON|PronType=Dem",
      "Case=Dat|Gender=Unsp|Number=Plur|POS=PRON|Person=1|PronType=Prs",
      "Mood=Ind|Number=Sing|POS=VERB|Person=1|Tense=Fut|VerbForm=Fin",
      "Case=Acc|Gender=Unsp|Mood=Ind|Number=Sing|POS=AUX|Person=1|PronType=Prs|Tense=Pres|VerbForm=Fin",
      "Mood=Ind|Number=Plur|POS=VERB|Person=3|Tense=Pres|VerbForm=Fin|Voice=Pass",
      "Case=Dat|Gender=Masc|Number=Sing|POS=VERB|Person=3|PronType=Prs|VerbForm=Inf",
      "Case=Acc|Gender=Masc|Mood=Ind|Number=Sing|POS=VERB|Person=3|PronType=Prs|Tense=Imp|VerbForm=Fin",
      "POS=ADP|PronType=Dem",
      "Definite=Def|Gender=Fem|POS=ADP|PronType=Art",
      "POS=ADP|PronType=Art",
      "Gender=Masc|Number=Sing|POS=ADP",
      "Gender=Masc|Number=Sing|POS=ADP|Person=3|PronType=Prs",
      "Mood=Ind|Number=Plur|POS=AUX|Person=3|Tense=Pqp|VerbForm=Fin",
      "Case=Dat|Gender=Fem|Mood=Ind|Number=Sing|POS=VERB|Person=3|PronType=Prs|Tense=Past|VerbForm=Fin",
      "Case=Acc|Gender=Fem|Mood=Ind|Number=Plur,Sing|POS=VERB|Person=3|PronType=Prs|Tense=Imp|VerbForm=Fin",
      "Mood=Ind|Number=Sing|POS=VERB|Tense=Imp|VerbForm=Fin",
      "Case=Dat|Gender=Fem|Mood=Ind|Number=Sing|POS=VERB|Person=3|PronType=Prs|Tense=Pres|VerbForm=Fin",
      "POS=DET",
      "Gender=Fem|Number=Plur|POS=DET|PronType=Emp",
      "Gender=Unsp|Number=Sing|POS=PRON|Person=3|PronType=Prs",
      "Definite=Def|Gender=Fem|Number=Sing|POS=PRON|PronType=Art",
      "Case=Acc|Gender=Masc|Mood=Sub|Number=Sing|POS=VERB|Person=3|PronType=Prs|Tense=Pres|VerbForm=Fin",
      "Case=Dat|Gender=Unsp|Mood=Ind|Number=Plur,Sing|POS=VERB|Person=1,3|PronType=Prs|Tense=Pres|VerbForm=Fin",
      "Number=Plur|POS=AUX|Person=1|VerbForm=Inf",
      "Case=Acc|Gender=Masc|Mood=Ind|Number=Sing|POS=VERB|Person=1|PronType=Prs|Tense=Pres|VerbForm=Fin",
      "Number=Sing|POS=PRON|PronType=Rel",
      "Gender=Fem|Number=Plur|POS=ADP|PronType=Ind",
      "Case=Dat|Gender=Unsp|Number=Sing|POS=PRON|Person=1|PronType=Prs",
      "Definite=Def|Gender=Masc|Number=Plur|POS=PRON|PronType=Dem",
      "Case=Acc|Gender=Unsp|Mood=Ind|Number=Plur|POS=VERB|Person=3|PronType=Prs|Tense=Pres|VerbForm=Fin",
      "Mood=Sub|Number=Plur|POS=AUX|Person=3|Tense=Imp|VerbForm=Fin",
      "Number=Sing|POS=VERB|Person=3|VerbForm=Inf|Voice=Pass",
      "Mood=Sub|Number=Plur|POS=AUX|Person=3|Tense=Pres|VerbForm=Fin",
      "Case=Acc|Gender=Unsp|Mood=Ind|Number=Plur,Sing|POS=VERB|Person=1,3|PronType=Prs|Tense=Past|VerbForm=Fin",
      "Case=Acc|Gender=Unsp|Number=Plur|POS=VERB|Person=2|PronType=Prs|VerbForm=Inf",
      "Gender=Unsp|Mood=Sub|Number=Sing|POS=VERB|Person=3|PronType=Prs|Tense=Pres|VerbForm=Fin",
      "Case=Acc|Gender=Masc|Mood=Ind|Number=Sing|POS=AUX|Person=3|PronType=Prs|Tense=Pres|VerbForm=Fin",
      "Gender=Fem,Masc|Number=Sing|POS=PROPN",
      "Gender=Unsp|Number=Unsp|POS=PRON|PronType=Int",
      "Gender=Fem|Number=Plur|POS=NUM",
      "POS=PRON|PronType=Neg",
      "Gender=Fem|Number=Sing|POS=SCONJ|PronType=Dem",
      "POS=SYM",
      "Mood=Ind|Number=Plur|POS=VERB|Person=3|Tense=Pqp|VerbForm=Fin",
      "Gender=Fem|Number=Sing|POS=X",
      "Case=Dat|Gender=Unsp|Mood=Ind|Number=Plur|POS=VERB|Person=1|PronType=Prs|Tense=Pres|VerbForm=Fin",
      "Gender=Masc|NumType=Sets|Number=Sing|POS=NUM",
      "Foreign=Yes|POS=NOUN",
      "Case=Dat|Gender=Fem|Number=Sing|POS=VERB|Person=3|PronType=Prs|VerbForm=Ger",
      "Case=Acc|Gender=Unsp|POS=AUX|PronType=Prs|VerbForm=Inf",
      "Case=Acc|Gender=Masc|Mood=Ind|Number=Plur,Sing|POS=VERB|Person=3|PronType=Prs|Tense=Pres|VerbForm=Fin",
      "Gender=Unsp|Number=Sing|POS=DET|PronType=Ind",
      "Case=Nom|Gender=Unsp|Number=Sing|POS=PRON|Person=3|PronType=Prs",
      "Gender=Unsp|Number=Plur|POS=PRON|PronType=Int",
      "Definite=Def|Gender=Masc|Number=Plur|POS=SCONJ|PronType=Art",
      "Gender=Masc|Number=Plur|POS=PRON|PronType=Prs",
      "Number=Sing|POS=VERB|VerbForm=Part|Voice=Pass",
      "Case=Acc|Gender=Fem|Mood=Ind|Number=Plur|POS=VERB|Person=3|PronType=Prs|Tense=Imp|VerbForm=Fin",
      "Gender=Masc|Number=Plur|POS=ADP|PronType=Ind",
      "Gender=Fem|Number=Sing|POS=PRON|PronType=Prs",
      "Mood=Ind|Number=Plur|POS=AUX|Person=1|Tense=Past|VerbForm=Fin",
      "Case=Acc|Gender=Fem|Mood=Ind|Number=Sing|POS=VERB|Person=1,3|PronType=Prs|Tense=Pres|VerbForm=Fin",
      "Gender=Fem|Number=Sing|POS=PRON|Person=1|PronType=Prs",
      "Case=Nom|Gender=Fem|Number=Sing|POS=PRON|Person=1|PronType=Prs",
      "Case=Acc|Gender=Fem|Mood=Ind|Number=Sing|POS=VERB|Person=1|PronType=Prs|Tense=Past|VerbForm=Fin",
      "Mood=Sub|Number=Sing|POS=VERB|Person=1|Tense=Fut|VerbForm=Fin",
      "Definite=Ind|Gender=Fem|Number=Sing|POS=SCONJ|PronType=Art",
      "Number=Sing|POS=VERB",
      "Number=Sing|POS=DET",
      "Mood=Cnd|Number=Plur|POS=VERB|Person=3|VerbForm=Fin|Voice=Pass",
      "NumType=Mult|POS=NUM",
      "Gender=Fem|Number=Sing|POS=PRON|PronType=Neg",
      "POS=PRON|PronType=Dem",
      "Mood=Ind|POS=VERB|Tense=Imp|VerbForm=Fin",
      "Case=Acc|Gender=Masc|Mood=Ind|Number=Sing|POS=VERB|Person=2|PronType=Prs|Tense=Past|VerbForm=Fin",
      "Gender=Unsp|Number=Plur|POS=PRON|Person=2|PronType=Prs",
      "NumType=Card|Number=Plur|POS=NUM",
      "Case=Acc|Gender=Masc|Mood=Ind|Number=Sing|POS=AUX|Person=3|PronType=Prs|Tense=Past|VerbForm=Fin",
      "Case=Acc|Gender=Unsp|Number=Sing|POS=VERB|Person=3|PronType=Prs|VerbForm=Ger",
      "Gender=Fem|Number=Sing|POS=NUM",
      "Case=Acc|Gender=Unsp|Mood=Sub|Number=Plur|POS=VERB|Person=3|PronType=Prs|Tense=Pres|VerbForm=Fin",
      "Mood=Ind|Number=Sing|POS=VERB|Person=2|Tense=Fut|VerbForm=Fin",
      "Case=Acc|Gender=Masc|Mood=Ind|Number=Sing|POS=AUX|Person=3|PronType=Prs|Tense=Imp|VerbForm=Fin",
      "Number=Plur|POS=ADJ",
      "Case=Acc|Gender=Unsp|Mood=Ind|Number=Plur|POS=VERB|Person=1,3|PronType=Prs|Tense=Pres|VerbForm=Fin",
      "Gender=Fem|Number=Sing|POS=DET|PronType=Int",
      "Gender=Masc|Number=Sing|POS=ADV|Polarity=Neg",
      "Case=Acc|Gender=Masc|Mood=Ind|Number=Plur,Sing|POS=VERB|Person=3|PronType=Prs|Tense=Imp|VerbForm=Fin",
      "Case=Acc|Gender=Unsp|Mood=Ind|Number=Sing|POS=VERB|Person=1,3|PronType=Prs|Tense=Past|VerbForm=Fin",
      "Case=Acc|Gender=Unsp|Number=Sing|POS=VERB|Person=1|PronType=Prs|VerbForm=Inf",
      "Number=Sing|POS=VERB|Person=1|VerbForm=Inf",
      "Definite=Def|Gender=Masc|Number=Unsp|POS=ADP|PronType=Art",
      "Gender=Masc|Number=Unsp|POS=NOUN",
      "Gender=Masc|NumType=Ord|Number=Sing|POS=NOUN",
      "Definite=Def|Gender=Fem|Number=Plur|POS=SCONJ|PronType=Art",
      "POS=ADJ",
      "Gender=Fem|Number=Sing|POS=ADV|PronType=Ind",
      "Mood=Sub|Number=Sing|POS=VERB|Person=1|Tense=Pres|VerbForm=Fin",
      "Case=Acc|Gender=Masc|Number=Sing|POS=PRON|PronType=Prs",
      "Case=Dat|Gender=Unsp|Number=Plur|POS=PRON|Person=2|PronType=Prs",
      "Case=Acc|Gender=Unsp|Number=Plur|POS=VERB|Person=1|PronType=Prs|VerbForm=Inf",
      "Gender=Unsp|Number=Sing|POS=PRON|PronType=Tot",
      "Gender=Unsp|Number=Sing|POS=DET|PronType=Rel",
      "Gender=Fem|Number=Plur|POS=VERB",
      "Case=Dat|Gender=Fem|Mood=Ind|Number=Plur|POS=VERB|Person=3|PronType=Prs|Tense=Pres|VerbForm=Fin",
      "Case=Acc|Gender=Masc|Number=Sing|POS=AUX|Person=3|PronType=Prs|VerbForm=Inf",
      "Case=Acc|Gender=Masc|Number=Plur,Sing|POS=VERB|Person=3|PronType=Prs|VerbForm=Inf",
      "Case=Acc|Gender=Fem|Number=Sing|POS=VERB|PronType=Prs|VerbForm=Inf",
      "Gender=Unsp|Number=Sing|POS=DET|PronType=Tot",
      "Case=Acc|Gender=Masc|Number=Plur|POS=VERB|Person=3|PronType=Prs|VerbForm=Ger",
      "NumType=Range|POS=NUM",
      "Case=Dat|Gender=Unsp|Mood=Ind|Number=Plur|POS=VERB|Person=3|PronType=Prs|Tense=Pres|VerbForm=Fin",
      "Mood=Sub|POS=VERB|Tense=Pres|VerbForm=Fin",
      "Gender=Unsp|Number=Plur|POS=PRON|PronType=Rel",
      "Case=Dat|Gender=Masc|Mood=Cnd|Number=Sing|POS=VERB|Person=3|PronType=Prs|VerbForm=Fin",
      "Case=Acc|Gender=Fem|Mood=Cnd|Number=Sing|POS=VERB|Person=3|PronType=Prs|VerbForm=Fin",
      "Case=Dat|Gender=Fem|Number=Plur|POS=VERB|Person=3|PronType=Prs|VerbForm=Inf",
      "Case=Acc|Gender=Fem|Mood=Ind|Number=Sing|POS=AUX|Person=3|PronType=Prs|Tense=Pres|VerbForm=Fin",
      "Case=Acc|Gender=Unsp|Mood=Sub|Number=Sing|POS=AUX|Person=3|PronType=Prs|Tense=Pres|VerbForm=Fin",
      "Case=Acc|Gender=Masc|Mood=Ind|Number=Sing|POS=VERB|Person=3|PronType=Prs|Tense=Fut|VerbForm=Fin",
      "Number=Unsp|POS=PRON|PronType=Ind",
      "Case=Dat|Gender=Masc|Number=Sing|POS=VERB|Person=3|PronType=Prs|VerbForm=Ger",
      "Case=Acc|Gender=Masc|Number=Plur|POS=VERB|Person=1|PronType=Prs|VerbForm=Inf",
      "Case=Dat|Gender=Masc|Mood=Ind|Number=Plur,Sing|POS=VERB|Person=1,3|PronType=Prs|Tense=Pres|VerbForm=Fin",
      "Case=Acc|Gender=Fem|Mood=Ind|Number=Plur,Sing|POS=VERB|Person=1,3|PronType=Prs|Tense=Past|VerbForm=Fin",
      "Gender=Fem|Number=Plur|POS=PRON|PronType=Int",
      "Gender=Masc|POS=NOUN",
      "Case=Acc|Gender=Fem|Mood=Ind|Number=Plur,Sing|POS=VERB|Person=1,3|PronType=Prs|Tense=Imp|VerbForm=Fin",
      "Number=Sing|POS=VERB|Person=1|VerbForm=Inf|Voice=Pass",
      "Case=Acc|Gender=Fem|Mood=Ind|Number=Sing|POS=VERB|Person=3|PronType=Prs|Tense=Imp|VerbForm=Fin",
      "Gender=Masc|Number=Plur|POS=SCONJ|PronType=Dem",
      "NumType=Frac|POS=NUM",
      "Gender=Masc|Number=Sing|POS=PRON|Person=2|PronType=Prs",
      "Case=Dat|Gender=Fem|Mood=Ind|Number=Sing|POS=VERB|Person=1,3|PronType=Prs|Tense=Pres|VerbForm=Fin",
      "Gender=Fem|Number=Sing|POS=ADP|PronType=Ind",
      "Gender=Masc|Mood=Ind|Number=Sing|POS=VERB|Person=3|VerbForm=Fin",
      "Case=Acc|Gender=Masc|Mood=Ind|Number=Plur,Sing|POS=VERB|Person=3|PronType=Prs|Tense=Past|VerbForm=Fin",
      "Mood=Imp|Number=Sing|POS=VERB|Person=2|VerbForm=Fin",
      "Gender=Fem|Number=Sing|POS=ADV|PronType=Rel",
      "Case=Acc|POS=VERB|PronType=Prs|VerbForm=Ger",
      "Mood=Cnd|POS=VERB|VerbForm=Fin",
      "Case=Dat|Gender=Masc|Mood=Cnd|Number=Sing|POS=VERB|Person=1,3|PronType=Prs|VerbForm=Fin",
      "Mood=Ind|Number=Sing|POS=VERB|Person=3|Tense=Past|VerbForm=Fin|Voice=Pass",
      "Mood=Ind|Number=Plur|POS=VERB|Person=3|Tense=Past|VerbForm=Fin|Voice=Pass",
      "Case=Dat|Gender=Masc|Mood=Ind|Number=Plur|POS=VERB|Person=3|PronType=Prs|Tense=Imp|VerbForm=Fin",
      "Gender=Masc|Number=Sing|POS=PRON|PronType=Prs",
      "Gender=Masc|Number=Sing|POS=ADP|PronType=Ind",
      "Case=Acc|Gender=Fem|Number=Plur|POS=VERB|Person=3|PronType=Prs|VerbForm=Inf|Voice=Pass",
      "POS=VERB|VerbForm=Part|Voice=Pass",
      "Case=Dat|Gender=Unsp|Mood=Cnd|Number=Sing|POS=VERB|Person=1,3|PronType=Prs|VerbForm=Fin",
      "Mood=Ind|Number=Sing|POS=VERB|Person=3|Tense=Pres|VerbForm=Fin|Voice=Pass",
      "Number=Sing|POS=X",
      "Mood=Cnd|Number=Plur|POS=VERB|Person=1|VerbForm=Fin",
      "Case=Acc|Gender=Unsp|Number=Sing|POS=VERB|Person=3|PronType=Prs|VerbForm=Inf",
      "Case=Dat|Gender=Unsp|Number=Plur|POS=PRON|Person=3|PronType=Prs",
      "Case=Acc|Gender=Fem|Mood=Ind|Number=Plur|POS=VERB|Person=3|PronType=Prs|Tense=Pres|VerbForm=Fin|Voice=Pass",
      "Gender=Masc|Number=Sing|POS=ADV|PronType=Int",
      "Case=Dat|Gender=Unsp|Mood=Ind|Number=Sing|POS=AUX|Person=1,3|PronType=Prs|Tense=Past|VerbForm=Fin",
      "POS=VERB",
      "Case=Acc|Gender=Masc|Mood=Ind|Number=Sing|POS=VERB|Person=3|PronType=Prs|Tense=Past|VerbForm=Fin|Voice=Pass",
      "Case=Acc|Gender=Unsp|Number=Plur|POS=VERB|Person=3|PronType=Prs|VerbForm=Inf",
      "Mood=Ind|Number=Plur|POS=VERB|Person=3|Tense=Imp|VerbForm=Fin|Voice=Pass",
      "Case=Dat|Gender=Fem|Number=Plur|POS=PRON|Person=3|PronType=Prs",
      "Case=Acc,Dat|Gender=Fem,Unsp|Number=Sing|POS=PRON|Person=3|PronType=Prs",
      "Gender=Unsp|Number=Unsp|POS=ADV|PronType=Int",
      "Gender=Unsp|Number=Sing|POS=ADV|PronType=Ind",
      "Mood=Ind|Number=Sing|POS=AUX|Person=1|Tense=Pqp|VerbForm=Fin",
      "POS=PROPN",
      "Case=Acc|Gender=Masc|POS=AUX|PronType=Prs|VerbForm=Ger",
      "Case=Acc|Gender=Fem|POS=AUX|PronType=Prs|VerbForm=Ger",
      "Case=Acc|Gender=Fem|Mood=Sub|Number=Plur|POS=VERB|Person=3|PronType=Prs|Tense=Pres|VerbForm=Fin|Voice=Pass",
      "Case=Dat|Gender=Unsp|Number=Plur|POS=VERB|Person=1|PronType=Prs|VerbForm=Inf",
      "Case=Acc|Gender=Masc|Mood=Sub|Number=Plur|POS=VERB|Person=3|PronType=Prs|Tense=Pres|VerbForm=Fin|Voice=Pass",
      "Case=Acc|Gender=Masc|Number=Sing|POS=AUX|Person=3|PronType=Prs|VerbForm=Ger",
      "Mood=Ind|Number=Plur|POS=AUX|Person=1|Tense=Fut|VerbForm=Fin",
      "Case=Acc|Gender=Unsp|Mood=Ind|Number=Plur,Sing|POS=VERB|Person=1,3|PronType=Prs|Tense=Imp|VerbForm=Fin",
      "Gender=Fem|Number=Plur|POS=PRON|PronType=Prs",
      "Gender=Fem|Number=Plur|POS=X",
      "Definite=Def|Gender=Masc|Number=Plur|POS=PRON|PronType=Rel",
      "Definite=Ind|Gender=Fem|POS=DET|PronType=Art",
      "Gender=Unsp|Number=Sing|POS=ADV",
      "Case=Acc|Gender=Fem|Mood=Ind|Number=Sing|POS=VERB|Person=3|PronType=Prs|Tense=Pres|VerbForm=Fin|Voice=Pass",
      "Mood=Ind|Number=Sing|POS=VERB|Tense=Pqp|VerbForm=Fin",
      "Case=Dat|Gender=Masc|Mood=Ind|Number=Plur|POS=VERB|Person=3|PronType=Prs|Tense=Pres|VerbForm=Fin",
      "Mood=Sub|Number=Sing|POS=VERB|Tense=Pres|VerbForm=Fin",
      "Case=Dat|Gender=Unsp|POS=PRON|PronType=Prs",
      "Gender=Masc|Number=Sing|POS=VERB",
      "Case=Acc|Gender=Unsp|Mood=Ind|Number=Sing|POS=VERB|Person=3|PronType=Prs|Tense=Pres|VerbForm=Fin|Voice=Pass",
      "Definite=Def|Number=Sing|POS=DET|PronType=Art",
      "Gender=Fem|Number=Sing|POS=PROPN|PronType=Art",
      "Gender=Masc|Number=Plur|POS=VERB",
      "Gender=Masc|Number=Plur|POS=PRON|Person=1|PronType=Prs",
      "Case=Acc|Gender=Masc|Mood=Ind|Number=Sing|POS=VERB|Person=3|PronType=Prs|Tense=Pqp|VerbForm=Fin",
      "Gender=Masc|Number=Sing|POS=ADV|PronType=Ind",
      "Mood=Sub|Number=Sing|POS=AUX|Tense=Imp|VerbForm=Fin",
      "Gender=Fem|Number=Sing|POS=DET",
      "Mood=Imp|Number=Sing|POS=AUX|Person=2|VerbForm=Fin",
      "Mood=Sub|Number=Sing|POS=AUX|Person=1|Tense=Imp|VerbForm=Fin",
      "Definite=Def|Gender=Masc|Number=Sing|POS=PRON|PronType=Rel",
      "Mood=Cnd|Number=Sing|POS=VERB|Person=3|VerbForm=Fin|Voice=Pass",
      "POS=DET|PronType=Ind",
      "POS=SCONJ|VerbForm=Ger",
      "Mood=Cnd|Number=Sing|POS=VERB|VerbForm=Fin",
      "Gender=Masc|Number=Plur|POS=DET",
      "Definite=Def|Gender=Fem|Number=Sing|POS=PRON|PronType=Dem",
      "Gender=Fem|Number=Sing|POS=VERB",
      "Mood=Sub|Number=Sing|POS=VERB|Tense=Fut|VerbForm=Fin",
      "Case=Acc|Gender=Fem|POS=PRON|PronType=Prs",
      "Mood=Sub|Number=Sing|POS=VERB|Person=3|Tense=Past|VerbForm=Fin",
      "Gender=Masc|POS=PROPN",
      "Gender=Fem|Number=Plur|POS=DET",
      "NumType=Ord|POS=NUM",
      "POS=DET|PronType=Int",
      "Case=Acc|Gender=Unsp|Number=Sing|POS=PRON|Person=3|PronType=Prs|VerbForm=Ger",
      "Case=Dat|Gender=Fem|Number=Sing|POS=PRON|Person=1|PronType=Prs",
      "Mood=Ind|Number=Plur|POS=VERB|Person=2|Tense=Pres|VerbForm=Fin",
      "Case=Nom|Gender=Unsp|Number=Plur|POS=PRON|Person=2|PronType=Prs",
      "Case=Acc|Gender=Fem|Mood=Ind|Number=Plur|POS=VERB|Person=3|PronType=Prs|VerbForm=Fin",
      "POS=PART",
      "Mood=Ind|Number=Sing|POS=AUX|Person=1|Tense=Fut|VerbForm=Fin",
      "Mood=Cnd|Number=Sing|POS=AUX|Person=1|VerbForm=Fin",
      "Case=Acc|Gender=Masc|Number=Plur,Sing|POS=VERB|Person=1,3|PronType=Prs|VerbForm=Inf",
      "NumType=Card|POS=ADP",
      "Gender=Fem|Number=Sing|POS=PRON|PronType=Tot",
      "Gender=Masc|Number=Sing|POS=ADP|PronType=Rel",
      "Mood=Ind|Number=Sing|POS=VERB|Person=1|Tense=Pqp|VerbForm=Fin",
      "Case=Acc|Gender=Unsp|Mood=Ind|Number=Plur|POS=VERB|Person=3|PronType=Prs|Tense=Imp|VerbForm=Fin",
      "Case=Acc|Gender=Unsp|Number=Plur|POS=PRON|Person=3|PronType=Prs",
      "Case=Nom|Gender=Masc|Number=Sing|POS=SCONJ|Person=3|PronType=Prs",
      "Case=Dat|Gender=Fem|Mood=Ind|Number=Sing|POS=VERB|Person=3|PronType=Prs|Tense=Imp|VerbForm=Fin",
      "Definite=Def|Gender=Fem|Number=Plur|POS=PRON|PronType=Art",
      "Case=Dat|Gender=Unsp|Number=Sing|POS=VERB|Person=3|PronType=Prs|VerbForm=Ger",
      "Mood=Sub|Number=Plur|POS=AUX|Person=1|Tense=Pres|VerbForm=Fin"
    ],
    "parser": [
      "ROOT",
      "acl",
      "acl:relcl",
      "advcl",
      "advmod",
      "amod",
      "appos",
      "aux",
      "aux:pass",
      "case",
      "cc",
      "ccomp",
      "compound",
      "conj",
      "cop",
      "csubj",
      "dep",
      "det",
      "discourse",
      "expl",
      "fixed",
      "flat",
      "flat:foreign",
      "flat:name",
      "iobj",
      "mark",
      "nmod",
      "nsubj",
      "nsubj:pass",
      "nummod",
      "obj",
      "obl",
      "obl:agent",
      "parataxis",
      "punct",
      "xcomp"
    ],
    "senter": [
      "I",
      "S"
    ],
    "ner": [
      "LOC",
      "MISC",
      "ORG",
      "PER"
    ],
    "attribute_ruler": [],
    "lemmatizer": []
  },
  "pipeline": [
    "tok2vec",
    "morphologizer",
    "parser",
    "ner",
    "attribute_ruler",
    "lemmatizer"
  ],
  "components": [
    "tok2vec",
    "morphologizer",
    "parser",
    "senter",
    "ner",
    "attribute_ruler",
    "lemmatizer"
  ],
  "disabled": [
    "senter"
  ],
  "performance": {
    "tag_acc": 0.899895983,
    "ents_p": 0.9091249803,
    "ents_r": 0.9070316651,
    "ents_f": 0.9080771163,
    "sents_p": 0.9389896225,
    "sents_r": 0.9623281,
    "sents_f": 0.9505156226,
    "speed": 11487.4632297568,
    "ents_per_type": {
      "LOC": {
        "p": 0.9239179637,
        "r": 0.9329817159,
        "f": 0.9284277192
      },
      "PER": {
        "p": 0.9239527926,
        "r": 0.9381434599,
        "f": 0.9309940541
      },
      "ORG": {
        "p": 0.8652153775,
        "r": 0.8344873799,
        "f": 0.8495736214
      },
      "MISC": {
        "p": 0.8356140039,
        "r": 0.7777042673,
        "f": 0.8056198064
      }
    },
    "token_acc": 1.0,
    "pos_acc": 0.9739957403,
    "morph_acc": 0.9612679544,
    "lemma_acc": 0.767988907,
    "dep_uas": 0.9005760369,
    "dep_las": 0.8646967341,
    "morph_per_feat": {
      "Mood": {
        "p": 0.9866504854,
        "r": 0.9830713422,
        "f": 0.984857662
      },
      "Number": {
        "p": 0.9946750196,
        "r": 0.9892523364,
        "f": 0.9919562671
      },
      "Person": {
        "p": 0.9754535752,
        "r": 0.9754535752,
        "f": 0.9754535752
      },
      "Tense": {
        "p": 0.9515306122,
        "r": 0.9815789474,
        "f": 0.9663212435
      },
      "VerbForm": {
        "p": 0.9749608764,
        "r": 0.9873217116,
        "f": 0.9811023622
      },
      "Gender": {
        "p": 0.9691215957,
        "r": 0.9617434336,
        "f": 0.965418418
      },
      "PronType": {
        "p": 0.9911366006,
        "r": 0.9829369183,
        "f": 0.98701973
      },
      "Definite": {
        "p": 0.9965986395,
        "r": 0.9938941655,
        "f": 0.9952445652
      },
      "NumType": {
        "p": 0.9735973597,
        "r": 0.9640522876,
        "f": 0.9688013136
      },
      "Voice": {
        "p": 0.9411764706,
        "r": 0.9411764706,
        "f": 0.9411764706
      },
      "Polarity": {
        "p": 0.9863013699,
        "r": 1.0,
        "f": 0.9931034483
      },
      "Case": {
        "p": 0.9,
        "r": 0.9183673469,
        "f": 0.9090909091
      }
    },
    "dep_las_per_type": {
      "cop": {
        "p": 0.8609271523,
        "r": 0.9285714286,
        "f": 0.8934707904
      },
      "root": {
        "p": 0.9095840868,
        "r": 0.8982142857,
        "f": 0.9038634322
      },
      "det": {
        "p": 0.9701657459,
        "r": 0.9669603524,
        "f": 0.9685603971
      },
      "amod": {
        "p": 0.9217603912,
        "r": 0.9195121951,
        "f": 0.9206349206
      },
      "nsubj": {
        "p": 0.8888888889,
        "r": 0.8780487805,
        "f": 0.8834355828
      },
      "case": {
        "p": 0.977735369,
        "r": 0.9833653231,
        "f": 0.9805422648
      },
      "nmod": {
        "p": 0.8212351029,
        "r": 0.8431590656,
        "f": 0.8320526894
      },
      "flat:name": {
        "p": 0.9195804196,
        "r": 0.9460431655,
        "f": 0.9326241135
      },
      "acl": {
        "p": 0.6635514019,
        "r": 0.6173913043,
        "f": 0.6396396396
      },
      "advmod": {
        "p": 0.8189655172,
        "r": 0.8166189112,
        "f": 0.8177905308
      },
      "obl": {
        "p": 0.6893787575,
        "r": 0.7092783505,
        "f": 0.6991869919
      },
      "conj": {
        "p": 0.6039215686,
        "r": 0.5855513308,
        "f": 0.5945945946
      },
      "cc": {
        "p": 0.8927038627,
        "r": 0.9004329004,
        "f": 0.8965517241
      },
      "compound": {
        "p": 1.0,
        "r": 0.4285714286,
        "f": 0.6
      },
      "obj": {
        "p": 0.868,
        "r": 0.8298279159,
        "f": 0.8484848485
      },
      "obl:agent": {
        "p": 0.7567567568,
        "r": 0.9333333333,
        "f": 0.8358208955
      },
      "acl:relcl": {
        "p": 0.6822429907,
        "r": 0.6759259259,
        "f": 0.6790697674
      },
      "mark": {
        "p": 0.8660287081,
        "r": 0.8457943925,
        "f": 0.8557919622
      },
      "advcl": {
        "p": 0.6171875,
        "r": 0.7117117117,
        "f": 0.6610878661
      },
      "xcomp": {
        "p": 0.8225806452,
        "r": 0.8031496063,
        "f": 0.812749004
      },
      "iobj": {
        "p": 0.625,
        "r": 0.2272727273,
        "f": 0.3333333333
      },
      "appos": {
        "p": 0.5909090909,
        "r": 0.622754491,
        "f": 0.6064139942
      },
      "fixed": {
        "p": 0.8181818182,
        "r": 0.75,
        "f": 0.7826086957
      },
      "nummod": {
        "p": 0.9666666667,
        "r": 0.9294871795,
        "f": 0.9477124183
      },
      "aux": {
        "p": 0.9516129032,
        "r": 0.921875,
        "f": 0.9365079365
      },
      "csubj": {
        "p": 1.0,
        "r": 0.375,
        "f": 0.5454545455
      },
      "ccomp": {
        "p": 0.6666666667,
        "r": 0.6923076923,
        "f": 0.679245283
      },
      "orphan": {
        "p": 0.0,
        "r": 0.0,
        "f": 0.0
      },
      "flat": {
        "p": 1.0,
        "r": 0.9615384615,
        "f": 0.9803921569
      },
      "aux:pass": {
        "p": 0.9852941176,
        "r": 1.0,
        "f": 0.9925925926
      },
      "nsubj:pass": {
        "p": 0.875,
        "r": 0.9245283019,
        "f": 0.8990825688
      },
      "parataxis": {
        "p": 0.593220339,
        "r": 0.4430379747,
        "f": 0.5072463768
      },
      "expl": {
        "p": 0.7307692308,
        "r": 0.95,
        "f": 0.8260869565
      },
      "dep": {
        "p": 0.0,
        "r": 0.0,
        "f": 0.0
      },
      "vocative": {
        "p": 0.0,
        "r": 0.0,
        "f": 0.0
      },
      "discourse": {
        "p": 0.0,
        "r": 0.0,
        "f": 0.0
      },
      "flat:foreign": {
        "p": 0.6666666667,
        "r": 0.5,
        "f": 0.5714285714
      }
    }
  },
  "sources": [
    {
      "name": "UD Portuguese Bosque v2.5",
      "url": "https://github.com/UniversalDependencies/UD_Portuguese-Bosque",
      "license": "CC BY-SA 4.0",
      "author": "Rademaker, Alexandre; Freitas, Cl\u00e1udia; de Souza, Elvis; Silveira, Aline; Cavalcanti, Tatiana; Evelyn, Wograine; Rocha, Luisa; Soares-Bastos, Isabela; Bick, Eckhard; Chalub, Fabricio; Paulino-Passos, Guilherme; Real, Livy; de Paiva, Valeria; Zeman, Daniel; Popel, Martin; Mare\u010dek, David; Silveira, Natalia; Martins, Andr\u00e9"
    },
    {
      "name": "WikiNER",
      "url": "https://figshare.com/articles/Learning_multilingual_named_entity_recognition_from_Wikipedia/5462500",
      "license": "CC BY 4.0"
    }
  ],
  "requirements": [],
  "size": "551 MB",
  "checksum": "72e52e1153fc481718f55db3331f329a4039644bd23b67be348610339e0d5cef",
  "checksum_whl": "1ffce66a4e731818b71c503ebcf6f1de21e32f7c4e2031010083f62ac17d8709"
}