{
  "lang": "pt",
  "name": "core_news_md",
  "license": "CC BY-SA 4.0",
  "author": "Explosion",
  "url": "https://explosion.ai",
  "email": "contact@explosion.ai",
  "description": "Portuguese multi-task CNN trained on UD Portuguese Bosque and WikiNER. Assigns word vectors, POS tags, dependency parses and named entities. Word vectors trained using FastText CBOW on Wikipedia and OSCAR (Common Crawl).",
  "notes": "Because the model is trained on Wikipedia, it may perform inconsistently on many genres, such as social media text. The NER accuracy refers to the \"silver standard\" annotations in the WikiNER corpus. Accuracy on these annotations tends to be higher than correct human annotations.",
  "sources": [
    {
      "name": "UD Portuguese Bosque v2.5",
      "url": "https://github.com/UniversalDependencies/UD_Portuguese-Bosque",
      "license": "CC BY-SA 4.0",
      "author": "Rademaker, Alexandre; Freitas, Cl\u00e1udia; de Souza, Elvis; Silveira, Aline; Cavalcanti, Tatiana; Evelyn, Wograine; Rocha, Luisa; Soares-Bastos, Isabela; Bick, Eckhard; Chalub, Fabricio; Paulino-Passos, Guilherme; Real, Livy; de Paiva, Valeria; Zeman, Daniel; Popel, Martin; Mare\u010dek, David; Silveira, Natalia; Martins, Andr\u00e9"
    },
    {
      "name": "WikiNER",
      "url": "https://figshare.com/articles/Learning_multilingual_named_entity_recognition_from_Wikipedia/5462500",
      "license": "CC BY 4.0"
    },
    {
      "name": "OSCAR (Common Crawl)",
      "url": "https://oscar-corpus.com/",
      "license": "CC0"
    },
    {
      "name": "Wikipedia (20200301)",
      "url": "https://dumps.wikimedia.org/",
      "license": "CC BY-SA 3.0"
    }
  ],
  "pipeline": [
    "tagger",
    "parser",
    "ner"
  ],
  "version": "2.3.0",
  "spacy_version": ">=2.3.0,<2.4.0",
  "parent_package": "spacy",
  "accuracy": {
    "las": 87.2199504694,
    "uas": 90.9520244197,
    "token_acc": 99.8811881188,
    "las_per_type": {
      "nsubj": {
        "p": 88.927943761,
        "r": 88.1533101045,
        "f": 88.5389326334
      },
      "cop": {
        "p": 86.7549668874,
        "r": 93.5714285714,
        "f": 90.0343642612
      },
      "parataxis": {
        "p": 55.9322033898,
        "r": 41.7721518987,
        "f": 47.8260869565
      },
      "root": {
        "p": 91.0873440285,
        "r": 91.25,
        "f": 91.1685994648
      },
      "flat:name": {
        "p": 88.3959044369,
        "r": 93.1654676259,
        "f": 90.7180385289
      },
      "case": {
        "p": 98.0204342273,
        "r": 98.2085732566,
        "f": 98.1144135507
      },
      "obl": {
        "p": 71.5725806452,
        "r": 73.1958762887,
        "f": 72.375127421
      },
      "det": {
        "p": 96.6850828729,
        "r": 96.3656387665,
        "f": 96.5250965251
      },
      "nmod": {
        "p": 83.0230010953,
        "r": 84.3159065628,
        "f": 83.6644591611
      },
      "amod": {
        "p": 93.842364532,
        "r": 92.9268292683,
        "f": 93.3823529412
      },
      "mark": {
        "p": 88.8349514563,
        "r": 85.5140186916,
        "f": 87.1428571429
      },
      "aux": {
        "p": 90.625,
        "r": 90.625,
        "f": 90.625
      },
      "ccomp": {
        "p": 74.5098039216,
        "r": 73.0769230769,
        "f": 73.786407767
      },
      "nsubj:pass": {
        "p": 92.0,
        "r": 86.7924528302,
        "f": 89.3203883495
      },
      "aux:pass": {
        "p": 98.5294117647,
        "r": 100.0,
        "f": 99.2592592593
      },
      "xcomp": {
        "p": 82.3529411765,
        "r": 77.1653543307,
        "f": 79.674796748
      },
      "advmod": {
        "p": 82.3699421965,
        "r": 81.6618911175,
        "f": 82.0143884892
      },
      "cc": {
        "p": 90.1287553648,
        "r": 90.9090909091,
        "f": 90.5172413793
      },
      "acl": {
        "p": 64.4859813084,
        "r": 60.0,
        "f": 62.1621621622
      },
      "obj": {
        "p": 87.0333988212,
        "r": 84.7036328872,
        "f": 85.8527131783
      },
      "conj": {
        "p": 66.7953667954,
        "r": 65.7794676806,
        "f": 66.2835249042
      },
      "advcl": {
        "p": 57.2463768116,
        "r": 71.1711711712,
        "f": 63.453815261
      },
      "nummod": {
        "p": 97.9865771812,
        "r": 93.5897435897,
        "f": 95.737704918
      },
      "appos": {
        "p": 69.5402298851,
        "r": 72.4550898204,
        "f": 70.9677419355
      },
      "fixed": {
        "p": 82.7586206897,
        "r": 80.0,
        "f": 81.3559322034
      },
      "obl:agent": {
        "p": 77.7777777778,
        "r": 93.3333333333,
        "f": 84.8484848485
      },
      "acl:relcl": {
        "p": 70.0,
        "r": 71.2962962963,
        "f": 70.6422018349
      },
      "iobj": {
        "p": 75.0,
        "r": 27.2727272727,
        "f": 40.0
      },
      "expl": {
        "p": 76.9230769231,
        "r": 100.0,
        "f": 86.9565217391
      },
      "flat": {
        "p": 96.1538461538,
        "r": 96.1538461538,
        "f": 96.1538461538
      },
      "csubj": {
        "p": 100.0,
        "r": 37.5,
        "f": 54.5454545455
      },
      "dep": {
        "p": 0.0,
        "r": 0.0,
        "f": 0.0
      },
      "flat:foreign": {
        "p": 66.6666666667,
        "r": 50.0,
        "f": 57.1428571429
      },
      "compound": {
        "p": 100.0,
        "r": 42.8571428571,
        "f": 60.0
      },
      "orphan": {
        "p": 0.0,
        "r": 0.0,
        "f": 0.0
      },
      "vocative": {
        "p": 0.0,
        "r": 0.0,
        "f": 0.0
      },
      "discourse": {
        "p": 0.0,
        "r": 0.0,
        "f": 0.0
      }
    },
    "tags_acc": 94.8515930826,
    "ents_f": 90.7179108155,
    "ents_p": 90.8531048912,
    "ents_r": 90.5831184933,
    "ents_per_type": {
      "LOC": {
        "p": 92.6100793901,
        "r": 93.1082981716,
        "f": 92.8585205057
      },
      "ORG": {
        "p": 85.9507932858,
        "r": 83.4934107661,
        "f": 84.7042828008
      },
      "MISC": {
        "p": 83.2630098453,
        "r": 78.3327820046,
        "f": 80.722686211
      },
      "PER": {
        "p": 92.0378989362,
        "r": 93.4514767932,
        "f": 92.739301566
      }
    }
  },
  "speed": {
    "cpu": 7637.3572493657,
    "gpu": null,
    "nwords": 676043
  },
  "labels": {
    "tagger": [
      "ADJ",
      "ADJ__Gender=Fem|Number=Plur",
      "ADJ__Gender=Fem|Number=Plur|NumType=Ord",
      "ADJ__Gender=Fem|Number=Sing",
      "ADJ__Gender=Fem|Number=Sing|NumType=Ord",
      "ADJ__Gender=Masc",
      "ADJ__Gender=Masc|Number=Plur",
      "ADJ__Gender=Masc|Number=Plur|NumType=Ord",
      "ADJ__Gender=Masc|Number=Sing",
      "ADJ__Gender=Masc|Number=Sing|NumType=Ord",
      "ADJ__Gender=Unsp|Number=Plur",
      "ADJ__Gender=Unsp|Number=Sing",
      "ADJ__NumType=Ord",
      "ADJ__Number=Plur",
      "ADJ__Number=Sing",
      "ADP",
      "ADP_ADV",
      "ADP_ADV__Gender=Masc|Number=Sing|PronType=Art",
      "ADP_DET__Definite=Def|Gender=Fem|Number=Plur|PronType=Art",
      "ADP_DET__Definite=Def|Gender=Fem|Number=Sing|PronType=Art",
      "ADP_DET__Definite=Def|Gender=Fem|PronType=Art",
      "ADP_DET__Definite=Def|Gender=Masc|Number=Plur|PronType=Art",
      "ADP_DET__Definite=Def|Gender=Masc|Number=Sing|PronType=Art",
      "ADP_DET__Definite=Def|Gender=Masc|Number=Unsp|PronType=Art",
      "ADP_DET__Definite=Def|PronType=Art",
      "ADP_DET__Definite=Ind|Gender=Fem|Number=Sing|PronType=Art",
      "ADP_DET__Definite=Ind|Gender=Masc|Number=Sing|PronType=Art",
      "ADP_DET__Gender=Fem|Number=Plur|PronType=Art",
      "ADP_DET__Gender=Fem|Number=Plur|PronType=Dem",
      "ADP_DET__Gender=Fem|Number=Plur|PronType=Ind",
      "ADP_DET__Gender=Fem|Number=Sing|PronType=Art",
      "ADP_DET__Gender=Fem|Number=Sing|PronType=Dem",
      "ADP_DET__Gender=Fem|Number=Sing|PronType=Ind",
      "ADP_DET__Gender=Masc|Number=Plur|PronType=Art",
      "ADP_DET__Gender=Masc|Number=Plur|PronType=Dem",
      "ADP_DET__Gender=Masc|Number=Plur|PronType=Ind",
      "ADP_DET__Gender=Masc|Number=Sing|PronType=Art",
      "ADP_DET__Gender=Masc|Number=Sing|PronType=Dem",
      "ADP_DET__Gender=Masc|Number=Sing|PronType=Ind",
      "ADP_DET__PronType=Art",
      "ADP_DET__PronType=Dem",
      "ADP_NUM__NumType=Card",
      "ADP_PRON__Case=Nom|Gender=Fem|Number=Plur|Person=3|PronType=Prs",
      "ADP_PRON__Case=Nom|Gender=Fem|Number=Sing|Person=3|PronType=Prs",
      "ADP_PRON__Case=Nom|Gender=Masc|Number=Plur|Person=3|PronType=Prs",
      "ADP_PRON__Case=Nom|Gender=Masc|Number=Sing|Person=3|PronType=Prs",
      "ADP_PRON__Definite=Def|Gender=Fem|Number=Plur|PronType=Art",
      "ADP_PRON__Definite=Def|Gender=Fem|Number=Sing|PronType=Art",
      "ADP_PRON__Definite=Def|Gender=Fem|Number=Sing|PronType=Dem",
      "ADP_PRON__Definite=Def|Gender=Masc|Number=Plur|PronType=Dem",
      "ADP_PRON__Definite=Def|Gender=Masc|Number=Sing|PronType=Art",
      "ADP_PRON__Definite=Def|Gender=Masc|Number=Sing|PronType=Dem",
      "ADP_PRON__Gender=Fem|Number=Plur|Person=1|PronType=Prs",
      "ADP_PRON__Gender=Fem|Number=Plur|Person=3|PronType=Prs",
      "ADP_PRON__Gender=Fem|Number=Plur|PronType=Dem",
      "ADP_PRON__Gender=Fem|Number=Plur|PronType=Ind",
      "ADP_PRON__Gender=Fem|Number=Sing|Person=1|PronType=Prs",
      "ADP_PRON__Gender=Fem|Number=Sing|Person=3|PronType=Prs",
      "ADP_PRON__Gender=Fem|Number=Sing|PronType=Dem",
      "ADP_PRON__Gender=Fem|Number=Sing|PronType=Ind",
      "ADP_PRON__Gender=Masc|Number=Plur|Person=3|PronType=Prs",
      "ADP_PRON__Gender=Masc|Number=Plur|PronType=Dem",
      "ADP_PRON__Gender=Masc|Number=Sing|Person=3|PronType=Prs",
      "ADP_PRON__Gender=Masc|Number=Sing|PronType=Dem",
      "ADP_PRON__Gender=Masc|Number=Sing|PronType=Ind",
      "ADP_PRON__Gender=Masc|Number=Sing|PronType=Rel",
      "ADP_PRON__Gender=Unsp|Number=Plur|Person=2|PronType=Prs",
      "ADP_PRON__PronType=Rel",
      "ADP_PROPN__Gender=Masc|Number=Plur",
      "ADP_PROPN__Number=Sing",
      "ADP__Gender=Masc|Number=Sing",
      "ADV",
      "ADV_PRON__Case=Acc|Gender=Masc|Number=Sing|Person=3|PronType=Prs",
      "ADV_PROPN__Gender=Unsp|Number=Sing",
      "ADV__Gender=Fem|Number=Sing|PronType=Ind",
      "ADV__Gender=Fem|Number=Sing|PronType=Rel",
      "ADV__Gender=Masc|Number=Sing",
      "ADV__Gender=Masc|Number=Sing|Polarity=Neg",
      "ADV__Gender=Masc|Number=Sing|PronType=Ind",
      "ADV__Gender=Masc|Number=Sing|PronType=Int",
      "ADV__Gender=Unsp|Number=Sing|PronType=Ind",
      "ADV__Gender=Unsp|Number=Unsp|PronType=Int",
      "ADV__Polarity=Neg",
      "AUX",
      "AUX_PRON__Case=Acc|Gender=Fem|Mood=Ind|Number=Sing|Person=3|PronType=Prs|Tense=Pres|VerbForm=Fin",
      "AUX_PRON__Case=Acc|Gender=Fem|Number=Sing|Person=3|PronType=Prs|VerbForm=Inf",
      "AUX_PRON__Case=Acc|Gender=Fem|PronType=Prs|VerbForm=Ger",
      "AUX_PRON__Case=Acc|Gender=Masc|Mood=Ind|Number=Plur|Person=3|PronType=Prs|Tense=Imp|VerbForm=Fin",
      "AUX_PRON__Case=Acc|Gender=Masc|Mood=Ind|Number=Sing|Person=3|PronType=Prs|Tense=Imp|VerbForm=Fin",
      "AUX_PRON__Case=Acc|Gender=Masc|Mood=Ind|Number=Sing|Person=3|PronType=Prs|Tense=Past|VerbForm=Fin",
      "AUX_PRON__Case=Acc|Gender=Masc|Mood=Ind|Number=Sing|Person=3|PronType=Prs|Tense=Pres|VerbForm=Fin",
      "AUX_PRON__Case=Acc|Gender=Masc|Number=Sing|Person=3|PronType=Prs|VerbForm=Ger",
      "AUX_PRON__Case=Acc|Gender=Masc|Number=Sing|Person=3|PronType=Prs|VerbForm=Inf",
      "AUX_PRON__Case=Acc|Gender=Masc|PronType=Prs|VerbForm=Ger",
      "AUX_PRON__Case=Acc|Gender=Unsp|Mood=Ind|Number=Sing|Person=1|PronType=Prs|Tense=Pres|VerbForm=Fin",
      "AUX_PRON__Case=Acc|Gender=Unsp|Mood=Ind|Number=Sing|Person=3|PronType=Prs|Tense=Pres|VerbForm=Fin",
      "AUX_PRON__Case=Acc|Gender=Unsp|Mood=Sub|Number=Sing|Person=3|PronType=Prs|Tense=Pres|VerbForm=Fin",
      "AUX_PRON__Case=Acc|Gender=Unsp|PronType=Prs|VerbForm=Inf",
      "AUX_PRON__Case=Dat|Gender=Masc|Number=Sing|Person=3|PronType=Prs|VerbForm=Ger",
      "AUX_PRON__Case=Dat|Gender=Unsp|Mood=Ind|Number=Sing|Person=1,3|PronType=Prs|Tense=Past|VerbForm=Fin",
      "AUX__Gender=Masc|Number=Sing|VerbForm=Part",
      "AUX__Mood=Cnd|Number=Plur|Person=3|VerbForm=Fin",
      "AUX__Mood=Cnd|Number=Sing|Person=1|VerbForm=Fin",
      "AUX__Mood=Cnd|Number=Sing|Person=3|VerbForm=Fin",
      "AUX__Mood=Imp|Number=Sing|Person=2|VerbForm=Fin",
      "AUX__Mood=Ind|Number=Plur|Person=1|Tense=Fut|VerbForm=Fin",
      "AUX__Mood=Ind|Number=Plur|Person=1|Tense=Imp|VerbForm=Fin",
      "AUX__Mood=Ind|Number=Plur|Person=1|Tense=Past|VerbForm=Fin",
      "AUX__Mood=Ind|Number=Plur|Person=1|Tense=Pres|VerbForm=Fin",
      "AUX__Mood=Ind|Number=Plur|Person=3|Tense=Fut|VerbForm=Fin",
      "AUX__Mood=Ind|Number=Plur|Person=3|Tense=Imp|VerbForm=Fin",
      "AUX__Mood=Ind|Number=Plur|Person=3|Tense=Past|VerbForm=Fin",
      "AUX__Mood=Ind|Number=Plur|Person=3|Tense=Pqp|VerbForm=Fin",
      "AUX__Mood=Ind|Number=Plur|Person=3|Tense=Pres|VerbForm=Fin",
      "AUX__Mood=Ind|Number=Plur|Person=3|VerbForm=Fin",
      "AUX__Mood=Ind|Number=Sing|Person=1|Tense=Fut|VerbForm=Fin",
      "AUX__Mood=Ind|Number=Sing|Person=1|Tense=Imp|VerbForm=Fin",
      "AUX__Mood=Ind|Number=Sing|Person=1|Tense=Past|VerbForm=Fin",
      "AUX__Mood=Ind|Number=Sing|Person=1|Tense=Pqp|VerbForm=Fin",
      "AUX__Mood=Ind|Number=Sing|Person=1|Tense=Pres|VerbForm=Fin",
      "AUX__Mood=Ind|Number=Sing|Person=2|Tense=Pres|VerbForm=Fin",
      "AUX__Mood=Ind|Number=Sing|Person=3|Tense=Fut|VerbForm=Fin",
      "AUX__Mood=Ind|Number=Sing|Person=3|Tense=Imp|VerbForm=Fin",
      "AUX__Mood=Ind|Number=Sing|Person=3|Tense=Past|VerbForm=Fin",
      "AUX__Mood=Ind|Number=Sing|Person=3|Tense=Pqp|VerbForm=Fin",
      "AUX__Mood=Ind|Number=Sing|Person=3|Tense=Pres|VerbForm=Fin",
      "AUX__Mood=Ind|Number=Sing|Tense=Imp|VerbForm=Fin",
      "AUX__Mood=Sub|Number=Plur|Person=1|Tense=Pres|VerbForm=Fin",
      "AUX__Mood=Sub|Number=Plur|Person=3|Tense=Fut|VerbForm=Fin",
      "AUX__Mood=Sub|Number=Plur|Person=3|Tense=Imp|VerbForm=Fin",
      "AUX__Mood=Sub|Number=Plur|Person=3|Tense=Pres|VerbForm=Fin",
      "AUX__Mood=Sub|Number=Sing|Person=1|Tense=Imp|VerbForm=Fin",
      "AUX__Mood=Sub|Number=Sing|Person=3|Tense=Fut|VerbForm=Fin",
      "AUX__Mood=Sub|Number=Sing|Person=3|Tense=Imp|VerbForm=Fin",
      "AUX__Mood=Sub|Number=Sing|Person=3|Tense=Pres|VerbForm=Fin",
      "AUX__Mood=Sub|Number=Sing|Tense=Imp|VerbForm=Fin",
      "AUX__Number=Plur|Person=1|Tense=Past",
      "AUX__Number=Plur|Person=1|VerbForm=Inf",
      "AUX__Number=Plur|Person=3|VerbForm=Inf",
      "AUX__Number=Sing|Person=3|VerbForm=Inf",
      "AUX__VerbForm=Ger",
      "AUX__VerbForm=Inf",
      "AUX__VerbForm=Part",
      "CCONJ",
      "DET",
      "DET__Definite=Def|Gender=Fem|Number=Plur|PronType=Art",
      "DET__Definite=Def|Gender=Fem|Number=Sing|PronType=Art",
      "DET__Definite=Def|Gender=Masc|Number=Plur|PronType=Art",
      "DET__Definite=Def|Gender=Masc|Number=Sing|PronType=Art",
      "DET__Definite=Def|Number=Sing|PronType=Art",
      "DET__Definite=Def|PronType=Art",
      "DET__Definite=Ind|Gender=Fem|Number=Sing|PronType=Art",
      "DET__Definite=Ind|Gender=Fem|PronType=Art",
      "DET__Definite=Ind|Gender=Masc|Number=Sing|PronType=Art",
      "DET__Gender=Fem|Number=Plur",
      "DET__Gender=Fem|Number=Plur|PronType=Art",
      "DET__Gender=Fem|Number=Plur|PronType=Dem",
      "DET__Gender=Fem|Number=Plur|PronType=Emp",
      "DET__Gender=Fem|Number=Plur|PronType=Ind",
      "DET__Gender=Fem|Number=Plur|PronType=Int",
      "DET__Gender=Fem|Number=Plur|PronType=Prs",
      "DET__Gender=Fem|Number=Plur|PronType=Rel",
      "DET__Gender=Fem|Number=Plur|PronType=Tot",
      "DET__Gender=Fem|Number=Sing",
      "DET__Gender=Fem|Number=Sing|PronType=Art",
      "DET__Gender=Fem|Number=Sing|PronType=Dem",
      "DET__Gender=Fem|Number=Sing|PronType=Emp",
      "DET__Gender=Fem|Number=Sing|PronType=Ind",
      "DET__Gender=Fem|Number=Sing|PronType=Int",
      "DET__Gender=Fem|Number=Sing|PronType=Neg",
      "DET__Gender=Fem|Number=Sing|PronType=Prs",
      "DET__Gender=Fem|Number=Sing|PronType=Rel",
      "DET__Gender=Fem|Number=Sing|PronType=Tot",
      "DET__Gender=Fem|PronType=Dem",
      "DET__Gender=Masc|Number=Plur",
      "DET__Gender=Masc|Number=Plur|PronType=Art",
      "DET__Gender=Masc|Number=Plur|PronType=Dem",
      "DET__Gender=Masc|Number=Plur|PronType=Emp",
      "DET__Gender=Masc|Number=Plur|PronType=Ind",
      "DET__Gender=Masc|Number=Plur|PronType=Int",
      "DET__Gender=Masc|Number=Plur|PronType=Prs",
      "DET__Gender=Masc|Number=Plur|PronType=Rel",
      "DET__Gender=Masc|Number=Plur|PronType=Tot",
      "DET__Gender=Masc|Number=Sing",
      "DET__Gender=Masc|Number=Sing|PronType=Art",
      "DET__Gender=Masc|Number=Sing|PronType=Dem",
      "DET__Gender=Masc|Number=Sing|PronType=Emp",
      "DET__Gender=Masc|Number=Sing|PronType=Ind",
      "DET__Gender=Masc|Number=Sing|PronType=Int",
      "DET__Gender=Masc|Number=Sing|PronType=Neg",
      "DET__Gender=Masc|Number=Sing|PronType=Prs",
      "DET__Gender=Masc|Number=Sing|PronType=Rel",
      "DET__Gender=Masc|Number=Sing|PronType=Tot",
      "DET__Gender=Unsp|Number=Plur|PronType=Ind",
      "DET__Gender=Unsp|Number=Sing|PronType=Ind",
      "DET__Gender=Unsp|Number=Sing|PronType=Rel",
      "DET__Gender=Unsp|Number=Sing|PronType=Tot",
      "DET__Number=Sing",
      "DET__Number=Sing|PronType=Art",
      "DET__PronType=Ind",
      "DET__PronType=Int",
      "INTJ",
      "NOUN",
      "NOUN__Foreign=Yes",
      "NOUN__Gender=Fem|Number=Plur",
      "NOUN__Gender=Fem|Number=Sing",
      "NOUN__Gender=Masc",
      "NOUN__Gender=Masc|Number=Plur",
      "NOUN__Gender=Masc|Number=Sing",
      "NOUN__Gender=Masc|Number=Sing|NumType=Ord",
      "NOUN__Gender=Masc|Number=Unsp",
      "NOUN__Gender=Unsp|Number=Plur",
      "NOUN__Gender=Unsp|Number=Sing",
      "NOUN__Number=Sing",
      "NUM__Gender=Fem|Number=Plur",
      "NUM__Gender=Fem|Number=Sing",
      "NUM__Gender=Masc|Number=Plur",
      "NUM__Gender=Masc|Number=Sing|NumType=Card",
      "NUM__Gender=Masc|Number=Sing|NumType=Frac",
      "NUM__Gender=Masc|Number=Sing|NumType=Mult",
      "NUM__Gender=Masc|Number=Sing|NumType=Sets",
      "NUM__NumType=Card",
      "NUM__NumType=Frac",
      "NUM__NumType=Mult",
      "NUM__NumType=Ord",
      "NUM__NumType=Range",
      "NUM__Number=Plur|NumType=Card",
      "PART",
      "PART_NOUN__Gender=Masc|Number=Sing",
      "PART__Gender=Masc|Number=Sing",
      "PRON_PRON__Case=Acc,Dat|Gender=Fem,Unsp|Number=Sing|Person=3|PronType=Prs",
      "PRON__Case=Acc|Gender=Fem|Number=Plur|Person=3|PronType=Prs",
      "PRON__Case=Acc|Gender=Fem|Number=Sing|Person=1|PronType=Prs",
      "PRON__Case=Acc|Gender=Fem|Number=Sing|Person=3|PronType=Prs",
      "PRON__Case=Acc|Gender=Fem|PronType=Prs",
      "PRON__Case=Acc|Gender=Masc|Number=Plur|Person=1|PronType=Prs",
      "PRON__Case=Acc|Gender=Masc|Number=Plur|Person=3|PronType=Prs",
      "PRON__Case=Acc|Gender=Masc|Number=Sing|Person=1|PronType=Prs",
      "PRON__Case=Acc|Gender=Masc|Number=Sing|Person=2|PronType=Prs",
      "PRON__Case=Acc|Gender=Masc|Number=Sing|Person=3|PronType=Dem",
      "PRON__Case=Acc|Gender=Masc|Number=Sing|Person=3|PronType=Prs",
      "PRON__Case=Acc|Gender=Masc|Number=Sing|PronType=Prs",
      "PRON__Case=Acc|Gender=Masc|PronType=Prs",
      "PRON__Case=Acc|Gender=Unsp|Number=Plur|Person=1|PronType=Prs",
      "PRON__Case=Acc|Gender=Unsp|Number=Plur|Person=3|PronType=Prs",
      "PRON__Case=Acc|Gender=Unsp|Number=Sing|Person=1|PronType=Prs",
      "PRON__Case=Acc|Gender=Unsp|Number=Sing|Person=3|PronType=Prs",
      "PRON__Case=Acc|Gender=Unsp|Number=Sing|Person=3|PronType=Prs|VerbForm=Ger",
      "PRON__Case=Acc|Gender=Unsp|PronType=Prs",
      "PRON__Case=Acc|Number=Sing|Person=3|PronType=Prs",
      "PRON__Case=Dat|Gender=Fem|Number=Plur|Person=3|PronType=Prs",
      "PRON__Case=Dat|Gender=Fem|Number=Sing|Person=1|PronType=Prs",
      "PRON__Case=Dat|Gender=Fem|Number=Sing|Person=3|PronType=Prs",
      "PRON__Case=Dat|Gender=Masc|Number=Plur|Person=1|PronType=Prs",
      "PRON__Case=Dat|Gender=Masc|Number=Plur|Person=3|PronType=Prs",
      "PRON__Case=Dat|Gender=Masc|Number=Sing|Person=1|PronType=Prs",
      "PRON__Case=Dat|Gender=Masc|Number=Sing|Person=3|PronType=Prs",
      "PRON__Case=Dat|Gender=Unsp|Number=Plur|Person=1|PronType=Prs",
      "PRON__Case=Dat|Gender=Unsp|Number=Plur|Person=2|PronType=Prs",
      "PRON__Case=Dat|Gender=Unsp|Number=Plur|Person=3|PronType=Prs",
      "PRON__Case=Dat|Gender=Unsp|Number=Sing|Person=1|PronType=Prs",
      "PRON__Case=Dat|Gender=Unsp|Number=Sing|Person=3|PronType=Prs",
      "PRON__Case=Dat|Gender=Unsp|PronType=Prs",
      "PRON__Case=Nom|Gender=Fem|Number=Plur|Person=3|PronType=Prs",
      "PRON__Case=Nom|Gender=Fem|Number=Sing|Person=1|PronType=Prs",
      "PRON__Case=Nom|Gender=Fem|Number=Sing|Person=3|PronType=Prs",
      "PRON__Case=Nom|Gender=Masc|Number=Plur|Person=1|PronType=Prs",
      "PRON__Case=Nom|Gender=Masc|Number=Plur|Person=3|PronType=Prs",
      "PRON__Case=Nom|Gender=Masc|Number=Sing|Person=1|PronType=Prs",
      "PRON__Case=Nom|Gender=Masc|Number=Sing|Person=3|PronType=Prs",
      "PRON__Case=Nom|Gender=Unsp|Number=Plur|Person=1|PronType=Prs",
      "PRON__Case=Nom|Gender=Unsp|Number=Plur|Person=2|PronType=Prs",
      "PRON__Case=Nom|Gender=Unsp|Number=Plur|Person=3|PronType=Prs",
      "PRON__Case=Nom|Gender=Unsp|Number=Sing|Person=1|PronType=Prs",
      "PRON__Case=Nom|Gender=Unsp|Number=Sing|Person=3|PronType=Prs",
      "PRON__Definite=Def|Gender=Fem|Number=Plur|PronType=Dem",
      "PRON__Definite=Def|Gender=Fem|Number=Sing|PronType=Art",
      "PRON__Definite=Def|Gender=Fem|Number=Sing|PronType=Dem",
      "PRON__Definite=Def|Gender=Masc|Number=Plur|PronType=Art",
      "PRON__Definite=Def|Gender=Masc|Number=Plur|PronType=Dem",
      "PRON__Definite=Def|Gender=Masc|Number=Plur|PronType=Rel",
      "PRON__Definite=Def|Gender=Masc|Number=Sing|PronType=Art",
      "PRON__Definite=Def|Gender=Masc|Number=Sing|PronType=Dem",
      "PRON__Definite=Def|Gender=Masc|Number=Sing|PronType=Rel",
      "PRON__Gender=Fem|Number=Plur|Person=3|PronType=Prs",
      "PRON__Gender=Fem|Number=Plur|PronType=Dem",
      "PRON__Gender=Fem|Number=Plur|PronType=Ind",
      "PRON__Gender=Fem|Number=Plur|PronType=Int",
      "PRON__Gender=Fem|Number=Plur|PronType=Prs",
      "PRON__Gender=Fem|Number=Plur|PronType=Rel",
      "PRON__Gender=Fem|Number=Plur|PronType=Tot",
      "PRON__Gender=Fem|Number=Sing|Person=1|PronType=Prs",
      "PRON__Gender=Fem|Number=Sing|Person=3|PronType=Prs",
      "PRON__Gender=Fem|Number=Sing|PronType=Dem",
      "PRON__Gender=Fem|Number=Sing|PronType=Ind",
      "PRON__Gender=Fem|Number=Sing|PronType=Int",
      "PRON__Gender=Fem|Number=Sing|PronType=Neg",
      "PRON__Gender=Fem|Number=Sing|PronType=Prs",
      "PRON__Gender=Fem|Number=Sing|PronType=Rel",
      "PRON__Gender=Fem|Number=Sing|PronType=Tot",
      "PRON__Gender=Masc|Number=Plur|Person=1|PronType=Prs",
      "PRON__Gender=Masc|Number=Plur|Person=3|PronType=Prs",
      "PRON__Gender=Masc|Number=Plur|PronType=Dem",
      "PRON__Gender=Masc|Number=Plur|PronType=Ind",
      "PRON__Gender=Masc|Number=Plur|PronType=Int",
      "PRON__Gender=Masc|Number=Plur|PronType=Prs",
      "PRON__Gender=Masc|Number=Plur|PronType=Rel",
      "PRON__Gender=Masc|Number=Plur|PronType=Tot",
      "PRON__Gender=Masc|Number=Sing",
      "PRON__Gender=Masc|Number=Sing|Person=1|PronType=Prs",
      "PRON__Gender=Masc|Number=Sing|Person=2|PronType=Prs",
      "PRON__Gender=Masc|Number=Sing|Person=3|PronType=Prs",
      "PRON__Gender=Masc|Number=Sing|PronType=Dem",
      "PRON__Gender=Masc|Number=Sing|PronType=Ind",
      "PRON__Gender=Masc|Number=Sing|PronType=Int",
      "PRON__Gender=Masc|Number=Sing|PronType=Neg",
      "PRON__Gender=Masc|Number=Sing|PronType=Prs",
      "PRON__Gender=Masc|Number=Sing|PronType=Rel",
      "PRON__Gender=Masc|Number=Sing|PronType=Tot",
      "PRON__Gender=Masc|Number=Unsp|PronType=Ind",
      "PRON__Gender=Unsp|Number=Plur|Person=1|PronType=Prs",
      "PRON__Gender=Unsp|Number=Plur|PronType=Int",
      "PRON__Gender=Unsp|Number=Plur|PronType=Rel",
      "PRON__Gender=Unsp|Number=Sing|Person=1|PronType=Prs",
      "PRON__Gender=Unsp|Number=Sing|Person=3|PronType=Prs",
      "PRON__Gender=Unsp|Number=Sing|PronType=Ind",
      "PRON__Gender=Unsp|Number=Sing|PronType=Int",
      "PRON__Gender=Unsp|Number=Sing|PronType=Rel",
      "PRON__Gender=Unsp|Number=Sing|PronType=Tot",
      "PRON__Gender=Unsp|Number=Unsp|PronType=Dem",
      "PRON__Gender=Unsp|Number=Unsp|PronType=Ind",
      "PRON__Gender=Unsp|Number=Unsp|PronType=Int",
      "PRON__Gender=Unsp|Number=Unsp|PronType=Rel",
      "PRON__Gender=Unsp|PronType=Prs",
      "PRON__Number=Sing|Person=3|PronType=Prs",
      "PRON__Number=Sing|PronType=Rel",
      "PRON__Number=Unsp|PronType=Ind",
      "PRON__Person=3|PronType=Prs|Reflex=Yes",
      "PRON__PronType=Dem",
      "PRON__PronType=Neg",
      "PRON__PronType=Rel",
      "PROPN",
      "PROPN_DET__Gender=Masc|Number=Sing|PronType=Art",
      "PROPN_PROPN__Gender=Fem,Masc|Number=Sing",
      "PROPN_PROPN__Gender=Fem|Number=Sing",
      "PROPN_PROPN__Gender=Masc|Number=Sing",
      "PROPN__Gender=Fem|Number=Plur",
      "PROPN__Gender=Fem|Number=Sing",
      "PROPN__Gender=Fem|Number=Sing|PronType=Art",
      "PROPN__Gender=Masc",
      "PROPN__Gender=Masc|Number=Plur",
      "PROPN__Gender=Masc|Number=Sing",
      "PROPN__Gender=Masc|Number=Sing|PronType=Art",
      "PROPN__Gender=Unsp|Number=Plur",
      "PROPN__Gender=Unsp|Number=Sing",
      "PROPN__Number=Sing",
      "PROPN__Number=Sing|PronType=Art",
      "PUNCT",
      "SCONJ",
      "SCONJ_DET__Definite=Def|Gender=Fem|Number=Plur|PronType=Art",
      "SCONJ_DET__Definite=Def|Gender=Fem|Number=Sing|PronType=Art",
      "SCONJ_DET__Definite=Def|Gender=Masc|Number=Plur|PronType=Art",
      "SCONJ_DET__Definite=Def|Gender=Masc|Number=Sing|PronType=Art",
      "SCONJ_DET__Definite=Def|PronType=Art",
      "SCONJ_DET__Gender=Fem|Number=Sing|PronType=Dem",
      "SCONJ_DET__Gender=Masc|Number=Plur|PronType=Dem",
      "SCONJ_PRON__Case=Nom|Gender=Masc|Number=Sing|Person=3|PronType=Prs",
      "SCONJ_PRON__Gender=Masc|Number=Plur|PronType=Dem",
      "SCONJ_PRON__Gender=Masc|Number=Sing|PronType=Dem",
      "SCONJ__Definite=Ind|Gender=Fem|Number=Sing|PronType=Art",
      "SCONJ__Gender=Masc|Number=Sing",
      "SCONJ__VerbForm=Ger",
      "SYM",
      "VERB",
      "VERB_PRON__Case=Acc|Gender=Fem|Mood=Cnd|Number=Sing|Person=3|PronType=Prs|VerbForm=Fin",
      "VERB_PRON__Case=Acc|Gender=Fem|Mood=Ind|Number=Plur,Sing|Person=1,3|PronType=Prs|Tense=Imp|VerbForm=Fin",
      "VERB_PRON__Case=Acc|Gender=Fem|Mood=Ind|Number=Plur,Sing|Person=1,3|PronType=Prs|Tense=Past|VerbForm=Fin",
      "VERB_PRON__Case=Acc|Gender=Fem|Mood=Ind|Number=Plur,Sing|Person=3|PronType=Prs|Tense=Imp|VerbForm=Fin",
      "VERB_PRON__Case=Acc|Gender=Fem|Mood=Ind|Number=Plur,Sing|Person=3|PronType=Prs|Tense=Past|VerbForm=Fin",
      "VERB_PRON__Case=Acc|Gender=Fem|Mood=Ind|Number=Plur,Sing|Person=3|PronType=Prs|Tense=Pres|VerbForm=Fin",
      "VERB_PRON__Case=Acc|Gender=Fem|Mood=Ind|Number=Plur|Person=3|PronType=Prs|Tense=Imp|VerbForm=Fin",
      "VERB_PRON__Case=Acc|Gender=Fem|Mood=Ind|Number=Plur|Person=3|PronType=Prs|Tense=Past|VerbForm=Fin",
      "VERB_PRON__Case=Acc|Gender=Fem|Mood=Ind|Number=Plur|Person=3|PronType=Prs|Tense=Pres|VerbForm=Fin",
      "VERB_PRON__Case=Acc|Gender=Fem|Mood=Ind|Number=Plur|Person=3|PronType=Prs|Tense=Pres|VerbForm=Fin|Voice=Pass",
      "VERB_PRON__Case=Acc|Gender=Fem|Mood=Ind|Number=Plur|Person=3|PronType=Prs|VerbForm=Fin",
      "VERB_PRON__Case=Acc|Gender=Fem|Mood=Ind|Number=Sing|Person=1,3|PronType=Prs|Tense=Past|VerbForm=Fin",
      "VERB_PRON__Case=Acc|Gender=Fem|Mood=Ind|Number=Sing|Person=1,3|PronType=Prs|Tense=Pres|VerbForm=Fin",
      "VERB_PRON__Case=Acc|Gender=Fem|Mood=Ind|Number=Sing|Person=1|PronType=Prs|Tense=Past|VerbForm=Fin",
      "VERB_PRON__Case=Acc|Gender=Fem|Mood=Ind|Number=Sing|Person=3|PronType=Prs|Tense=Fut|VerbForm=Fin",
      "VERB_PRON__Case=Acc|Gender=Fem|Mood=Ind|Number=Sing|Person=3|PronType=Prs|Tense=Imp|VerbForm=Fin",
      "VERB_PRON__Case=Acc|Gender=Fem|Mood=Ind|Number=Sing|Person=3|PronType=Prs|Tense=Past|VerbForm=Fin",
      "VERB_PRON__Case=Acc|Gender=Fem|Mood=Ind|Number=Sing|Person=3|PronType=Prs|Tense=Pqp|VerbForm=Fin",
      "VERB_PRON__Case=Acc|Gender=Fem|Mood=Ind|Number=Sing|Person=3|PronType=Prs|Tense=Pres|VerbForm=Fin",
      "VERB_PRON__Case=Acc|Gender=Fem|Mood=Ind|Number=Sing|Person=3|PronType=Prs|Tense=Pres|VerbForm=Fin|Voice=Pass",
      "VERB_PRON__Case=Acc|Gender=Fem|Mood=Sub|Number=Plur|Person=3|PronType=Prs|Tense=Pres|VerbForm=Fin|Voice=Pass",
      "VERB_PRON__Case=Acc|Gender=Fem|Number=Plur|Person=3|PronType=Prs|VerbForm=Ger",
      "VERB_PRON__Case=Acc|Gender=Fem|Number=Plur|Person=3|PronType=Prs|VerbForm=Inf",
      "VERB_PRON__Case=Acc|Gender=Fem|Number=Plur|Person=3|PronType=Prs|VerbForm=Inf|Voice=Pass",
      "VERB_PRON__Case=Acc|Gender=Fem|Number=Sing|Person=3|PronType=Prs|VerbForm=Ger",
      "VERB_PRON__Case=Acc|Gender=Fem|Number=Sing|Person=3|PronType=Prs|VerbForm=Inf",
      "VERB_PRON__Case=Acc|Gender=Fem|Number=Sing|PronType=Prs|VerbForm=Inf",
      "VERB_PRON__Case=Acc|Gender=Masc|Mood=Ind|Number=Plur,Sing|Person=3|PronType=Prs|Tense=Imp|VerbForm=Fin",
      "VERB_PRON__Case=Acc|Gender=Masc|Mood=Ind|Number=Plur,Sing|Person=3|PronType=Prs|Tense=Past|VerbForm=Fin",
      "VERB_PRON__Case=Acc|Gender=Masc|Mood=Ind|Number=Plur,Sing|Person=3|PronType=Prs|Tense=Pres|VerbForm=Fin",
      "VERB_PRON__Case=Acc|Gender=Masc|Mood=Ind|Number=Plur|Person=1|PronType=Prs|Tense=Pres|VerbForm=Fin",
      "VERB_PRON__Case=Acc|Gender=Masc|Mood=Ind|Number=Plur|Person=3|PronType=Prs|Tense=Fut|VerbForm=Fin",
      "VERB_PRON__Case=Acc|Gender=Masc|Mood=Ind|Number=Plur|Person=3|PronType=Prs|Tense=Imp|VerbForm=Fin",
      "VERB_PRON__Case=Acc|Gender=Masc|Mood=Ind|Number=Plur|Person=3|PronType=Prs|Tense=Past|VerbForm=Fin",
      "VERB_PRON__Case=Acc|Gender=Masc|Mood=Ind|Number=Plur|Person=3|PronType=Prs|Tense=Pres|VerbForm=Fin",
      "VERB_PRON__Case=Acc|Gender=Masc|Mood=Ind|Number=Sing|Person=1,3|PronType=Prs|Tense=Past|VerbForm=Fin",
      "VERB_PRON__Case=Acc|Gender=Masc|Mood=Ind|Number=Sing|Person=1|PronType=Prs|Tense=Pres|VerbForm=Fin",
      "VERB_PRON__Case=Acc|Gender=Masc|Mood=Ind|Number=Sing|Person=2|PronType=Prs|Tense=Past|VerbForm=Fin",
      "VERB_PRON__Case=Acc|Gender=Masc|Mood=Ind|Number=Sing|Person=3|PronType=Prs|Tense=Fut|VerbForm=Fin",
      "VERB_PRON__Case=Acc|Gender=Masc|Mood=Ind|Number=Sing|Person=3|PronType=Prs|Tense=Imp|VerbForm=Fin",
      "VERB_PRON__Case=Acc|Gender=Masc|Mood=Ind|Number=Sing|Person=3|PronType=Prs|Tense=Past|VerbForm=Fin",
      "VERB_PRON__Case=Acc|Gender=Masc|Mood=Ind|Number=Sing|Person=3|PronType=Prs|Tense=Past|VerbForm=Fin|Voice=Pass",
      "VERB_PRON__Case=Acc|Gender=Masc|Mood=Ind|Number=Sing|Person=3|PronType=Prs|Tense=Pqp|VerbForm=Fin",
      "VERB_PRON__Case=Acc|Gender=Masc|Mood=Ind|Number=Sing|Person=3|PronType=Prs|Tense=Pres|VerbForm=Fin",
      "VERB_PRON__Case=Acc|Gender=Masc|Mood=Sub|Number=Plur|Person=3|PronType=Prs|Tense=Pres|VerbForm=Fin",
      "VERB_PRON__Case=Acc|Gender=Masc|Mood=Sub|Number=Plur|Person=3|PronType=Prs|Tense=Pres|VerbForm=Fin|Voice=Pass",
      "VERB_PRON__Case=Acc|Gender=Masc|Mood=Sub|Number=Sing|Person=3|PronType=Prs|Tense=Pres|VerbForm=Fin",
      "VERB_PRON__Case=Acc|Gender=Masc|Number=Plur,Sing|Person=1,3|PronType=Prs|VerbForm=Inf",
      "VERB_PRON__Case=Acc|Gender=Masc|Number=Plur,Sing|Person=3|PronType=Prs|VerbForm=Inf",
      "VERB_PRON__Case=Acc|Gender=Masc|Number=Plur|Person=1|PronType=Prs|VerbForm=Inf",
      "VERB_PRON__Case=Acc|Gender=Masc|Number=Plur|Person=3|PronType=Prs|VerbForm=Ger",
      "VERB_PRON__Case=Acc|Gender=Masc|Number=Plur|Person=3|PronType=Prs|VerbForm=Inf",
      "VERB_PRON__Case=Acc|Gender=Masc|Number=Sing|Person=1|PronType=Prs|VerbForm=Inf",
      "VERB_PRON__Case=Acc|Gender=Masc|Number=Sing|Person=3|PronType=Prs|VerbForm=Ger",
      "VERB_PRON__Case=Acc|Gender=Masc|Number=Sing|Person=3|PronType=Prs|VerbForm=Inf",
      "VERB_PRON__Case=Acc|Gender=Masc|PronType=Prs|VerbForm=Inf",
      "VERB_PRON__Case=Acc|Gender=Unsp|Mood=Ind|Number=Plur,Sing|Person=1,3|PronType=Prs|Tense=Imp|VerbForm=Fin",
      "VERB_PRON__Case=Acc|Gender=Unsp|Mood=Ind|Number=Plur,Sing|Person=1,3|PronType=Prs|Tense=Past|VerbForm=Fin",
      "VERB_PRON__Case=Acc|Gender=Unsp|Mood=Ind|Number=Plur,Sing|Person=1,3|PronType=Prs|Tense=Pres|VerbForm=Fin",
      "VERB_PRON__Case=Acc|Gender=Unsp|Mood=Ind|Number=Plur|Person=1,3|PronType=Prs|Tense=Pres|VerbForm=Fin",
      "VERB_PRON__Case=Acc|Gender=Unsp|Mood=Ind|Number=Plur|Person=1|PronType=Prs|Tense=Past|VerbForm=Fin",
      "VERB_PRON__Case=Acc|Gender=Unsp|Mood=Ind|Number=Plur|Person=1|PronType=Prs|Tense=Pres|VerbForm=Fin",
      "VERB_PRON__Case=Acc|Gender=Unsp|Mood=Ind|Number=Plur|Person=3|PronType=Prs|Tense=Imp|VerbForm=Fin",
      "VERB_PRON__Case=Acc|Gender=Unsp|Mood=Ind|Number=Plur|Person=3|PronType=Prs|Tense=Pres|VerbForm=Fin",
      "VERB_PRON__Case=Acc|Gender=Unsp|Mood=Ind|Number=Sing|Person=1,3|PronType=Prs|Tense=Past|VerbForm=Fin",
      "VERB_PRON__Case=Acc|Gender=Unsp|Mood=Ind|Number=Sing|Person=1|PronType=Prs|Tense=Past|VerbForm=Fin",
      "VERB_PRON__Case=Acc|Gender=Unsp|Mood=Ind|Number=Sing|Person=3|PronType=Prs|Tense=Fut|VerbForm=Fin",
      "VERB_PRON__Case=Acc|Gender=Unsp|Mood=Ind|Number=Sing|Person=3|PronType=Prs|Tense=Imp|VerbForm=Fin",
      "VERB_PRON__Case=Acc|Gender=Unsp|Mood=Ind|Number=Sing|Person=3|PronType=Prs|Tense=Past|VerbForm=Fin",
      "VERB_PRON__Case=Acc|Gender=Unsp|Mood=Ind|Number=Sing|Person=3|PronType=Prs|Tense=Pres|VerbForm=Fin",
      "VERB_PRON__Case=Acc|Gender=Unsp|Mood=Ind|Number=Sing|Person=3|PronType=Prs|Tense=Pres|VerbForm=Fin|Voice=Pass",
      "VERB_PRON__Case=Acc|Gender=Unsp|Mood=Sub|Number=Plur|Person=3|PronType=Prs|Tense=Pres|VerbForm=Fin",
      "VERB_PRON__Case=Acc|Gender=Unsp|Mood=Sub|Number=Sing|Person=3|PronType=Prs|Tense=Pres|VerbForm=Fin",
      "VERB_PRON__Case=Acc|Gender=Unsp|Number=Plur|Person=1|PronType=Prs|VerbForm=Inf",
      "VERB_PRON__Case=Acc|Gender=Unsp|Number=Plur|Person=2|PronType=Prs|VerbForm=Inf",
      "VERB_PRON__Case=Acc|Gender=Unsp|Number=Plur|Person=3|PronType=Prs|VerbForm=Inf",
      "VERB_PRON__Case=Acc|Gender=Unsp|Number=Sing|Person=1|PronType=Prs|VerbForm=Inf",
      "VERB_PRON__Case=Acc|Gender=Unsp|Number=Sing|Person=3|PronType=Prs|VerbForm=Ger",
      "VERB_PRON__Case=Acc|Gender=Unsp|Number=Sing|Person=3|PronType=Prs|VerbForm=Inf",
      "VERB_PRON__Case=Acc|Gender=Unsp|PronType=Prs|VerbForm=Ger",
      "VERB_PRON__Case=Acc|Gender=Unsp|PronType=Prs|VerbForm=Inf",
      "VERB_PRON__Case=Acc|PronType=Prs|VerbForm=Ger",
      "VERB_PRON__Case=Dat|Gender=Fem|Mood=Ind|Number=Plur|Person=3|PronType=Prs|Tense=Pres|VerbForm=Fin",
      "VERB_PRON__Case=Dat|Gender=Fem|Mood=Ind|Number=Sing|Person=1,3|PronType=Prs|Tense=Pres|VerbForm=Fin",
      "VERB_PRON__Case=Dat|Gender=Fem|Mood=Ind|Number=Sing|Person=3|PronType=Prs|Tense=Imp|VerbForm=Fin",
      "VERB_PRON__Case=Dat|Gender=Fem|Mood=Ind|Number=Sing|Person=3|PronType=Prs|Tense=Past|VerbForm=Fin",
      "VERB_PRON__Case=Dat|Gender=Fem|Mood=Ind|Number=Sing|Person=3|PronType=Prs|Tense=Pres|VerbForm=Fin",
      "VERB_PRON__Case=Dat|Gender=Fem|Number=Plur|Person=3|PronType=Prs|VerbForm=Inf",
      "VERB_PRON__Case=Dat|Gender=Fem|Number=Sing|Person=3|PronType=Prs|VerbForm=Ger",
      "VERB_PRON__Case=Dat|Gender=Fem|Number=Sing|Person=3|PronType=Prs|VerbForm=Inf",
      "VERB_PRON__Case=Dat|Gender=Masc|Mood=Cnd|Number=Sing|Person=1,3|PronType=Prs|VerbForm=Fin",
      "VERB_PRON__Case=Dat|Gender=Masc|Mood=Cnd|Number=Sing|Person=3|PronType=Prs|VerbForm=Fin",
      "VERB_PRON__Case=Dat|Gender=Masc|Mood=Ind|Number=Plur,Sing|Person=1,3|PronType=Prs|Tense=Past|VerbForm=Fin",
      "VERB_PRON__Case=Dat|Gender=Masc|Mood=Ind|Number=Plur,Sing|Person=1,3|PronType=Prs|Tense=Pres|VerbForm=Fin",
      "VERB_PRON__Case=Dat|Gender=Masc|Mood=Ind|Number=Plur,Sing|Person=3|PronType=Prs|Tense=Imp|VerbForm=Fin",
      "VERB_PRON__Case=Dat|Gender=Masc|Mood=Ind|Number=Plur,Sing|Person=3|PronType=Prs|Tense=Past|VerbForm=Fin",
      "VERB_PRON__Case=Dat|Gender=Masc|Mood=Ind|Number=Plur|Person=3|PronType=Prs|Tense=Imp|VerbForm=Fin",
      "VERB_PRON__Case=Dat|Gender=Masc|Mood=Ind|Number=Plur|Person=3|PronType=Prs|Tense=Pres|VerbForm=Fin",
      "VERB_PRON__Case=Dat|Gender=Masc|Mood=Ind|Number=Sing|Person=3|PronType=Prs|Tense=Past|VerbForm=Fin",
      "VERB_PRON__Case=Dat|Gender=Masc|Mood=Ind|Number=Sing|Person=3|PronType=Prs|Tense=Pres|VerbForm=Fin",
      "VERB_PRON__Case=Dat|Gender=Masc|Number=Plur|Person=3|PronType=Prs|VerbForm=Inf",
      "VERB_PRON__Case=Dat|Gender=Masc|Number=Sing|Person=3|PronType=Prs|VerbForm=Ger",
      "VERB_PRON__Case=Dat|Gender=Masc|Number=Sing|Person=3|PronType=Prs|VerbForm=Inf",
      "VERB_PRON__Case=Dat|Gender=Unsp|Mood=Cnd|Number=Sing|Person=1,3|PronType=Prs|VerbForm=Fin",
      "VERB_PRON__Case=Dat|Gender=Unsp|Mood=Ind|Number=Plur,Sing|Person=1,3|PronType=Prs|Tense=Past|VerbForm=Fin",
      "VERB_PRON__Case=Dat|Gender=Unsp|Mood=Ind|Number=Plur,Sing|Person=1,3|PronType=Prs|Tense=Pres|VerbForm=Fin",
      "VERB_PRON__Case=Dat|Gender=Unsp|Mood=Ind|Number=Plur|Person=1|PronType=Prs|Tense=Pres|VerbForm=Fin",
      "VERB_PRON__Case=Dat|Gender=Unsp|Mood=Ind|Number=Plur|Person=3|PronType=Prs|Tense=Pres|VerbForm=Fin",
      "VERB_PRON__Case=Dat|Gender=Unsp|Mood=Ind|Number=Sing|Person=1,3|PronType=Prs|Tense=Past|VerbForm=Fin",
      "VERB_PRON__Case=Dat|Gender=Unsp|Mood=Ind|Number=Sing|Person=1,3|PronType=Prs|Tense=Pres|VerbForm=Fin",
      "VERB_PRON__Case=Dat|Gender=Unsp|Mood=Ind|Number=Sing|Person=3|PronType=Prs|Tense=Past|VerbForm=Fin",
      "VERB_PRON__Case=Dat|Gender=Unsp|Number=Plur|Person=1|PronType=Prs|VerbForm=Inf",
      "VERB_PRON__Case=Dat|Gender=Unsp|Number=Sing|Person=3|PronType=Prs|VerbForm=Ger",
      "VERB_PRON__Case=Dat|Gender=Unsp|Number=Sing|Person=3|PronType=Prs|VerbForm=Inf",
      "VERB_PRON__Gender=Unsp|Mood=Sub|Number=Sing|Person=3|PronType=Prs|Tense=Pres|VerbForm=Fin",
      "VERB_PRON__Mood=Ind|Number=Sing|Person=3|Tense=Past|VerbForm=Fin",
      "VERB__Gender=Fem|Number=Plur",
      "VERB__Gender=Fem|Number=Plur|VerbForm=Part",
      "VERB__Gender=Fem|Number=Plur|VerbForm=Part|Voice=Pass",
      "VERB__Gender=Fem|Number=Sing",
      "VERB__Gender=Fem|Number=Sing|VerbForm=Part",
      "VERB__Gender=Fem|Number=Sing|VerbForm=Part|Voice=Pass",
      "VERB__Gender=Masc|Mood=Ind|Number=Sing|Person=3|VerbForm=Fin",
      "VERB__Gender=Masc|Number=Plur",
      "VERB__Gender=Masc|Number=Plur|VerbForm=Part",
      "VERB__Gender=Masc|Number=Plur|VerbForm=Part|Voice=Pass",
      "VERB__Gender=Masc|Number=Sing",
      "VERB__Gender=Masc|Number=Sing|VerbForm=Part",
      "VERB__Gender=Masc|Number=Sing|VerbForm=Part|Voice=Pass",
      "VERB__Mood=Cnd|Number=Plur|Person=1|VerbForm=Fin",
      "VERB__Mood=Cnd|Number=Plur|Person=3|VerbForm=Fin",
      "VERB__Mood=Cnd|Number=Plur|Person=3|VerbForm=Fin|Voice=Pass",
      "VERB__Mood=Cnd|Number=Sing|Person=1|VerbForm=Fin",
      "VERB__Mood=Cnd|Number=Sing|Person=3|VerbForm=Fin",
      "VERB__Mood=Cnd|Number=Sing|Person=3|VerbForm=Fin|Voice=Pass",
      "VERB__Mood=Cnd|Number=Sing|VerbForm=Fin",
      "VERB__Mood=Cnd|VerbForm=Fin",
      "VERB__Mood=Imp|Number=Sing|Person=2|VerbForm=Fin",
      "VERB__Mood=Ind|Number=Plur|Person=1|Tense=Fut|VerbForm=Fin",
      "VERB__Mood=Ind|Number=Plur|Person=1|Tense=Imp|VerbForm=Fin",
      "VERB__Mood=Ind|Number=Plur|Person=1|Tense=Past|VerbForm=Fin",
      "VERB__Mood=Ind|Number=Plur|Person=1|Tense=Pres|VerbForm=Fin",
      "VERB__Mood=Ind|Number=Plur|Person=2|Tense=Pres|VerbForm=Fin",
      "VERB__Mood=Ind|Number=Plur|Person=3|Tense=Fut|VerbForm=Fin",
      "VERB__Mood=Ind|Number=Plur|Person=3|Tense=Imp|VerbForm=Fin",
      "VERB__Mood=Ind|Number=Plur|Person=3|Tense=Imp|VerbForm=Fin|Voice=Pass",
      "VERB__Mood=Ind|Number=Plur|Person=3|Tense=Past|VerbForm=Fin",
      "VERB__Mood=Ind|Number=Plur|Person=3|Tense=Past|VerbForm=Fin|Voice=Pass",
      "VERB__Mood=Ind|Number=Plur|Person=3|Tense=Pqp|VerbForm=Fin",
      "VERB__Mood=Ind|Number=Plur|Person=3|Tense=Pres|VerbForm=Fin",
      "VERB__Mood=Ind|Number=Plur|Person=3|Tense=Pres|VerbForm=Fin|Voice=Pass",
      "VERB__Mood=Ind|Number=Plur|Person=3|VerbForm=Fin",
      "VERB__Mood=Ind|Number=Sing|Person=1|Tense=Fut|VerbForm=Fin",
      "VERB__Mood=Ind|Number=Sing|Person=1|Tense=Imp|VerbForm=Fin",
      "VERB__Mood=Ind|Number=Sing|Person=1|Tense=Past|VerbForm=Fin",
      "VERB__Mood=Ind|Number=Sing|Person=1|Tense=Pqp|VerbForm=Fin",
      "VERB__Mood=Ind|Number=Sing|Person=1|Tense=Pres|VerbForm=Fin",
      "VERB__Mood=Ind|Number=Sing|Person=2|Tense=Fut|VerbForm=Fin",
      "VERB__Mood=Ind|Number=Sing|Person=2|Tense=Past|VerbForm=Fin",
      "VERB__Mood=Ind|Number=Sing|Person=2|Tense=Pres|VerbForm=Fin",
      "VERB__Mood=Ind|Number=Sing|Person=3|Tense=Fut|VerbForm=Fin",
      "VERB__Mood=Ind|Number=Sing|Person=3|Tense=Imp|VerbForm=Fin",
      "VERB__Mood=Ind|Number=Sing|Person=3|Tense=Past|VerbForm=Fin",
      "VERB__Mood=Ind|Number=Sing|Person=3|Tense=Past|VerbForm=Fin|Voice=Pass",
      "VERB__Mood=Ind|Number=Sing|Person=3|Tense=Pqp|VerbForm=Fin",
      "VERB__Mood=Ind|Number=Sing|Person=3|Tense=Pres|VerbForm=Fin",
      "VERB__Mood=Ind|Number=Sing|Person=3|Tense=Pres|VerbForm=Fin|Voice=Pass",
      "VERB__Mood=Ind|Number=Sing|Tense=Imp|VerbForm=Fin",
      "VERB__Mood=Ind|Number=Sing|Tense=Pqp|VerbForm=Fin",
      "VERB__Mood=Ind|Tense=Imp|VerbForm=Fin",
      "VERB__Mood=Sub|Number=Plur|Person=1|Tense=Fut|VerbForm=Fin",
      "VERB__Mood=Sub|Number=Plur|Person=1|Tense=Imp|VerbForm=Fin",
      "VERB__Mood=Sub|Number=Plur|Person=1|Tense=Pres|VerbForm=Fin",
      "VERB__Mood=Sub|Number=Plur|Person=3|Tense=Fut|VerbForm=Fin",
      "VERB__Mood=Sub|Number=Plur|Person=3|Tense=Imp|VerbForm=Fin",
      "VERB__Mood=Sub|Number=Plur|Person=3|Tense=Pres|VerbForm=Fin",
      "VERB__Mood=Sub|Number=Sing|Person=1|Tense=Fut|VerbForm=Fin",
      "VERB__Mood=Sub|Number=Sing|Person=1|Tense=Imp|VerbForm=Fin",
      "VERB__Mood=Sub|Number=Sing|Person=1|Tense=Pres|VerbForm=Fin",
      "VERB__Mood=Sub|Number=Sing|Person=3|Tense=Fut|VerbForm=Fin",
      "VERB__Mood=Sub|Number=Sing|Person=3|Tense=Imp|VerbForm=Fin",
      "VERB__Mood=Sub|Number=Sing|Person=3|Tense=Past|VerbForm=Fin",
      "VERB__Mood=Sub|Number=Sing|Person=3|Tense=Pres|VerbForm=Fin",
      "VERB__Mood=Sub|Number=Sing|Tense=Fut|VerbForm=Fin",
      "VERB__Mood=Sub|Number=Sing|Tense=Pres|VerbForm=Fin",
      "VERB__Mood=Sub|Tense=Pres|VerbForm=Fin",
      "VERB__Number=Plur|Person=1|VerbForm=Inf",
      "VERB__Number=Plur|Person=3|Tense=Pres|VerbForm=Inf",
      "VERB__Number=Plur|Person=3|VerbForm=Inf",
      "VERB__Number=Sing",
      "VERB__Number=Sing|Person=1|VerbForm=Inf",
      "VERB__Number=Sing|Person=1|VerbForm=Inf|Voice=Pass",
      "VERB__Number=Sing|Person=3|VerbForm=Inf",
      "VERB__Number=Sing|Person=3|VerbForm=Inf|Voice=Pass",
      "VERB__Number=Sing|VerbForm=Part|Voice=Pass",
      "VERB__VerbForm=Fin",
      "VERB__VerbForm=Ger",
      "VERB__VerbForm=Inf",
      "VERB__VerbForm=Inf|Voice=Pass",
      "VERB__VerbForm=Part",
      "VERB__VerbForm=Part|Voice=Pass",
      "X",
      "X__Gender=Fem|Number=Plur",
      "X__Gender=Fem|Number=Sing",
      "X__Gender=Masc|Number=Sing",
      "X__Number=Sing",
      "_SP"
    ],
    "parser": [
      "ROOT",
      "acl",
      "acl:relcl",
      "advcl",
      "advmod",
      "amod",
      "appos",
      "aux",
      "aux:pass",
      "case",
      "cc",
      "ccomp",
      "compound",
      "conj",
      "cop",
      "csubj",
      "dep",
      "det",
      "discourse",
      "expl",
      "fixed",
      "flat",
      "flat:foreign",
      "flat:name",
      "iobj",
      "mark",
      "nmod",
      "nsubj",
      "nsubj:pass",
      "nummod",
      "obj",
      "obl",
      "obl:agent",
      "parataxis",
      "punct",
      "xcomp"
    ],
    "ner": [
      "LOC",
      "MISC",
      "ORG",
      "PER"
    ]
  },
  "vectors": {
    "width": 300,
    "vectors": 20000,
    "keys": 500000,
    "name": "pt_core_news_md.vectors"
  },
  "size": "48 MB",
  "checksum": "74cbd89f58e25e84e8459d7eeb74748104ed08a39e96d176f3062be117bfb6fb"
}