{
  "lang": "ro",
  "name": "core_news_lg",
  "license": "CC BY-SA 4.0",
  "author": "Explosion",
  "url": "https://explosion.ai",
  "email": "contact@explosion.ai",
  "description": "Romanian multi-task CNN trained on UD Romanian RRT and the Romanian Named Entity Corpus. Assigns word vectors, POS tags, dependency parse and named entities. Word vectors trained using FastText CBOW on Wikipedia and OSCAR (Common Crawl).",
  "sources": [
    {
      "name": "UD Romanian RRT v2.5",
      "url": "https://github.com/UniversalDependencies/UD_Romanian-RRT",
      "author": "Barbu Mititelu, Verginica; Irimia, Elena; Perez, Cenel-Augusto; Ion, Radu; Simionescu, Radu; Popel, Martin",
      "license": "CC BY-SA 4.0"
    },
    {
      "name": "RONEC - the Romanian Named Entity Corpus (ca9ce460)",
      "url": "https://github.com/dumitrescustefan/ronec",
      "author": "Dumitrescu, Stefan Daniel; Avram, Andrei-Marius; Morogan, Luciana; Toma; Stefan",
      "license": "MIT"
    },
    {
      "name": "OSCAR (Common Crawl)",
      "url": "https://oscar-corpus.com/",
      "license": "CC0"
    },
    {
      "name": "Wikipedia (20200201)",
      "url": "https://dumps.wikimedia.org/",
      "license": "CC BY-SA 3.0"
    }
  ],
  "pipeline": [
    "tagger",
    "parser",
    "ner"
  ],
  "version": "2.3.1",
  "spacy_version": ">=2.3.0,<2.4.0",
  "parent_package": "spacy",
  "accuracy": {
    "las": 81.9818910095,
    "uas": 88.8956208556,
    "token_acc": 99.6074525428,
    "las_per_type": {
      "advmod": {
        "p": 79.5244385733,
        "r": 77.5773195876,
        "f": 78.5388127854
      },
      "aux:pass": {
        "p": 77.5362318841,
        "r": 89.1666666667,
        "f": 82.9457364341
      },
      "root": {
        "p": 92.809587217,
        "r": 92.6861702128,
        "f": 92.747837658
      },
      "nsubj:pass": {
        "p": 60.119047619,
        "r": 67.7852348993,
        "f": 63.7223974763
      },
      "amod": {
        "p": 88.298829883,
        "r": 89.0199637024,
        "f": 88.6579304112
      },
      "fixed": {
        "p": 86.1224489796,
        "r": 73.647469459,
        "f": 79.3979303857
      },
      "nmod": {
        "p": 80.5914972274,
        "r": 82.6801517067,
        "f": 81.6224648986
      },
      "cc": {
        "p": 86.4097363083,
        "r": 89.1213389121,
        "f": 87.7445932029
      },
      "conj": {
        "p": 65.1376146789,
        "r": 64.3504531722,
        "f": 64.7416413374
      },
      "det": {
        "p": 95.7928802589,
        "r": 97.3684210526,
        "f": 96.5742251223
      },
      "parataxis": {
        "p": 86.2068965517,
        "r": 57.2519083969,
        "f": 68.8073394495
      },
      "flat": {
        "p": 80.6201550388,
        "r": 74.2857142857,
        "f": 77.3234200743
      },
      "case": {
        "p": 93.7317784257,
        "r": 94.0058479532,
        "f": 93.8686131387
      },
      "nummod": {
        "p": 89.7196261682,
        "r": 88.6153846154,
        "f": 89.1640866873
      },
      "obl": {
        "p": 67.4348697395,
        "r": 76.3904653802,
        "f": 71.6338477914
      },
      "mark": {
        "p": 88.3771929825,
        "r": 90.5617977528,
        "f": 89.4561598224
      },
      "nsubj": {
        "p": 82.5688073394,
        "r": 80.0508259212,
        "f": 81.2903225806
      },
      "ccomp": {
        "p": 73.9795918367,
        "r": 81.4606741573,
        "f": 77.5401069519
      },
      "advcl": {
        "p": 55.59566787,
        "r": 62.6016260163,
        "f": 58.8910133843
      },
      "expl:poss": {
        "p": 59.0909090909,
        "r": 60.4651162791,
        "f": 59.7701149425
      },
      "cop": {
        "p": 76.3005780347,
        "r": 81.4814814815,
        "f": 78.8059701493
      },
      "obj": {
        "p": 79.6019900498,
        "r": 81.9112627986,
        "f": 80.740117746
      },
      "acl": {
        "p": 71.0810810811,
        "r": 74.9287749288,
        "f": 72.9542302358
      },
      "nmod:pmod": {
        "p": 62.5,
        "r": 23.0769230769,
        "f": 33.7078651685
      },
      "iobj": {
        "p": 76.1194029851,
        "r": 68.9189189189,
        "f": 72.3404255319
      },
      "nmod:agent": {
        "p": 75.3846153846,
        "r": 75.3846153846,
        "f": 75.3846153846
      },
      "nmod:tmod": {
        "p": 50.0,
        "r": 6.976744186,
        "f": 12.2448979592
      },
      "appos": {
        "p": 49.4736842105,
        "r": 46.5346534653,
        "f": 47.9591836735
      },
      "aux": {
        "p": 97.7011494253,
        "r": 90.4255319149,
        "f": 93.9226519337
      },
      "xcomp": {
        "p": 60.0,
        "r": 51.2195121951,
        "f": 55.2631578947
      },
      "csubj": {
        "p": 85.0,
        "r": 80.9523809524,
        "f": 82.9268292683
      },
      "expl:pass": {
        "p": 65.3465346535,
        "r": 72.5274725275,
        "f": 68.75
      },
      "goeswith": {
        "p": 82.3529411765,
        "r": 58.3333333333,
        "f": 68.2926829268
      },
      "ccomp:pmod": {
        "p": 28.5714285714,
        "r": 13.3333333333,
        "f": 18.1818181818
      },
      "expl:pv": {
        "p": 78.835978836,
        "r": 79.679144385,
        "f": 79.2553191489
      },
      "advmod:tmod": {
        "p": 0.0,
        "r": 0.0,
        "f": 0.0
      },
      "advcl:tcl": {
        "p": 0.0,
        "r": 0.0,
        "f": 0.0
      },
      "expl": {
        "p": 63.3333333333,
        "r": 44.1860465116,
        "f": 52.0547945205
      },
      "cc:preconj": {
        "p": 0.0,
        "r": 0.0,
        "f": 0.0
      },
      "dep": {
        "p": 0.0,
        "r": 0.0,
        "f": 0.0
      },
      "csubj:pass": {
        "p": 66.6666666667,
        "r": 66.6666666667,
        "f": 66.6666666667
      },
      "expl:impers": {
        "p": 0.0,
        "r": 0.0,
        "f": 0.0
      },
      "compound": {
        "p": 66.6666666667,
        "r": 66.6666666667,
        "f": 66.6666666667
      },
      "orphan": {
        "p": 0.0,
        "r": 0.0,
        "f": 0.0
      },
      "vocative": {
        "p": 0.0,
        "r": 0.0,
        "f": 0.0
      },
      "discourse": {
        "p": 0.0,
        "r": 0.0,
        "f": 0.0
      }
    },
    "tags_acc": 96.8217168012,
    "ents_f": 76.358848975,
    "ents_p": 74.7973470892,
    "ents_r": 77.9869381483,
    "ents_per_type": {
      "PERSON": {
        "p": 70.6870229008,
        "r": 77.6845637584,
        "f": 74.0207833733
      },
      "LOC": {
        "p": 53.0864197531,
        "r": 56.5789473684,
        "f": 54.7770700637
      },
      "PRODUCT": {
        "p": 57.3529411765,
        "r": 56.9343065693,
        "f": 57.1428571429
      },
      "NAT_REL_POL": {
        "p": 95.7446808511,
        "r": 90.0,
        "f": 92.7835051546
      },
      "ORDINAL": {
        "p": 79.6296296296,
        "r": 78.1818181818,
        "f": 78.8990825688
      },
      "FACILITY": {
        "p": 58.064516129,
        "r": 54.9618320611,
        "f": 56.4705882353
      },
      "GPE": {
        "p": 82.863340564,
        "r": 87.816091954,
        "f": 85.2678571429
      },
      "MONEY": {
        "p": 96.1538461538,
        "r": 86.2068965517,
        "f": 90.9090909091
      },
      "ORGANIZATION": {
        "p": 66.4670658683,
        "r": 70.7006369427,
        "f": 68.5185185185
      },
      "NUMERIC_VALUE": {
        "p": 89.5161290323,
        "r": 94.0677966102,
        "f": 91.7355371901
      },
      "DATETIME": {
        "p": 75.5700325733,
        "r": 80.8362369338,
        "f": 78.1144781145
      },
      "PERIOD": {
        "p": 91.1764705882,
        "r": 73.8095238095,
        "f": 81.5789473684
      },
      "WORK_OF_ART": {
        "p": 21.4285714286,
        "r": 15.7894736842,
        "f": 18.1818181818
      },
      "EVENT": {
        "p": 63.1578947368,
        "r": 64.8648648649,
        "f": 64.0
      },
      "QUANTITY": {
        "p": 89.6551724138,
        "r": 100.0,
        "f": 94.5454545455
      },
      "LANGUAGE": {
        "p": 66.6666666667,
        "r": 100.0,
        "f": 80.0
      }
    }
  },
  "speed": {
    "cpu": 7068.4270671193,
    "gpu": null,
    "nwords": 18378
  },
  "labels": {
    "tagger": [
      "ARROW",
      "Af",
      "Afcfp-n",
      "Afcfson",
      "Afcfsrn",
      "Afcmpoy",
      "Afcms-n",
      "Afp",
      "Afp-p-n",
      "Afp-poy",
      "Afpf--n",
      "Afpfp-n",
      "Afpfp-ny",
      "Afpfpoy",
      "Afpfpry",
      "Afpfson",
      "Afpfsoy",
      "Afpfsrn",
      "Afpfsry",
      "Afpm--n",
      "Afpmp-n",
      "Afpmpoy",
      "Afpmpry",
      "Afpms-n",
      "Afpmsoy",
      "Afpmsry",
      "Afsfp-n",
      "Afsfsrn",
      "BULLET",
      "COLON",
      "COMMA",
      "Ccssp",
      "Ccsspy",
      "Crssp",
      "Csssp",
      "Cssspy",
      "DASH",
      "DBLQ",
      "Dd3-po---e",
      "Dd3-po---o",
      "Dd3fpo",
      "Dd3fpr",
      "Dd3fpr---e",
      "Dd3fpr---o",
      "Dd3fpr--y",
      "Dd3fso",
      "Dd3fso---e",
      "Dd3fsr",
      "Dd3fsr---e",
      "Dd3fsr---o",
      "Dd3fsr--yo",
      "Dd3mpo",
      "Dd3mpr",
      "Dd3mpr---e",
      "Dd3mpr---o",
      "Dd3mso---e",
      "Dd3msr",
      "Dd3msr---e",
      "Dd3msr---o",
      "Dh1ms",
      "Dh3fp",
      "Dh3fso",
      "Dh3fsr",
      "Dh3mp",
      "Dh3ms",
      "Di3",
      "Di3-----y",
      "Di3--r---e",
      "Di3-po",
      "Di3-po---e",
      "Di3-sr",
      "Di3-sr---e",
      "Di3-sr--y",
      "Di3fp",
      "Di3fpr",
      "Di3fpr---e",
      "Di3fso",
      "Di3fso---e",
      "Di3fsr",
      "Di3fsr---e",
      "Di3mp",
      "Di3mpr",
      "Di3mpr---e",
      "Di3ms",
      "Di3ms----e",
      "Di3mso---e",
      "Di3msr",
      "Di3msr---e",
      "Ds1fp-p",
      "Ds1fp-s",
      "Ds1fsop",
      "Ds1fsos",
      "Ds1fsrp",
      "Ds1fsrs",
      "Ds1fsrs-y",
      "Ds1mp-p",
      "Ds1mp-s",
      "Ds1ms-p",
      "Ds1ms-s",
      "Ds1msrs-y",
      "Ds2---s",
      "Ds2fp-p",
      "Ds2fp-s",
      "Ds2fsrp",
      "Ds2fsrs",
      "Ds2mp-p",
      "Ds2mp-s",
      "Ds2ms-p",
      "Ds2ms-s",
      "Ds3---p",
      "Ds3---s",
      "Ds3fp-s",
      "Ds3fsos",
      "Ds3fsrs",
      "Ds3mp-s",
      "Ds3ms-s",
      "Dw3--r---e",
      "Dw3-po---e",
      "Dw3fpr",
      "Dw3fso---e",
      "Dw3fsr",
      "Dw3mpr",
      "Dw3mso---e",
      "Dw3msr",
      "Dz3fsr---e",
      "Dz3mso---e",
      "Dz3msr---e",
      "EQUAL",
      "EXCL",
      "EXCLHELLIP",
      "GE",
      "GT",
      "HELLIP",
      "I",
      "LCURL",
      "LPAR",
      "LSQR",
      "LT",
      "M",
      "Mc",
      "Mc-p-d",
      "Mc-p-l",
      "Mcfp-l",
      "Mcfp-ln",
      "Mcfprln",
      "Mcfprly",
      "Mcfsoln",
      "Mcfsrln",
      "Mcmp-l",
      "Mcms-ln",
      "Mcmsrl",
      "Mcmsrly",
      "Mffprln",
      "Mffsrln",
      "Mlfpo",
      "Mlfpr",
      "Mlmpr",
      "Mo---l",
      "Mo---ln",
      "Mo-s-r",
      "Mofp-ln",
      "Mofpoly",
      "Mofprly",
      "Mofs-l",
      "Mofsoln",
      "Mofsoly",
      "Mofsrln",
      "Mofsrly",
      "Mompoly",
      "Momprly",
      "Moms-l",
      "Moms-ln",
      "Momsoly",
      "Momsrly",
      "Nc",
      "Nc---n",
      "Ncf--n",
      "Ncfp-n",
      "Ncfpoy",
      "Ncfpry",
      "Ncfs-n",
      "Ncfson",
      "Ncfsoy",
      "Ncfsrn",
      "Ncfsry",
      "Ncfsryy",
      "Ncfsvy",
      "Ncm--n",
      "Ncmp-n",
      "Ncmpoy",
      "Ncmpry",
      "Ncms-n",
      "Ncms-ny",
      "Ncms-y",
      "Ncmsoy",
      "Ncmsrn",
      "Ncmsry",
      "Ncmsryy",
      "Ncmsvn",
      "Ncmsvy",
      "Np",
      "Npfson",
      "Npfsoy",
      "Npfsrn",
      "Npfsry",
      "Npmpoy",
      "Npmpry",
      "Npms-n",
      "Npmsoy",
      "Npmsry",
      "PERCENT",
      "PERIOD",
      "PLUS",
      "PLUSMINUS",
      "Pd3-po",
      "Pd3fpr",
      "Pd3fso",
      "Pd3fsr",
      "Pd3mpo",
      "Pd3mpr",
      "Pd3mpr--y",
      "Pd3mso",
      "Pd3msr",
      "Pi3",
      "Pi3--r",
      "Pi3-po",
      "Pi3-so",
      "Pi3-sr",
      "Pi3fpr",
      "Pi3fso",
      "Pi3fsr",
      "Pi3mpr",
      "Pi3mso",
      "Pi3msr",
      "Pi3msr--y",
      "Pp1-pa--------w",
      "Pp1-pa--y-----w",
      "Pp1-pd--------s",
      "Pp1-pd--------w",
      "Pp1-pd--y-----w",
      "Pp1-pr--------s",
      "Pp1-sa--------s",
      "Pp1-sa--------w",
      "Pp1-sa--y-----w",
      "Pp1-sd--------s",
      "Pp1-sd--------w",
      "Pp1-sd--y-----w",
      "Pp1-sn--------s",
      "Pp2-----------s",
      "Pp2-pa--------w",
      "Pp2-pa--y-----w",
      "Pp2-pd--------w",
      "Pp2-pd--y-----w",
      "Pp2-pr--------s",
      "Pp2-sa--------s",
      "Pp2-sa--------w",
      "Pp2-sa--y-----w",
      "Pp2-sd--------s",
      "Pp2-sd--------w",
      "Pp2-sd--y-----w",
      "Pp2-sn--------s",
      "Pp2-so--------s",
      "Pp2-sr--------s",
      "Pp3-p---------s",
      "Pp3-pd--------w",
      "Pp3-pd--y-----w",
      "Pp3-po--------s",
      "Pp3-sd--------w",
      "Pp3-sd--y-----w",
      "Pp3fpa--------w",
      "Pp3fpa--y-----w",
      "Pp3fpr--------s",
      "Pp3fs---------s",
      "Pp3fsa--------w",
      "Pp3fsa--y-----w",
      "Pp3fso--------s",
      "Pp3fsr--------s",
      "Pp3fsr--y-----s",
      "Pp3mpa--------w",
      "Pp3mpa--y-----w",
      "Pp3mpr--------s",
      "Pp3ms---------s",
      "Pp3msa--------w",
      "Pp3msa--y-----w",
      "Pp3mso--------s",
      "Pp3msr--------s",
      "Pp3msr--y-----s",
      "Ps1fp-s",
      "Ps1fsrp",
      "Ps1fsrs",
      "Ps1mp-p",
      "Ps1ms-p",
      "Ps2fp-s",
      "Ps2fsrp",
      "Ps2fsrs",
      "Ps2ms-s",
      "Ps3---p",
      "Ps3---s",
      "Ps3fp-s",
      "Ps3fsrs",
      "Ps3mp-s",
      "Ps3ms-s",
      "Pw3--r",
      "Pw3-po",
      "Pw3-so",
      "Pw3fpr",
      "Pw3fso",
      "Pw3mpr",
      "Pw3mso",
      "Px3--a--------s",
      "Px3--a--------w",
      "Px3--a--y-----w",
      "Px3--d--------w",
      "Px3--d--y-----w",
      "Pz3-sr",
      "Pz3fsr",
      "QUEST",
      "QUOT",
      "Qf",
      "Qn",
      "Qs",
      "Qs-y",
      "Qz",
      "Qz-y",
      "RCURL",
      "RPAR",
      "RSQR",
      "Rc",
      "Rgc",
      "Rgp",
      "Rgpy",
      "Rgs",
      "Rp",
      "Rw",
      "Rw-y",
      "Rz",
      "SCOLON",
      "SLASH",
      "STAR",
      "Sp",
      "Spsa",
      "Spsay",
      "Spsd",
      "Spsg",
      "Td-po",
      "Tdfpr",
      "Tdfso",
      "Tdfsr",
      "Tdmpr",
      "Tdmso",
      "Tdmsr",
      "Tf-so",
      "Tffpoy",
      "Tffpry",
      "Tffs-y",
      "Tfmpoy",
      "Tfms-y",
      "Tfmsoy",
      "Tfmsry",
      "Ti-po",
      "Tifp-y",
      "Tifso",
      "Tifsr",
      "Timso",
      "Timsr",
      "Tsfp",
      "Tsfs",
      "Tsmp",
      "Tsms",
      "UNDERSC",
      "Va--1",
      "Va--1-----y",
      "Va--1p",
      "Va--1s",
      "Va--1s----y",
      "Va--2p",
      "Va--2p----y",
      "Va--2s",
      "Va--2s----y",
      "Va--3",
      "Va--3-----y",
      "Va--3p",
      "Va--3p----y",
      "Va--3s",
      "Va--3s----y",
      "Vag",
      "Vaii1",
      "Vaii2s",
      "Vaii3p",
      "Vaii3s",
      "Vail3p",
      "Vail3s",
      "Vaip1p",
      "Vaip1s",
      "Vaip2p",
      "Vaip2s",
      "Vaip3p",
      "Vaip3p----y",
      "Vaip3s",
      "Vaip3s----y",
      "Vais3p",
      "Vais3s",
      "Vam-2s",
      "Vanp",
      "Vap--sm",
      "Vasp1p",
      "Vasp1s",
      "Vasp2p",
      "Vasp2s",
      "Vasp3",
      "Vmg",
      "Vmg-------y",
      "Vmii1",
      "Vmii1-----y",
      "Vmii2p",
      "Vmii2s",
      "Vmii3p",
      "Vmii3p----y",
      "Vmii3s",
      "Vmii3s----y",
      "Vmil1",
      "Vmil1p",
      "Vmil2s",
      "Vmil3p",
      "Vmil3p----y",
      "Vmil3s",
      "Vmil3s----y",
      "Vmip1p",
      "Vmip1p----y",
      "Vmip1s",
      "Vmip1s----y",
      "Vmip2p",
      "Vmip2s",
      "Vmip2s----y",
      "Vmip3",
      "Vmip3-----y",
      "Vmip3p",
      "Vmip3s",
      "Vmip3s----y",
      "Vmis1p",
      "Vmis1s",
      "Vmis3p",
      "Vmis3p----y",
      "Vmis3s",
      "Vmis3s----y",
      "Vmm-2p",
      "Vmm-2s",
      "Vmnp",
      "Vmnp------y",
      "Vmp--pf",
      "Vmp--pm",
      "Vmp--sf",
      "Vmp--sm",
      "Vmp--sm---y",
      "Vmsp1p",
      "Vmsp1s",
      "Vmsp2s",
      "Vmsp3",
      "Vmsp3-----y",
      "X",
      "Y",
      "Ya",
      "Yn",
      "Ynfsoy",
      "Ynfsry",
      "Ynmsoy",
      "Ynmsry",
      "Yp",
      "Yp-sr",
      "Yr",
      "_SP"
    ],
    "parser": [
      "ROOT",
      "acl",
      "advcl",
      "advcl:tcl",
      "advmod",
      "advmod:tmod",
      "amod",
      "appos",
      "aux",
      "aux:pass",
      "case",
      "cc",
      "cc:preconj",
      "ccomp",
      "ccomp:pmod",
      "compound",
      "conj",
      "cop",
      "csubj",
      "csubj:pass",
      "dep",
      "det",
      "expl",
      "expl:impers",
      "expl:pass",
      "expl:poss",
      "expl:pv",
      "fixed",
      "flat",
      "goeswith",
      "iobj",
      "mark",
      "nmod",
      "nmod:agent",
      "nmod:pmod",
      "nmod:tmod",
      "nsubj",
      "nsubj:pass",
      "nummod",
      "obj",
      "obl",
      "orphan",
      "parataxis",
      "punct",
      "vocative",
      "xcomp"
    ],
    "ner": [
      "DATETIME",
      "EVENT",
      "FACILITY",
      "GPE",
      "LANGUAGE",
      "LOC",
      "MONEY",
      "NAT_REL_POL",
      "NUMERIC_VALUE",
      "ORDINAL",
      "ORGANIZATION",
      "PERIOD",
      "PERSON",
      "PRODUCT",
      "QUANTITY",
      "WORK_OF_ART"
    ]
  },
  "vectors": {
    "width": 300,
    "vectors": 500000,
    "keys": 500000,
    "name": "ro_core_news_lg.vectors"
  },
  "size": "545 MB",
  "checksum": "bc124513b78c87a5c771cb71089f7e4ea29fdddb85121047076384ff3be70f1d"
}