{
  "lang": "ro",
  "name": "core_news_sm",
  "version": "3.0.0a1",
  "description": "Romanian pipeline optimized for CPU. Components: tok2vec, tagger, parser, senter, ner, attribute_ruler, lemmatizer.",
  "author": "Explosion",
  "email": "contact@explosion.ai",
  "url": "https://explosion.ai",
  "license": "CC BY-SA 4.0",
  "spacy_version": ">=3.0.0rc3,<3.1.0",
  "spacy_git_version": "43a752a2a",
  "vectors": {
    "width": 0,
    "vectors": 0,
    "keys": 0,
    "name": null
  },
  "labels": {
    "tok2vec": [],
    "tagger": [
      "ARROW",
      "Af",
      "Afcfp-n",
      "Afcfson",
      "Afcfsrn",
      "Afcmpoy",
      "Afcms-n",
      "Afp",
      "Afp-p-n",
      "Afp-poy",
      "Afpf--n",
      "Afpfp-n",
      "Afpfp-ny",
      "Afpfpoy",
      "Afpfpry",
      "Afpfson",
      "Afpfsoy",
      "Afpfsrn",
      "Afpfsry",
      "Afpm--n",
      "Afpmp-n",
      "Afpmpoy",
      "Afpmpry",
      "Afpms-n",
      "Afpmsoy",
      "Afpmsry",
      "Afsfp-n",
      "Afsfsrn",
      "BULLET",
      "COLON",
      "COMMA",
      "Ccssp",
      "Ccsspy",
      "Crssp",
      "Csssp",
      "Cssspy",
      "DASH",
      "DBLQ",
      "Dd3-po---e",
      "Dd3-po---o",
      "Dd3fpo",
      "Dd3fpr",
      "Dd3fpr---e",
      "Dd3fpr---o",
      "Dd3fpr--y",
      "Dd3fso",
      "Dd3fso---e",
      "Dd3fsr",
      "Dd3fsr---e",
      "Dd3fsr---o",
      "Dd3fsr--yo",
      "Dd3mpo",
      "Dd3mpr",
      "Dd3mpr---e",
      "Dd3mpr---o",
      "Dd3mso---e",
      "Dd3msr",
      "Dd3msr---e",
      "Dd3msr---o",
      "Dh1ms",
      "Dh3fp",
      "Dh3fso",
      "Dh3fsr",
      "Dh3mp",
      "Dh3ms",
      "Di3",
      "Di3-----y",
      "Di3--r---e",
      "Di3-po",
      "Di3-po---e",
      "Di3-sr",
      "Di3-sr---e",
      "Di3-sr--y",
      "Di3fp",
      "Di3fpr",
      "Di3fpr---e",
      "Di3fso",
      "Di3fso---e",
      "Di3fsr",
      "Di3fsr---e",
      "Di3mp",
      "Di3mpr",
      "Di3mpr---e",
      "Di3ms",
      "Di3ms----e",
      "Di3mso---e",
      "Di3msr",
      "Di3msr---e",
      "Ds1fp-p",
      "Ds1fp-s",
      "Ds1fsop",
      "Ds1fsos",
      "Ds1fsrp",
      "Ds1fsrs",
      "Ds1fsrs-y",
      "Ds1mp-p",
      "Ds1mp-s",
      "Ds1ms-p",
      "Ds1ms-s",
      "Ds1msrs-y",
      "Ds2---s",
      "Ds2fp-p",
      "Ds2fp-s",
      "Ds2fsrp",
      "Ds2fsrs",
      "Ds2mp-p",
      "Ds2mp-s",
      "Ds2ms-p",
      "Ds2ms-s",
      "Ds3---p",
      "Ds3---s",
      "Ds3fp-s",
      "Ds3fsos",
      "Ds3fsrs",
      "Ds3mp-s",
      "Ds3ms-s",
      "Dw3--r---e",
      "Dw3-po---e",
      "Dw3fpr",
      "Dw3fso---e",
      "Dw3fsr",
      "Dw3mpr",
      "Dw3mso---e",
      "Dw3msr",
      "Dz3fsr---e",
      "Dz3mso---e",
      "Dz3msr---e",
      "EQUAL",
      "EXCL",
      "EXCLHELLIP",
      "GE",
      "GT",
      "HELLIP",
      "I",
      "LCURL",
      "LPAR",
      "LSQR",
      "LT",
      "M",
      "Mc",
      "Mc-p-d",
      "Mc-p-l",
      "Mcfp-l",
      "Mcfp-ln",
      "Mcfprln",
      "Mcfprly",
      "Mcfsoln",
      "Mcfsrln",
      "Mcmp-l",
      "Mcms-ln",
      "Mcmsrl",
      "Mcmsrly",
      "Mffprln",
      "Mffsrln",
      "Mlfpo",
      "Mlfpr",
      "Mlmpr",
      "Mo---l",
      "Mo---ln",
      "Mo-s-r",
      "Mofp-ln",
      "Mofpoly",
      "Mofprly",
      "Mofs-l",
      "Mofsoln",
      "Mofsoly",
      "Mofsrln",
      "Mofsrly",
      "Mompoly",
      "Momprly",
      "Moms-l",
      "Moms-ln",
      "Momsoly",
      "Momsrly",
      "Nc",
      "Nc---n",
      "Ncf--n",
      "Ncfp-n",
      "Ncfpoy",
      "Ncfpry",
      "Ncfs-n",
      "Ncfson",
      "Ncfsoy",
      "Ncfsrn",
      "Ncfsry",
      "Ncfsryy",
      "Ncfsvy",
      "Ncm--n",
      "Ncmp-n",
      "Ncmpoy",
      "Ncmpry",
      "Ncms-n",
      "Ncms-ny",
      "Ncms-y",
      "Ncmsoy",
      "Ncmsrn",
      "Ncmsry",
      "Ncmsryy",
      "Ncmsvn",
      "Ncmsvy",
      "Np",
      "Npfson",
      "Npfsoy",
      "Npfsrn",
      "Npfsry",
      "Npmpoy",
      "Npmpry",
      "Npms-n",
      "Npmsoy",
      "Npmsry",
      "PERCENT",
      "PERIOD",
      "PLUS",
      "PLUSMINUS",
      "Pd3-po",
      "Pd3fpr",
      "Pd3fso",
      "Pd3fsr",
      "Pd3mpo",
      "Pd3mpr",
      "Pd3mpr--y",
      "Pd3mso",
      "Pd3msr",
      "Pi3",
      "Pi3--r",
      "Pi3-po",
      "Pi3-so",
      "Pi3-sr",
      "Pi3fpr",
      "Pi3fso",
      "Pi3fsr",
      "Pi3mpr",
      "Pi3mso",
      "Pi3msr",
      "Pi3msr--y",
      "Pp1-pa--------w",
      "Pp1-pa--y-----w",
      "Pp1-pd--------s",
      "Pp1-pd--------w",
      "Pp1-pd--y-----w",
      "Pp1-pr--------s",
      "Pp1-sa--------s",
      "Pp1-sa--------w",
      "Pp1-sa--y-----w",
      "Pp1-sd--------s",
      "Pp1-sd--------w",
      "Pp1-sd--y-----w",
      "Pp1-sn--------s",
      "Pp2-----------s",
      "Pp2-pa--------w",
      "Pp2-pa--y-----w",
      "Pp2-pd--------w",
      "Pp2-pd--y-----w",
      "Pp2-pr--------s",
      "Pp2-sa--------s",
      "Pp2-sa--------w",
      "Pp2-sa--y-----w",
      "Pp2-sd--------s",
      "Pp2-sd--------w",
      "Pp2-sd--y-----w",
      "Pp2-sn--------s",
      "Pp2-so--------s",
      "Pp2-sr--------s",
      "Pp3-p---------s",
      "Pp3-pd--------w",
      "Pp3-pd--y-----w",
      "Pp3-po--------s",
      "Pp3-sd--------w",
      "Pp3-sd--y-----w",
      "Pp3fpa--------w",
      "Pp3fpa--y-----w",
      "Pp3fpr--------s",
      "Pp3fs---------s",
      "Pp3fsa--------w",
      "Pp3fsa--y-----w",
      "Pp3fso--------s",
      "Pp3fsr--------s",
      "Pp3fsr--y-----s",
      "Pp3mpa--------w",
      "Pp3mpa--y-----w",
      "Pp3mpr--------s",
      "Pp3ms---------s",
      "Pp3msa--------w",
      "Pp3msa--y-----w",
      "Pp3mso--------s",
      "Pp3msr--------s",
      "Pp3msr--y-----s",
      "Ps1fp-s",
      "Ps1fsrp",
      "Ps1fsrs",
      "Ps1mp-p",
      "Ps1ms-p",
      "Ps2fp-s",
      "Ps2fsrp",
      "Ps2fsrs",
      "Ps2ms-s",
      "Ps3---p",
      "Ps3---s",
      "Ps3fp-s",
      "Ps3fsrs",
      "Ps3mp-s",
      "Ps3ms-s",
      "Pw3--r",
      "Pw3-po",
      "Pw3-so",
      "Pw3fpr",
      "Pw3fso",
      "Pw3mpr",
      "Pw3mso",
      "Px3--a--------s",
      "Px3--a--------w",
      "Px3--a--y-----w",
      "Px3--d--------w",
      "Px3--d--y-----w",
      "Pz3-sr",
      "Pz3fsr",
      "QUEST",
      "QUOT",
      "Qf",
      "Qn",
      "Qs",
      "Qs-y",
      "Qz",
      "Qz-y",
      "RCURL",
      "RPAR",
      "RSQR",
      "Rc",
      "Rgc",
      "Rgp",
      "Rgpy",
      "Rgs",
      "Rp",
      "Rw",
      "Rw-y",
      "Rz",
      "SCOLON",
      "SLASH",
      "STAR",
      "Sp",
      "Spsa",
      "Spsay",
      "Spsd",
      "Spsg",
      "Td-po",
      "Tdfpr",
      "Tdfso",
      "Tdfsr",
      "Tdmpr",
      "Tdmso",
      "Tdmsr",
      "Tf-so",
      "Tffpoy",
      "Tffpry",
      "Tffs-y",
      "Tfmpoy",
      "Tfms-y",
      "Tfmsoy",
      "Tfmsry",
      "Ti-po",
      "Tifp-y",
      "Tifso",
      "Tifsr",
      "Timso",
      "Timsr",
      "Tsfp",
      "Tsfs",
      "Tsmp",
      "Tsms",
      "UNDERSC",
      "Va--1",
      "Va--1-----y",
      "Va--1p",
      "Va--1s",
      "Va--1s----y",
      "Va--2p",
      "Va--2p----y",
      "Va--2s",
      "Va--2s----y",
      "Va--3",
      "Va--3-----y",
      "Va--3p",
      "Va--3p----y",
      "Va--3s",
      "Va--3s----y",
      "Vag",
      "Vaii1",
      "Vaii2s",
      "Vaii3p",
      "Vaii3s",
      "Vail3p",
      "Vail3s",
      "Vaip1p",
      "Vaip1s",
      "Vaip2p",
      "Vaip2s",
      "Vaip3p",
      "Vaip3p----y",
      "Vaip3s",
      "Vaip3s----y",
      "Vais3p",
      "Vais3s",
      "Vam-2s",
      "Vanp",
      "Vap--sm",
      "Vasp1p",
      "Vasp1s",
      "Vasp2p",
      "Vasp2s",
      "Vasp3",
      "Vmg",
      "Vmg-------y",
      "Vmii1",
      "Vmii1-----y",
      "Vmii2p",
      "Vmii2s",
      "Vmii3p",
      "Vmii3p----y",
      "Vmii3s",
      "Vmii3s----y",
      "Vmil1",
      "Vmil1p",
      "Vmil2s",
      "Vmil3p",
      "Vmil3p----y",
      "Vmil3s",
      "Vmil3s----y",
      "Vmip1p",
      "Vmip1p----y",
      "Vmip1s",
      "Vmip1s----y",
      "Vmip2p",
      "Vmip2s",
      "Vmip2s----y",
      "Vmip3",
      "Vmip3-----y",
      "Vmip3p",
      "Vmip3s",
      "Vmip3s----y",
      "Vmis1p",
      "Vmis1s",
      "Vmis3p",
      "Vmis3p----y",
      "Vmis3s",
      "Vmis3s----y",
      "Vmm-2p",
      "Vmm-2s",
      "Vmnp",
      "Vmnp------y",
      "Vmp--pf",
      "Vmp--pm",
      "Vmp--sf",
      "Vmp--sm",
      "Vmp--sm---y",
      "Vmsp1p",
      "Vmsp1s",
      "Vmsp2s",
      "Vmsp3",
      "Vmsp3-----y",
      "X",
      "Y",
      "Ya",
      "Yn",
      "Ynfsoy",
      "Ynfsry",
      "Ynmsoy",
      "Ynmsry",
      "Yp",
      "Yp-sr",
      "Yr"
    ],
    "parser": [
      "ROOT",
      "acl",
      "advcl",
      "advcl:tcl",
      "advmod",
      "advmod:tmod",
      "amod",
      "appos",
      "aux",
      "aux:pass",
      "case",
      "cc",
      "cc:preconj",
      "ccomp",
      "ccomp:pmod",
      "compound",
      "conj",
      "cop",
      "csubj",
      "csubj:pass",
      "dep",
      "det",
      "expl",
      "expl:impers",
      "expl:pass",
      "expl:poss",
      "expl:pv",
      "fixed",
      "flat",
      "goeswith",
      "iobj",
      "mark",
      "nmod",
      "nmod:agent",
      "nmod:pmod",
      "nmod:tmod",
      "nsubj",
      "nsubj:pass",
      "nummod",
      "obj",
      "obl",
      "orphan",
      "parataxis",
      "punct",
      "vocative",
      "xcomp"
    ],
    "senter": [
      "I",
      "S"
    ],
    "ner": [
      "DATETIME",
      "EVENT",
      "FACILITY",
      "GPE",
      "LANGUAGE",
      "LOC",
      "MONEY",
      "NAT_REL_POL",
      "NUMERIC_VALUE",
      "ORDINAL",
      "ORGANIZATION",
      "PERIOD",
      "PERSON",
      "PRODUCT",
      "QUANTITY",
      "WORK_OF_ART"
    ],
    "attribute_ruler": [],
    "lemmatizer": []
  },
  "pipeline": [
    "tok2vec",
    "tagger",
    "parser",
    "ner",
    "attribute_ruler",
    "lemmatizer"
  ],
  "components": [
    "tok2vec",
    "tagger",
    "parser",
    "senter",
    "ner",
    "attribute_ruler",
    "lemmatizer"
  ],
  "disabled": [
    "senter"
  ],
  "performance": {
    "token_acc": 0.9990029326,
    "tag_acc": 0.9611082383,
    "pos_acc": 0.9555561604,
    "morph_acc": 0.9622189558,
    "lemma_acc": 0.8186589263,
    "dep_uas": 0.8731948699,
    "dep_las": 0.8163739021,
    "sents_p": 0.9693333333,
    "sents_r": 0.9667553191,
    "sents_f": 0.9680426099,
    "speed": 10658.7948071107,
    "morph_per_feat": {
      "Case": {
        "p": 0.9896419437,
        "r": 0.9842299377,
        "f": 0.9869285213
      },
      "Gender": {
        "p": 0.9851898734,
        "r": 0.9729966246,
        "f": 0.9790552865
      },
      "Number": {
        "p": 0.9884873681,
        "r": 0.976825029,
        "f": 0.9826215958
      },
      "Person": {
        "p": 0.9806565064,
        "r": 0.9858573954,
        "f": 0.9832500735
      },
      "PronType": {
        "p": 0.9965325936,
        "r": 0.99308915,
        "f": 0.994807892
      },
      "Polarity": {
        "p": 0.9886363636,
        "r": 0.9983606557,
        "f": 0.9934747145
      },
      "AdpType": {
        "p": 0.998643608,
        "r": 0.9966159052,
        "f": 0.9976287263
      },
      "Definite": {
        "p": 0.9869164917,
        "r": 0.9698412698,
        "f": 0.9783043792
      },
      "Degree": {
        "p": 0.9435261708,
        "r": 0.920080591,
        "f": 0.9316558994
      },
      "VerbForm": {
        "p": 0.9619672131,
        "r": 0.9753989362,
        "f": 0.9686365137
      },
      "Abbr": {
        "p": 0.9852941176,
        "r": 0.8973214286,
        "f": 0.9392523364
      },
      "Poss": {
        "p": 1.0,
        "r": 0.9951807229,
        "f": 0.9975845411
      },
      "NumForm": {
        "p": 0.9971830986,
        "r": 0.9752066116,
        "f": 0.9860724234
      },
      "NumType": {
        "p": 0.9971988796,
        "r": 0.978021978,
        "f": 0.987517337
      },
      "Reflex": {
        "p": 1.0,
        "r": 0.9935897436,
        "f": 0.9967845659
      },
      "Strength": {
        "p": 0.9919678715,
        "r": 0.9801587302,
        "f": 0.9860279441
      },
      "Mood": {
        "p": 0.9430604982,
        "r": 0.9724770642,
        "f": 0.9575429088
      },
      "Tense": {
        "p": 0.9502133713,
        "r": 0.9709302326,
        "f": 0.9604601006
      },
      "Variant": {
        "p": 0.9865771812,
        "r": 0.9483870968,
        "f": 0.9671052632
      },
      "Position": {
        "p": 0.9910714286,
        "r": 0.9910714286,
        "f": 0.9910714286
      },
      "Number[psor]": {
        "p": 1.0,
        "r": 1.0,
        "f": 1.0
      },
      "PartType": {
        "p": 1.0,
        "r": 0.9459459459,
        "f": 0.9722222222
      },
      "Foreign": {
        "p": 0.0,
        "r": 0.0,
        "f": 0.0
      }
    },
    "dep_las_per_type": {
      "root": {
        "p": 0.8617021277,
        "r": 0.9152542373,
        "f": 0.8876712329
      },
      "mark": {
        "p": 0.9341085271,
        "r": 0.9094339623,
        "f": 0.9216061185
      },
      "case": {
        "p": 0.9508073601,
        "r": 0.9493813273,
        "f": 0.9500938086
      },
      "nmod:tmod": {
        "p": 0.5438596491,
        "r": 0.2605042017,
        "f": 0.3522727273
      },
      "amod": {
        "p": 0.8753246753,
        "r": 0.8611584327,
        "f": 0.8681837699
      },
      "nsubj": {
        "p": 0.8274111675,
        "r": 0.7725118483,
        "f": 0.7990196078
      },
      "nmod": {
        "p": 0.7967032967,
        "r": 0.7765083899,
        "f": 0.7864762249
      },
      "aux": {
        "p": 0.970260223,
        "r": 0.9542961609,
        "f": 0.9622119816
      },
      "advcl": {
        "p": 0.6503496503,
        "r": 0.6992481203,
        "f": 0.6739130435
      },
      "obj": {
        "p": 0.7913978495,
        "r": 0.8498845266,
        "f": 0.8195991091
      },
      "det": {
        "p": 0.9554794521,
        "r": 0.9479048698,
        "f": 0.9516770893
      },
      "cc": {
        "p": 0.920997921,
        "r": 0.9248434238,
        "f": 0.9229166667
      },
      "conj": {
        "p": 0.5436081243,
        "r": 0.527230591,
        "f": 0.5352941176
      },
      "nummod": {
        "p": 0.8761904762,
        "r": 0.8571428571,
        "f": 0.8665620094
      },
      "acl": {
        "p": 0.7840236686,
        "r": 0.684754522,
        "f": 0.7310344828
      },
      "advmod": {
        "p": 0.8046875,
        "r": 0.8153034301,
        "f": 0.8099606815
      },
      "obl": {
        "p": 0.6586956522,
        "r": 0.769035533,
        "f": 0.7096018735
      },
      "expl:pass": {
        "p": 0.78,
        "r": 0.7222222222,
        "f": 0.75
      },
      "nsubj:pass": {
        "p": 0.7692307692,
        "r": 0.6707317073,
        "f": 0.7166123779
      },
      "fixed": {
        "p": 0.8638297872,
        "r": 0.8583509514,
        "f": 0.8610816543
      },
      "appos": {
        "p": 0.449339207,
        "r": 0.3893129771,
        "f": 0.4171779141
      },
      "parataxis": {
        "p": 0.2765957447,
        "r": 0.3714285714,
        "f": 0.3170731707
      },
      "aux:pass": {
        "p": 0.9261744966,
        "r": 0.92,
        "f": 0.9230769231
      },
      "nmod:agent": {
        "p": 0.9175257732,
        "r": 0.8018018018,
        "f": 0.8557692308
      },
      "ccomp": {
        "p": 0.8991596639,
        "r": 0.8294573643,
        "f": 0.8629032258
      },
      "nmod:pmod": {
        "p": 0.3134328358,
        "r": 0.35,
        "f": 0.3307086614
      },
      "iobj": {
        "p": 0.7402597403,
        "r": 0.7037037037,
        "f": 0.7215189873
      },
      "flat": {
        "p": 0.7237851662,
        "r": 0.7447368421,
        "f": 0.7341115435
      },
      "cop": {
        "p": 0.8189655172,
        "r": 0.7661290323,
        "f": 0.7916666667
      },
      "csubj": {
        "p": 0.8,
        "r": 0.7619047619,
        "f": 0.7804878049
      },
      "dep": {
        "p": 0.0,
        "r": 0.0,
        "f": 0.0
      },
      "goeswith": {
        "p": 0.0909090909,
        "r": 0.3333333333,
        "f": 0.1428571429
      },
      "xcomp": {
        "p": 0.2608695652,
        "r": 0.4444444444,
        "f": 0.3287671233
      },
      "expl:pv": {
        "p": 0.7671232877,
        "r": 0.8115942029,
        "f": 0.7887323944
      },
      "expl": {
        "p": 0.7037037037,
        "r": 0.7037037037,
        "f": 0.7037037037
      },
      "vocative": {
        "p": 0.0,
        "r": 0.0,
        "f": 0.0
      },
      "expl:poss": {
        "p": 0.9655172414,
        "r": 0.9032258065,
        "f": 0.9333333333
      },
      "ccomp:pmod": {
        "p": 0.1666666667,
        "r": 0.3333333333,
        "f": 0.2222222222
      },
      "compound": {
        "p": 0.4166666667,
        "r": 0.7142857143,
        "f": 0.5263157895
      },
      "orphan": {
        "p": 0.0,
        "r": 0.0,
        "f": 0.0
      },
      "expl:impers": {
        "p": 0.0,
        "r": 0.0,
        "f": 0.0
      },
      "cc:preconj": {
        "p": 0.0,
        "r": 0.0,
        "f": 0.0
      },
      "csubj:pass": {
        "p": 0.0,
        "r": 0.0,
        "f": 0.0
      },
      "list": {
        "p": 0.0,
        "r": 0.0,
        "f": 0.0
      }
    },
    "ents_p": 0.728021978,
    "ents_r": 0.7126392624,
    "ents_f": 0.7202484954,
    "ents_per_type": {
      "DATETIME": {
        "p": 0.7842465753,
        "r": 0.7979094077,
        "f": 0.7910189983
      },
      "ORGANIZATION": {
        "p": 0.6492307692,
        "r": 0.6719745223,
        "f": 0.6604068858
      },
      "FACILITY": {
        "p": 0.4205607477,
        "r": 0.3435114504,
        "f": 0.3781512605
      },
      "NUMERIC_VALUE": {
        "p": 0.8821138211,
        "r": 0.9194915254,
        "f": 0.9004149378
      },
      "ORDINAL": {
        "p": 0.8571428571,
        "r": 0.8727272727,
        "f": 0.8648648649
      },
      "EVENT": {
        "p": 0.5333333333,
        "r": 0.4324324324,
        "f": 0.4776119403
      },
      "GPE": {
        "p": 0.8173913043,
        "r": 0.8643678161,
        "f": 0.8402234637
      },
      "PERSON": {
        "p": 0.6794657763,
        "r": 0.682885906,
        "f": 0.6811715481
      },
      "NAT_REL_POL": {
        "p": 0.8863636364,
        "r": 0.78,
        "f": 0.829787234
      },
      "MONEY": {
        "p": 0.9038461538,
        "r": 0.8103448276,
        "f": 0.8545454545
      },
      "PRODUCT": {
        "p": 0.5,
        "r": 0.3649635036,
        "f": 0.4219409283
      },
      "LOC": {
        "p": 0.4545454545,
        "r": 0.3947368421,
        "f": 0.4225352113
      },
      "WORK_OF_ART": {
        "p": 0.2857142857,
        "r": 0.2105263158,
        "f": 0.2424242424
      },
      "QUANTITY": {
        "p": 0.7666666667,
        "r": 0.8846153846,
        "f": 0.8214285714
      },
      "PERIOD": {
        "p": 0.9411764706,
        "r": 0.7619047619,
        "f": 0.8421052632
      },
      "LANGUAGE": {
        "p": 0.6,
        "r": 0.75,
        "f": 0.6666666667
      }
    }
  },
  "sources": [
    {
      "name": "UD Romanian RRT v2.5",
      "url": "https://github.com/UniversalDependencies/UD_Romanian-RRT",
      "author": "Barbu Mititelu, Verginica; Irimia, Elena; Perez, Cenel-Augusto; Ion, Radu; Simionescu, Radu; Popel, Martin",
      "license": "CC BY-SA 4.0"
    },
    {
      "name": "RONEC - the Romanian Named Entity Corpus (ca9ce460)",
      "url": "https://github.com/dumitrescustefan/ronec",
      "author": "Dumitrescu, Stefan Daniel; Avram, Andrei-Marius; Morogan, Luciana; Toma; Stefan",
      "license": "MIT"
    }
  ],
  "requirements": [],
  "parent_package": "spacy-nightly",
  "size": "15 MB",
  "checksum": "4b5375d1670fc86d2bcf55805f61ac0b6b25e908675554a9db723df14bf6e009"
}