{
  "lang": "ro",
  "name": "core_news_lg",
  "version": "3.0.0a1",
  "description": "Romanian pipeline optimized for CPU. Components: tok2vec, tagger, parser, senter, ner, attribute_ruler, lemmatizer.",
  "author": "Explosion",
  "email": "contact@explosion.ai",
  "url": "https://explosion.ai",
  "license": "CC BY-SA 4.0",
  "spacy_version": ">=3.0.0rc3,<3.1.0",
  "spacy_git_version": "43a752a2a",
  "vectors": {
    "width": 300,
    "vectors": 500000,
    "keys": 500000,
    "name": "ro_vectors"
  },
  "labels": {
    "tok2vec": [],
    "tagger": [
      "ARROW",
      "Af",
      "Afcfp-n",
      "Afcfson",
      "Afcfsrn",
      "Afcmpoy",
      "Afcms-n",
      "Afp",
      "Afp-p-n",
      "Afp-poy",
      "Afpf--n",
      "Afpfp-n",
      "Afpfp-ny",
      "Afpfpoy",
      "Afpfpry",
      "Afpfson",
      "Afpfsoy",
      "Afpfsrn",
      "Afpfsry",
      "Afpm--n",
      "Afpmp-n",
      "Afpmpoy",
      "Afpmpry",
      "Afpms-n",
      "Afpmsoy",
      "Afpmsry",
      "Afsfp-n",
      "Afsfsrn",
      "BULLET",
      "COLON",
      "COMMA",
      "Ccssp",
      "Ccsspy",
      "Crssp",
      "Csssp",
      "Cssspy",
      "DASH",
      "DBLQ",
      "Dd3-po---e",
      "Dd3-po---o",
      "Dd3fpo",
      "Dd3fpr",
      "Dd3fpr---e",
      "Dd3fpr---o",
      "Dd3fpr--y",
      "Dd3fso",
      "Dd3fso---e",
      "Dd3fsr",
      "Dd3fsr---e",
      "Dd3fsr---o",
      "Dd3fsr--yo",
      "Dd3mpo",
      "Dd3mpr",
      "Dd3mpr---e",
      "Dd3mpr---o",
      "Dd3mso---e",
      "Dd3msr",
      "Dd3msr---e",
      "Dd3msr---o",
      "Dh1ms",
      "Dh3fp",
      "Dh3fso",
      "Dh3fsr",
      "Dh3mp",
      "Dh3ms",
      "Di3",
      "Di3-----y",
      "Di3--r---e",
      "Di3-po",
      "Di3-po---e",
      "Di3-sr",
      "Di3-sr---e",
      "Di3-sr--y",
      "Di3fp",
      "Di3fpr",
      "Di3fpr---e",
      "Di3fso",
      "Di3fso---e",
      "Di3fsr",
      "Di3fsr---e",
      "Di3mp",
      "Di3mpr",
      "Di3mpr---e",
      "Di3ms",
      "Di3ms----e",
      "Di3mso---e",
      "Di3msr",
      "Di3msr---e",
      "Ds1fp-p",
      "Ds1fp-s",
      "Ds1fsop",
      "Ds1fsos",
      "Ds1fsrp",
      "Ds1fsrs",
      "Ds1fsrs-y",
      "Ds1mp-p",
      "Ds1mp-s",
      "Ds1ms-p",
      "Ds1ms-s",
      "Ds1msrs-y",
      "Ds2---s",
      "Ds2fp-p",
      "Ds2fp-s",
      "Ds2fsrp",
      "Ds2fsrs",
      "Ds2mp-p",
      "Ds2mp-s",
      "Ds2ms-p",
      "Ds2ms-s",
      "Ds3---p",
      "Ds3---s",
      "Ds3fp-s",
      "Ds3fsos",
      "Ds3fsrs",
      "Ds3mp-s",
      "Ds3ms-s",
      "Dw3--r---e",
      "Dw3-po---e",
      "Dw3fpr",
      "Dw3fso---e",
      "Dw3fsr",
      "Dw3mpr",
      "Dw3mso---e",
      "Dw3msr",
      "Dz3fsr---e",
      "Dz3mso---e",
      "Dz3msr---e",
      "EQUAL",
      "EXCL",
      "EXCLHELLIP",
      "GE",
      "GT",
      "HELLIP",
      "I",
      "LCURL",
      "LPAR",
      "LSQR",
      "LT",
      "M",
      "Mc",
      "Mc-p-d",
      "Mc-p-l",
      "Mcfp-l",
      "Mcfp-ln",
      "Mcfprln",
      "Mcfprly",
      "Mcfsoln",
      "Mcfsrln",
      "Mcmp-l",
      "Mcms-ln",
      "Mcmsrl",
      "Mcmsrly",
      "Mffprln",
      "Mffsrln",
      "Mlfpo",
      "Mlfpr",
      "Mlmpr",
      "Mo---l",
      "Mo---ln",
      "Mo-s-r",
      "Mofp-ln",
      "Mofpoly",
      "Mofprly",
      "Mofs-l",
      "Mofsoln",
      "Mofsoly",
      "Mofsrln",
      "Mofsrly",
      "Mompoly",
      "Momprly",
      "Moms-l",
      "Moms-ln",
      "Momsoly",
      "Momsrly",
      "Nc",
      "Nc---n",
      "Ncf--n",
      "Ncfp-n",
      "Ncfpoy",
      "Ncfpry",
      "Ncfs-n",
      "Ncfson",
      "Ncfsoy",
      "Ncfsrn",
      "Ncfsry",
      "Ncfsryy",
      "Ncfsvy",
      "Ncm--n",
      "Ncmp-n",
      "Ncmpoy",
      "Ncmpry",
      "Ncms-n",
      "Ncms-ny",
      "Ncms-y",
      "Ncmsoy",
      "Ncmsrn",
      "Ncmsry",
      "Ncmsryy",
      "Ncmsvn",
      "Ncmsvy",
      "Np",
      "Npfson",
      "Npfsoy",
      "Npfsrn",
      "Npfsry",
      "Npmpoy",
      "Npmpry",
      "Npms-n",
      "Npmsoy",
      "Npmsry",
      "PERCENT",
      "PERIOD",
      "PLUS",
      "PLUSMINUS",
      "Pd3-po",
      "Pd3fpr",
      "Pd3fso",
      "Pd3fsr",
      "Pd3mpo",
      "Pd3mpr",
      "Pd3mpr--y",
      "Pd3mso",
      "Pd3msr",
      "Pi3",
      "Pi3--r",
      "Pi3-po",
      "Pi3-so",
      "Pi3-sr",
      "Pi3fpr",
      "Pi3fso",
      "Pi3fsr",
      "Pi3mpr",
      "Pi3mso",
      "Pi3msr",
      "Pi3msr--y",
      "Pp1-pa--------w",
      "Pp1-pa--y-----w",
      "Pp1-pd--------s",
      "Pp1-pd--------w",
      "Pp1-pd--y-----w",
      "Pp1-pr--------s",
      "Pp1-sa--------s",
      "Pp1-sa--------w",
      "Pp1-sa--y-----w",
      "Pp1-sd--------s",
      "Pp1-sd--------w",
      "Pp1-sd--y-----w",
      "Pp1-sn--------s",
      "Pp2-----------s",
      "Pp2-pa--------w",
      "Pp2-pa--y-----w",
      "Pp2-pd--------w",
      "Pp2-pd--y-----w",
      "Pp2-pr--------s",
      "Pp2-sa--------s",
      "Pp2-sa--------w",
      "Pp2-sa--y-----w",
      "Pp2-sd--------s",
      "Pp2-sd--------w",
      "Pp2-sd--y-----w",
      "Pp2-sn--------s",
      "Pp2-so--------s",
      "Pp2-sr--------s",
      "Pp3-p---------s",
      "Pp3-pd--------w",
      "Pp3-pd--y-----w",
      "Pp3-po--------s",
      "Pp3-sd--------w",
      "Pp3-sd--y-----w",
      "Pp3fpa--------w",
      "Pp3fpa--y-----w",
      "Pp3fpr--------s",
      "Pp3fs---------s",
      "Pp3fsa--------w",
      "Pp3fsa--y-----w",
      "Pp3fso--------s",
      "Pp3fsr--------s",
      "Pp3fsr--y-----s",
      "Pp3mpa--------w",
      "Pp3mpa--y-----w",
      "Pp3mpr--------s",
      "Pp3ms---------s",
      "Pp3msa--------w",
      "Pp3msa--y-----w",
      "Pp3mso--------s",
      "Pp3msr--------s",
      "Pp3msr--y-----s",
      "Ps1fp-s",
      "Ps1fsrp",
      "Ps1fsrs",
      "Ps1mp-p",
      "Ps1ms-p",
      "Ps2fp-s",
      "Ps2fsrp",
      "Ps2fsrs",
      "Ps2ms-s",
      "Ps3---p",
      "Ps3---s",
      "Ps3fp-s",
      "Ps3fsrs",
      "Ps3mp-s",
      "Ps3ms-s",
      "Pw3--r",
      "Pw3-po",
      "Pw3-so",
      "Pw3fpr",
      "Pw3fso",
      "Pw3mpr",
      "Pw3mso",
      "Px3--a--------s",
      "Px3--a--------w",
      "Px3--a--y-----w",
      "Px3--d--------w",
      "Px3--d--y-----w",
      "Pz3-sr",
      "Pz3fsr",
      "QUEST",
      "QUOT",
      "Qf",
      "Qn",
      "Qs",
      "Qs-y",
      "Qz",
      "Qz-y",
      "RCURL",
      "RPAR",
      "RSQR",
      "Rc",
      "Rgc",
      "Rgp",
      "Rgpy",
      "Rgs",
      "Rp",
      "Rw",
      "Rw-y",
      "Rz",
      "SCOLON",
      "SLASH",
      "STAR",
      "Sp",
      "Spsa",
      "Spsay",
      "Spsd",
      "Spsg",
      "Td-po",
      "Tdfpr",
      "Tdfso",
      "Tdfsr",
      "Tdmpr",
      "Tdmso",
      "Tdmsr",
      "Tf-so",
      "Tffpoy",
      "Tffpry",
      "Tffs-y",
      "Tfmpoy",
      "Tfms-y",
      "Tfmsoy",
      "Tfmsry",
      "Ti-po",
      "Tifp-y",
      "Tifso",
      "Tifsr",
      "Timso",
      "Timsr",
      "Tsfp",
      "Tsfs",
      "Tsmp",
      "Tsms",
      "UNDERSC",
      "Va--1",
      "Va--1-----y",
      "Va--1p",
      "Va--1s",
      "Va--1s----y",
      "Va--2p",
      "Va--2p----y",
      "Va--2s",
      "Va--2s----y",
      "Va--3",
      "Va--3-----y",
      "Va--3p",
      "Va--3p----y",
      "Va--3s",
      "Va--3s----y",
      "Vag",
      "Vaii1",
      "Vaii2s",
      "Vaii3p",
      "Vaii3s",
      "Vail3p",
      "Vail3s",
      "Vaip1p",
      "Vaip1s",
      "Vaip2p",
      "Vaip2s",
      "Vaip3p",
      "Vaip3p----y",
      "Vaip3s",
      "Vaip3s----y",
      "Vais3p",
      "Vais3s",
      "Vam-2s",
      "Vanp",
      "Vap--sm",
      "Vasp1p",
      "Vasp1s",
      "Vasp2p",
      "Vasp2s",
      "Vasp3",
      "Vmg",
      "Vmg-------y",
      "Vmii1",
      "Vmii1-----y",
      "Vmii2p",
      "Vmii2s",
      "Vmii3p",
      "Vmii3p----y",
      "Vmii3s",
      "Vmii3s----y",
      "Vmil1",
      "Vmil1p",
      "Vmil2s",
      "Vmil3p",
      "Vmil3p----y",
      "Vmil3s",
      "Vmil3s----y",
      "Vmip1p",
      "Vmip1p----y",
      "Vmip1s",
      "Vmip1s----y",
      "Vmip2p",
      "Vmip2s",
      "Vmip2s----y",
      "Vmip3",
      "Vmip3-----y",
      "Vmip3p",
      "Vmip3s",
      "Vmip3s----y",
      "Vmis1p",
      "Vmis1s",
      "Vmis3p",
      "Vmis3p----y",
      "Vmis3s",
      "Vmis3s----y",
      "Vmm-2p",
      "Vmm-2s",
      "Vmnp",
      "Vmnp------y",
      "Vmp--pf",
      "Vmp--pm",
      "Vmp--sf",
      "Vmp--sm",
      "Vmp--sm---y",
      "Vmsp1p",
      "Vmsp1s",
      "Vmsp2s",
      "Vmsp3",
      "Vmsp3-----y",
      "X",
      "Y",
      "Ya",
      "Yn",
      "Ynfsoy",
      "Ynfsry",
      "Ynmsoy",
      "Ynmsry",
      "Yp",
      "Yp-sr",
      "Yr"
    ],
    "parser": [
      "ROOT",
      "acl",
      "advcl",
      "advcl:tcl",
      "advmod",
      "advmod:tmod",
      "amod",
      "appos",
      "aux",
      "aux:pass",
      "case",
      "cc",
      "cc:preconj",
      "ccomp",
      "ccomp:pmod",
      "compound",
      "conj",
      "cop",
      "csubj",
      "csubj:pass",
      "dep",
      "det",
      "expl",
      "expl:impers",
      "expl:pass",
      "expl:poss",
      "expl:pv",
      "fixed",
      "flat",
      "goeswith",
      "iobj",
      "mark",
      "nmod",
      "nmod:agent",
      "nmod:pmod",
      "nmod:tmod",
      "nsubj",
      "nsubj:pass",
      "nummod",
      "obj",
      "obl",
      "orphan",
      "parataxis",
      "punct",
      "vocative",
      "xcomp"
    ],
    "senter": [
      "I",
      "S"
    ],
    "ner": [
      "DATETIME",
      "EVENT",
      "FACILITY",
      "GPE",
      "LANGUAGE",
      "LOC",
      "MONEY",
      "NAT_REL_POL",
      "NUMERIC_VALUE",
      "ORDINAL",
      "ORGANIZATION",
      "PERIOD",
      "PERSON",
      "PRODUCT",
      "QUANTITY",
      "WORK_OF_ART"
    ],
    "attribute_ruler": [],
    "lemmatizer": []
  },
  "pipeline": [
    "tok2vec",
    "tagger",
    "parser",
    "ner",
    "attribute_ruler",
    "lemmatizer"
  ],
  "components": [
    "tok2vec",
    "tagger",
    "parser",
    "senter",
    "ner",
    "attribute_ruler",
    "lemmatizer"
  ],
  "disabled": [
    "senter"
  ],
  "performance": {
    "token_acc": 0.9990029326,
    "tag_acc": 0.9732730935,
    "pos_acc": 0.9632028741,
    "morph_acc": 0.9747679578,
    "lemma_acc": 0.8186589263,
    "dep_uas": 0.8887285504,
    "dep_las": 0.8431784672,
    "sents_p": 0.9639037433,
    "sents_r": 0.9587765957,
    "sents_f": 0.9613333333,
    "speed": 9480.0276928234,
    "morph_per_feat": {
      "Case": {
        "p": 0.9927221655,
        "r": 0.9888083429,
        "f": 0.990761389
      },
      "Gender": {
        "p": 0.9924660974,
        "r": 0.9881235154,
        "f": 0.9902900457
      },
      "Number": {
        "p": 0.9907868262,
        "r": 0.9855683135,
        "f": 0.9881706802
      },
      "Person": {
        "p": 0.9841642229,
        "r": 0.9888037714,
        "f": 0.986478542
      },
      "PronType": {
        "p": 0.9951523546,
        "r": 0.99308915,
        "f": 0.9941196818
      },
      "Polarity": {
        "p": 0.9886178862,
        "r": 0.9967213115,
        "f": 0.9926530612
      },
      "AdpType": {
        "p": 0.9993211134,
        "r": 0.9962774958,
        "f": 0.9977969836
      },
      "Definite": {
        "p": 0.9893039591,
        "r": 0.9836507937,
        "f": 0.9864692773
      },
      "Degree": {
        "p": 0.9645293315,
        "r": 0.9496306246,
        "f": 0.9570219966
      },
      "VerbForm": {
        "p": 0.9773785762,
        "r": 0.9767287234,
        "f": 0.9770535417
      },
      "Abbr": {
        "p": 0.9899497487,
        "r": 0.8794642857,
        "f": 0.9314420804
      },
      "Poss": {
        "p": 0.9975786925,
        "r": 0.9927710843,
        "f": 0.9951690821
      },
      "NumForm": {
        "p": 0.9958158996,
        "r": 0.9834710744,
        "f": 0.9896049896
      },
      "NumType": {
        "p": 0.9958275382,
        "r": 0.9835164835,
        "f": 0.9896337249
      },
      "Reflex": {
        "p": 1.0,
        "r": 0.9935897436,
        "f": 0.9967845659
      },
      "Strength": {
        "p": 0.9880478088,
        "r": 0.9841269841,
        "f": 0.986083499
      },
      "Mood": {
        "p": 0.963963964,
        "r": 0.9816513761,
        "f": 0.9727272727
      },
      "Tense": {
        "p": 0.9696969697,
        "r": 0.976744186,
        "f": 0.9732078204
      },
      "Variant": {
        "p": 0.9932885906,
        "r": 0.9548387097,
        "f": 0.9736842105
      },
      "Position": {
        "p": 1.0,
        "r": 0.9910714286,
        "f": 0.9955156951
      },
      "Number[psor]": {
        "p": 0.9666666667,
        "r": 0.9666666667,
        "f": 0.9666666667
      },
      "PartType": {
        "p": 0.9722222222,
        "r": 0.9459459459,
        "f": 0.9589041096
      },
      "Foreign": {
        "p": 0.0,
        "r": 0.0,
        "f": 0.0
      }
    },
    "dep_las_per_type": {
      "root": {
        "p": 0.8994515539,
        "r": 0.9265536723,
        "f": 0.9128014842
      },
      "mark": {
        "p": 0.9312977099,
        "r": 0.920754717,
        "f": 0.9259962049
      },
      "case": {
        "p": 0.9630746044,
        "r": 0.9583802025,
        "f": 0.9607216689
      },
      "nmod:tmod": {
        "p": 0.5405405405,
        "r": 0.1680672269,
        "f": 0.2564102564
      },
      "amod": {
        "p": 0.902274642,
        "r": 0.9122657581,
        "f": 0.9072426938
      },
      "nsubj": {
        "p": 0.8654781199,
        "r": 0.8436018957,
        "f": 0.8544
      },
      "nmod": {
        "p": 0.8129445235,
        "r": 0.8161370939,
        "f": 0.8145376804
      },
      "aux": {
        "p": 0.9775700935,
        "r": 0.9561243144,
        "f": 0.966728281
      },
      "advcl": {
        "p": 0.6814814815,
        "r": 0.6917293233,
        "f": 0.6865671642
      },
      "obj": {
        "p": 0.83632287,
        "r": 0.8614318707,
        "f": 0.8486916951
      },
      "det": {
        "p": 0.967816092,
        "r": 0.9535673839,
        "f": 0.9606389047
      },
      "cc": {
        "p": 0.9512711864,
        "r": 0.9373695198,
        "f": 0.9442691903
      },
      "conj": {
        "p": 0.6037037037,
        "r": 0.5666280417,
        "f": 0.5845786013
      },
      "nummod": {
        "p": 0.8769470405,
        "r": 0.8742236025,
        "f": 0.8755832037
      },
      "acl": {
        "p": 0.7673130194,
        "r": 0.7157622739,
        "f": 0.7406417112
      },
      "advmod": {
        "p": 0.8072916667,
        "r": 0.8179419525,
        "f": 0.8125819135
      },
      "obl": {
        "p": 0.704070407,
        "r": 0.8121827411,
        "f": 0.7542722451
      },
      "expl:pass": {
        "p": 0.7543859649,
        "r": 0.7962962963,
        "f": 0.7747747748
      },
      "nsubj:pass": {
        "p": 0.8308823529,
        "r": 0.6890243902,
        "f": 0.7533333333
      },
      "fixed": {
        "p": 0.8825995807,
        "r": 0.8900634249,
        "f": 0.8863157895
      },
      "appos": {
        "p": 0.4743083004,
        "r": 0.4580152672,
        "f": 0.4660194175
      },
      "parataxis": {
        "p": 0.2162162162,
        "r": 0.2285714286,
        "f": 0.2222222222
      },
      "aux:pass": {
        "p": 0.9220779221,
        "r": 0.9466666667,
        "f": 0.9342105263
      },
      "nmod:agent": {
        "p": 0.9450549451,
        "r": 0.7747747748,
        "f": 0.8514851485
      },
      "ccomp": {
        "p": 0.9268292683,
        "r": 0.8837209302,
        "f": 0.9047619048
      },
      "nmod:pmod": {
        "p": 0.4318181818,
        "r": 0.3166666667,
        "f": 0.3653846154
      },
      "iobj": {
        "p": 0.7702702703,
        "r": 0.7037037037,
        "f": 0.735483871
      },
      "flat": {
        "p": 0.8297297297,
        "r": 0.8078947368,
        "f": 0.8186666667
      },
      "cop": {
        "p": 0.8823529412,
        "r": 0.8467741935,
        "f": 0.8641975309
      },
      "csubj": {
        "p": 0.7727272727,
        "r": 0.8095238095,
        "f": 0.7906976744
      },
      "dep": {
        "p": 0.0,
        "r": 0.0,
        "f": 0.0
      },
      "expl:pv": {
        "p": 0.7777777778,
        "r": 0.8115942029,
        "f": 0.7943262411
      },
      "expl": {
        "p": 0.6774193548,
        "r": 0.7777777778,
        "f": 0.724137931
      },
      "expl:poss": {
        "p": 0.9666666667,
        "r": 0.935483871,
        "f": 0.9508196721
      },
      "goeswith": {
        "p": 0.1666666667,
        "r": 0.3333333333,
        "f": 0.2222222222
      },
      "xcomp": {
        "p": 0.5,
        "r": 0.5185185185,
        "f": 0.5090909091
      },
      "orphan": {
        "p": 0.0,
        "r": 0.0,
        "f": 0.0
      },
      "expl:impers": {
        "p": 0.0,
        "r": 0.0,
        "f": 0.0
      },
      "compound": {
        "p": 0.4444444444,
        "r": 0.5714285714,
        "f": 0.5
      },
      "vocative": {
        "p": 0.0,
        "r": 0.0,
        "f": 0.0
      },
      "list": {
        "p": 0.0,
        "r": 0.0,
        "f": 0.0
      },
      "ccomp:pmod": {
        "p": 0.3333333333,
        "r": 0.3333333333,
        "f": 0.3333333333
      },
      "csubj:pass": {
        "p": 0.0,
        "r": 0.0,
        "f": 0.0
      },
      "advcl:tcl": {
        "p": 0.0,
        "r": 0.0,
        "f": 0.0
      },
      "cc:preconj": {
        "p": 0.0,
        "r": 0.0,
        "f": 0.0
      }
    },
    "ents_p": 0.7588679245,
    "ents_r": 0.7725701114,
    "ents_f": 0.7656577194,
    "ents_per_type": {
      "DATETIME": {
        "p": 0.7959183673,
        "r": 0.8153310105,
        "f": 0.8055077453
      },
      "ORGANIZATION": {
        "p": 0.6842105263,
        "r": 0.7038216561,
        "f": 0.693877551
      },
      "FACILITY": {
        "p": 0.5603448276,
        "r": 0.4961832061,
        "f": 0.5263157895
      },
      "NUMERIC_VALUE": {
        "p": 0.9037656904,
        "r": 0.9152542373,
        "f": 0.9094736842
      },
      "ORDINAL": {
        "p": 0.7894736842,
        "r": 0.8181818182,
        "f": 0.8035714286
      },
      "EVENT": {
        "p": 0.5135135135,
        "r": 0.5135135135,
        "f": 0.5135135135
      },
      "GPE": {
        "p": 0.8456521739,
        "r": 0.8942528736,
        "f": 0.869273743
      },
      "PERSON": {
        "p": 0.7171875,
        "r": 0.7701342282,
        "f": 0.7427184466
      },
      "LOC": {
        "p": 0.55,
        "r": 0.5789473684,
        "f": 0.5641025641
      },
      "NAT_REL_POL": {
        "p": 0.9047619048,
        "r": 0.8866666667,
        "f": 0.8956228956
      },
      "MONEY": {
        "p": 0.9615384615,
        "r": 0.8620689655,
        "f": 0.9090909091
      },
      "PRODUCT": {
        "p": 0.564516129,
        "r": 0.5109489051,
        "f": 0.5363984674
      },
      "WORK_OF_ART": {
        "p": 0.3636363636,
        "r": 0.2105263158,
        "f": 0.2666666667
      },
      "QUANTITY": {
        "p": 0.8387096774,
        "r": 1.0,
        "f": 0.9122807018
      },
      "PERIOD": {
        "p": 0.9411764706,
        "r": 0.7619047619,
        "f": 0.8421052632
      },
      "LANGUAGE": {
        "p": 0.8,
        "r": 1.0,
        "f": 0.8888888889
      }
    }
  },
  "sources": [
    {
      "name": "UD Romanian RRT v2.5",
      "url": "https://github.com/UniversalDependencies/UD_Romanian-RRT",
      "author": "Barbu Mititelu, Verginica; Irimia, Elena; Perez, Cenel-Augusto; Ion, Radu; Simionescu, Radu; Popel, Martin",
      "license": "CC BY-SA 4.0"
    },
    {
      "name": "RONEC - the Romanian Named Entity Corpus (ca9ce460)",
      "url": "https://github.com/dumitrescustefan/ronec",
      "author": "Dumitrescu, Stefan Daniel; Avram, Andrei-Marius; Morogan, Luciana; Toma; Stefan",
      "license": "MIT"
    }
  ],
  "requirements": [],
  "parent_package": "spacy-nightly",
  "size": "546 MB",
  "checksum": "f9c8b72e46a66a03e2a7b18a615299c344033bf14a0ddd395912031c640bf1ff"
}