{
  "lang": "ro",
  "name": "core_news_lg",
  "version": "3.0.0",
  "description": "Romanian pipeline optimized for CPU. Components: tok2vec, tagger, parser, senter, ner, attribute_ruler, lemmatizer.",
  "author": "Explosion",
  "email": "contact@explosion.ai",
  "url": "https://explosion.ai",
  "license": "CC BY-SA 4.0",
  "spacy_version": ">=3.0.0,<3.1.0",
  "spacy_git_version": "e7db07a0b",
  "vectors": {
    "width": 300,
    "vectors": 500000,
    "keys": 500000,
    "name": "ro_vectors"
  },
  "labels": {
    "tok2vec": [],
    "tagger": [
      "ARROW",
      "Af",
      "Afcfp-n",
      "Afcfson",
      "Afcfsrn",
      "Afcmpoy",
      "Afcms-n",
      "Afp",
      "Afp-p-n",
      "Afp-poy",
      "Afpf--n",
      "Afpfp-n",
      "Afpfp-ny",
      "Afpfpoy",
      "Afpfpry",
      "Afpfson",
      "Afpfsoy",
      "Afpfsrn",
      "Afpfsry",
      "Afpm--n",
      "Afpmp-n",
      "Afpmpoy",
      "Afpmpry",
      "Afpms-n",
      "Afpmsoy",
      "Afpmsry",
      "Afsfp-n",
      "Afsfsrn",
      "BULLET",
      "COLON",
      "COMMA",
      "Ccssp",
      "Ccsspy",
      "Crssp",
      "Csssp",
      "Cssspy",
      "DASH",
      "DBLQ",
      "Dd3-po---e",
      "Dd3-po---o",
      "Dd3fpo",
      "Dd3fpr",
      "Dd3fpr---e",
      "Dd3fpr---o",
      "Dd3fpr--y",
      "Dd3fso",
      "Dd3fso---e",
      "Dd3fsr",
      "Dd3fsr---e",
      "Dd3fsr---o",
      "Dd3fsr--yo",
      "Dd3mpo",
      "Dd3mpr",
      "Dd3mpr---e",
      "Dd3mpr---o",
      "Dd3mso---e",
      "Dd3msr",
      "Dd3msr---e",
      "Dd3msr---o",
      "Dh1ms",
      "Dh3fp",
      "Dh3fso",
      "Dh3fsr",
      "Dh3mp",
      "Dh3ms",
      "Di3",
      "Di3-----y",
      "Di3--r---e",
      "Di3-po",
      "Di3-po---e",
      "Di3-sr",
      "Di3-sr---e",
      "Di3-sr--y",
      "Di3fp",
      "Di3fpr",
      "Di3fpr---e",
      "Di3fso",
      "Di3fso---e",
      "Di3fsr",
      "Di3fsr---e",
      "Di3mp",
      "Di3mpr",
      "Di3mpr---e",
      "Di3ms",
      "Di3ms----e",
      "Di3mso---e",
      "Di3msr",
      "Di3msr---e",
      "Ds1fp-p",
      "Ds1fp-s",
      "Ds1fsop",
      "Ds1fsos",
      "Ds1fsrp",
      "Ds1fsrs",
      "Ds1fsrs-y",
      "Ds1mp-p",
      "Ds1mp-s",
      "Ds1ms-p",
      "Ds1ms-s",
      "Ds1msrs-y",
      "Ds2---s",
      "Ds2fp-p",
      "Ds2fp-s",
      "Ds2fsrp",
      "Ds2fsrs",
      "Ds2mp-p",
      "Ds2mp-s",
      "Ds2ms-p",
      "Ds2ms-s",
      "Ds3---p",
      "Ds3---s",
      "Ds3fp-s",
      "Ds3fsos",
      "Ds3fsrs",
      "Ds3mp-s",
      "Ds3ms-s",
      "Dw3--r---e",
      "Dw3-po---e",
      "Dw3fpr",
      "Dw3fso---e",
      "Dw3fsr",
      "Dw3mpr",
      "Dw3mso---e",
      "Dw3msr",
      "Dz3fsr---e",
      "Dz3mso---e",
      "Dz3msr---e",
      "EQUAL",
      "EXCL",
      "EXCLHELLIP",
      "GE",
      "GT",
      "HELLIP",
      "I",
      "LCURL",
      "LPAR",
      "LSQR",
      "LT",
      "M",
      "Mc",
      "Mc-p-d",
      "Mc-p-l",
      "Mcfp-l",
      "Mcfp-ln",
      "Mcfprln",
      "Mcfprly",
      "Mcfsoln",
      "Mcfsrln",
      "Mcmp-l",
      "Mcms-ln",
      "Mcmsrl",
      "Mcmsrly",
      "Mffprln",
      "Mffsrln",
      "Mlfpo",
      "Mlfpr",
      "Mlmpr",
      "Mo---l",
      "Mo---ln",
      "Mo-s-r",
      "Mofp-ln",
      "Mofpoly",
      "Mofprly",
      "Mofs-l",
      "Mofsoln",
      "Mofsoly",
      "Mofsrln",
      "Mofsrly",
      "Mompoly",
      "Momprly",
      "Moms-l",
      "Moms-ln",
      "Momsoly",
      "Momsrly",
      "Nc",
      "Nc---n",
      "Ncf--n",
      "Ncfp-n",
      "Ncfpoy",
      "Ncfpry",
      "Ncfs-n",
      "Ncfson",
      "Ncfsoy",
      "Ncfsrn",
      "Ncfsry",
      "Ncfsryy",
      "Ncfsvy",
      "Ncm--n",
      "Ncmp-n",
      "Ncmpoy",
      "Ncmpry",
      "Ncms-n",
      "Ncms-ny",
      "Ncms-y",
      "Ncmsoy",
      "Ncmsrn",
      "Ncmsry",
      "Ncmsryy",
      "Ncmsvn",
      "Ncmsvy",
      "Np",
      "Npfson",
      "Npfsoy",
      "Npfsrn",
      "Npfsry",
      "Npmpoy",
      "Npmpry",
      "Npms-n",
      "Npmsoy",
      "Npmsry",
      "PERCENT",
      "PERIOD",
      "PLUS",
      "PLUSMINUS",
      "Pd3-po",
      "Pd3fpr",
      "Pd3fso",
      "Pd3fsr",
      "Pd3mpo",
      "Pd3mpr",
      "Pd3mpr--y",
      "Pd3mso",
      "Pd3msr",
      "Pi3",
      "Pi3--r",
      "Pi3-po",
      "Pi3-so",
      "Pi3-sr",
      "Pi3fpr",
      "Pi3fso",
      "Pi3fsr",
      "Pi3mpr",
      "Pi3mso",
      "Pi3msr",
      "Pi3msr--y",
      "Pp1-pa--------w",
      "Pp1-pa--y-----w",
      "Pp1-pd--------s",
      "Pp1-pd--------w",
      "Pp1-pd--y-----w",
      "Pp1-pr--------s",
      "Pp1-sa--------s",
      "Pp1-sa--------w",
      "Pp1-sa--y-----w",
      "Pp1-sd--------s",
      "Pp1-sd--------w",
      "Pp1-sd--y-----w",
      "Pp1-sn--------s",
      "Pp2-----------s",
      "Pp2-pa--------w",
      "Pp2-pa--y-----w",
      "Pp2-pd--------w",
      "Pp2-pd--y-----w",
      "Pp2-pr--------s",
      "Pp2-sa--------s",
      "Pp2-sa--------w",
      "Pp2-sa--y-----w",
      "Pp2-sd--------s",
      "Pp2-sd--------w",
      "Pp2-sd--y-----w",
      "Pp2-sn--------s",
      "Pp2-so--------s",
      "Pp2-sr--------s",
      "Pp3-p---------s",
      "Pp3-pd--------w",
      "Pp3-pd--y-----w",
      "Pp3-po--------s",
      "Pp3-sd--------w",
      "Pp3-sd--y-----w",
      "Pp3fpa--------w",
      "Pp3fpa--y-----w",
      "Pp3fpr--------s",
      "Pp3fs---------s",
      "Pp3fsa--------w",
      "Pp3fsa--y-----w",
      "Pp3fso--------s",
      "Pp3fsr--------s",
      "Pp3fsr--y-----s",
      "Pp3mpa--------w",
      "Pp3mpa--y-----w",
      "Pp3mpr--------s",
      "Pp3ms---------s",
      "Pp3msa--------w",
      "Pp3msa--y-----w",
      "Pp3mso--------s",
      "Pp3msr--------s",
      "Pp3msr--y-----s",
      "Ps1fp-s",
      "Ps1fsrp",
      "Ps1fsrs",
      "Ps1mp-p",
      "Ps1ms-p",
      "Ps2fp-s",
      "Ps2fsrp",
      "Ps2fsrs",
      "Ps2ms-s",
      "Ps3---p",
      "Ps3---s",
      "Ps3fp-s",
      "Ps3fsrs",
      "Ps3mp-s",
      "Ps3ms-s",
      "Pw3--r",
      "Pw3-po",
      "Pw3-so",
      "Pw3fpr",
      "Pw3fso",
      "Pw3mpr",
      "Pw3mso",
      "Px3--a--------s",
      "Px3--a--------w",
      "Px3--a--y-----w",
      "Px3--d--------w",
      "Px3--d--y-----w",
      "Pz3-sr",
      "Pz3fsr",
      "QUEST",
      "QUOT",
      "Qf",
      "Qn",
      "Qs",
      "Qs-y",
      "Qz",
      "Qz-y",
      "RCURL",
      "RPAR",
      "RSQR",
      "Rc",
      "Rgc",
      "Rgp",
      "Rgpy",
      "Rgs",
      "Rp",
      "Rw",
      "Rw-y",
      "Rz",
      "SCOLON",
      "SLASH",
      "STAR",
      "Sp",
      "Spsa",
      "Spsay",
      "Spsd",
      "Spsg",
      "Td-po",
      "Tdfpr",
      "Tdfso",
      "Tdfsr",
      "Tdmpr",
      "Tdmso",
      "Tdmsr",
      "Tf-so",
      "Tffpoy",
      "Tffpry",
      "Tffs-y",
      "Tfmpoy",
      "Tfms-y",
      "Tfmsoy",
      "Tfmsry",
      "Ti-po",
      "Tifp-y",
      "Tifso",
      "Tifsr",
      "Timso",
      "Timsr",
      "Tsfp",
      "Tsfs",
      "Tsmp",
      "Tsms",
      "UNDERSC",
      "Va--1",
      "Va--1-----y",
      "Va--1p",
      "Va--1s",
      "Va--1s----y",
      "Va--2p",
      "Va--2p----y",
      "Va--2s",
      "Va--2s----y",
      "Va--3",
      "Va--3-----y",
      "Va--3p",
      "Va--3p----y",
      "Va--3s",
      "Va--3s----y",
      "Vag",
      "Vaii1",
      "Vaii2s",
      "Vaii3p",
      "Vaii3s",
      "Vail3p",
      "Vail3s",
      "Vaip1p",
      "Vaip1s",
      "Vaip2p",
      "Vaip2s",
      "Vaip3p",
      "Vaip3p----y",
      "Vaip3s",
      "Vaip3s----y",
      "Vais3p",
      "Vais3s",
      "Vam-2s",
      "Vanp",
      "Vap--sm",
      "Vasp1p",
      "Vasp1s",
      "Vasp2p",
      "Vasp2s",
      "Vasp3",
      "Vmg",
      "Vmg-------y",
      "Vmii1",
      "Vmii1-----y",
      "Vmii2p",
      "Vmii2s",
      "Vmii3p",
      "Vmii3p----y",
      "Vmii3s",
      "Vmii3s----y",
      "Vmil1",
      "Vmil1p",
      "Vmil2s",
      "Vmil3p",
      "Vmil3p----y",
      "Vmil3s",
      "Vmil3s----y",
      "Vmip1p",
      "Vmip1p----y",
      "Vmip1s",
      "Vmip1s----y",
      "Vmip2p",
      "Vmip2s",
      "Vmip2s----y",
      "Vmip3",
      "Vmip3-----y",
      "Vmip3p",
      "Vmip3s",
      "Vmip3s----y",
      "Vmis1p",
      "Vmis1s",
      "Vmis3p",
      "Vmis3p----y",
      "Vmis3s",
      "Vmis3s----y",
      "Vmm-2p",
      "Vmm-2s",
      "Vmnp",
      "Vmnp------y",
      "Vmp--pf",
      "Vmp--pm",
      "Vmp--sf",
      "Vmp--sm",
      "Vmp--sm---y",
      "Vmsp1p",
      "Vmsp1s",
      "Vmsp2s",
      "Vmsp3",
      "Vmsp3-----y",
      "X",
      "Y",
      "Ya",
      "Yn",
      "Ynfsoy",
      "Ynfsry",
      "Ynmsoy",
      "Ynmsry",
      "Yp",
      "Yp-sr",
      "Yr"
    ],
    "parser": [
      "ROOT",
      "acl",
      "advcl",
      "advcl:tcl",
      "advmod",
      "advmod:tmod",
      "amod",
      "appos",
      "aux",
      "aux:pass",
      "case",
      "cc",
      "cc:preconj",
      "ccomp",
      "ccomp:pmod",
      "compound",
      "conj",
      "cop",
      "csubj",
      "csubj:pass",
      "dep",
      "det",
      "expl",
      "expl:impers",
      "expl:pass",
      "expl:poss",
      "expl:pv",
      "fixed",
      "flat",
      "goeswith",
      "iobj",
      "mark",
      "nmod",
      "nmod:agent",
      "nmod:pmod",
      "nmod:tmod",
      "nsubj",
      "nsubj:pass",
      "nummod",
      "obj",
      "obl",
      "orphan",
      "parataxis",
      "punct",
      "vocative",
      "xcomp"
    ],
    "senter": [
      "I",
      "S"
    ],
    "ner": [
      "DATETIME",
      "EVENT",
      "FACILITY",
      "GPE",
      "LANGUAGE",
      "LOC",
      "MONEY",
      "NAT_REL_POL",
      "NUMERIC_VALUE",
      "ORDINAL",
      "ORGANIZATION",
      "PERIOD",
      "PERSON",
      "PRODUCT",
      "QUANTITY",
      "WORK_OF_ART"
    ],
    "attribute_ruler": [],
    "lemmatizer": []
  },
  "pipeline": [
    "tok2vec",
    "tagger",
    "parser",
    "ner",
    "attribute_ruler",
    "lemmatizer"
  ],
  "components": [
    "tok2vec",
    "tagger",
    "parser",
    "senter",
    "ner",
    "attribute_ruler",
    "lemmatizer"
  ],
  "disabled": [
    "senter"
  ],
  "performance": {
    "token_acc": 0.9990029326,
    "tag_acc": 0.9732730935,
    "pos_acc": 0.9632028741,
    "morph_acc": 0.9747679578,
    "lemma_acc": 0.8186589263,
    "dep_uas": 0.8887285504,
    "dep_las": 0.8431784672,
    "ents_p": 0.7588679245,
    "ents_r": 0.7725701114,
    "ents_f": 0.7656577194,
    "sents_p": 0.9639037433,
    "sents_r": 0.9587765957,
    "sents_f": 0.9613333333,
    "speed": 10079.2926660949,
    "morph_per_feat": {
      "AdpType": {
        "p": 0.9966652772,
        "r": 0.9950062422,
        "f": 0.9958350687
      },
      "Case": {
        "p": 0.9887411829,
        "r": 0.9843349088,
        "f": 0.9865331258
      },
      "Variant": {
        "p": 0.969348659,
        "r": 0.9133574007,
        "f": 0.9405204461
      },
      "Gender": {
        "p": 0.9837101531,
        "r": 0.981092437,
        "f": 0.9823995512
      },
      "Number": {
        "p": 0.9829079307,
        "r": 0.9795593913,
        "f": 0.9812308042
      },
      "PronType": {
        "p": 0.9922958398,
        "r": 0.9857142857,
        "f": 0.9889941131
      },
      "Definite": {
        "p": 0.9787351054,
        "r": 0.9764081931,
        "f": 0.9775702646
      },
      "Degree": {
        "p": 0.9486873508,
        "r": 0.9464285714,
        "f": 0.947556615
      },
      "Polarity": {
        "p": 0.9922380336,
        "r": 0.9820742638,
        "f": 0.9871299871
      },
      "Mood": {
        "p": 0.9796954315,
        "r": 0.965,
        "f": 0.9722921914
      },
      "Person": {
        "p": 0.9833333333,
        "r": 0.9696859021,
        "f": 0.9764619345
      },
      "Tense": {
        "p": 0.9804069329,
        "r": 0.9587324982,
        "f": 0.9694485842
      },
      "VerbForm": {
        "p": 0.9732185557,
        "r": 0.9617202268,
        "f": 0.967435227
      },
      "NumForm": {
        "p": 0.9951219512,
        "r": 0.9951219512,
        "f": 0.9951219512
      },
      "NumType": {
        "p": 0.9975961538,
        "r": 0.9952038369,
        "f": 0.9963985594
      },
      "PartType": {
        "p": 0.9473684211,
        "r": 0.9,
        "f": 0.9230769231
      },
      "Strength": {
        "p": 0.9847198642,
        "r": 0.9764309764,
        "f": 0.9805579036
      },
      "Reflex": {
        "p": 0.9847094801,
        "r": 0.9877300613,
        "f": 0.9862174579
      },
      "Poss": {
        "p": 0.9858657244,
        "r": 0.9755244755,
        "f": 0.9806678383
      },
      "Position": {
        "p": 0.9784172662,
        "r": 0.9379310345,
        "f": 0.9577464789
      },
      "Number[psor]": {
        "p": 0.9545454545,
        "r": 0.9130434783,
        "f": 0.9333333333
      },
      "Abbr": {
        "p": 0.925,
        "r": 0.8705882353,
        "f": 0.896969697
      },
      "Foreign": {
        "p": 0.0,
        "r": 0.0,
        "f": 0.0
      }
    },
    "dep_las_per_type": {
      "case": {
        "p": 0.9363855422,
        "r": 0.9468810916,
        "f": 0.9416040708
      },
      "det": {
        "p": 0.9535135135,
        "r": 0.9671052632,
        "f": 0.9602612956
      },
      "nmod:tmod": {
        "p": 0.3,
        "r": 0.0697674419,
        "f": 0.1132075472
      },
      "amod": {
        "p": 0.8649373882,
        "r": 0.8774954628,
        "f": 0.8711711712
      },
      "cc": {
        "p": 0.8742393509,
        "r": 0.9016736402,
        "f": 0.8877445932
      },
      "conj": {
        "p": 0.613003096,
        "r": 0.5981873112,
        "f": 0.6055045872
      },
      "nmod": {
        "p": 0.7946859903,
        "r": 0.8318584071,
        "f": 0.8128474367
      },
      "mark": {
        "p": 0.8940397351,
        "r": 0.9101123596,
        "f": 0.9020044543
      },
      "fixed": {
        "p": 0.8527607362,
        "r": 0.7277486911,
        "f": 0.7853107345
      },
      "nsubj": {
        "p": 0.8181818182,
        "r": 0.7890724269,
        "f": 0.8033635188
      },
      "advcl:tcl": {
        "p": 0.0,
        "r": 0.0,
        "f": 0.0
      },
      "obj": {
        "p": 0.7829581994,
        "r": 0.8310580205,
        "f": 0.8062913907
      },
      "nummod": {
        "p": 0.9102167183,
        "r": 0.9046153846,
        "f": 0.9074074074
      },
      "flat": {
        "p": 0.7741935484,
        "r": 0.6857142857,
        "f": 0.7272727273
      },
      "obl": {
        "p": 0.6687830688,
        "r": 0.7173666288,
        "f": 0.6922234392
      },
      "nmod:pmod": {
        "p": 0.5517241379,
        "r": 0.2461538462,
        "f": 0.3404255319
      },
      "acl": {
        "p": 0.7108108108,
        "r": 0.7492877493,
        "f": 0.7295423024
      },
      "advmod": {
        "p": 0.7703412073,
        "r": 0.756443299,
        "f": 0.7633289987
      },
      "expl:pv": {
        "p": 0.7878787879,
        "r": 0.8342245989,
        "f": 0.8103896104
      },
      "root": {
        "p": 0.9170013387,
        "r": 0.9109042553,
        "f": 0.9139426284
      },
      "advcl": {
        "p": 0.5465116279,
        "r": 0.5731707317,
        "f": 0.5595238095
      },
      "iobj": {
        "p": 0.762295082,
        "r": 0.6283783784,
        "f": 0.6888888889
      },
      "ccomp": {
        "p": 0.7688172043,
        "r": 0.8033707865,
        "f": 0.7857142857
      },
      "goeswith": {
        "p": 0.8333333333,
        "r": 0.625,
        "f": 0.7142857143
      },
      "parataxis": {
        "p": 0.7326732673,
        "r": 0.5648854962,
        "f": 0.6379310345
      },
      "expl:poss": {
        "p": 0.5869565217,
        "r": 0.6279069767,
        "f": 0.606741573
      },
      "cop": {
        "p": 0.7192982456,
        "r": 0.7592592593,
        "f": 0.7387387387
      },
      "cc:preconj": {
        "p": 0.0,
        "r": 0.0,
        "f": 0.0
      },
      "aux": {
        "p": 0.9664804469,
        "r": 0.920212766,
        "f": 0.9427792916
      },
      "expl": {
        "p": 0.5789473684,
        "r": 0.511627907,
        "f": 0.5432098765
      },
      "appos": {
        "p": 0.4285714286,
        "r": 0.3861386139,
        "f": 0.40625
      },
      "xcomp": {
        "p": 0.5483870968,
        "r": 0.4146341463,
        "f": 0.4722222222
      },
      "dep": {
        "p": 0.0,
        "r": 0.0,
        "f": 0.0
      },
      "nsubj:pass": {
        "p": 0.6198830409,
        "r": 0.711409396,
        "f": 0.6625
      },
      "expl:pass": {
        "p": 0.6956521739,
        "r": 0.7032967033,
        "f": 0.6994535519
      },
      "csubj": {
        "p": 0.8305084746,
        "r": 0.7777777778,
        "f": 0.8032786885
      },
      "nmod:agent": {
        "p": 0.7538461538,
        "r": 0.7538461538,
        "f": 0.7538461538
      },
      "aux:pass": {
        "p": 0.7709923664,
        "r": 0.8416666667,
        "f": 0.8047808765
      },
      "ccomp:pmod": {
        "p": 0.3529411765,
        "r": 0.4,
        "f": 0.375
      },
      "advmod:tmod": {
        "p": 0.0,
        "r": 0.0,
        "f": 0.0
      },
      "compound": {
        "p": 0.6666666667,
        "r": 0.6666666667,
        "f": 0.6666666667
      },
      "orphan": {
        "p": 0.0,
        "r": 0.0,
        "f": 0.0
      },
      "expl:impers": {
        "p": 0.0,
        "r": 0.0,
        "f": 0.0
      },
      "csubj:pass": {
        "p": 0.6666666667,
        "r": 0.6666666667,
        "f": 0.6666666667
      },
      "vocative": {
        "p": 1.0,
        "r": 0.3333333333,
        "f": 0.5
      },
      "discourse": {
        "p": 0.0,
        "r": 0.0,
        "f": 0.0
      }
    },
    "ents_per_type": {
      "DATETIME": {
        "p": 0.7959183673,
        "r": 0.8153310105,
        "f": 0.8055077453
      },
      "ORGANIZATION": {
        "p": 0.6842105263,
        "r": 0.7038216561,
        "f": 0.693877551
      },
      "FACILITY": {
        "p": 0.5603448276,
        "r": 0.4961832061,
        "f": 0.5263157895
      },
      "NUMERIC_VALUE": {
        "p": 0.9037656904,
        "r": 0.9152542373,
        "f": 0.9094736842
      },
      "ORDINAL": {
        "p": 0.7894736842,
        "r": 0.8181818182,
        "f": 0.8035714286
      },
      "EVENT": {
        "p": 0.5135135135,
        "r": 0.5135135135,
        "f": 0.5135135135
      },
      "GPE": {
        "p": 0.8456521739,
        "r": 0.8942528736,
        "f": 0.869273743
      },
      "PERSON": {
        "p": 0.7171875,
        "r": 0.7701342282,
        "f": 0.7427184466
      },
      "LOC": {
        "p": 0.55,
        "r": 0.5789473684,
        "f": 0.5641025641
      },
      "NAT_REL_POL": {
        "p": 0.9047619048,
        "r": 0.8866666667,
        "f": 0.8956228956
      },
      "MONEY": {
        "p": 0.9615384615,
        "r": 0.8620689655,
        "f": 0.9090909091
      },
      "PRODUCT": {
        "p": 0.564516129,
        "r": 0.5109489051,
        "f": 0.5363984674
      },
      "WORK_OF_ART": {
        "p": 0.3636363636,
        "r": 0.2105263158,
        "f": 0.2666666667
      },
      "QUANTITY": {
        "p": 0.8387096774,
        "r": 1.0,
        "f": 0.9122807018
      },
      "PERIOD": {
        "p": 0.9411764706,
        "r": 0.7619047619,
        "f": 0.8421052632
      },
      "LANGUAGE": {
        "p": 0.8,
        "r": 1.0,
        "f": 0.8888888889
      }
    }
  },
  "sources": [
    {
      "name": "UD Romanian RRT v2.5",
      "url": "https://github.com/UniversalDependencies/UD_Romanian-RRT",
      "author": "Barbu Mititelu, Verginica; Irimia, Elena; Perez, Cenel-Augusto; Ion, Radu; Simionescu, Radu; Popel, Martin",
      "license": "CC BY-SA 4.0"
    },
    {
      "name": "RONEC - the Romanian Named Entity Corpus (ca9ce460)",
      "url": "https://github.com/dumitrescustefan/ronec",
      "author": "Dumitrescu, Stefan Daniel; Avram, Andrei-Marius; Morogan, Luciana; Toma; Stefan",
      "license": "MIT"
    }
  ],
  "requirements": [],
  "size": "546 MB",
  "checksum": "0c4163187c74d4fa93d8e362439da2cd131d8c9558d2505e3ecff878cb8db386",
  "checksum_whl": "a1330bc3aebb1aba4a27043c2802768164c0b59a8da87543c2979746858ffe61"
}