{
  "lang": "ro",
  "name": "core_news_lg",
  "license": "CC BY-SA 4.0",
  "author": "Explosion",
  "url": "https://explosion.ai",
  "email": "contact@explosion.ai",
  "description": "Romanian multi-task CNN trained on UD Romanian RRT and the Romanian Named Entity Corpus. Assigns word vectors, POS tags, dependency parse and named entities. Word vectors trained using FastText CBOW on Wikipedia and OSCAR (Common Crawl).",
  "sources": [
    {
      "name": "UD Romanian RRT v2.5",
      "url": "https://github.com/UniversalDependencies/UD_Romanian-RRT",
      "author": "Barbu Mititelu, Verginica; Irimia, Elena; Perez, Cenel-Augusto; Ion, Radu; Simionescu, Radu; Popel, Martin",
      "license": "CC BY-SA 4.0"
    },
    {
      "name": "RONEC - the Romanian Named Entity Corpus (ca9ce460)",
      "url": "https://github.com/dumitrescustefan/ronec",
      "author": "Dumitrescu, Stefan Daniel; Avram, Andrei-Marius; Morogan, Luciana; Toma; Stefan",
      "license": "MIT"
    },
    {
      "name": "OSCAR (Common Crawl)",
      "url": "https://oscar-corpus.com/",
      "license": "CC0"
    },
    {
      "name": "Wikipedia (20200201)",
      "url": "https://dumps.wikimedia.org/",
      "license": "CC BY-SA 3.0"
    }
  ],
  "pipeline": [
    "tagger",
    "parser",
    "ner"
  ],
  "version": "2.3.0",
  "spacy_version": ">=2.3.0,<2.4.0",
  "parent_package": "spacy",
  "accuracy": {
    "las": 82.0476575121,
    "uas": 88.8664512655,
    "token_acc": 99.6074525428,
    "las_per_type": {
      "nsubj": {
        "p": 83.5543766578,
        "r": 80.0508259212,
        "f": 81.7650876055
      },
      "expl:pv": {
        "p": 79.4736842105,
        "r": 80.7486631016,
        "f": 80.1061007958
      },
      "root": {
        "p": 93.7081659973,
        "r": 93.085106383,
        "f": 93.3955970647
      },
      "case": {
        "p": 93.1467181467,
        "r": 94.0545808967,
        "f": 93.5984481086
      },
      "obl": {
        "p": 67.6530612245,
        "r": 75.2553916005,
        "f": 71.2520150457
      },
      "cc": {
        "p": 87.6016260163,
        "r": 90.1673640167,
        "f": 88.8659793814
      },
      "conj": {
        "p": 64.5112781955,
        "r": 64.8036253776,
        "f": 64.6571213263
      },
      "obj": {
        "p": 80.1335559265,
        "r": 81.9112627986,
        "f": 81.0126582278
      },
      "advmod": {
        "p": 79.2105263158,
        "r": 77.5773195876,
        "f": 78.3854166667
      },
      "fixed": {
        "p": 87.1578947368,
        "r": 72.2513089005,
        "f": 79.0076335878
      },
      "det": {
        "p": 94.6294307197,
        "r": 96.600877193,
        "f": 95.6049918611
      },
      "acl": {
        "p": 73.2970027248,
        "r": 76.6381766382,
        "f": 74.930362117
      },
      "mark": {
        "p": 88.4026258206,
        "r": 90.7865168539,
        "f": 89.578713969
      },
      "csubj": {
        "p": 86.4406779661,
        "r": 80.9523809524,
        "f": 83.606557377
      },
      "iobj": {
        "p": 76.6129032258,
        "r": 64.1891891892,
        "f": 69.8529411765
      },
      "aux": {
        "p": 97.4063400576,
        "r": 89.8936170213,
        "f": 93.4993084371
      },
      "amod": {
        "p": 87.1198568873,
        "r": 88.3847549909,
        "f": 87.7477477477
      },
      "expl": {
        "p": 61.2903225806,
        "r": 44.1860465116,
        "f": 51.3513513514
      },
      "advcl": {
        "p": 58.3333333333,
        "r": 62.6016260163,
        "f": 60.3921568627
      },
      "nmod": {
        "p": 80.946527351,
        "r": 83.2490518331,
        "f": 82.0816453724
      },
      "expl:poss": {
        "p": 57.7777777778,
        "r": 60.4651162791,
        "f": 59.0909090909
      },
      "orphan": {
        "p": 0.0,
        "r": 0.0,
        "f": 0.0
      },
      "parataxis": {
        "p": 79.797979798,
        "r": 60.3053435115,
        "f": 68.6956521739
      },
      "cop": {
        "p": 73.6526946108,
        "r": 75.9259259259,
        "f": 74.7720364742
      },
      "nsubj:pass": {
        "p": 62.874251497,
        "r": 70.4697986577,
        "f": 66.4556962025
      },
      "expl:pass": {
        "p": 65.6862745098,
        "r": 73.6263736264,
        "f": 69.4300518135
      },
      "xcomp": {
        "p": 57.1428571429,
        "r": 48.7804878049,
        "f": 52.6315789474
      },
      "aux:pass": {
        "p": 75.6944444444,
        "r": 90.8333333333,
        "f": 82.5757575758
      },
      "ccomp": {
        "p": 74.8768472906,
        "r": 85.393258427,
        "f": 79.7900262467
      },
      "flat": {
        "p": 84.8,
        "r": 75.7142857143,
        "f": 80.0
      },
      "nummod": {
        "p": 91.1314984709,
        "r": 91.6923076923,
        "f": 91.4110429448
      },
      "nmod:pmod": {
        "p": 60.0,
        "r": 23.0769230769,
        "f": 33.3333333333
      },
      "vocative": {
        "p": 0.0,
        "r": 0.0,
        "f": 0.0
      },
      "appos": {
        "p": 51.6483516484,
        "r": 46.5346534653,
        "f": 48.9583333333
      },
      "dep": {
        "p": 0.0,
        "r": 0.0,
        "f": 0.0
      },
      "nmod:tmod": {
        "p": 33.3333333333,
        "r": 6.976744186,
        "f": 11.5384615385
      },
      "compound": {
        "p": 50.0,
        "r": 66.6666666667,
        "f": 57.1428571429
      },
      "advmod:tmod": {
        "p": 0.0,
        "r": 0.0,
        "f": 0.0
      },
      "nmod:agent": {
        "p": 72.8571428571,
        "r": 78.4615384615,
        "f": 75.5555555556
      },
      "goeswith": {
        "p": 78.9473684211,
        "r": 62.5,
        "f": 69.7674418605
      },
      "csubj:pass": {
        "p": 50.0,
        "r": 33.3333333333,
        "f": 40.0
      },
      "ccomp:pmod": {
        "p": 27.2727272727,
        "r": 20.0,
        "f": 23.0769230769
      },
      "cc:preconj": {
        "p": 0.0,
        "r": 0.0,
        "f": 0.0
      },
      "expl:impers": {
        "p": 0.0,
        "r": 0.0,
        "f": 0.0
      },
      "advcl:tcl": {
        "p": 0.0,
        "r": 0.0,
        "f": 0.0
      },
      "discourse": {
        "p": 0.0,
        "r": 0.0,
        "f": 0.0
      }
    },
    "tags_acc": 96.7806309611,
    "ents_f": 76.7143933685,
    "ents_p": 75.2680221811,
    "ents_r": 78.2174414138,
    "ents_per_type": {
      "NAT_REL_POL": {
        "p": 94.3661971831,
        "r": 89.3333333333,
        "f": 91.7808219178
      },
      "EVENT": {
        "p": 56.4102564103,
        "r": 59.4594594595,
        "f": 57.8947368421
      },
      "GPE": {
        "p": 82.905982906,
        "r": 89.1954022989,
        "f": 85.9357696567
      },
      "ORDINAL": {
        "p": 78.9473684211,
        "r": 81.8181818182,
        "f": 80.3571428571
      },
      "FACILITY": {
        "p": 55.2845528455,
        "r": 51.9083969466,
        "f": 53.5433070866
      },
      "MONEY": {
        "p": 88.8888888889,
        "r": 82.7586206897,
        "f": 85.7142857143
      },
      "PERSON": {
        "p": 72.5490196078,
        "r": 80.7046979866,
        "f": 76.4098490866
      },
      "NUMERIC_VALUE": {
        "p": 91.5611814346,
        "r": 91.9491525424,
        "f": 91.754756871
      },
      "DATETIME": {
        "p": 77.5167785235,
        "r": 80.487804878,
        "f": 78.9743589744
      },
      "ORGANIZATION": {
        "p": 66.1721068249,
        "r": 71.0191082803,
        "f": 68.509984639
      },
      "LOC": {
        "p": 54.2857142857,
        "r": 50.0,
        "f": 52.0547945205
      },
      "WORK_OF_ART": {
        "p": 20.0,
        "r": 15.7894736842,
        "f": 17.6470588235
      },
      "PERIOD": {
        "p": 91.6666666667,
        "r": 78.5714285714,
        "f": 84.6153846154
      },
      "PRODUCT": {
        "p": 57.8947368421,
        "r": 56.204379562,
        "f": 57.037037037
      },
      "QUANTITY": {
        "p": 88.8888888889,
        "r": 92.3076923077,
        "f": 90.5660377358
      },
      "LANGUAGE": {
        "p": 66.6666666667,
        "r": 100.0,
        "f": 80.0
      }
    }
  },
  "speed": {
    "cpu": 7556.2314943798,
    "gpu": null,
    "nwords": 18378
  },
  "labels": {
    "tagger": [
      "ARROW",
      "Af__Polarity=Neg",
      "Afcfp-n__Definite=Ind|Degree=Cmp|Gender=Fem|Number=Plur",
      "Afcfson__Case=Dat,Gen|Definite=Ind|Degree=Cmp|Gender=Fem|Number=Sing",
      "Afcfsrn__Case=Acc,Nom|Definite=Ind|Degree=Cmp|Gender=Fem|Number=Sing",
      "Afcmpoy__Case=Dat,Gen|Definite=Def|Degree=Cmp|Gender=Masc|Number=Plur",
      "Afcms-n__Definite=Ind|Degree=Cmp|Gender=Masc|Number=Sing",
      "Afp-p-n__Definite=Ind|Degree=Pos|Number=Plur",
      "Afp-poy__Case=Dat,Gen|Definite=Def|Degree=Pos|Number=Plur",
      "Afp__Degree=Pos",
      "Afp__Degree=Pos|Polarity=Neg",
      "Afpf--n__Definite=Ind|Degree=Pos|Foreign=Yes|Gender=Fem",
      "Afpf--n__Definite=Ind|Degree=Pos|Gender=Fem",
      "Afpfp-n__Definite=Ind|Degree=Pos|Gender=Fem|Number=Plur",
      "Afpfp-ny__Definite=Ind|Degree=Pos|Gender=Fem|Number=Plur|Variant=Short",
      "Afpfpoy__Case=Dat,Gen|Definite=Def|Degree=Pos|Gender=Fem|Number=Plur",
      "Afpfpry__Case=Acc,Nom|Definite=Def|Degree=Pos|Gender=Fem|Number=Plur",
      "Afpfson__Case=Dat,Gen|Definite=Ind|Degree=Pos|Gender=Fem|Number=Sing",
      "Afpfsoy__Case=Dat,Gen|Definite=Def|Degree=Pos|Gender=Fem|Number=Sing",
      "Afpfsrn__Case=Acc,Nom|Definite=Ind|Degree=Pos|Gender=Fem|Number=Sing",
      "Afpfsry__Case=Acc,Nom|Definite=Def|Degree=Pos|Foreign=Yes|Gender=Fem|Number=Sing",
      "Afpfsry__Case=Acc,Nom|Definite=Def|Degree=Pos|Gender=Fem|Number=Sing",
      "Afpm--n__Definite=Ind|Degree=Pos|Gender=Masc",
      "Afpmp-n__Definite=Ind|Degree=Pos|Gender=Masc|Number=Plur",
      "Afpmpoy__Case=Dat,Gen|Definite=Def|Degree=Pos|Gender=Masc|Number=Plur",
      "Afpmpry__Case=Acc,Nom|Definite=Def|Degree=Pos|Gender=Masc|Number=Plur",
      "Afpms-n__Definite=Ind|Degree=Pos|Foreign=Yes|Gender=Masc|Number=Sing",
      "Afpms-n__Definite=Ind|Degree=Pos|Gender=Masc|Number=Sing",
      "Afpmsoy__Case=Dat,Gen|Definite=Def|Degree=Pos|Gender=Masc|Number=Sing",
      "Afpmsry__Case=Acc,Nom|Definite=Def|Degree=Pos|Gender=Masc|Number=Sing",
      "Afsfp-n__Definite=Ind|Degree=Sup|Gender=Fem|Number=Plur",
      "Afsfsrn__Case=Acc,Nom|Definite=Ind|Degree=Sup|Gender=Fem|Number=Sing",
      "BULLET",
      "COLON",
      "COMMA",
      "Ccssp__Polarity=Pos",
      "Ccsspy__Polarity=Pos|Variant=Short",
      "Crssp__Polarity=Pos",
      "Csssp__Polarity=Pos",
      "Cssspy__Polarity=Pos|Variant=Short",
      "DASH",
      "DBLQ",
      "Dd3-po---e__Case=Dat,Gen|Number=Plur|Person=3|Position=Prenom|PronType=Dem",
      "Dd3-po---o__Case=Dat,Gen|Number=Plur|Person=3|Position=Postnom|PronType=Dem",
      "Dd3fpo__Case=Dat,Gen|Gender=Fem|Number=Plur|Person=3|PronType=Dem",
      "Dd3fpr---e__Case=Acc,Nom|Gender=Fem|Number=Plur|Person=3|Position=Prenom|PronType=Dem",
      "Dd3fpr---o__Case=Acc,Nom|Gender=Fem|Number=Plur|Person=3|Position=Postnom|PronType=Dem",
      "Dd3fpr--y__Case=Acc,Nom|Gender=Fem|Number=Plur|Person=3|PronType=Dem",
      "Dd3fpr__Case=Acc,Nom|Gender=Fem|Number=Plur|Person=3|PronType=Dem",
      "Dd3fso---e__Case=Dat,Gen|Gender=Fem|Number=Sing|Person=3|Position=Prenom|PronType=Dem",
      "Dd3fso__Case=Dat,Gen|Gender=Fem|Number=Sing|Person=3|PronType=Dem",
      "Dd3fsr---e__Case=Acc,Nom|Gender=Fem|Number=Sing|Person=3|Position=Prenom|PronType=Dem",
      "Dd3fsr---o__Case=Acc,Nom|Gender=Fem|Number=Sing|Person=3|Position=Postnom|PronType=Dem",
      "Dd3fsr--yo__Case=Acc,Nom|Gender=Fem|Number=Sing|Person=3|Position=Postnom|PronType=Dem",
      "Dd3fsr__Case=Acc,Nom|Gender=Fem|Number=Sing|Person=3|PronType=Dem",
      "Dd3mpo__Case=Dat,Gen|Gender=Masc|Number=Plur|Person=3|PronType=Dem",
      "Dd3mpr---e__Case=Acc,Nom|Gender=Masc|Number=Plur|Person=3|Position=Prenom|PronType=Dem",
      "Dd3mpr---o__Case=Acc,Nom|Gender=Masc|Number=Plur|Person=3|Position=Postnom|PronType=Dem",
      "Dd3mpr__Case=Acc,Nom|Gender=Masc|Number=Plur|Person=3|PronType=Dem",
      "Dd3mso---e__Case=Dat,Gen|Gender=Masc|Number=Sing|Person=3|Position=Prenom|PronType=Dem",
      "Dd3msr---e__Case=Acc,Nom|Gender=Masc|Number=Sing|Person=3|Position=Prenom|PronType=Dem",
      "Dd3msr---o__Case=Acc,Nom|Gender=Masc|Number=Sing|Person=3|Position=Postnom|PronType=Dem",
      "Dd3msr__Case=Acc,Nom|Gender=Masc|Number=Sing|Person=3|PronType=Dem",
      "Dh1ms__Gender=Masc|Number=Sing|Person=1|PronType=Emp",
      "Dh3fp__Gender=Fem|Number=Plur|Person=3|PronType=Emp",
      "Dh3fso__Case=Dat,Gen|Gender=Fem|Number=Sing|Person=3|PronType=Emp",
      "Dh3fsr__Case=Acc,Nom|Gender=Fem|Number=Sing|Person=3|PronType=Emp",
      "Dh3mp__Gender=Masc|Number=Plur|Person=3|PronType=Emp",
      "Dh3ms__Gender=Masc|Number=Sing|Person=3|PronType=Emp",
      "Di3-----y__Person=3|PronType=Ind",
      "Di3--r---e__Case=Acc,Nom|Person=3|Position=Prenom|PronType=Ind",
      "Di3-po---e__Case=Dat,Gen|Number=Plur|Person=3|Position=Prenom|PronType=Ind",
      "Di3-po__Case=Dat,Gen|Number=Plur|Person=3|PronType=Ind",
      "Di3-sr---e__Case=Acc,Nom|Number=Sing|Person=3|Position=Prenom|PronType=Ind",
      "Di3-sr--y__Case=Acc,Nom|Number=Sing|Person=3|PronType=Ind",
      "Di3-sr__Case=Acc,Nom|Number=Sing|Person=3|PronType=Ind",
      "Di3__Person=3|PronType=Ind",
      "Di3fp__Gender=Fem|Number=Plur|Person=3|PronType=Ind",
      "Di3fpr---e__Case=Acc,Nom|Gender=Fem|Number=Plur|Person=3|Position=Prenom|PronType=Ind",
      "Di3fpr__Case=Acc,Nom|Gender=Fem|Number=Plur|Person=3|PronType=Ind",
      "Di3fso---e__Case=Dat,Gen|Gender=Fem|Number=Sing|Person=3|Position=Prenom|PronType=Ind",
      "Di3fso__Case=Dat,Gen|Gender=Fem|Number=Sing|Person=3|PronType=Ind",
      "Di3fsr---e__Case=Acc,Nom|Gender=Fem|Number=Sing|Person=3|Position=Prenom|PronType=Ind",
      "Di3fsr__Case=Acc,Nom|Gender=Fem|Number=Sing|Person=3|PronType=Ind",
      "Di3mp__Gender=Masc|Number=Plur|Person=3|PronType=Ind",
      "Di3mpr---e__Case=Acc,Nom|Gender=Masc|Number=Plur|Person=3|Position=Prenom|PronType=Ind",
      "Di3mpr__Case=Acc,Nom|Gender=Masc|Number=Plur|Person=3|PronType=Ind",
      "Di3ms----e__Gender=Masc|Number=Sing|Person=3|Position=Prenom|PronType=Ind",
      "Di3ms__Gender=Masc|Number=Sing|Person=3|PronType=Ind",
      "Di3mso---e__Case=Dat,Gen|Gender=Masc|Number=Sing|Person=3|Position=Prenom|PronType=Ind",
      "Di3msr---e__Case=Acc,Nom|Gender=Masc|Number=Sing|Person=3|Position=Prenom|PronType=Ind",
      "Di3msr__Case=Acc,Nom|Gender=Masc|Number=Sing|Person=3|PronType=Ind",
      "Ds1fp-p__Gender=Fem|Number=Plur|Number[psor]=Plur|Person=1|Poss=Yes|PronType=Prs",
      "Ds1fp-s__Gender=Fem|Number=Plur|Number[psor]=Sing|Person=1|Poss=Yes|PronType=Prs",
      "Ds1fsop__Case=Dat,Gen|Gender=Fem|Number=Sing|Number[psor]=Plur|Person=1|Poss=Yes|PronType=Prs",
      "Ds1fsos__Case=Dat,Gen|Gender=Fem|Number=Sing|Number[psor]=Sing|Person=1|Poss=Yes|PronType=Prs",
      "Ds1fsrp__Case=Acc,Nom|Gender=Fem|Number=Sing|Number[psor]=Plur|Person=1|Poss=Yes|PronType=Prs",
      "Ds1fsrs-y__Case=Acc,Nom|Gender=Fem|Number=Sing|Number[psor]=Sing|Person=1|Poss=Yes|PronType=Prs",
      "Ds1fsrs__Case=Acc,Nom|Gender=Fem|Number=Sing|Number[psor]=Sing|Person=1|Poss=Yes|PronType=Prs",
      "Ds1mp-p__Gender=Masc|Number=Plur|Number[psor]=Plur|Person=1|Poss=Yes|PronType=Prs",
      "Ds1mp-s__Gender=Masc|Number=Plur|Number[psor]=Sing|Person=1|Poss=Yes|PronType=Prs",
      "Ds1ms-p__Gender=Masc|Number=Sing|Number[psor]=Plur|Person=1|Poss=Yes|PronType=Prs",
      "Ds1ms-s__Gender=Masc|Number=Sing|Number[psor]=Sing|Person=1|Poss=Yes|PronType=Prs",
      "Ds1msrs-y__Case=Acc,Nom|Gender=Masc|Number=Sing|Number[psor]=Sing|Person=1|Poss=Yes|PronType=Prs",
      "Ds2---s__Number[psor]=Sing|Person=2|Poss=Yes|PronType=Prs",
      "Ds2fp-p__Gender=Fem|Number=Plur|Number[psor]=Plur|Person=2|Poss=Yes|PronType=Prs",
      "Ds2fp-s__Gender=Fem|Number=Plur|Number[psor]=Sing|Person=2|Poss=Yes|PronType=Prs",
      "Ds2fsrp__Case=Acc,Nom|Gender=Fem|Number=Sing|Number[psor]=Plur|Person=2|Poss=Yes|PronType=Prs",
      "Ds2fsrs__Case=Acc,Nom|Gender=Fem|Number=Sing|Number[psor]=Sing|Person=2|Poss=Yes|PronType=Prs",
      "Ds2mp-p__Gender=Masc|Number=Plur|Number[psor]=Plur|Person=2|Poss=Yes|PronType=Prs",
      "Ds2mp-s__Gender=Masc|Number=Plur|Number[psor]=Sing|Person=2|Poss=Yes|PronType=Prs",
      "Ds2ms-p__Gender=Masc|Number=Sing|Number[psor]=Plur|Person=2|Poss=Yes|PronType=Prs",
      "Ds2ms-s__Gender=Masc|Number=Sing|Number[psor]=Sing|Person=2|Poss=Yes|PronType=Prs",
      "Ds3---p__Number[psor]=Plur|Person=3|Poss=Yes|PronType=Prs",
      "Ds3---s__Number[psor]=Sing|Person=3|Poss=Yes|PronType=Prs",
      "Ds3fp-s__Gender=Fem|Number=Plur|Number[psor]=Sing|Person=3|Poss=Yes|PronType=Prs",
      "Ds3fsos__Case=Dat,Gen|Gender=Fem|Number=Sing|Number[psor]=Sing|Person=3|Poss=Yes|PronType=Prs",
      "Ds3fsrs__Case=Acc,Nom|Gender=Fem|Number=Sing|Number[psor]=Sing|Person=3|Poss=Yes|PronType=Prs",
      "Ds3mp-s__Gender=Masc|Number=Plur|Number[psor]=Sing|Person=3|Poss=Yes|PronType=Prs",
      "Ds3ms-s__Gender=Masc|Number=Sing|Number[psor]=Sing|Person=3|Poss=Yes|PronType=Prs",
      "Dw3--r---e__Case=Acc,Nom|Person=3|Position=Prenom|PronType=Int,Rel",
      "Dw3-po---e__Case=Dat,Gen|Number=Plur|Person=3|Position=Prenom|PronType=Int,Rel",
      "Dw3fpr__Case=Acc,Nom|Gender=Fem|Number=Plur|Person=3|PronType=Int,Rel",
      "Dw3fso---e__Case=Dat,Gen|Gender=Fem|Number=Sing|Person=3|Position=Prenom|PronType=Int,Rel",
      "Dw3fsr__Case=Acc,Nom|Gender=Fem|Number=Sing|Person=3|PronType=Int,Rel",
      "Dw3mpr__Case=Acc,Nom|Gender=Masc|Number=Plur|Person=3|PronType=Int,Rel",
      "Dw3mso---e__Case=Dat,Gen|Gender=Masc|Number=Sing|Person=3|Position=Prenom|PronType=Int,Rel",
      "Dw3msr__Case=Acc,Nom|Gender=Masc|Number=Sing|Person=3|PronType=Int,Rel",
      "Dz3fsr---e__Case=Acc,Nom|Gender=Fem|Number=Sing|Person=3|Position=Prenom|PronType=Neg",
      "Dz3mso---e__Case=Dat,Gen|Gender=Masc|Number=Sing|Person=3|Position=Prenom|PronType=Neg",
      "Dz3msr---e__Case=Acc,Nom|Gender=Masc|Number=Sing|Person=3|Position=Prenom|PronType=Neg",
      "EQUAL",
      "EXCL",
      "EXCLHELLIP",
      "GE",
      "GT",
      "HELLIP",
      "I",
      "LCURL",
      "LPAR",
      "LSQR",
      "LT",
      "M__NumType=Card",
      "Mc-p-d__Number=Plur|NumForm=Digit|NumType=Card",
      "Mc-p-l__Number=Plur|NumForm=Word|NumType=Card",
      "Mc__NumType=Card",
      "Mcfp-l__Gender=Fem|Number=Plur|NumForm=Word|NumType=Card",
      "Mcfp-ln__Definite=Ind|Gender=Fem|Number=Plur|NumForm=Word|NumType=Card",
      "Mcfprln__Case=Acc,Nom|Definite=Ind|Gender=Fem|Number=Plur|NumForm=Word|NumType=Card",
      "Mcfprly__Case=Acc,Nom|Definite=Def|Gender=Fem|Number=Plur|NumForm=Word|NumType=Card",
      "Mcfsoln__Case=Dat,Gen|Definite=Ind|Gender=Fem|Number=Sing|NumForm=Word|NumType=Card",
      "Mcfsrln__Case=Acc,Nom|Definite=Ind|Gender=Fem|Number=Sing|NumForm=Word|NumType=Card",
      "Mcmp-l__Gender=Masc|Number=Plur|NumForm=Word|NumType=Card",
      "Mcms-ln__Definite=Ind|Gender=Masc|Number=Sing|NumForm=Word|NumType=Card",
      "Mcmsrl__Case=Acc,Nom|Gender=Masc|Number=Sing|NumForm=Word|NumType=Card",
      "Mcmsrly__Case=Acc,Nom|Definite=Def|Gender=Masc|Number=Sing|NumForm=Word|NumType=Card",
      "Mffprln__Case=Acc,Nom|Definite=Ind|Gender=Fem|Number=Plur|NumForm=Word|NumType=Card",
      "Mffsrln__Case=Acc,Nom|Definite=Ind|Gender=Fem|Number=Sing|NumForm=Word|NumType=Card",
      "Mlfpo__Case=Dat,Gen|Gender=Fem|Number=Plur|NumType=Card|PronType=Tot",
      "Mlfpr__Case=Acc,Nom|Gender=Fem|Number=Plur|NumType=Card|PronType=Tot",
      "Mlmpr__Case=Acc,Nom|Gender=Masc|Number=Plur|NumType=Card|PronType=Tot",
      "Mo---l__NumForm=Word|NumType=Ord",
      "Mo---ln__Definite=Ind|NumForm=Word|NumType=Ord",
      "Mo-s-r__Foreign=Yes|Number=Sing|NumForm=Roman|NumType=Ord",
      "Mo-s-r__Number=Sing|NumForm=Roman|NumType=Ord",
      "Mofp-ln__Definite=Ind|Gender=Fem|Number=Plur|NumForm=Word|NumType=Ord",
      "Mofpoly__Case=Dat,Gen|Definite=Def|Gender=Fem|Number=Plur|NumForm=Word|NumType=Ord",
      "Mofprly__Case=Acc,Nom|Definite=Def|Gender=Fem|Number=Plur|NumForm=Word|NumType=Ord",
      "Mofs-l__Gender=Fem|Number=Sing|NumForm=Word|NumType=Ord",
      "Mofsoln__Case=Dat,Gen|Definite=Ind|Gender=Fem|Number=Sing|NumForm=Word|NumType=Ord",
      "Mofsoly__Case=Dat,Gen|Definite=Def|Gender=Fem|Number=Sing|NumForm=Word|NumType=Ord",
      "Mofsrln__Case=Acc,Nom|Definite=Ind|Gender=Fem|Number=Sing|NumForm=Word|NumType=Ord",
      "Mofsrly__Case=Acc,Nom|Definite=Def|Gender=Fem|Number=Sing|NumForm=Word|NumType=Ord",
      "Mompoly__Case=Dat,Gen|Definite=Def|Gender=Masc|Number=Plur|NumForm=Word|NumType=Ord",
      "Momprly__Case=Acc,Nom|Definite=Def|Gender=Masc|Number=Plur|NumForm=Word|NumType=Ord",
      "Moms-l__Gender=Masc|Number=Sing|NumForm=Word|NumType=Ord",
      "Moms-ln__Definite=Ind|Gender=Masc|Number=Sing|NumForm=Word|NumType=Ord",
      "Momsoly__Case=Dat,Gen|Definite=Def|Gender=Masc|Number=Sing|NumForm=Word|NumType=Ord",
      "Momsrly__Case=Acc,Nom|Definite=Def|Gender=Masc|Number=Sing|NumForm=Word|NumType=Ord",
      "Nc",
      "Nc---n__Definite=Ind",
      "Nc__Foreign=Yes",
      "Ncf--n__Definite=Ind|Gender=Fem",
      "Ncfp-n__Definite=Ind|Gender=Fem|Number=Plur",
      "Ncfpoy__Case=Dat,Gen|Definite=Def|Gender=Fem|Number=Plur",
      "Ncfpry__Case=Acc,Nom|Definite=Def|Gender=Fem|Number=Plur",
      "Ncfs-n__Definite=Ind|Gender=Fem|Number=Sing",
      "Ncfson__Case=Dat,Gen|Definite=Ind|Gender=Fem|Number=Sing",
      "Ncfsoy__Case=Dat,Gen|Definite=Def|Gender=Fem|Number=Sing",
      "Ncfsrn__Case=Acc,Nom|Definite=Ind|Gender=Fem|Number=Sing",
      "Ncfsry__Case=Acc,Nom|Definite=Def|Foreign=Yes|Gender=Fem|Number=Sing",
      "Ncfsry__Case=Acc,Nom|Definite=Def|Gender=Fem|Number=Sing",
      "Ncfsryy__Case=Acc,Nom|Definite=Def|Gender=Fem|Number=Sing|Variant=Short",
      "Ncfsvy__Case=Voc|Definite=Def|Gender=Fem|Number=Sing",
      "Ncm--n__Definite=Ind|Foreign=Yes|Gender=Masc",
      "Ncm--n__Definite=Ind|Gender=Masc",
      "Ncmp-n__Definite=Ind|Gender=Masc|Number=Plur",
      "Ncmpoy__Case=Dat,Gen|Definite=Def|Gender=Masc|Number=Plur",
      "Ncmpry__Case=Acc,Nom|Definite=Def|Gender=Masc|Number=Plur",
      "Ncms-n__Definite=Ind|Foreign=Yes|Gender=Masc|Number=Sing",
      "Ncms-n__Definite=Ind|Gender=Masc|Number=Sing",
      "Ncms-ny__Definite=Ind|Gender=Masc|Number=Sing|Variant=Short",
      "Ncms-y__Definite=Def|Gender=Masc|Number=Sing",
      "Ncmsoy__Case=Dat,Gen|Definite=Def|Gender=Masc|Number=Sing",
      "Ncmsrn__Case=Acc,Nom|Definite=Ind|Gender=Masc|Number=Sing",
      "Ncmsry__Case=Acc,Nom|Definite=Def|Gender=Masc|Number=Sing",
      "Ncmsryy__Case=Acc,Nom|Definite=Def|Gender=Masc|Number=Sing|Variant=Short",
      "Ncmsvn__Case=Voc|Definite=Ind|Gender=Masc|Number=Sing",
      "Ncmsvy__Case=Voc|Definite=Def|Gender=Masc|Number=Sing",
      "Np",
      "Np__Foreign=Yes",
      "Npfson__Case=Dat,Gen|Definite=Ind|Gender=Fem|Number=Sing",
      "Npfsoy__Case=Dat,Gen|Definite=Def|Gender=Fem|Number=Sing",
      "Npfsrn__Case=Acc,Nom|Definite=Ind|Gender=Fem|Number=Sing",
      "Npfsry__Case=Acc,Nom|Definite=Def|Gender=Fem|Number=Sing",
      "Npmpoy__Case=Dat,Gen|Definite=Def|Gender=Masc|Number=Plur",
      "Npmpry__Case=Acc,Nom|Definite=Def|Gender=Masc|Number=Plur",
      "Npms-n__Definite=Ind|Gender=Masc|Number=Sing",
      "Npmsoy__Case=Dat,Gen|Definite=Def|Gender=Masc|Number=Sing",
      "Npmsry__Case=Acc,Nom|Definite=Def|Gender=Masc|Number=Sing",
      "PERCENT",
      "PERIOD",
      "PLUS",
      "PLUSMINUS",
      "Pd3-po__Case=Dat,Gen|Number=Plur|Person=3|PronType=Dem",
      "Pd3fpr__Case=Acc,Nom|Gender=Fem|Number=Plur|Person=3|PronType=Dem",
      "Pd3fso__Case=Dat,Gen|Gender=Fem|Number=Sing|Person=3|PronType=Dem",
      "Pd3fsr__Case=Acc,Nom|Gender=Fem|Number=Sing|Person=3|PronType=Dem",
      "Pd3mpo__Case=Dat,Gen|Gender=Masc|Number=Plur|Person=3|PronType=Dem",
      "Pd3mpr--y__Case=Acc,Nom|Gender=Masc|Number=Plur|Person=3|PronType=Dem|Variant=Short",
      "Pd3mpr__Case=Acc,Nom|Gender=Masc|Number=Plur|Person=3|PronType=Dem",
      "Pd3mso__Case=Dat,Gen|Gender=Masc|Number=Sing|Person=3|PronType=Dem",
      "Pd3msr__Case=Acc,Nom|Gender=Masc|Number=Sing|Person=3|PronType=Dem",
      "Pi3--r__Case=Acc,Nom|Person=3|PronType=Ind",
      "Pi3-po__Case=Dat,Gen|Number=Plur|Person=3|PronType=Ind",
      "Pi3-so__Case=Dat,Gen|Number=Sing|Person=3|PronType=Ind",
      "Pi3-sr__Case=Acc,Nom|Number=Sing|Person=3|PronType=Ind",
      "Pi3__Person=3|PronType=Ind",
      "Pi3fpr__Case=Acc,Nom|Gender=Fem|Number=Plur|Person=3|PronType=Ind",
      "Pi3fso__Case=Dat,Gen|Gender=Fem|Number=Sing|Person=3|PronType=Ind",
      "Pi3fsr__Case=Acc,Nom|Gender=Fem|Number=Sing|Person=3|PronType=Ind",
      "Pi3mpr__Case=Acc,Nom|Gender=Masc|Number=Plur|Person=3|PronType=Ind",
      "Pi3mso__Case=Dat,Gen|Gender=Masc|Number=Sing|Person=3|PronType=Ind",
      "Pi3msr--y__Case=Acc,Nom|Gender=Masc|Number=Sing|Person=3|PronType=Ind|Variant=Short",
      "Pi3msr__Case=Acc,Nom|Gender=Masc|Number=Sing|Person=3|PronType=Ind",
      "Pp1-pa--------w__Case=Acc|Number=Plur|Person=1|PronType=Prs|Strength=Weak",
      "Pp1-pa--y-----w__Case=Acc|Number=Plur|Person=1|PronType=Prs|Strength=Weak|Variant=Short",
      "Pp1-pd--------s__Case=Dat|Number=Plur|Person=1|PronType=Prs|Strength=Strong",
      "Pp1-pd--------w__Case=Dat|Number=Plur|Person=1|PronType=Prs|Strength=Weak",
      "Pp1-pd--y-----w__Case=Dat|Number=Plur|Person=1|PronType=Prs|Strength=Weak|Variant=Short",
      "Pp1-pr--------s__Case=Acc,Nom|Number=Plur|Person=1|PronType=Prs|Strength=Strong",
      "Pp1-sa--------s__Case=Acc|Number=Sing|Person=1|PronType=Prs|Strength=Strong",
      "Pp1-sa--------w__Case=Acc|Number=Sing|Person=1|PronType=Prs|Strength=Weak",
      "Pp1-sa--y-----w__Case=Acc|Number=Sing|Person=1|PronType=Prs|Strength=Weak|Variant=Short",
      "Pp1-sd--------s__Case=Dat|Number=Sing|Person=1|PronType=Prs|Strength=Strong",
      "Pp1-sd--------w__Case=Dat|Number=Sing|Person=1|PronType=Prs|Strength=Weak",
      "Pp1-sd--y-----w__Case=Dat|Number=Sing|Person=1|PronType=Prs|Strength=Weak|Variant=Short",
      "Pp1-sn--------s__Case=Nom|Number=Sing|Person=1|PronType=Prs|Strength=Strong",
      "Pp2-----------s__Person=2|PronType=Prs|Strength=Strong",
      "Pp2-pa--------w__Case=Acc|Number=Plur|Person=2|PronType=Prs|Strength=Weak",
      "Pp2-pa--y-----w__Case=Acc|Number=Plur|Person=2|PronType=Prs|Strength=Weak|Variant=Short",
      "Pp2-pd--------w__Case=Dat|Number=Plur|Person=2|PronType=Prs|Strength=Weak",
      "Pp2-pd--y-----w__Case=Dat|Number=Plur|Person=2|PronType=Prs|Strength=Weak|Variant=Short",
      "Pp2-pr--------s__Case=Acc,Nom|Number=Plur|Person=2|PronType=Prs|Strength=Strong",
      "Pp2-sa--------s__Case=Acc|Number=Sing|Person=2|PronType=Prs|Strength=Strong",
      "Pp2-sa--------w__Case=Acc|Number=Sing|Person=2|PronType=Prs|Strength=Weak",
      "Pp2-sa--y-----w__Case=Acc|Number=Sing|Person=2|PronType=Prs|Strength=Weak|Variant=Short",
      "Pp2-sd--------s__Case=Dat|Number=Sing|Person=2|PronType=Prs|Strength=Strong",
      "Pp2-sd--------w__Case=Dat|Number=Sing|Person=2|PronType=Prs|Strength=Weak",
      "Pp2-sd--y-----w__Case=Dat|Number=Sing|Person=2|PronType=Prs|Strength=Weak|Variant=Short",
      "Pp2-sn--------s__Case=Nom|Number=Sing|Person=2|PronType=Prs|Strength=Strong",
      "Pp2-so--------s__Case=Dat,Gen|Number=Sing|Person=2|PronType=Prs|Strength=Strong",
      "Pp2-sr--------s__Case=Acc,Nom|Number=Sing|Person=2|PronType=Prs|Strength=Strong",
      "Pp3-p---------s__Number=Plur|Person=3|PronType=Prs|Strength=Strong",
      "Pp3-pd--------w__Case=Dat|Number=Plur|Person=3|PronType=Prs|Strength=Weak",
      "Pp3-pd--y-----w__Case=Dat|Number=Plur|Person=3|PronType=Prs|Strength=Weak|Variant=Short",
      "Pp3-po--------s__Case=Dat,Gen|Number=Plur|Person=3|PronType=Prs|Strength=Strong",
      "Pp3-sd--------w__Case=Dat|Number=Sing|Person=3|PronType=Prs|Strength=Weak",
      "Pp3-sd--y-----w__Case=Dat|Number=Sing|Person=3|PronType=Prs|Strength=Weak|Variant=Short",
      "Pp3fpa--------w__Case=Acc|Gender=Fem|Number=Plur|Person=3|PronType=Prs|Strength=Weak",
      "Pp3fpa--y-----w__Case=Acc|Gender=Fem|Number=Plur|Person=3|PronType=Prs|Strength=Weak|Variant=Short",
      "Pp3fpr--------s__Case=Acc,Nom|Gender=Fem|Number=Plur|Person=3|PronType=Prs|Strength=Strong",
      "Pp3fs---------s__Gender=Fem|Number=Sing|Person=3|PronType=Prs|Strength=Strong",
      "Pp3fsa--------w__Case=Acc|Gender=Fem|Number=Sing|Person=3|PronType=Prs|Strength=Weak",
      "Pp3fsa--y-----w__Case=Acc|Gender=Fem|Number=Sing|Person=3|PronType=Prs|Strength=Weak|Variant=Short",
      "Pp3fso--------s__Case=Dat,Gen|Gender=Fem|Number=Sing|Person=3|PronType=Prs|Strength=Strong",
      "Pp3fsr--------s__Case=Acc,Nom|Gender=Fem|Number=Sing|Person=3|PronType=Prs|Strength=Strong",
      "Pp3fsr--y-----s__Case=Acc,Nom|Gender=Fem|Number=Sing|Person=3|PronType=Prs|Strength=Strong|Variant=Short",
      "Pp3mpa--------w__Case=Acc|Gender=Masc|Number=Plur|Person=3|PronType=Prs|Strength=Weak",
      "Pp3mpa--y-----w__Case=Acc|Gender=Masc|Number=Plur|Person=3|PronType=Prs|Strength=Weak|Variant=Short",
      "Pp3mpr--------s__Case=Acc,Nom|Gender=Masc|Number=Plur|Person=3|PronType=Prs|Strength=Strong",
      "Pp3ms---------s__Gender=Masc|Number=Sing|Person=3|PronType=Prs|Strength=Strong",
      "Pp3msa--------w__Case=Acc|Gender=Masc|Number=Sing|Person=3|PronType=Prs|Strength=Weak",
      "Pp3msa--y-----w__Case=Acc|Gender=Masc|Number=Sing|Person=3|PronType=Prs|Strength=Weak|Variant=Short",
      "Pp3mso--------s__Case=Dat,Gen|Gender=Masc|Number=Sing|Person=3|PronType=Prs|Strength=Strong",
      "Pp3msr--------s__Case=Acc,Nom|Gender=Masc|Number=Sing|Person=3|PronType=Prs|Strength=Strong",
      "Pp3msr--y-----s__Case=Acc,Nom|Gender=Masc|Number=Sing|Person=3|PronType=Prs|Strength=Strong|Variant=Short",
      "Ps1fp-s__Gender=Fem|Number=Plur|Number[psor]=Sing|Person=1|Poss=Yes|PronType=Prs",
      "Ps1fsrp__Case=Acc,Nom|Gender=Fem|Number=Sing|Number[psor]=Plur|Person=1|Poss=Yes|PronType=Prs",
      "Ps1fsrs__Case=Acc,Nom|Gender=Fem|Number=Sing|Number[psor]=Sing|Person=1|Poss=Yes|PronType=Prs",
      "Ps1mp-p__Gender=Masc|Number=Plur|Number[psor]=Plur|Person=1|Poss=Yes|PronType=Prs",
      "Ps1ms-p__Gender=Masc|Number=Sing|Number[psor]=Plur|Person=1|Poss=Yes|PronType=Prs",
      "Ps2fp-s__Gender=Fem|Number=Plur|Number[psor]=Sing|Person=2|Poss=Yes|PronType=Prs",
      "Ps2fsrp__Case=Acc,Nom|Gender=Fem|Number=Sing|Number[psor]=Plur|Person=2|Poss=Yes|PronType=Prs",
      "Ps2fsrs__Case=Acc,Nom|Gender=Fem|Number=Sing|Number[psor]=Sing|Person=2|Poss=Yes|PronType=Prs",
      "Ps2ms-s__Gender=Masc|Number=Sing|Number[psor]=Sing|Person=2|Poss=Yes|PronType=Prs",
      "Ps3---p__Number[psor]=Plur|Person=3|Poss=Yes|PronType=Prs",
      "Ps3---s__Number[psor]=Sing|Person=3|Poss=Yes|PronType=Prs",
      "Ps3fp-s__Gender=Fem|Number=Plur|Number[psor]=Sing|Person=3|Poss=Yes|PronType=Prs",
      "Ps3fsrs__Case=Acc,Nom|Gender=Fem|Number=Sing|Number[psor]=Sing|Person=3|Poss=Yes|PronType=Prs",
      "Ps3mp-s__Gender=Masc|Number=Plur|Number[psor]=Sing|Person=3|Poss=Yes|PronType=Prs",
      "Ps3ms-s__Gender=Masc|Number=Sing|Number[psor]=Sing|Person=3|Poss=Yes|PronType=Prs",
      "Pw3--r__Case=Acc,Nom|Person=3|PronType=Int,Rel",
      "Pw3-po__Case=Dat,Gen|Number=Plur|Person=3|PronType=Int,Rel",
      "Pw3-so__Case=Dat,Gen|Number=Sing|Person=3|PronType=Int,Rel",
      "Pw3fpr__Case=Acc,Nom|Gender=Fem|Number=Plur|Person=3|PronType=Int,Rel",
      "Pw3fso__Case=Dat,Gen|Gender=Fem|Number=Sing|Person=3|PronType=Int,Rel",
      "Pw3mpr__Case=Acc,Nom|Gender=Masc|Number=Plur|Person=3|PronType=Int,Rel",
      "Pw3mso__Case=Dat,Gen|Gender=Masc|Number=Sing|Person=3|PronType=Int,Rel",
      "Px3--a--------s__Case=Acc|Person=3|PronType=Prs|Reflex=Yes|Strength=Strong",
      "Px3--a--------w__Case=Acc|Person=3|PronType=Prs|Reflex=Yes|Strength=Weak",
      "Px3--a--y-----w__Case=Acc|Person=3|PronType=Prs|Reflex=Yes|Strength=Weak|Variant=Short",
      "Px3--d--------w__Case=Dat|Person=3|PronType=Prs|Reflex=Yes|Strength=Weak",
      "Px3--d--y-----w__Case=Dat|Person=3|PronType=Prs|Reflex=Yes|Strength=Weak|Variant=Short",
      "Pz3-sr__Case=Acc,Nom|Number=Sing|Person=3|PronType=Neg",
      "Pz3fsr__Case=Acc,Nom|Gender=Fem|Number=Sing|Person=3|PronType=Neg",
      "QUEST",
      "QUOT",
      "Qf__Tense=Fut",
      "Qn__PartType=Inf",
      "Qs-y__Mood=Sub|Variant=Short",
      "Qs__Mood=Sub",
      "Qz-y__Polarity=Neg|Variant=Short",
      "Qz__Polarity=Neg",
      "RCURL",
      "RPAR",
      "RSQR",
      "Rc",
      "Rgc__Degree=Cmp",
      "Rgp__Degree=Pos",
      "Rgpy__Degree=Pos|Variant=Short",
      "Rgs__Degree=Sup",
      "Rp",
      "Rw-y__PronType=Int,Rel|Variant=Short",
      "Rw__PronType=Int,Rel",
      "Rz__PronType=Neg",
      "SCOLON__AdpType=Prep",
      "SLASH__AdpType=Prep",
      "STAR__AdpType=Prep",
      "Sp__AdpType=Prep",
      "Spsa__AdpType=Prep|Case=Acc",
      "Spsa__AdpType=Prep|Case=Acc|Foreign=Yes",
      "Spsay__AdpType=Prep|Case=Acc|Variant=Short",
      "Spsd__AdpType=Prep|Case=Dat",
      "Spsg__AdpType=Prep|Case=Gen",
      "Td-po__Case=Dat,Gen|Number=Plur|PronType=Dem",
      "Tdfpr__Case=Acc,Nom|Gender=Fem|Number=Plur|PronType=Dem",
      "Tdfso__Case=Dat,Gen|Gender=Fem|Number=Sing|PronType=Dem",
      "Tdfsr__Case=Acc,Nom|Gender=Fem|Number=Sing|PronType=Dem",
      "Tdmpr__Case=Acc,Nom|Gender=Masc|Number=Plur|PronType=Dem",
      "Tdmso__Case=Dat,Gen|Gender=Masc|Number=Sing|PronType=Dem",
      "Tdmsr__Case=Acc,Nom|Gender=Masc|Number=Sing|PronType=Dem",
      "Tf-so__Case=Dat,Gen|Definite=Def|Number=Sing|PronType=Art",
      "Tffpoy__Case=Dat,Gen|Definite=Def|Gender=Fem|Number=Plur|PronType=Art|Variant=Short",
      "Tffpry__Case=Acc,Nom|Definite=Def|Gender=Fem|Number=Plur|PronType=Art|Variant=Short",
      "Tffs-y__Definite=Def|Gender=Fem|Number=Sing|PronType=Art|Variant=Short",
      "Tfmpoy__Case=Dat,Gen|Definite=Def|Gender=Masc|Number=Plur|PronType=Art|Variant=Short",
      "Tfms-y__Definite=Def|Gender=Masc|Number=Sing|PronType=Art|Variant=Short",
      "Tfmsoy__Case=Dat,Gen|Definite=Def|Gender=Masc|Number=Sing|PronType=Art|Variant=Short",
      "Tfmsry__Case=Acc,Nom|Definite=Def|Gender=Masc|Number=Sing|PronType=Art|Variant=Short",
      "Ti-po__Case=Dat,Gen|Number=Plur|PronType=Ind",
      "Tifp-y__Gender=Fem|Number=Plur|PronType=Ind|Variant=Short",
      "Tifso__Case=Dat,Gen|Gender=Fem|Number=Sing|PronType=Ind",
      "Tifsr__Case=Acc,Nom|Gender=Fem|Number=Sing|PronType=Ind",
      "Timso__Case=Dat,Gen|Gender=Masc|Number=Sing|PronType=Ind",
      "Timsr__Case=Acc,Nom|Gender=Masc|Number=Sing|PronType=Ind",
      "Tsfp__Gender=Fem|Number=Plur|Poss=Yes|PronType=Prs",
      "Tsfs__Gender=Fem|Number=Sing|Poss=Yes|PronType=Prs",
      "Tsmp__Gender=Masc|Number=Plur|Poss=Yes|PronType=Prs",
      "Tsms__Foreign=Yes|Gender=Masc|Number=Sing|Poss=Yes|PronType=Prs",
      "Tsms__Gender=Masc|Number=Sing|Poss=Yes|PronType=Prs",
      "UNDERSC",
      "Va--1-----y__Person=1|Variant=Short",
      "Va--1__Person=1",
      "Va--1p__Number=Plur|Person=1",
      "Va--1s----y__Number=Sing|Person=1|Variant=Short",
      "Va--1s__Number=Sing|Person=1",
      "Va--2p----y__Number=Plur|Person=2|Variant=Short",
      "Va--2p__Number=Plur|Person=2",
      "Va--2s----y__Number=Sing|Person=2|Variant=Short",
      "Va--2s__Number=Sing|Person=2",
      "Va--3-----y__Person=3|Variant=Short",
      "Va--3__Person=3",
      "Va--3p----y__Number=Plur|Person=3|Variant=Short",
      "Va--3p__Number=Plur|Person=3",
      "Va--3s----y__Number=Sing|Person=3|Variant=Short",
      "Va--3s__Number=Sing|Person=3",
      "Vag__VerbForm=Ger",
      "Vaii1__Mood=Ind|Person=1|Tense=Imp|VerbForm=Fin",
      "Vaii2s__Mood=Ind|Number=Sing|Person=2|Tense=Imp|VerbForm=Fin",
      "Vaii3p__Mood=Ind|Number=Plur|Person=3|Tense=Imp|VerbForm=Fin",
      "Vaii3s__Mood=Ind|Number=Sing|Person=3|Tense=Imp|VerbForm=Fin",
      "Vail3p__Mood=Ind|Number=Plur|Person=3|Tense=Pqp|VerbForm=Fin",
      "Vail3s__Mood=Ind|Number=Sing|Person=3|Tense=Pqp|VerbForm=Fin",
      "Vaip1p__Mood=Ind|Number=Plur|Person=1|Tense=Pres|VerbForm=Fin",
      "Vaip1s__Mood=Ind|Number=Sing|Person=1|Tense=Pres|VerbForm=Fin",
      "Vaip2p__Mood=Ind|Number=Plur|Person=2|Tense=Pres|VerbForm=Fin",
      "Vaip2s__Mood=Ind|Number=Sing|Person=2|Tense=Pres|VerbForm=Fin",
      "Vaip3p----y__Mood=Ind|Number=Plur|Person=3|Tense=Pres|Variant=Short|VerbForm=Fin",
      "Vaip3p__Mood=Ind|Number=Plur|Person=3|Tense=Pres|VerbForm=Fin",
      "Vaip3s----y__Mood=Ind|Number=Sing|Person=3|Tense=Pres|Variant=Short|VerbForm=Fin",
      "Vaip3s__Mood=Ind|Number=Sing|Person=3|Tense=Pres|VerbForm=Fin",
      "Vais3p__Mood=Ind|Number=Plur|Person=3|Tense=Past|VerbForm=Fin",
      "Vais3s__Mood=Ind|Number=Sing|Person=3|Tense=Past|VerbForm=Fin",
      "Vam-2s__Mood=Imp|Number=Sing|Person=2|VerbForm=Fin",
      "Vanp__Tense=Pres|VerbForm=Inf",
      "Vap--sm__Gender=Masc|Number=Sing|VerbForm=Part",
      "Vasp1p__Mood=Sub|Number=Plur|Person=1|Tense=Pres|VerbForm=Fin",
      "Vasp1s__Mood=Sub|Number=Sing|Person=1|Tense=Pres|VerbForm=Fin",
      "Vasp2p__Mood=Sub|Number=Plur|Person=2|Tense=Pres|VerbForm=Fin",
      "Vasp2s__Mood=Sub|Number=Sing|Person=2|Tense=Pres|VerbForm=Fin",
      "Vasp3__Mood=Sub|Person=3|Tense=Pres|VerbForm=Fin",
      "Vmg-------y__Variant=Short|VerbForm=Ger",
      "Vmg__VerbForm=Ger",
      "Vmii1-----y__Mood=Ind|Person=1|Tense=Imp|Variant=Short|VerbForm=Fin",
      "Vmii1__Mood=Ind|Person=1|Tense=Imp|VerbForm=Fin",
      "Vmii2p__Mood=Ind|Number=Plur|Person=2|Tense=Imp|VerbForm=Fin",
      "Vmii2s__Mood=Ind|Number=Sing|Person=2|Tense=Imp|VerbForm=Fin",
      "Vmii3p----y__Mood=Ind|Number=Plur|Person=3|Tense=Imp|Variant=Short|VerbForm=Fin",
      "Vmii3p__Mood=Ind|Number=Plur|Person=3|Tense=Imp|VerbForm=Fin",
      "Vmii3s----y__Mood=Ind|Number=Sing|Person=3|Tense=Imp|Variant=Short|VerbForm=Fin",
      "Vmii3s__Mood=Ind|Number=Sing|Person=3|Tense=Imp|VerbForm=Fin",
      "Vmil1__Mood=Ind|Person=1|Tense=Pqp|VerbForm=Fin",
      "Vmil1p__Mood=Ind|Number=Plur|Person=1|Tense=Pqp|VerbForm=Fin",
      "Vmil2s__Mood=Ind|Number=Sing|Person=2|Tense=Pqp|VerbForm=Fin",
      "Vmil3p----y__Mood=Ind|Number=Plur|Person=3|Tense=Pqp|Variant=Short|VerbForm=Fin",
      "Vmil3p__Mood=Ind|Number=Plur|Person=3|Tense=Pqp|VerbForm=Fin",
      "Vmil3s----y__Mood=Ind|Number=Sing|Person=3|Tense=Pqp|Variant=Short|VerbForm=Fin",
      "Vmil3s__Mood=Ind|Number=Sing|Person=3|Tense=Pqp|VerbForm=Fin",
      "Vmip1p----y__Mood=Ind|Number=Plur|Person=1|Tense=Pres|Variant=Short|VerbForm=Fin",
      "Vmip1p__Mood=Ind|Number=Plur|Person=1|Tense=Pres|VerbForm=Fin",
      "Vmip1s----y__Mood=Ind|Number=Sing|Person=1|Tense=Pres|Variant=Short|VerbForm=Fin",
      "Vmip1s__Mood=Ind|Number=Sing|Person=1|Tense=Pres|VerbForm=Fin",
      "Vmip2p__Mood=Ind|Number=Plur|Person=2|Tense=Pres|VerbForm=Fin",
      "Vmip2s----y__Mood=Ind|Number=Sing|Person=2|Tense=Pres|Variant=Short|VerbForm=Fin",
      "Vmip2s__Mood=Ind|Number=Sing|Person=2|Tense=Pres|VerbForm=Fin",
      "Vmip3-----y__Mood=Ind|Person=3|Tense=Pres|Variant=Short|VerbForm=Fin",
      "Vmip3__Mood=Ind|Person=3|Tense=Pres|VerbForm=Fin",
      "Vmip3p__Mood=Ind|Number=Plur|Person=3|Tense=Pres|VerbForm=Fin",
      "Vmip3s----y__Mood=Ind|Number=Sing|Person=3|Tense=Pres|Variant=Short|VerbForm=Fin",
      "Vmip3s__Mood=Ind|Number=Sing|Person=3|Tense=Pres|VerbForm=Fin",
      "Vmis1p__Mood=Ind|Number=Plur|Person=1|Tense=Past|VerbForm=Fin",
      "Vmis1s__Mood=Ind|Number=Sing|Person=1|Tense=Past|VerbForm=Fin",
      "Vmis3p----y__Mood=Ind|Number=Plur|Person=3|Tense=Past|Variant=Short|VerbForm=Fin",
      "Vmis3p__Mood=Ind|Number=Plur|Person=3|Tense=Past|VerbForm=Fin",
      "Vmis3s----y__Mood=Ind|Number=Sing|Person=3|Tense=Past|Variant=Short|VerbForm=Fin",
      "Vmis3s__Mood=Ind|Number=Sing|Person=3|Tense=Past|VerbForm=Fin",
      "Vmm-2p__Mood=Imp|Number=Plur|Person=2|VerbForm=Fin",
      "Vmm-2s__Mood=Imp|Number=Sing|Person=2|VerbForm=Fin",
      "Vmnp------y__Tense=Pres|Variant=Short|VerbForm=Inf",
      "Vmnp__Foreign=Yes|Tense=Pres|VerbForm=Inf",
      "Vmnp__Tense=Pres|VerbForm=Inf",
      "Vmp--pf__Gender=Fem|Number=Plur|VerbForm=Part",
      "Vmp--pm__Gender=Masc|Number=Plur|VerbForm=Part",
      "Vmp--sf__Gender=Fem|Number=Sing|VerbForm=Part",
      "Vmp--sm---y__Gender=Masc|Number=Sing|Variant=Short|VerbForm=Part",
      "Vmp--sm__Gender=Masc|Number=Sing|VerbForm=Part",
      "Vmsp1p__Mood=Sub|Number=Plur|Person=1|Tense=Pres|VerbForm=Fin",
      "Vmsp1s__Mood=Sub|Number=Sing|Person=1|Tense=Pres|VerbForm=Fin",
      "Vmsp2s__Mood=Sub|Number=Sing|Person=2|Tense=Pres|VerbForm=Fin",
      "Vmsp3-----y__Mood=Sub|Person=3|Tense=Pres|Variant=Short|VerbForm=Fin",
      "Vmsp3__Mood=Sub|Person=3|Tense=Pres|VerbForm=Fin",
      "X",
      "X__Foreign=Yes",
      "Y__Abbr=Yes",
      "Ya__Abbr=Yes",
      "Yn__Abbr=Yes",
      "Ynfsoy__Abbr=Yes|Case=Dat,Gen|Definite=Def|Gender=Fem|Number=Sing",
      "Ynfsry__Abbr=Yes|Case=Acc,Nom|Definite=Def|Gender=Fem|Number=Sing",
      "Ynmsoy__Abbr=Yes|Case=Dat,Gen|Definite=Def|Gender=Masc|Number=Sing",
      "Ynmsry__Abbr=Yes|Case=Acc,Nom|Definite=Def|Gender=Masc|Number=Sing",
      "Yp-sr__Abbr=Yes|Case=Acc,Nom|Number=Sing",
      "Yp__Abbr=Yes",
      "Yr__Abbr=Yes",
      "_SP"
    ],
    "parser": [
      "ROOT",
      "acl",
      "advcl",
      "advcl:tcl",
      "advmod",
      "advmod:tmod",
      "amod",
      "appos",
      "aux",
      "aux:pass",
      "case",
      "cc",
      "cc:preconj",
      "ccomp",
      "ccomp:pmod",
      "compound",
      "conj",
      "cop",
      "csubj",
      "csubj:pass",
      "dep",
      "det",
      "expl",
      "expl:impers",
      "expl:pass",
      "expl:poss",
      "expl:pv",
      "fixed",
      "flat",
      "goeswith",
      "iobj",
      "mark",
      "nmod",
      "nmod:agent",
      "nmod:pmod",
      "nmod:tmod",
      "nsubj",
      "nsubj:pass",
      "nummod",
      "obj",
      "obl",
      "orphan",
      "parataxis",
      "punct",
      "vocative",
      "xcomp"
    ],
    "ner": [
      "DATETIME",
      "EVENT",
      "FACILITY",
      "GPE",
      "LANGUAGE",
      "LOC",
      "MONEY",
      "NAT_REL_POL",
      "NUMERIC_VALUE",
      "ORDINAL",
      "ORGANIZATION",
      "PERIOD",
      "PERSON",
      "PRODUCT",
      "QUANTITY",
      "WORK_OF_ART"
    ]
  },
  "vectors": {
    "width": 300,
    "vectors": 500000,
    "keys": 500000,
    "name": "ro_core_news_lg.vectors"
  },
  "size": "545 MB",
  "checksum": "3f59104f60eb0eea8dc3c423206c375d58925f2e250648e9d1563939c5f0a145"
}