{
  "lang": "ro",
  "name": "core_news_md",
  "license": "CC BY-SA 4.0",
  "author": "Explosion",
  "url": "https://explosion.ai",
  "email": "contact@explosion.ai",
  "description": "Romanian multi-task CNN trained on UD Romanian RRT and the Romanian Named Entity Corpus. Assigns word vectors, POS tags, dependency parse and named entities. Word vectors trained using FastText CBOW on Wikipedia and OSCAR (Common Crawl).",
  "sources": [
    {
      "name": "UD Romanian RRT v2.5",
      "url": "https://github.com/UniversalDependencies/UD_Romanian-RRT",
      "author": "Barbu Mititelu, Verginica; Irimia, Elena; Perez, Cenel-Augusto; Ion, Radu; Simionescu, Radu; Popel, Martin",
      "license": "CC BY-SA 4.0"
    },
    {
      "name": "RONEC - the Romanian Named Entity Corpus (ca9ce460)",
      "url": "https://github.com/dumitrescustefan/ronec",
      "author": "Dumitrescu, Stefan Daniel; Avram, Andrei-Marius; Morogan, Luciana; Toma; Stefan",
      "license": "MIT"
    },
    {
      "name": "OSCAR (Common Crawl)",
      "url": "https://oscar-corpus.com/",
      "license": "CC0"
    },
    {
      "name": "Wikipedia (20200201)",
      "url": "https://dumps.wikimedia.org/",
      "license": "CC BY-SA 3.0"
    }
  ],
  "pipeline": [
    "tagger",
    "parser",
    "ner"
  ],
  "version": "2.3.0",
  "spacy_version": ">=2.3.0,<2.4.0",
  "parent_package": "spacy",
  "accuracy": {
    "las": 81.7716747442,
    "uas": 88.6914378029,
    "token_acc": 99.6074525428,
    "las_per_type": {
      "advmod": {
        "p": 78.8639365918,
        "r": 76.9329896907,
        "f": 77.8864970646
      },
      "fixed": {
        "p": 86.1111111111,
        "r": 70.3315881326,
        "f": 77.4255523535
      },
      "nsubj": {
        "p": 83.1578947368,
        "r": 80.3049555273,
        "f": 81.7065287654
      },
      "case": {
        "p": 92.8880345988,
        "r": 94.2007797271,
        "f": 93.5398015969
      },
      "nmod": {
        "p": 80.1840490798,
        "r": 82.6169405815,
        "f": 81.3823163138
      },
      "obj": {
        "p": 81.0316139767,
        "r": 83.1058020478,
        "f": 82.0556023589
      },
      "aux": {
        "p": 97.9827089337,
        "r": 90.4255319149,
        "f": 94.0525587828
      },
      "root": {
        "p": 93.9678284182,
        "r": 93.2180851064,
        "f": 93.5914552737
      },
      "obl": {
        "p": 65.9701492537,
        "r": 75.2553916005,
        "f": 70.3075291622
      },
      "nmod:pmod": {
        "p": 62.5,
        "r": 19.2307692308,
        "f": 29.4117647059
      },
      "iobj": {
        "p": 76.1538461538,
        "r": 66.8918918919,
        "f": 71.2230215827
      },
      "expl:pv": {
        "p": 80.310880829,
        "r": 82.8877005348,
        "f": 81.5789473684
      },
      "det": {
        "p": 95.3862660944,
        "r": 97.4780701754,
        "f": 96.420824295
      },
      "amod": {
        "p": 87.795992714,
        "r": 87.4773139746,
        "f": 87.6363636364
      },
      "expl": {
        "p": 61.2903225806,
        "r": 44.1860465116,
        "f": 51.3513513514
      },
      "advcl": {
        "p": 55.1724137931,
        "r": 58.5365853659,
        "f": 56.8047337278
      },
      "ccomp": {
        "p": 71.9806763285,
        "r": 83.7078651685,
        "f": 77.4025974026
      },
      "expl:poss": {
        "p": 60.4651162791,
        "r": 60.4651162791,
        "f": 60.4651162791
      },
      "acl": {
        "p": 71.3910761155,
        "r": 77.4928774929,
        "f": 74.3169398907
      },
      "cc": {
        "p": 85.685483871,
        "r": 88.9121338912,
        "f": 87.2689938398
      },
      "conj": {
        "p": 64.7590361446,
        "r": 64.9546827795,
        "f": 64.8567119155
      },
      "cop": {
        "p": 78.2352941176,
        "r": 82.0987654321,
        "f": 80.1204819277
      },
      "xcomp": {
        "p": 69.0909090909,
        "r": 46.3414634146,
        "f": 55.4744525547
      },
      "mark": {
        "p": 89.7777777778,
        "r": 90.7865168539,
        "f": 90.2793296089
      },
      "nsubj:pass": {
        "p": 59.6273291925,
        "r": 64.4295302013,
        "f": 61.935483871
      },
      "aux:pass": {
        "p": 75.5244755245,
        "r": 90.0,
        "f": 82.1292775665
      },
      "appos": {
        "p": 51.2195121951,
        "r": 41.5841584158,
        "f": 45.9016393443
      },
      "ccomp:pmod": {
        "p": 25.0,
        "r": 20.0,
        "f": 22.2222222222
      },
      "nmod:agent": {
        "p": 75.7575757576,
        "r": 76.9230769231,
        "f": 76.3358778626
      },
      "csubj": {
        "p": 78.6885245902,
        "r": 76.1904761905,
        "f": 77.4193548387
      },
      "cc:preconj": {
        "p": 0.0,
        "r": 0.0,
        "f": 0.0
      },
      "nummod": {
        "p": 89.751552795,
        "r": 88.9230769231,
        "f": 89.3353941267
      },
      "expl:pass": {
        "p": 69.4736842105,
        "r": 72.5274725275,
        "f": 70.9677419355
      },
      "parataxis": {
        "p": 76.4705882353,
        "r": 59.5419847328,
        "f": 66.9527896996
      },
      "expl:impers": {
        "p": 33.3333333333,
        "r": 10.0,
        "f": 15.3846153846
      },
      "nmod:tmod": {
        "p": 50.0,
        "r": 11.6279069767,
        "f": 18.8679245283
      },
      "flat": {
        "p": 79.5620437956,
        "r": 77.8571428571,
        "f": 78.7003610108
      },
      "csubj:pass": {
        "p": 33.3333333333,
        "r": 33.3333333333,
        "f": 33.3333333333
      },
      "dep": {
        "p": 0.0,
        "r": 0.0,
        "f": 0.0
      },
      "orphan": {
        "p": 0.0,
        "r": 0.0,
        "f": 0.0
      },
      "advmod:tmod": {
        "p": 0.0,
        "r": 0.0,
        "f": 0.0
      },
      "advcl:tcl": {
        "p": 0.0,
        "r": 0.0,
        "f": 0.0
      },
      "goeswith": {
        "p": 83.3333333333,
        "r": 62.5,
        "f": 71.4285714286
      },
      "vocative": {
        "p": 0.0,
        "r": 0.0,
        "f": 0.0
      },
      "discourse": {
        "p": 0.0,
        "r": 0.0,
        "f": 0.0
      },
      "compound": {
        "p": 100.0,
        "r": 66.6666666667,
        "f": 80.0
      }
    },
    "tags_acc": 96.316947909,
    "ents_f": 75.4160363086,
    "ents_p": 74.2644320298,
    "ents_r": 76.6039185555,
    "ents_per_type": {
      "NUMERIC_VALUE": {
        "p": 87.1485943775,
        "r": 91.9491525424,
        "f": 89.4845360825
      },
      "PERSON": {
        "p": 70.579029734,
        "r": 75.6711409396,
        "f": 73.036437247
      },
      "NAT_REL_POL": {
        "p": 92.0863309353,
        "r": 85.3333333333,
        "f": 88.5813148789
      },
      "GPE": {
        "p": 83.0472103004,
        "r": 88.9655172414,
        "f": 85.9045504994
      },
      "LOC": {
        "p": 54.4117647059,
        "r": 48.6842105263,
        "f": 51.3888888889
      },
      "MONEY": {
        "p": 94.0,
        "r": 81.0344827586,
        "f": 87.037037037
      },
      "LANGUAGE": {
        "p": 80.0,
        "r": 100.0,
        "f": 88.8888888889
      },
      "PERIOD": {
        "p": 93.5483870968,
        "r": 69.0476190476,
        "f": 79.4520547945
      },
      "FACILITY": {
        "p": 55.7251908397,
        "r": 55.7251908397,
        "f": 55.7251908397
      },
      "DATETIME": {
        "p": 76.0942760943,
        "r": 78.7456445993,
        "f": 77.397260274
      },
      "EVENT": {
        "p": 57.1428571429,
        "r": 54.0540540541,
        "f": 55.5555555556
      },
      "ORDINAL": {
        "p": 75.8620689655,
        "r": 80.0,
        "f": 77.8761061947
      },
      "PRODUCT": {
        "p": 53.9568345324,
        "r": 54.7445255474,
        "f": 54.347826087
      },
      "QUANTITY": {
        "p": 86.6666666667,
        "r": 100.0,
        "f": 92.8571428571
      },
      "ORGANIZATION": {
        "p": 67.4626865672,
        "r": 71.974522293,
        "f": 69.6456086287
      },
      "WORK_OF_ART": {
        "p": 30.7692307692,
        "r": 21.0526315789,
        "f": 25.0
      }
    }
  },
  "speed": {
    "cpu": 6746.9357601031,
    "gpu": null,
    "nwords": 18378
  },
  "labels": {
    "tagger": [
      "ARROW",
      "Af__Polarity=Neg",
      "Afcfp-n__Definite=Ind|Degree=Cmp|Gender=Fem|Number=Plur",
      "Afcfson__Case=Dat,Gen|Definite=Ind|Degree=Cmp|Gender=Fem|Number=Sing",
      "Afcfsrn__Case=Acc,Nom|Definite=Ind|Degree=Cmp|Gender=Fem|Number=Sing",
      "Afcmpoy__Case=Dat,Gen|Definite=Def|Degree=Cmp|Gender=Masc|Number=Plur",
      "Afcms-n__Definite=Ind|Degree=Cmp|Gender=Masc|Number=Sing",
      "Afp-p-n__Definite=Ind|Degree=Pos|Number=Plur",
      "Afp-poy__Case=Dat,Gen|Definite=Def|Degree=Pos|Number=Plur",
      "Afp__Degree=Pos",
      "Afp__Degree=Pos|Polarity=Neg",
      "Afpf--n__Definite=Ind|Degree=Pos|Foreign=Yes|Gender=Fem",
      "Afpf--n__Definite=Ind|Degree=Pos|Gender=Fem",
      "Afpfp-n__Definite=Ind|Degree=Pos|Gender=Fem|Number=Plur",
      "Afpfp-ny__Definite=Ind|Degree=Pos|Gender=Fem|Number=Plur|Variant=Short",
      "Afpfpoy__Case=Dat,Gen|Definite=Def|Degree=Pos|Gender=Fem|Number=Plur",
      "Afpfpry__Case=Acc,Nom|Definite=Def|Degree=Pos|Gender=Fem|Number=Plur",
      "Afpfson__Case=Dat,Gen|Definite=Ind|Degree=Pos|Gender=Fem|Number=Sing",
      "Afpfsoy__Case=Dat,Gen|Definite=Def|Degree=Pos|Gender=Fem|Number=Sing",
      "Afpfsrn__Case=Acc,Nom|Definite=Ind|Degree=Pos|Gender=Fem|Number=Sing",
      "Afpfsry__Case=Acc,Nom|Definite=Def|Degree=Pos|Foreign=Yes|Gender=Fem|Number=Sing",
      "Afpfsry__Case=Acc,Nom|Definite=Def|Degree=Pos|Gender=Fem|Number=Sing",
      "Afpm--n__Definite=Ind|Degree=Pos|Gender=Masc",
      "Afpmp-n__Definite=Ind|Degree=Pos|Gender=Masc|Number=Plur",
      "Afpmpoy__Case=Dat,Gen|Definite=Def|Degree=Pos|Gender=Masc|Number=Plur",
      "Afpmpry__Case=Acc,Nom|Definite=Def|Degree=Pos|Gender=Masc|Number=Plur",
      "Afpms-n__Definite=Ind|Degree=Pos|Foreign=Yes|Gender=Masc|Number=Sing",
      "Afpms-n__Definite=Ind|Degree=Pos|Gender=Masc|Number=Sing",
      "Afpmsoy__Case=Dat,Gen|Definite=Def|Degree=Pos|Gender=Masc|Number=Sing",
      "Afpmsry__Case=Acc,Nom|Definite=Def|Degree=Pos|Gender=Masc|Number=Sing",
      "Afsfp-n__Definite=Ind|Degree=Sup|Gender=Fem|Number=Plur",
      "Afsfsrn__Case=Acc,Nom|Definite=Ind|Degree=Sup|Gender=Fem|Number=Sing",
      "BULLET",
      "COLON",
      "COMMA",
      "Ccssp__Polarity=Pos",
      "Ccsspy__Polarity=Pos|Variant=Short",
      "Crssp__Polarity=Pos",
      "Csssp__Polarity=Pos",
      "Cssspy__Polarity=Pos|Variant=Short",
      "DASH",
      "DBLQ",
      "Dd3-po---e__Case=Dat,Gen|Number=Plur|Person=3|Position=Prenom|PronType=Dem",
      "Dd3-po---o__Case=Dat,Gen|Number=Plur|Person=3|Position=Postnom|PronType=Dem",
      "Dd3fpo__Case=Dat,Gen|Gender=Fem|Number=Plur|Person=3|PronType=Dem",
      "Dd3fpr---e__Case=Acc,Nom|Gender=Fem|Number=Plur|Person=3|Position=Prenom|PronType=Dem",
      "Dd3fpr---o__Case=Acc,Nom|Gender=Fem|Number=Plur|Person=3|Position=Postnom|PronType=Dem",
      "Dd3fpr--y__Case=Acc,Nom|Gender=Fem|Number=Plur|Person=3|PronType=Dem",
      "Dd3fpr__Case=Acc,Nom|Gender=Fem|Number=Plur|Person=3|PronType=Dem",
      "Dd3fso---e__Case=Dat,Gen|Gender=Fem|Number=Sing|Person=3|Position=Prenom|PronType=Dem",
      "Dd3fso__Case=Dat,Gen|Gender=Fem|Number=Sing|Person=3|PronType=Dem",
      "Dd3fsr---e__Case=Acc,Nom|Gender=Fem|Number=Sing|Person=3|Position=Prenom|PronType=Dem",
      "Dd3fsr---o__Case=Acc,Nom|Gender=Fem|Number=Sing|Person=3|Position=Postnom|PronType=Dem",
      "Dd3fsr--yo__Case=Acc,Nom|Gender=Fem|Number=Sing|Person=3|Position=Postnom|PronType=Dem",
      "Dd3fsr__Case=Acc,Nom|Gender=Fem|Number=Sing|Person=3|PronType=Dem",
      "Dd3mpo__Case=Dat,Gen|Gender=Masc|Number=Plur|Person=3|PronType=Dem",
      "Dd3mpr---e__Case=Acc,Nom|Gender=Masc|Number=Plur|Person=3|Position=Prenom|PronType=Dem",
      "Dd3mpr---o__Case=Acc,Nom|Gender=Masc|Number=Plur|Person=3|Position=Postnom|PronType=Dem",
      "Dd3mpr__Case=Acc,Nom|Gender=Masc|Number=Plur|Person=3|PronType=Dem",
      "Dd3mso---e__Case=Dat,Gen|Gender=Masc|Number=Sing|Person=3|Position=Prenom|PronType=Dem",
      "Dd3msr---e__Case=Acc,Nom|Gender=Masc|Number=Sing|Person=3|Position=Prenom|PronType=Dem",
      "Dd3msr---o__Case=Acc,Nom|Gender=Masc|Number=Sing|Person=3|Position=Postnom|PronType=Dem",
      "Dd3msr__Case=Acc,Nom|Gender=Masc|Number=Sing|Person=3|PronType=Dem",
      "Dh1ms__Gender=Masc|Number=Sing|Person=1|PronType=Emp",
      "Dh3fp__Gender=Fem|Number=Plur|Person=3|PronType=Emp",
      "Dh3fso__Case=Dat,Gen|Gender=Fem|Number=Sing|Person=3|PronType=Emp",
      "Dh3fsr__Case=Acc,Nom|Gender=Fem|Number=Sing|Person=3|PronType=Emp",
      "Dh3mp__Gender=Masc|Number=Plur|Person=3|PronType=Emp",
      "Dh3ms__Gender=Masc|Number=Sing|Person=3|PronType=Emp",
      "Di3-----y__Person=3|PronType=Ind",
      "Di3--r---e__Case=Acc,Nom|Person=3|Position=Prenom|PronType=Ind",
      "Di3-po---e__Case=Dat,Gen|Number=Plur|Person=3|Position=Prenom|PronType=Ind",
      "Di3-po__Case=Dat,Gen|Number=Plur|Person=3|PronType=Ind",
      "Di3-sr---e__Case=Acc,Nom|Number=Sing|Person=3|Position=Prenom|PronType=Ind",
      "Di3-sr--y__Case=Acc,Nom|Number=Sing|Person=3|PronType=Ind",
      "Di3-sr__Case=Acc,Nom|Number=Sing|Person=3|PronType=Ind",
      "Di3__Person=3|PronType=Ind",
      "Di3fp__Gender=Fem|Number=Plur|Person=3|PronType=Ind",
      "Di3fpr---e__Case=Acc,Nom|Gender=Fem|Number=Plur|Person=3|Position=Prenom|PronType=Ind",
      "Di3fpr__Case=Acc,Nom|Gender=Fem|Number=Plur|Person=3|PronType=Ind",
      "Di3fso---e__Case=Dat,Gen|Gender=Fem|Number=Sing|Person=3|Position=Prenom|PronType=Ind",
      "Di3fso__Case=Dat,Gen|Gender=Fem|Number=Sing|Person=3|PronType=Ind",
      "Di3fsr---e__Case=Acc,Nom|Gender=Fem|Number=Sing|Person=3|Position=Prenom|PronType=Ind",
      "Di3fsr__Case=Acc,Nom|Gender=Fem|Number=Sing|Person=3|PronType=Ind",
      "Di3mp__Gender=Masc|Number=Plur|Person=3|PronType=Ind",
      "Di3mpr---e__Case=Acc,Nom|Gender=Masc|Number=Plur|Person=3|Position=Prenom|PronType=Ind",
      "Di3mpr__Case=Acc,Nom|Gender=Masc|Number=Plur|Person=3|PronType=Ind",
      "Di3ms----e__Gender=Masc|Number=Sing|Person=3|Position=Prenom|PronType=Ind",
      "Di3ms__Gender=Masc|Number=Sing|Person=3|PronType=Ind",
      "Di3mso---e__Case=Dat,Gen|Gender=Masc|Number=Sing|Person=3|Position=Prenom|PronType=Ind",
      "Di3msr---e__Case=Acc,Nom|Gender=Masc|Number=Sing|Person=3|Position=Prenom|PronType=Ind",
      "Di3msr__Case=Acc,Nom|Gender=Masc|Number=Sing|Person=3|PronType=Ind",
      "Ds1fp-p__Gender=Fem|Number=Plur|Number[psor]=Plur|Person=1|Poss=Yes|PronType=Prs",
      "Ds1fp-s__Gender=Fem|Number=Plur|Number[psor]=Sing|Person=1|Poss=Yes|PronType=Prs",
      "Ds1fsop__Case=Dat,Gen|Gender=Fem|Number=Sing|Number[psor]=Plur|Person=1|Poss=Yes|PronType=Prs",
      "Ds1fsos__Case=Dat,Gen|Gender=Fem|Number=Sing|Number[psor]=Sing|Person=1|Poss=Yes|PronType=Prs",
      "Ds1fsrp__Case=Acc,Nom|Gender=Fem|Number=Sing|Number[psor]=Plur|Person=1|Poss=Yes|PronType=Prs",
      "Ds1fsrs-y__Case=Acc,Nom|Gender=Fem|Number=Sing|Number[psor]=Sing|Person=1|Poss=Yes|PronType=Prs",
      "Ds1fsrs__Case=Acc,Nom|Gender=Fem|Number=Sing|Number[psor]=Sing|Person=1|Poss=Yes|PronType=Prs",
      "Ds1mp-p__Gender=Masc|Number=Plur|Number[psor]=Plur|Person=1|Poss=Yes|PronType=Prs",
      "Ds1mp-s__Gender=Masc|Number=Plur|Number[psor]=Sing|Person=1|Poss=Yes|PronType=Prs",
      "Ds1ms-p__Gender=Masc|Number=Sing|Number[psor]=Plur|Person=1|Poss=Yes|PronType=Prs",
      "Ds1ms-s__Gender=Masc|Number=Sing|Number[psor]=Sing|Person=1|Poss=Yes|PronType=Prs",
      "Ds1msrs-y__Case=Acc,Nom|Gender=Masc|Number=Sing|Number[psor]=Sing|Person=1|Poss=Yes|PronType=Prs",
      "Ds2---s__Number[psor]=Sing|Person=2|Poss=Yes|PronType=Prs",
      "Ds2fp-p__Gender=Fem|Number=Plur|Number[psor]=Plur|Person=2|Poss=Yes|PronType=Prs",
      "Ds2fp-s__Gender=Fem|Number=Plur|Number[psor]=Sing|Person=2|Poss=Yes|PronType=Prs",
      "Ds2fsrp__Case=Acc,Nom|Gender=Fem|Number=Sing|Number[psor]=Plur|Person=2|Poss=Yes|PronType=Prs",
      "Ds2fsrs__Case=Acc,Nom|Gender=Fem|Number=Sing|Number[psor]=Sing|Person=2|Poss=Yes|PronType=Prs",
      "Ds2mp-p__Gender=Masc|Number=Plur|Number[psor]=Plur|Person=2|Poss=Yes|PronType=Prs",
      "Ds2mp-s__Gender=Masc|Number=Plur|Number[psor]=Sing|Person=2|Poss=Yes|PronType=Prs",
      "Ds2ms-p__Gender=Masc|Number=Sing|Number[psor]=Plur|Person=2|Poss=Yes|PronType=Prs",
      "Ds2ms-s__Gender=Masc|Number=Sing|Number[psor]=Sing|Person=2|Poss=Yes|PronType=Prs",
      "Ds3---p__Number[psor]=Plur|Person=3|Poss=Yes|PronType=Prs",
      "Ds3---s__Number[psor]=Sing|Person=3|Poss=Yes|PronType=Prs",
      "Ds3fp-s__Gender=Fem|Number=Plur|Number[psor]=Sing|Person=3|Poss=Yes|PronType=Prs",
      "Ds3fsos__Case=Dat,Gen|Gender=Fem|Number=Sing|Number[psor]=Sing|Person=3|Poss=Yes|PronType=Prs",
      "Ds3fsrs__Case=Acc,Nom|Gender=Fem|Number=Sing|Number[psor]=Sing|Person=3|Poss=Yes|PronType=Prs",
      "Ds3mp-s__Gender=Masc|Number=Plur|Number[psor]=Sing|Person=3|Poss=Yes|PronType=Prs",
      "Ds3ms-s__Gender=Masc|Number=Sing|Number[psor]=Sing|Person=3|Poss=Yes|PronType=Prs",
      "Dw3--r---e__Case=Acc,Nom|Person=3|Position=Prenom|PronType=Int,Rel",
      "Dw3-po---e__Case=Dat,Gen|Number=Plur|Person=3|Position=Prenom|PronType=Int,Rel",
      "Dw3fpr__Case=Acc,Nom|Gender=Fem|Number=Plur|Person=3|PronType=Int,Rel",
      "Dw3fso---e__Case=Dat,Gen|Gender=Fem|Number=Sing|Person=3|Position=Prenom|PronType=Int,Rel",
      "Dw3fsr__Case=Acc,Nom|Gender=Fem|Number=Sing|Person=3|PronType=Int,Rel",
      "Dw3mpr__Case=Acc,Nom|Gender=Masc|Number=Plur|Person=3|PronType=Int,Rel",
      "Dw3mso---e__Case=Dat,Gen|Gender=Masc|Number=Sing|Person=3|Position=Prenom|PronType=Int,Rel",
      "Dw3msr__Case=Acc,Nom|Gender=Masc|Number=Sing|Person=3|PronType=Int,Rel",
      "Dz3fsr---e__Case=Acc,Nom|Gender=Fem|Number=Sing|Person=3|Position=Prenom|PronType=Neg",
      "Dz3mso---e__Case=Dat,Gen|Gender=Masc|Number=Sing|Person=3|Position=Prenom|PronType=Neg",
      "Dz3msr---e__Case=Acc,Nom|Gender=Masc|Number=Sing|Person=3|Position=Prenom|PronType=Neg",
      "EQUAL",
      "EXCL",
      "EXCLHELLIP",
      "GE",
      "GT",
      "HELLIP",
      "I",
      "LCURL",
      "LPAR",
      "LSQR",
      "LT",
      "M__NumType=Card",
      "Mc-p-d__Number=Plur|NumForm=Digit|NumType=Card",
      "Mc-p-l__Number=Plur|NumForm=Word|NumType=Card",
      "Mc__NumType=Card",
      "Mcfp-l__Gender=Fem|Number=Plur|NumForm=Word|NumType=Card",
      "Mcfp-ln__Definite=Ind|Gender=Fem|Number=Plur|NumForm=Word|NumType=Card",
      "Mcfprln__Case=Acc,Nom|Definite=Ind|Gender=Fem|Number=Plur|NumForm=Word|NumType=Card",
      "Mcfprly__Case=Acc,Nom|Definite=Def|Gender=Fem|Number=Plur|NumForm=Word|NumType=Card",
      "Mcfsoln__Case=Dat,Gen|Definite=Ind|Gender=Fem|Number=Sing|NumForm=Word|NumType=Card",
      "Mcfsrln__Case=Acc,Nom|Definite=Ind|Gender=Fem|Number=Sing|NumForm=Word|NumType=Card",
      "Mcmp-l__Gender=Masc|Number=Plur|NumForm=Word|NumType=Card",
      "Mcms-ln__Definite=Ind|Gender=Masc|Number=Sing|NumForm=Word|NumType=Card",
      "Mcmsrl__Case=Acc,Nom|Gender=Masc|Number=Sing|NumForm=Word|NumType=Card",
      "Mcmsrly__Case=Acc,Nom|Definite=Def|Gender=Masc|Number=Sing|NumForm=Word|NumType=Card",
      "Mffprln__Case=Acc,Nom|Definite=Ind|Gender=Fem|Number=Plur|NumForm=Word|NumType=Card",
      "Mffsrln__Case=Acc,Nom|Definite=Ind|Gender=Fem|Number=Sing|NumForm=Word|NumType=Card",
      "Mlfpo__Case=Dat,Gen|Gender=Fem|Number=Plur|NumType=Card|PronType=Tot",
      "Mlfpr__Case=Acc,Nom|Gender=Fem|Number=Plur|NumType=Card|PronType=Tot",
      "Mlmpr__Case=Acc,Nom|Gender=Masc|Number=Plur|NumType=Card|PronType=Tot",
      "Mo---l__NumForm=Word|NumType=Ord",
      "Mo---ln__Definite=Ind|NumForm=Word|NumType=Ord",
      "Mo-s-r__Foreign=Yes|Number=Sing|NumForm=Roman|NumType=Ord",
      "Mo-s-r__Number=Sing|NumForm=Roman|NumType=Ord",
      "Mofp-ln__Definite=Ind|Gender=Fem|Number=Plur|NumForm=Word|NumType=Ord",
      "Mofpoly__Case=Dat,Gen|Definite=Def|Gender=Fem|Number=Plur|NumForm=Word|NumType=Ord",
      "Mofprly__Case=Acc,Nom|Definite=Def|Gender=Fem|Number=Plur|NumForm=Word|NumType=Ord",
      "Mofs-l__Gender=Fem|Number=Sing|NumForm=Word|NumType=Ord",
      "Mofsoln__Case=Dat,Gen|Definite=Ind|Gender=Fem|Number=Sing|NumForm=Word|NumType=Ord",
      "Mofsoly__Case=Dat,Gen|Definite=Def|Gender=Fem|Number=Sing|NumForm=Word|NumType=Ord",
      "Mofsrln__Case=Acc,Nom|Definite=Ind|Gender=Fem|Number=Sing|NumForm=Word|NumType=Ord",
      "Mofsrly__Case=Acc,Nom|Definite=Def|Gender=Fem|Number=Sing|NumForm=Word|NumType=Ord",
      "Mompoly__Case=Dat,Gen|Definite=Def|Gender=Masc|Number=Plur|NumForm=Word|NumType=Ord",
      "Momprly__Case=Acc,Nom|Definite=Def|Gender=Masc|Number=Plur|NumForm=Word|NumType=Ord",
      "Moms-l__Gender=Masc|Number=Sing|NumForm=Word|NumType=Ord",
      "Moms-ln__Definite=Ind|Gender=Masc|Number=Sing|NumForm=Word|NumType=Ord",
      "Momsoly__Case=Dat,Gen|Definite=Def|Gender=Masc|Number=Sing|NumForm=Word|NumType=Ord",
      "Momsrly__Case=Acc,Nom|Definite=Def|Gender=Masc|Number=Sing|NumForm=Word|NumType=Ord",
      "Nc",
      "Nc---n__Definite=Ind",
      "Nc__Foreign=Yes",
      "Ncf--n__Definite=Ind|Gender=Fem",
      "Ncfp-n__Definite=Ind|Gender=Fem|Number=Plur",
      "Ncfpoy__Case=Dat,Gen|Definite=Def|Gender=Fem|Number=Plur",
      "Ncfpry__Case=Acc,Nom|Definite=Def|Gender=Fem|Number=Plur",
      "Ncfs-n__Definite=Ind|Gender=Fem|Number=Sing",
      "Ncfson__Case=Dat,Gen|Definite=Ind|Gender=Fem|Number=Sing",
      "Ncfsoy__Case=Dat,Gen|Definite=Def|Gender=Fem|Number=Sing",
      "Ncfsrn__Case=Acc,Nom|Definite=Ind|Gender=Fem|Number=Sing",
      "Ncfsry__Case=Acc,Nom|Definite=Def|Foreign=Yes|Gender=Fem|Number=Sing",
      "Ncfsry__Case=Acc,Nom|Definite=Def|Gender=Fem|Number=Sing",
      "Ncfsryy__Case=Acc,Nom|Definite=Def|Gender=Fem|Number=Sing|Variant=Short",
      "Ncfsvy__Case=Voc|Definite=Def|Gender=Fem|Number=Sing",
      "Ncm--n__Definite=Ind|Foreign=Yes|Gender=Masc",
      "Ncm--n__Definite=Ind|Gender=Masc",
      "Ncmp-n__Definite=Ind|Gender=Masc|Number=Plur",
      "Ncmpoy__Case=Dat,Gen|Definite=Def|Gender=Masc|Number=Plur",
      "Ncmpry__Case=Acc,Nom|Definite=Def|Gender=Masc|Number=Plur",
      "Ncms-n__Definite=Ind|Foreign=Yes|Gender=Masc|Number=Sing",
      "Ncms-n__Definite=Ind|Gender=Masc|Number=Sing",
      "Ncms-ny__Definite=Ind|Gender=Masc|Number=Sing|Variant=Short",
      "Ncms-y__Definite=Def|Gender=Masc|Number=Sing",
      "Ncmsoy__Case=Dat,Gen|Definite=Def|Gender=Masc|Number=Sing",
      "Ncmsrn__Case=Acc,Nom|Definite=Ind|Gender=Masc|Number=Sing",
      "Ncmsry__Case=Acc,Nom|Definite=Def|Gender=Masc|Number=Sing",
      "Ncmsryy__Case=Acc,Nom|Definite=Def|Gender=Masc|Number=Sing|Variant=Short",
      "Ncmsvn__Case=Voc|Definite=Ind|Gender=Masc|Number=Sing",
      "Ncmsvy__Case=Voc|Definite=Def|Gender=Masc|Number=Sing",
      "Np",
      "Np__Foreign=Yes",
      "Npfson__Case=Dat,Gen|Definite=Ind|Gender=Fem|Number=Sing",
      "Npfsoy__Case=Dat,Gen|Definite=Def|Gender=Fem|Number=Sing",
      "Npfsrn__Case=Acc,Nom|Definite=Ind|Gender=Fem|Number=Sing",
      "Npfsry__Case=Acc,Nom|Definite=Def|Gender=Fem|Number=Sing",
      "Npmpoy__Case=Dat,Gen|Definite=Def|Gender=Masc|Number=Plur",
      "Npmpry__Case=Acc,Nom|Definite=Def|Gender=Masc|Number=Plur",
      "Npms-n__Definite=Ind|Gender=Masc|Number=Sing",
      "Npmsoy__Case=Dat,Gen|Definite=Def|Gender=Masc|Number=Sing",
      "Npmsry__Case=Acc,Nom|Definite=Def|Gender=Masc|Number=Sing",
      "PERCENT",
      "PERIOD",
      "PLUS",
      "PLUSMINUS",
      "Pd3-po__Case=Dat,Gen|Number=Plur|Person=3|PronType=Dem",
      "Pd3fpr__Case=Acc,Nom|Gender=Fem|Number=Plur|Person=3|PronType=Dem",
      "Pd3fso__Case=Dat,Gen|Gender=Fem|Number=Sing|Person=3|PronType=Dem",
      "Pd3fsr__Case=Acc,Nom|Gender=Fem|Number=Sing|Person=3|PronType=Dem",
      "Pd3mpo__Case=Dat,Gen|Gender=Masc|Number=Plur|Person=3|PronType=Dem",
      "Pd3mpr--y__Case=Acc,Nom|Gender=Masc|Number=Plur|Person=3|PronType=Dem|Variant=Short",
      "Pd3mpr__Case=Acc,Nom|Gender=Masc|Number=Plur|Person=3|PronType=Dem",
      "Pd3mso__Case=Dat,Gen|Gender=Masc|Number=Sing|Person=3|PronType=Dem",
      "Pd3msr__Case=Acc,Nom|Gender=Masc|Number=Sing|Person=3|PronType=Dem",
      "Pi3--r__Case=Acc,Nom|Person=3|PronType=Ind",
      "Pi3-po__Case=Dat,Gen|Number=Plur|Person=3|PronType=Ind",
      "Pi3-so__Case=Dat,Gen|Number=Sing|Person=3|PronType=Ind",
      "Pi3-sr__Case=Acc,Nom|Number=Sing|Person=3|PronType=Ind",
      "Pi3__Person=3|PronType=Ind",
      "Pi3fpr__Case=Acc,Nom|Gender=Fem|Number=Plur|Person=3|PronType=Ind",
      "Pi3fso__Case=Dat,Gen|Gender=Fem|Number=Sing|Person=3|PronType=Ind",
      "Pi3fsr__Case=Acc,Nom|Gender=Fem|Number=Sing|Person=3|PronType=Ind",
      "Pi3mpr__Case=Acc,Nom|Gender=Masc|Number=Plur|Person=3|PronType=Ind",
      "Pi3mso__Case=Dat,Gen|Gender=Masc|Number=Sing|Person=3|PronType=Ind",
      "Pi3msr--y__Case=Acc,Nom|Gender=Masc|Number=Sing|Person=3|PronType=Ind|Variant=Short",
      "Pi3msr__Case=Acc,Nom|Gender=Masc|Number=Sing|Person=3|PronType=Ind",
      "Pp1-pa--------w__Case=Acc|Number=Plur|Person=1|PronType=Prs|Strength=Weak",
      "Pp1-pa--y-----w__Case=Acc|Number=Plur|Person=1|PronType=Prs|Strength=Weak|Variant=Short",
      "Pp1-pd--------s__Case=Dat|Number=Plur|Person=1|PronType=Prs|Strength=Strong",
      "Pp1-pd--------w__Case=Dat|Number=Plur|Person=1|PronType=Prs|Strength=Weak",
      "Pp1-pd--y-----w__Case=Dat|Number=Plur|Person=1|PronType=Prs|Strength=Weak|Variant=Short",
      "Pp1-pr--------s__Case=Acc,Nom|Number=Plur|Person=1|PronType=Prs|Strength=Strong",
      "Pp1-sa--------s__Case=Acc|Number=Sing|Person=1|PronType=Prs|Strength=Strong",
      "Pp1-sa--------w__Case=Acc|Number=Sing|Person=1|PronType=Prs|Strength=Weak",
      "Pp1-sa--y-----w__Case=Acc|Number=Sing|Person=1|PronType=Prs|Strength=Weak|Variant=Short",
      "Pp1-sd--------s__Case=Dat|Number=Sing|Person=1|PronType=Prs|Strength=Strong",
      "Pp1-sd--------w__Case=Dat|Number=Sing|Person=1|PronType=Prs|Strength=Weak",
      "Pp1-sd--y-----w__Case=Dat|Number=Sing|Person=1|PronType=Prs|Strength=Weak|Variant=Short",
      "Pp1-sn--------s__Case=Nom|Number=Sing|Person=1|PronType=Prs|Strength=Strong",
      "Pp2-----------s__Person=2|PronType=Prs|Strength=Strong",
      "Pp2-pa--------w__Case=Acc|Number=Plur|Person=2|PronType=Prs|Strength=Weak",
      "Pp2-pa--y-----w__Case=Acc|Number=Plur|Person=2|PronType=Prs|Strength=Weak|Variant=Short",
      "Pp2-pd--------w__Case=Dat|Number=Plur|Person=2|PronType=Prs|Strength=Weak",
      "Pp2-pd--y-----w__Case=Dat|Number=Plur|Person=2|PronType=Prs|Strength=Weak|Variant=Short",
      "Pp2-pr--------s__Case=Acc,Nom|Number=Plur|Person=2|PronType=Prs|Strength=Strong",
      "Pp2-sa--------s__Case=Acc|Number=Sing|Person=2|PronType=Prs|Strength=Strong",
      "Pp2-sa--------w__Case=Acc|Number=Sing|Person=2|PronType=Prs|Strength=Weak",
      "Pp2-sa--y-----w__Case=Acc|Number=Sing|Person=2|PronType=Prs|Strength=Weak|Variant=Short",
      "Pp2-sd--------s__Case=Dat|Number=Sing|Person=2|PronType=Prs|Strength=Strong",
      "Pp2-sd--------w__Case=Dat|Number=Sing|Person=2|PronType=Prs|Strength=Weak",
      "Pp2-sd--y-----w__Case=Dat|Number=Sing|Person=2|PronType=Prs|Strength=Weak|Variant=Short",
      "Pp2-sn--------s__Case=Nom|Number=Sing|Person=2|PronType=Prs|Strength=Strong",
      "Pp2-so--------s__Case=Dat,Gen|Number=Sing|Person=2|PronType=Prs|Strength=Strong",
      "Pp2-sr--------s__Case=Acc,Nom|Number=Sing|Person=2|PronType=Prs|Strength=Strong",
      "Pp3-p---------s__Number=Plur|Person=3|PronType=Prs|Strength=Strong",
      "Pp3-pd--------w__Case=Dat|Number=Plur|Person=3|PronType=Prs|Strength=Weak",
      "Pp3-pd--y-----w__Case=Dat|Number=Plur|Person=3|PronType=Prs|Strength=Weak|Variant=Short",
      "Pp3-po--------s__Case=Dat,Gen|Number=Plur|Person=3|PronType=Prs|Strength=Strong",
      "Pp3-sd--------w__Case=Dat|Number=Sing|Person=3|PronType=Prs|Strength=Weak",
      "Pp3-sd--y-----w__Case=Dat|Number=Sing|Person=3|PronType=Prs|Strength=Weak|Variant=Short",
      "Pp3fpa--------w__Case=Acc|Gender=Fem|Number=Plur|Person=3|PronType=Prs|Strength=Weak",
      "Pp3fpa--y-----w__Case=Acc|Gender=Fem|Number=Plur|Person=3|PronType=Prs|Strength=Weak|Variant=Short",
      "Pp3fpr--------s__Case=Acc,Nom|Gender=Fem|Number=Plur|Person=3|PronType=Prs|Strength=Strong",
      "Pp3fs---------s__Gender=Fem|Number=Sing|Person=3|PronType=Prs|Strength=Strong",
      "Pp3fsa--------w__Case=Acc|Gender=Fem|Number=Sing|Person=3|PronType=Prs|Strength=Weak",
      "Pp3fsa--y-----w__Case=Acc|Gender=Fem|Number=Sing|Person=3|PronType=Prs|Strength=Weak|Variant=Short",
      "Pp3fso--------s__Case=Dat,Gen|Gender=Fem|Number=Sing|Person=3|PronType=Prs|Strength=Strong",
      "Pp3fsr--------s__Case=Acc,Nom|Gender=Fem|Number=Sing|Person=3|PronType=Prs|Strength=Strong",
      "Pp3fsr--y-----s__Case=Acc,Nom|Gender=Fem|Number=Sing|Person=3|PronType=Prs|Strength=Strong|Variant=Short",
      "Pp3mpa--------w__Case=Acc|Gender=Masc|Number=Plur|Person=3|PronType=Prs|Strength=Weak",
      "Pp3mpa--y-----w__Case=Acc|Gender=Masc|Number=Plur|Person=3|PronType=Prs|Strength=Weak|Variant=Short",
      "Pp3mpr--------s__Case=Acc,Nom|Gender=Masc|Number=Plur|Person=3|PronType=Prs|Strength=Strong",
      "Pp3ms---------s__Gender=Masc|Number=Sing|Person=3|PronType=Prs|Strength=Strong",
      "Pp3msa--------w__Case=Acc|Gender=Masc|Number=Sing|Person=3|PronType=Prs|Strength=Weak",
      "Pp3msa--y-----w__Case=Acc|Gender=Masc|Number=Sing|Person=3|PronType=Prs|Strength=Weak|Variant=Short",
      "Pp3mso--------s__Case=Dat,Gen|Gender=Masc|Number=Sing|Person=3|PronType=Prs|Strength=Strong",
      "Pp3msr--------s__Case=Acc,Nom|Gender=Masc|Number=Sing|Person=3|PronType=Prs|Strength=Strong",
      "Pp3msr--y-----s__Case=Acc,Nom|Gender=Masc|Number=Sing|Person=3|PronType=Prs|Strength=Strong|Variant=Short",
      "Ps1fp-s__Gender=Fem|Number=Plur|Number[psor]=Sing|Person=1|Poss=Yes|PronType=Prs",
      "Ps1fsrp__Case=Acc,Nom|Gender=Fem|Number=Sing|Number[psor]=Plur|Person=1|Poss=Yes|PronType=Prs",
      "Ps1fsrs__Case=Acc,Nom|Gender=Fem|Number=Sing|Number[psor]=Sing|Person=1|Poss=Yes|PronType=Prs",
      "Ps1mp-p__Gender=Masc|Number=Plur|Number[psor]=Plur|Person=1|Poss=Yes|PronType=Prs",
      "Ps1ms-p__Gender=Masc|Number=Sing|Number[psor]=Plur|Person=1|Poss=Yes|PronType=Prs",
      "Ps2fp-s__Gender=Fem|Number=Plur|Number[psor]=Sing|Person=2|Poss=Yes|PronType=Prs",
      "Ps2fsrp__Case=Acc,Nom|Gender=Fem|Number=Sing|Number[psor]=Plur|Person=2|Poss=Yes|PronType=Prs",
      "Ps2fsrs__Case=Acc,Nom|Gender=Fem|Number=Sing|Number[psor]=Sing|Person=2|Poss=Yes|PronType=Prs",
      "Ps2ms-s__Gender=Masc|Number=Sing|Number[psor]=Sing|Person=2|Poss=Yes|PronType=Prs",
      "Ps3---p__Number[psor]=Plur|Person=3|Poss=Yes|PronType=Prs",
      "Ps3---s__Number[psor]=Sing|Person=3|Poss=Yes|PronType=Prs",
      "Ps3fp-s__Gender=Fem|Number=Plur|Number[psor]=Sing|Person=3|Poss=Yes|PronType=Prs",
      "Ps3fsrs__Case=Acc,Nom|Gender=Fem|Number=Sing|Number[psor]=Sing|Person=3|Poss=Yes|PronType=Prs",
      "Ps3mp-s__Gender=Masc|Number=Plur|Number[psor]=Sing|Person=3|Poss=Yes|PronType=Prs",
      "Ps3ms-s__Gender=Masc|Number=Sing|Number[psor]=Sing|Person=3|Poss=Yes|PronType=Prs",
      "Pw3--r__Case=Acc,Nom|Person=3|PronType=Int,Rel",
      "Pw3-po__Case=Dat,Gen|Number=Plur|Person=3|PronType=Int,Rel",
      "Pw3-so__Case=Dat,Gen|Number=Sing|Person=3|PronType=Int,Rel",
      "Pw3fpr__Case=Acc,Nom|Gender=Fem|Number=Plur|Person=3|PronType=Int,Rel",
      "Pw3fso__Case=Dat,Gen|Gender=Fem|Number=Sing|Person=3|PronType=Int,Rel",
      "Pw3mpr__Case=Acc,Nom|Gender=Masc|Number=Plur|Person=3|PronType=Int,Rel",
      "Pw3mso__Case=Dat,Gen|Gender=Masc|Number=Sing|Person=3|PronType=Int,Rel",
      "Px3--a--------s__Case=Acc|Person=3|PronType=Prs|Reflex=Yes|Strength=Strong",
      "Px3--a--------w__Case=Acc|Person=3|PronType=Prs|Reflex=Yes|Strength=Weak",
      "Px3--a--y-----w__Case=Acc|Person=3|PronType=Prs|Reflex=Yes|Strength=Weak|Variant=Short",
      "Px3--d--------w__Case=Dat|Person=3|PronType=Prs|Reflex=Yes|Strength=Weak",
      "Px3--d--y-----w__Case=Dat|Person=3|PronType=Prs|Reflex=Yes|Strength=Weak|Variant=Short",
      "Pz3-sr__Case=Acc,Nom|Number=Sing|Person=3|PronType=Neg",
      "Pz3fsr__Case=Acc,Nom|Gender=Fem|Number=Sing|Person=3|PronType=Neg",
      "QUEST",
      "QUOT",
      "Qf__Tense=Fut",
      "Qn__PartType=Inf",
      "Qs-y__Mood=Sub|Variant=Short",
      "Qs__Mood=Sub",
      "Qz-y__Polarity=Neg|Variant=Short",
      "Qz__Polarity=Neg",
      "RCURL",
      "RPAR",
      "RSQR",
      "Rc",
      "Rgc__Degree=Cmp",
      "Rgp__Degree=Pos",
      "Rgpy__Degree=Pos|Variant=Short",
      "Rgs__Degree=Sup",
      "Rp",
      "Rw-y__PronType=Int,Rel|Variant=Short",
      "Rw__PronType=Int,Rel",
      "Rz__PronType=Neg",
      "SCOLON__AdpType=Prep",
      "SLASH__AdpType=Prep",
      "STAR__AdpType=Prep",
      "Sp__AdpType=Prep",
      "Spsa__AdpType=Prep|Case=Acc",
      "Spsa__AdpType=Prep|Case=Acc|Foreign=Yes",
      "Spsay__AdpType=Prep|Case=Acc|Variant=Short",
      "Spsd__AdpType=Prep|Case=Dat",
      "Spsg__AdpType=Prep|Case=Gen",
      "Td-po__Case=Dat,Gen|Number=Plur|PronType=Dem",
      "Tdfpr__Case=Acc,Nom|Gender=Fem|Number=Plur|PronType=Dem",
      "Tdfso__Case=Dat,Gen|Gender=Fem|Number=Sing|PronType=Dem",
      "Tdfsr__Case=Acc,Nom|Gender=Fem|Number=Sing|PronType=Dem",
      "Tdmpr__Case=Acc,Nom|Gender=Masc|Number=Plur|PronType=Dem",
      "Tdmso__Case=Dat,Gen|Gender=Masc|Number=Sing|PronType=Dem",
      "Tdmsr__Case=Acc,Nom|Gender=Masc|Number=Sing|PronType=Dem",
      "Tf-so__Case=Dat,Gen|Definite=Def|Number=Sing|PronType=Art",
      "Tffpoy__Case=Dat,Gen|Definite=Def|Gender=Fem|Number=Plur|PronType=Art|Variant=Short",
      "Tffpry__Case=Acc,Nom|Definite=Def|Gender=Fem|Number=Plur|PronType=Art|Variant=Short",
      "Tffs-y__Definite=Def|Gender=Fem|Number=Sing|PronType=Art|Variant=Short",
      "Tfmpoy__Case=Dat,Gen|Definite=Def|Gender=Masc|Number=Plur|PronType=Art|Variant=Short",
      "Tfms-y__Definite=Def|Gender=Masc|Number=Sing|PronType=Art|Variant=Short",
      "Tfmsoy__Case=Dat,Gen|Definite=Def|Gender=Masc|Number=Sing|PronType=Art|Variant=Short",
      "Tfmsry__Case=Acc,Nom|Definite=Def|Gender=Masc|Number=Sing|PronType=Art|Variant=Short",
      "Ti-po__Case=Dat,Gen|Number=Plur|PronType=Ind",
      "Tifp-y__Gender=Fem|Number=Plur|PronType=Ind|Variant=Short",
      "Tifso__Case=Dat,Gen|Gender=Fem|Number=Sing|PronType=Ind",
      "Tifsr__Case=Acc,Nom|Gender=Fem|Number=Sing|PronType=Ind",
      "Timso__Case=Dat,Gen|Gender=Masc|Number=Sing|PronType=Ind",
      "Timsr__Case=Acc,Nom|Gender=Masc|Number=Sing|PronType=Ind",
      "Tsfp__Gender=Fem|Number=Plur|Poss=Yes|PronType=Prs",
      "Tsfs__Gender=Fem|Number=Sing|Poss=Yes|PronType=Prs",
      "Tsmp__Gender=Masc|Number=Plur|Poss=Yes|PronType=Prs",
      "Tsms__Foreign=Yes|Gender=Masc|Number=Sing|Poss=Yes|PronType=Prs",
      "Tsms__Gender=Masc|Number=Sing|Poss=Yes|PronType=Prs",
      "UNDERSC",
      "Va--1-----y__Person=1|Variant=Short",
      "Va--1__Person=1",
      "Va--1p__Number=Plur|Person=1",
      "Va--1s----y__Number=Sing|Person=1|Variant=Short",
      "Va--1s__Number=Sing|Person=1",
      "Va--2p----y__Number=Plur|Person=2|Variant=Short",
      "Va--2p__Number=Plur|Person=2",
      "Va--2s----y__Number=Sing|Person=2|Variant=Short",
      "Va--2s__Number=Sing|Person=2",
      "Va--3-----y__Person=3|Variant=Short",
      "Va--3__Person=3",
      "Va--3p----y__Number=Plur|Person=3|Variant=Short",
      "Va--3p__Number=Plur|Person=3",
      "Va--3s----y__Number=Sing|Person=3|Variant=Short",
      "Va--3s__Number=Sing|Person=3",
      "Vag__VerbForm=Ger",
      "Vaii1__Mood=Ind|Person=1|Tense=Imp|VerbForm=Fin",
      "Vaii2s__Mood=Ind|Number=Sing|Person=2|Tense=Imp|VerbForm=Fin",
      "Vaii3p__Mood=Ind|Number=Plur|Person=3|Tense=Imp|VerbForm=Fin",
      "Vaii3s__Mood=Ind|Number=Sing|Person=3|Tense=Imp|VerbForm=Fin",
      "Vail3p__Mood=Ind|Number=Plur|Person=3|Tense=Pqp|VerbForm=Fin",
      "Vail3s__Mood=Ind|Number=Sing|Person=3|Tense=Pqp|VerbForm=Fin",
      "Vaip1p__Mood=Ind|Number=Plur|Person=1|Tense=Pres|VerbForm=Fin",
      "Vaip1s__Mood=Ind|Number=Sing|Person=1|Tense=Pres|VerbForm=Fin",
      "Vaip2p__Mood=Ind|Number=Plur|Person=2|Tense=Pres|VerbForm=Fin",
      "Vaip2s__Mood=Ind|Number=Sing|Person=2|Tense=Pres|VerbForm=Fin",
      "Vaip3p----y__Mood=Ind|Number=Plur|Person=3|Tense=Pres|Variant=Short|VerbForm=Fin",
      "Vaip3p__Mood=Ind|Number=Plur|Person=3|Tense=Pres|VerbForm=Fin",
      "Vaip3s----y__Mood=Ind|Number=Sing|Person=3|Tense=Pres|Variant=Short|VerbForm=Fin",
      "Vaip3s__Mood=Ind|Number=Sing|Person=3|Tense=Pres|VerbForm=Fin",
      "Vais3p__Mood=Ind|Number=Plur|Person=3|Tense=Past|VerbForm=Fin",
      "Vais3s__Mood=Ind|Number=Sing|Person=3|Tense=Past|VerbForm=Fin",
      "Vam-2s__Mood=Imp|Number=Sing|Person=2|VerbForm=Fin",
      "Vanp__Tense=Pres|VerbForm=Inf",
      "Vap--sm__Gender=Masc|Number=Sing|VerbForm=Part",
      "Vasp1p__Mood=Sub|Number=Plur|Person=1|Tense=Pres|VerbForm=Fin",
      "Vasp1s__Mood=Sub|Number=Sing|Person=1|Tense=Pres|VerbForm=Fin",
      "Vasp2p__Mood=Sub|Number=Plur|Person=2|Tense=Pres|VerbForm=Fin",
      "Vasp2s__Mood=Sub|Number=Sing|Person=2|Tense=Pres|VerbForm=Fin",
      "Vasp3__Mood=Sub|Person=3|Tense=Pres|VerbForm=Fin",
      "Vmg-------y__Variant=Short|VerbForm=Ger",
      "Vmg__VerbForm=Ger",
      "Vmii1-----y__Mood=Ind|Person=1|Tense=Imp|Variant=Short|VerbForm=Fin",
      "Vmii1__Mood=Ind|Person=1|Tense=Imp|VerbForm=Fin",
      "Vmii2p__Mood=Ind|Number=Plur|Person=2|Tense=Imp|VerbForm=Fin",
      "Vmii2s__Mood=Ind|Number=Sing|Person=2|Tense=Imp|VerbForm=Fin",
      "Vmii3p----y__Mood=Ind|Number=Plur|Person=3|Tense=Imp|Variant=Short|VerbForm=Fin",
      "Vmii3p__Mood=Ind|Number=Plur|Person=3|Tense=Imp|VerbForm=Fin",
      "Vmii3s----y__Mood=Ind|Number=Sing|Person=3|Tense=Imp|Variant=Short|VerbForm=Fin",
      "Vmii3s__Mood=Ind|Number=Sing|Person=3|Tense=Imp|VerbForm=Fin",
      "Vmil1__Mood=Ind|Person=1|Tense=Pqp|VerbForm=Fin",
      "Vmil1p__Mood=Ind|Number=Plur|Person=1|Tense=Pqp|VerbForm=Fin",
      "Vmil2s__Mood=Ind|Number=Sing|Person=2|Tense=Pqp|VerbForm=Fin",
      "Vmil3p----y__Mood=Ind|Number=Plur|Person=3|Tense=Pqp|Variant=Short|VerbForm=Fin",
      "Vmil3p__Mood=Ind|Number=Plur|Person=3|Tense=Pqp|VerbForm=Fin",
      "Vmil3s----y__Mood=Ind|Number=Sing|Person=3|Tense=Pqp|Variant=Short|VerbForm=Fin",
      "Vmil3s__Mood=Ind|Number=Sing|Person=3|Tense=Pqp|VerbForm=Fin",
      "Vmip1p----y__Mood=Ind|Number=Plur|Person=1|Tense=Pres|Variant=Short|VerbForm=Fin",
      "Vmip1p__Mood=Ind|Number=Plur|Person=1|Tense=Pres|VerbForm=Fin",
      "Vmip1s----y__Mood=Ind|Number=Sing|Person=1|Tense=Pres|Variant=Short|VerbForm=Fin",
      "Vmip1s__Mood=Ind|Number=Sing|Person=1|Tense=Pres|VerbForm=Fin",
      "Vmip2p__Mood=Ind|Number=Plur|Person=2|Tense=Pres|VerbForm=Fin",
      "Vmip2s----y__Mood=Ind|Number=Sing|Person=2|Tense=Pres|Variant=Short|VerbForm=Fin",
      "Vmip2s__Mood=Ind|Number=Sing|Person=2|Tense=Pres|VerbForm=Fin",
      "Vmip3-----y__Mood=Ind|Person=3|Tense=Pres|Variant=Short|VerbForm=Fin",
      "Vmip3__Mood=Ind|Person=3|Tense=Pres|VerbForm=Fin",
      "Vmip3p__Mood=Ind|Number=Plur|Person=3|Tense=Pres|VerbForm=Fin",
      "Vmip3s----y__Mood=Ind|Number=Sing|Person=3|Tense=Pres|Variant=Short|VerbForm=Fin",
      "Vmip3s__Mood=Ind|Number=Sing|Person=3|Tense=Pres|VerbForm=Fin",
      "Vmis1p__Mood=Ind|Number=Plur|Person=1|Tense=Past|VerbForm=Fin",
      "Vmis1s__Mood=Ind|Number=Sing|Person=1|Tense=Past|VerbForm=Fin",
      "Vmis3p----y__Mood=Ind|Number=Plur|Person=3|Tense=Past|Variant=Short|VerbForm=Fin",
      "Vmis3p__Mood=Ind|Number=Plur|Person=3|Tense=Past|VerbForm=Fin",
      "Vmis3s----y__Mood=Ind|Number=Sing|Person=3|Tense=Past|Variant=Short|VerbForm=Fin",
      "Vmis3s__Mood=Ind|Number=Sing|Person=3|Tense=Past|VerbForm=Fin",
      "Vmm-2p__Mood=Imp|Number=Plur|Person=2|VerbForm=Fin",
      "Vmm-2s__Mood=Imp|Number=Sing|Person=2|VerbForm=Fin",
      "Vmnp------y__Tense=Pres|Variant=Short|VerbForm=Inf",
      "Vmnp__Foreign=Yes|Tense=Pres|VerbForm=Inf",
      "Vmnp__Tense=Pres|VerbForm=Inf",
      "Vmp--pf__Gender=Fem|Number=Plur|VerbForm=Part",
      "Vmp--pm__Gender=Masc|Number=Plur|VerbForm=Part",
      "Vmp--sf__Gender=Fem|Number=Sing|VerbForm=Part",
      "Vmp--sm---y__Gender=Masc|Number=Sing|Variant=Short|VerbForm=Part",
      "Vmp--sm__Gender=Masc|Number=Sing|VerbForm=Part",
      "Vmsp1p__Mood=Sub|Number=Plur|Person=1|Tense=Pres|VerbForm=Fin",
      "Vmsp1s__Mood=Sub|Number=Sing|Person=1|Tense=Pres|VerbForm=Fin",
      "Vmsp2s__Mood=Sub|Number=Sing|Person=2|Tense=Pres|VerbForm=Fin",
      "Vmsp3-----y__Mood=Sub|Person=3|Tense=Pres|Variant=Short|VerbForm=Fin",
      "Vmsp3__Mood=Sub|Person=3|Tense=Pres|VerbForm=Fin",
      "X",
      "X__Foreign=Yes",
      "Y__Abbr=Yes",
      "Ya__Abbr=Yes",
      "Yn__Abbr=Yes",
      "Ynfsoy__Abbr=Yes|Case=Dat,Gen|Definite=Def|Gender=Fem|Number=Sing",
      "Ynfsry__Abbr=Yes|Case=Acc,Nom|Definite=Def|Gender=Fem|Number=Sing",
      "Ynmsoy__Abbr=Yes|Case=Dat,Gen|Definite=Def|Gender=Masc|Number=Sing",
      "Ynmsry__Abbr=Yes|Case=Acc,Nom|Definite=Def|Gender=Masc|Number=Sing",
      "Yp-sr__Abbr=Yes|Case=Acc,Nom|Number=Sing",
      "Yp__Abbr=Yes",
      "Yr__Abbr=Yes",
      "_SP"
    ],
    "parser": [
      "ROOT",
      "acl",
      "advcl",
      "advcl:tcl",
      "advmod",
      "advmod:tmod",
      "amod",
      "appos",
      "aux",
      "aux:pass",
      "case",
      "cc",
      "cc:preconj",
      "ccomp",
      "ccomp:pmod",
      "compound",
      "conj",
      "cop",
      "csubj",
      "csubj:pass",
      "dep",
      "det",
      "expl",
      "expl:impers",
      "expl:pass",
      "expl:poss",
      "expl:pv",
      "fixed",
      "flat",
      "goeswith",
      "iobj",
      "mark",
      "nmod",
      "nmod:agent",
      "nmod:pmod",
      "nmod:tmod",
      "nsubj",
      "nsubj:pass",
      "nummod",
      "obj",
      "obl",
      "orphan",
      "parataxis",
      "punct",
      "vocative",
      "xcomp"
    ],
    "ner": [
      "DATETIME",
      "EVENT",
      "FACILITY",
      "GPE",
      "LANGUAGE",
      "LOC",
      "MONEY",
      "NAT_REL_POL",
      "NUMERIC_VALUE",
      "ORDINAL",
      "ORGANIZATION",
      "PERIOD",
      "PERSON",
      "PRODUCT",
      "QUANTITY",
      "WORK_OF_ART"
    ]
  },
  "vectors": {
    "width": 300,
    "vectors": 20000,
    "keys": 500000,
    "name": "ro_core_news_md.vectors"
  },
  "size": "43 MB",
  "checksum": "6c213c5ae4ffc9eef2255ad5d8b22f16599a208d1e9d27e23b2184e6c79ffcc5"
}