{
  "lang": "ro",
  "name": "core_news_md",
  "version": "3.0.0",
  "description": "Romanian pipeline optimized for CPU. Components: tok2vec, tagger, parser, senter, ner, attribute_ruler, lemmatizer.",
  "author": "Explosion",
  "email": "contact@explosion.ai",
  "url": "https://explosion.ai",
  "license": "CC BY-SA 4.0",
  "spacy_version": ">=3.0.0,<3.1.0",
  "spacy_git_version": "e7db07a0b",
  "vectors": {
    "width": 300,
    "vectors": 20000,
    "keys": 500000,
    "name": "ro_vectors"
  },
  "labels": {
    "tok2vec": [],
    "tagger": [
      "ARROW",
      "Af",
      "Afcfp-n",
      "Afcfson",
      "Afcfsrn",
      "Afcmpoy",
      "Afcms-n",
      "Afp",
      "Afp-p-n",
      "Afp-poy",
      "Afpf--n",
      "Afpfp-n",
      "Afpfp-ny",
      "Afpfpoy",
      "Afpfpry",
      "Afpfson",
      "Afpfsoy",
      "Afpfsrn",
      "Afpfsry",
      "Afpm--n",
      "Afpmp-n",
      "Afpmpoy",
      "Afpmpry",
      "Afpms-n",
      "Afpmsoy",
      "Afpmsry",
      "Afsfp-n",
      "Afsfsrn",
      "BULLET",
      "COLON",
      "COMMA",
      "Ccssp",
      "Ccsspy",
      "Crssp",
      "Csssp",
      "Cssspy",
      "DASH",
      "DBLQ",
      "Dd3-po---e",
      "Dd3-po---o",
      "Dd3fpo",
      "Dd3fpr",
      "Dd3fpr---e",
      "Dd3fpr---o",
      "Dd3fpr--y",
      "Dd3fso",
      "Dd3fso---e",
      "Dd3fsr",
      "Dd3fsr---e",
      "Dd3fsr---o",
      "Dd3fsr--yo",
      "Dd3mpo",
      "Dd3mpr",
      "Dd3mpr---e",
      "Dd3mpr---o",
      "Dd3mso---e",
      "Dd3msr",
      "Dd3msr---e",
      "Dd3msr---o",
      "Dh1ms",
      "Dh3fp",
      "Dh3fso",
      "Dh3fsr",
      "Dh3mp",
      "Dh3ms",
      "Di3",
      "Di3-----y",
      "Di3--r---e",
      "Di3-po",
      "Di3-po---e",
      "Di3-sr",
      "Di3-sr---e",
      "Di3-sr--y",
      "Di3fp",
      "Di3fpr",
      "Di3fpr---e",
      "Di3fso",
      "Di3fso---e",
      "Di3fsr",
      "Di3fsr---e",
      "Di3mp",
      "Di3mpr",
      "Di3mpr---e",
      "Di3ms",
      "Di3ms----e",
      "Di3mso---e",
      "Di3msr",
      "Di3msr---e",
      "Ds1fp-p",
      "Ds1fp-s",
      "Ds1fsop",
      "Ds1fsos",
      "Ds1fsrp",
      "Ds1fsrs",
      "Ds1fsrs-y",
      "Ds1mp-p",
      "Ds1mp-s",
      "Ds1ms-p",
      "Ds1ms-s",
      "Ds1msrs-y",
      "Ds2---s",
      "Ds2fp-p",
      "Ds2fp-s",
      "Ds2fsrp",
      "Ds2fsrs",
      "Ds2mp-p",
      "Ds2mp-s",
      "Ds2ms-p",
      "Ds2ms-s",
      "Ds3---p",
      "Ds3---s",
      "Ds3fp-s",
      "Ds3fsos",
      "Ds3fsrs",
      "Ds3mp-s",
      "Ds3ms-s",
      "Dw3--r---e",
      "Dw3-po---e",
      "Dw3fpr",
      "Dw3fso---e",
      "Dw3fsr",
      "Dw3mpr",
      "Dw3mso---e",
      "Dw3msr",
      "Dz3fsr---e",
      "Dz3mso---e",
      "Dz3msr---e",
      "EQUAL",
      "EXCL",
      "EXCLHELLIP",
      "GE",
      "GT",
      "HELLIP",
      "I",
      "LCURL",
      "LPAR",
      "LSQR",
      "LT",
      "M",
      "Mc",
      "Mc-p-d",
      "Mc-p-l",
      "Mcfp-l",
      "Mcfp-ln",
      "Mcfprln",
      "Mcfprly",
      "Mcfsoln",
      "Mcfsrln",
      "Mcmp-l",
      "Mcms-ln",
      "Mcmsrl",
      "Mcmsrly",
      "Mffprln",
      "Mffsrln",
      "Mlfpo",
      "Mlfpr",
      "Mlmpr",
      "Mo---l",
      "Mo---ln",
      "Mo-s-r",
      "Mofp-ln",
      "Mofpoly",
      "Mofprly",
      "Mofs-l",
      "Mofsoln",
      "Mofsoly",
      "Mofsrln",
      "Mofsrly",
      "Mompoly",
      "Momprly",
      "Moms-l",
      "Moms-ln",
      "Momsoly",
      "Momsrly",
      "Nc",
      "Nc---n",
      "Ncf--n",
      "Ncfp-n",
      "Ncfpoy",
      "Ncfpry",
      "Ncfs-n",
      "Ncfson",
      "Ncfsoy",
      "Ncfsrn",
      "Ncfsry",
      "Ncfsryy",
      "Ncfsvy",
      "Ncm--n",
      "Ncmp-n",
      "Ncmpoy",
      "Ncmpry",
      "Ncms-n",
      "Ncms-ny",
      "Ncms-y",
      "Ncmsoy",
      "Ncmsrn",
      "Ncmsry",
      "Ncmsryy",
      "Ncmsvn",
      "Ncmsvy",
      "Np",
      "Npfson",
      "Npfsoy",
      "Npfsrn",
      "Npfsry",
      "Npmpoy",
      "Npmpry",
      "Npms-n",
      "Npmsoy",
      "Npmsry",
      "PERCENT",
      "PERIOD",
      "PLUS",
      "PLUSMINUS",
      "Pd3-po",
      "Pd3fpr",
      "Pd3fso",
      "Pd3fsr",
      "Pd3mpo",
      "Pd3mpr",
      "Pd3mpr--y",
      "Pd3mso",
      "Pd3msr",
      "Pi3",
      "Pi3--r",
      "Pi3-po",
      "Pi3-so",
      "Pi3-sr",
      "Pi3fpr",
      "Pi3fso",
      "Pi3fsr",
      "Pi3mpr",
      "Pi3mso",
      "Pi3msr",
      "Pi3msr--y",
      "Pp1-pa--------w",
      "Pp1-pa--y-----w",
      "Pp1-pd--------s",
      "Pp1-pd--------w",
      "Pp1-pd--y-----w",
      "Pp1-pr--------s",
      "Pp1-sa--------s",
      "Pp1-sa--------w",
      "Pp1-sa--y-----w",
      "Pp1-sd--------s",
      "Pp1-sd--------w",
      "Pp1-sd--y-----w",
      "Pp1-sn--------s",
      "Pp2-----------s",
      "Pp2-pa--------w",
      "Pp2-pa--y-----w",
      "Pp2-pd--------w",
      "Pp2-pd--y-----w",
      "Pp2-pr--------s",
      "Pp2-sa--------s",
      "Pp2-sa--------w",
      "Pp2-sa--y-----w",
      "Pp2-sd--------s",
      "Pp2-sd--------w",
      "Pp2-sd--y-----w",
      "Pp2-sn--------s",
      "Pp2-so--------s",
      "Pp2-sr--------s",
      "Pp3-p---------s",
      "Pp3-pd--------w",
      "Pp3-pd--y-----w",
      "Pp3-po--------s",
      "Pp3-sd--------w",
      "Pp3-sd--y-----w",
      "Pp3fpa--------w",
      "Pp3fpa--y-----w",
      "Pp3fpr--------s",
      "Pp3fs---------s",
      "Pp3fsa--------w",
      "Pp3fsa--y-----w",
      "Pp3fso--------s",
      "Pp3fsr--------s",
      "Pp3fsr--y-----s",
      "Pp3mpa--------w",
      "Pp3mpa--y-----w",
      "Pp3mpr--------s",
      "Pp3ms---------s",
      "Pp3msa--------w",
      "Pp3msa--y-----w",
      "Pp3mso--------s",
      "Pp3msr--------s",
      "Pp3msr--y-----s",
      "Ps1fp-s",
      "Ps1fsrp",
      "Ps1fsrs",
      "Ps1mp-p",
      "Ps1ms-p",
      "Ps2fp-s",
      "Ps2fsrp",
      "Ps2fsrs",
      "Ps2ms-s",
      "Ps3---p",
      "Ps3---s",
      "Ps3fp-s",
      "Ps3fsrs",
      "Ps3mp-s",
      "Ps3ms-s",
      "Pw3--r",
      "Pw3-po",
      "Pw3-so",
      "Pw3fpr",
      "Pw3fso",
      "Pw3mpr",
      "Pw3mso",
      "Px3--a--------s",
      "Px3--a--------w",
      "Px3--a--y-----w",
      "Px3--d--------w",
      "Px3--d--y-----w",
      "Pz3-sr",
      "Pz3fsr",
      "QUEST",
      "QUOT",
      "Qf",
      "Qn",
      "Qs",
      "Qs-y",
      "Qz",
      "Qz-y",
      "RCURL",
      "RPAR",
      "RSQR",
      "Rc",
      "Rgc",
      "Rgp",
      "Rgpy",
      "Rgs",
      "Rp",
      "Rw",
      "Rw-y",
      "Rz",
      "SCOLON",
      "SLASH",
      "STAR",
      "Sp",
      "Spsa",
      "Spsay",
      "Spsd",
      "Spsg",
      "Td-po",
      "Tdfpr",
      "Tdfso",
      "Tdfsr",
      "Tdmpr",
      "Tdmso",
      "Tdmsr",
      "Tf-so",
      "Tffpoy",
      "Tffpry",
      "Tffs-y",
      "Tfmpoy",
      "Tfms-y",
      "Tfmsoy",
      "Tfmsry",
      "Ti-po",
      "Tifp-y",
      "Tifso",
      "Tifsr",
      "Timso",
      "Timsr",
      "Tsfp",
      "Tsfs",
      "Tsmp",
      "Tsms",
      "UNDERSC",
      "Va--1",
      "Va--1-----y",
      "Va--1p",
      "Va--1s",
      "Va--1s----y",
      "Va--2p",
      "Va--2p----y",
      "Va--2s",
      "Va--2s----y",
      "Va--3",
      "Va--3-----y",
      "Va--3p",
      "Va--3p----y",
      "Va--3s",
      "Va--3s----y",
      "Vag",
      "Vaii1",
      "Vaii2s",
      "Vaii3p",
      "Vaii3s",
      "Vail3p",
      "Vail3s",
      "Vaip1p",
      "Vaip1s",
      "Vaip2p",
      "Vaip2s",
      "Vaip3p",
      "Vaip3p----y",
      "Vaip3s",
      "Vaip3s----y",
      "Vais3p",
      "Vais3s",
      "Vam-2s",
      "Vanp",
      "Vap--sm",
      "Vasp1p",
      "Vasp1s",
      "Vasp2p",
      "Vasp2s",
      "Vasp3",
      "Vmg",
      "Vmg-------y",
      "Vmii1",
      "Vmii1-----y",
      "Vmii2p",
      "Vmii2s",
      "Vmii3p",
      "Vmii3p----y",
      "Vmii3s",
      "Vmii3s----y",
      "Vmil1",
      "Vmil1p",
      "Vmil2s",
      "Vmil3p",
      "Vmil3p----y",
      "Vmil3s",
      "Vmil3s----y",
      "Vmip1p",
      "Vmip1p----y",
      "Vmip1s",
      "Vmip1s----y",
      "Vmip2p",
      "Vmip2s",
      "Vmip2s----y",
      "Vmip3",
      "Vmip3-----y",
      "Vmip3p",
      "Vmip3s",
      "Vmip3s----y",
      "Vmis1p",
      "Vmis1s",
      "Vmis3p",
      "Vmis3p----y",
      "Vmis3s",
      "Vmis3s----y",
      "Vmm-2p",
      "Vmm-2s",
      "Vmnp",
      "Vmnp------y",
      "Vmp--pf",
      "Vmp--pm",
      "Vmp--sf",
      "Vmp--sm",
      "Vmp--sm---y",
      "Vmsp1p",
      "Vmsp1s",
      "Vmsp2s",
      "Vmsp3",
      "Vmsp3-----y",
      "X",
      "Y",
      "Ya",
      "Yn",
      "Ynfsoy",
      "Ynfsry",
      "Ynmsoy",
      "Ynmsry",
      "Yp",
      "Yp-sr",
      "Yr"
    ],
    "parser": [
      "ROOT",
      "acl",
      "advcl",
      "advcl:tcl",
      "advmod",
      "advmod:tmod",
      "amod",
      "appos",
      "aux",
      "aux:pass",
      "case",
      "cc",
      "cc:preconj",
      "ccomp",
      "ccomp:pmod",
      "compound",
      "conj",
      "cop",
      "csubj",
      "csubj:pass",
      "dep",
      "det",
      "expl",
      "expl:impers",
      "expl:pass",
      "expl:poss",
      "expl:pv",
      "fixed",
      "flat",
      "goeswith",
      "iobj",
      "mark",
      "nmod",
      "nmod:agent",
      "nmod:pmod",
      "nmod:tmod",
      "nsubj",
      "nsubj:pass",
      "nummod",
      "obj",
      "obl",
      "orphan",
      "parataxis",
      "punct",
      "vocative",
      "xcomp"
    ],
    "senter": [
      "I",
      "S"
    ],
    "ner": [
      "DATETIME",
      "EVENT",
      "FACILITY",
      "GPE",
      "LANGUAGE",
      "LOC",
      "MONEY",
      "NAT_REL_POL",
      "NUMERIC_VALUE",
      "ORDINAL",
      "ORGANIZATION",
      "PERIOD",
      "PERSON",
      "PRODUCT",
      "QUANTITY",
      "WORK_OF_ART"
    ],
    "attribute_ruler": [],
    "lemmatizer": []
  },
  "pipeline": [
    "tok2vec",
    "tagger",
    "parser",
    "ner",
    "attribute_ruler",
    "lemmatizer"
  ],
  "components": [
    "tok2vec",
    "tagger",
    "parser",
    "senter",
    "ner",
    "attribute_ruler",
    "lemmatizer"
  ],
  "disabled": [
    "senter"
  ],
  "performance": {
    "token_acc": 0.9990029326,
    "tag_acc": 0.9722388547,
    "pos_acc": 0.9634206086,
    "morph_acc": 0.9725359972,
    "lemma_acc": 0.8186589263,
    "dep_uas": 0.8902760351,
    "dep_las": 0.8461731493,
    "ents_p": 0.7614329268,
    "ents_r": 0.767575874,
    "ents_f": 0.7644920605,
    "sents_p": 0.9664879357,
    "sents_r": 0.9587765957,
    "sents_f": 0.9626168224,
    "speed": 10129.5229250154,
    "morph_per_feat": {
      "AdpType": {
        "p": 0.9979079498,
        "r": 0.9925093633,
        "f": 0.9952013353
      },
      "Case": {
        "p": 0.9861582304,
        "r": 0.9813639433,
        "f": 0.9837552457
      },
      "Variant": {
        "p": 0.9696969697,
        "r": 0.9241877256,
        "f": 0.9463955638
      },
      "Gender": {
        "p": 0.9797496836,
        "r": 0.9757703081,
        "f": 0.977755947
      },
      "Number": {
        "p": 0.980690128,
        "r": 0.974676357,
        "f": 0.9776739948
      },
      "PronType": {
        "p": 0.9933230611,
        "r": 0.9867346939,
        "f": 0.9900179166
      },
      "Definite": {
        "p": 0.9779411765,
        "r": 0.9729334309,
        "f": 0.9754308764
      },
      "Degree": {
        "p": 0.9500601685,
        "r": 0.9398809524,
        "f": 0.9449431478
      },
      "Polarity": {
        "p": 0.9897039897,
        "r": 0.9846350832,
        "f": 0.9871630295
      },
      "Mood": {
        "p": 0.9782766112,
        "r": 0.965,
        "f": 0.9715929522
      },
      "Person": {
        "p": 0.9811738649,
        "r": 0.9707815924,
        "f": 0.9759500643
      },
      "Tense": {
        "p": 0.9715355805,
        "r": 0.9557848195,
        "f": 0.9635958395
      },
      "VerbForm": {
        "p": 0.9699427481,
        "r": 0.9607750473,
        "f": 0.965337132
      },
      "NumForm": {
        "p": 0.9950980392,
        "r": 0.9902439024,
        "f": 0.9926650367
      },
      "NumType": {
        "p": 0.9975845411,
        "r": 0.9904076739,
        "f": 0.9939831528
      },
      "PartType": {
        "p": 0.9,
        "r": 0.9,
        "f": 0.9
      },
      "Strength": {
        "p": 0.9897959184,
        "r": 0.9797979798,
        "f": 0.9847715736
      },
      "Reflex": {
        "p": 0.9938461538,
        "r": 0.990797546,
        "f": 0.9923195084
      },
      "Poss": {
        "p": 0.9894736842,
        "r": 0.986013986,
        "f": 0.9877408056
      },
      "Position": {
        "p": 0.985915493,
        "r": 0.9655172414,
        "f": 0.9756097561
      },
      "Number[psor]": {
        "p": 0.9710144928,
        "r": 0.9710144928,
        "f": 0.9710144928
      },
      "Abbr": {
        "p": 0.962962963,
        "r": 0.9176470588,
        "f": 0.9397590361
      },
      "Foreign": {
        "p": 0.0,
        "r": 0.0,
        "f": 0.0
      }
    },
    "dep_las_per_type": {
      "case": {
        "p": 0.9348140995,
        "r": 0.9434697856,
        "f": 0.9391219985
      },
      "det": {
        "p": 0.9599133261,
        "r": 0.9714912281,
        "f": 0.9656675749
      },
      "nmod:tmod": {
        "p": 0.6666666667,
        "r": 0.0930232558,
        "f": 0.1632653061
      },
      "amod": {
        "p": 0.8686327078,
        "r": 0.8820326679,
        "f": 0.8752814048
      },
      "cc": {
        "p": 0.8666666667,
        "r": 0.8974895397,
        "f": 0.8818088386
      },
      "conj": {
        "p": 0.5859491779,
        "r": 0.5921450151,
        "f": 0.5890308039
      },
      "nmod": {
        "p": 0.7923029933,
        "r": 0.8198482933,
        "f": 0.8058403231
      },
      "mark": {
        "p": 0.8788546256,
        "r": 0.8966292135,
        "f": 0.8876529477
      },
      "fixed": {
        "p": 0.8562628337,
        "r": 0.7277486911,
        "f": 0.7867924528
      },
      "nsubj": {
        "p": 0.8198675497,
        "r": 0.7865311309,
        "f": 0.8028534371
      },
      "advcl:tcl": {
        "p": 0.0,
        "r": 0.0,
        "f": 0.0
      },
      "obj": {
        "p": 0.7886178862,
        "r": 0.8276450512,
        "f": 0.8076602831
      },
      "nummod": {
        "p": 0.9037267081,
        "r": 0.8953846154,
        "f": 0.8995363215
      },
      "flat": {
        "p": 0.765625,
        "r": 0.7,
        "f": 0.7313432836
      },
      "obl": {
        "p": 0.6694129763,
        "r": 0.7377979569,
        "f": 0.7019438445
      },
      "nmod:pmod": {
        "p": 0.5106382979,
        "r": 0.1846153846,
        "f": 0.2711864407
      },
      "acl": {
        "p": 0.6994818653,
        "r": 0.7692307692,
        "f": 0.7327001357
      },
      "advmod": {
        "p": 0.7828947368,
        "r": 0.7667525773,
        "f": 0.7747395833
      },
      "expl:pv": {
        "p": 0.8196721311,
        "r": 0.8021390374,
        "f": 0.8108108108
      },
      "root": {
        "p": 0.931359354,
        "r": 0.920212766,
        "f": 0.9257525084
      },
      "advcl": {
        "p": 0.5766129032,
        "r": 0.581300813,
        "f": 0.5789473684
      },
      "iobj": {
        "p": 0.7131147541,
        "r": 0.5878378378,
        "f": 0.6444444444
      },
      "ccomp": {
        "p": 0.7676767677,
        "r": 0.8539325843,
        "f": 0.8085106383
      },
      "goeswith": {
        "p": 0.75,
        "r": 0.625,
        "f": 0.6818181818
      },
      "parataxis": {
        "p": 0.7619047619,
        "r": 0.6106870229,
        "f": 0.6779661017
      },
      "expl:poss": {
        "p": 0.5,
        "r": 0.5813953488,
        "f": 0.5376344086
      },
      "cop": {
        "p": 0.75,
        "r": 0.7592592593,
        "f": 0.754601227
      },
      "cc:preconj": {
        "p": 0.0,
        "r": 0.0,
        "f": 0.0
      },
      "aux": {
        "p": 0.9551820728,
        "r": 0.9069148936,
        "f": 0.9304229195
      },
      "expl": {
        "p": 0.6052631579,
        "r": 0.5348837209,
        "f": 0.5679012346
      },
      "appos": {
        "p": 0.487804878,
        "r": 0.396039604,
        "f": 0.4371584699
      },
      "xcomp": {
        "p": 0.6567164179,
        "r": 0.5365853659,
        "f": 0.5906040268
      },
      "nsubj:pass": {
        "p": 0.6103896104,
        "r": 0.6308724832,
        "f": 0.6204620462
      },
      "expl:pass": {
        "p": 0.6568627451,
        "r": 0.7362637363,
        "f": 0.6943005181
      },
      "csubj": {
        "p": 0.7936507937,
        "r": 0.7936507937,
        "f": 0.7936507937
      },
      "nmod:agent": {
        "p": 0.7162162162,
        "r": 0.8153846154,
        "f": 0.7625899281
      },
      "aux:pass": {
        "p": 0.7647058824,
        "r": 0.8666666667,
        "f": 0.8125
      },
      "advmod:tmod": {
        "p": 0.0,
        "r": 0.0,
        "f": 0.0
      },
      "compound": {
        "p": 0.6666666667,
        "r": 0.6666666667,
        "f": 0.6666666667
      },
      "orphan": {
        "p": 0.0,
        "r": 0.0,
        "f": 0.0
      },
      "ccomp:pmod": {
        "p": 0.3333333333,
        "r": 0.2,
        "f": 0.25
      },
      "expl:impers": {
        "p": 0.3333333333,
        "r": 0.1,
        "f": 0.1538461538
      },
      "csubj:pass": {
        "p": 0.25,
        "r": 0.3333333333,
        "f": 0.2857142857
      },
      "dep": {
        "p": 0.0,
        "r": 0.0,
        "f": 0.0
      },
      "vocative": {
        "p": 0.0,
        "r": 0.0,
        "f": 0.0
      },
      "discourse": {
        "p": 0.0,
        "r": 0.0,
        "f": 0.0
      }
    },
    "ents_per_type": {
      "DATETIME": {
        "p": 0.7925170068,
        "r": 0.8118466899,
        "f": 0.8020654045
      },
      "ORGANIZATION": {
        "p": 0.6778115502,
        "r": 0.7101910828,
        "f": 0.6936236392
      },
      "FACILITY": {
        "p": 0.5546218487,
        "r": 0.5038167939,
        "f": 0.528
      },
      "NUMERIC_VALUE": {
        "p": 0.8925619835,
        "r": 0.9152542373,
        "f": 0.9037656904
      },
      "ORDINAL": {
        "p": 0.8070175439,
        "r": 0.8363636364,
        "f": 0.8214285714
      },
      "EVENT": {
        "p": 0.6923076923,
        "r": 0.4864864865,
        "f": 0.5714285714
      },
      "GPE": {
        "p": 0.8517699115,
        "r": 0.8850574713,
        "f": 0.8680947012
      },
      "PERSON": {
        "p": 0.7181102362,
        "r": 0.7651006711,
        "f": 0.7408610885
      },
      "LOC": {
        "p": 0.5,
        "r": 0.5394736842,
        "f": 0.5189873418
      },
      "NAT_REL_POL": {
        "p": 0.9054054054,
        "r": 0.8933333333,
        "f": 0.8993288591
      },
      "MONEY": {
        "p": 0.9411764706,
        "r": 0.8275862069,
        "f": 0.880733945
      },
      "PRODUCT": {
        "p": 0.6090909091,
        "r": 0.4890510949,
        "f": 0.5425101215
      },
      "WORK_OF_ART": {
        "p": 0.3333333333,
        "r": 0.1578947368,
        "f": 0.2142857143
      },
      "QUANTITY": {
        "p": 0.8666666667,
        "r": 1.0,
        "f": 0.9285714286
      },
      "LANGUAGE": {
        "p": 0.6666666667,
        "r": 1.0,
        "f": 0.8
      },
      "PERIOD": {
        "p": 0.9411764706,
        "r": 0.7619047619,
        "f": 0.8421052632
      }
    }
  },
  "sources": [
    {
      "name": "UD Romanian RRT v2.5",
      "url": "https://github.com/UniversalDependencies/UD_Romanian-RRT",
      "author": "Barbu Mititelu, Verginica; Irimia, Elena; Perez, Cenel-Augusto; Ion, Radu; Simionescu, Radu; Popel, Martin",
      "license": "CC BY-SA 4.0"
    },
    {
      "name": "RONEC - the Romanian Named Entity Corpus (ca9ce460)",
      "url": "https://github.com/dumitrescustefan/ronec",
      "author": "Dumitrescu, Stefan Daniel; Avram, Andrei-Marius; Morogan, Luciana; Toma; Stefan",
      "license": "MIT"
    }
  ],
  "requirements": [],
  "size": "44 MB",
  "checksum": "8faefc2dac224f322330294481bf191ab67caef0e4821ccd5db89f38e11ccecb",
  "checksum_whl": "8401cea6fdfc3876d77b92f6216e121b99a7850aa349730ca22ede6e853c9a3f"
}