{
  "lang": "ro",
  "name": "core_news_sm",
  "license": "CC BY-SA 4.0",
  "author": "Explosion",
  "url": "https://explosion.ai",
  "email": "contact@explosion.ai",
  "description": "Romanian multi-task CNN trained on UD Romanian RRT and the Romanian Named Entity Corpus. Assigns context-specific token vectors, POS tags, dependency parse and named entities.",
  "sources": [
    {
      "name": "UD Romanian RRT v2.5",
      "url": "https://github.com/UniversalDependencies/UD_Romanian-RRT",
      "author": "Barbu Mititelu, Verginica; Irimia, Elena; Perez, Cenel-Augusto; Ion, Radu; Simionescu, Radu; Popel, Martin",
      "license": "CC BY-SA 4.0"
    },
    {
      "name": "RONEC - the Romanian Named Entity Corpus (ca9ce460)",
      "url": "https://github.com/dumitrescustefan/ronec",
      "author": "Dumitrescu, Stefan Daniel; Avram, Andrei-Marius; Morogan, Luciana; Toma; Stefan",
      "license": "MIT"
    }
  ],
  "pipeline": [
    "tagger",
    "parser",
    "ner"
  ],
  "version": "2.3.1",
  "spacy_version": ">=2.3.0,<2.4.0",
  "parent_package": "spacy",
  "accuracy": {
    "las": 79.7522886376,
    "uas": 87.203823371,
    "token_acc": 99.6074525428,
    "las_per_type": {
      "nsubj": {
        "p": 80.5668016194,
        "r": 75.8576874206,
        "f": 78.1413612565
      },
      "case": {
        "p": 92.8709055877,
        "r": 93.9571150097,
        "f": 93.4108527132
      },
      "nmod": {
        "p": 77.5030156815,
        "r": 81.2262958281,
        "f": 79.3209876543
      },
      "flat": {
        "p": 77.7777777778,
        "r": 65.0,
        "f": 70.8171206226
      },
      "nummod": {
        "p": 90.4024767802,
        "r": 89.8461538462,
        "f": 90.1234567901
      },
      "cc": {
        "p": 85.8299595142,
        "r": 88.7029288703,
        "f": 87.2427983539
      },
      "conj": {
        "p": 59.4224924012,
        "r": 59.0634441088,
        "f": 59.2424242424
      },
      "expl:pv": {
        "p": 77.3195876289,
        "r": 80.2139037433,
        "f": 78.7401574803
      },
      "aux": {
        "p": 97.1428571429,
        "r": 90.4255319149,
        "f": 93.6639118457
      },
      "root": {
        "p": 90.3485254692,
        "r": 89.6276595745,
        "f": 89.9866488652
      },
      "advmod": {
        "p": 78.0748663102,
        "r": 75.2577319588,
        "f": 76.6404199475
      },
      "det": {
        "p": 95.3362255965,
        "r": 96.3815789474,
        "f": 95.8560523446
      },
      "amod": {
        "p": 83.1569664903,
        "r": 85.5716878403,
        "f": 84.3470483005
      },
      "expl:poss": {
        "p": 56.8181818182,
        "r": 58.1395348837,
        "f": 57.4712643678
      },
      "advcl": {
        "p": 54.1818181818,
        "r": 60.5691056911,
        "f": 57.197696737
      },
      "obj": {
        "p": 76.7946577629,
        "r": 78.4982935154,
        "f": 77.6371308017
      },
      "obl": {
        "p": 63.6363636364,
        "r": 71.5096481271,
        "f": 67.3436664885
      },
      "mark": {
        "p": 89.6247240618,
        "r": 91.2359550562,
        "f": 90.4231625835
      },
      "expl": {
        "p": 54.5454545455,
        "r": 41.8604651163,
        "f": 47.3684210526
      },
      "acl": {
        "p": 65.3645833333,
        "r": 71.50997151,
        "f": 68.2993197279
      },
      "iobj": {
        "p": 72.9508196721,
        "r": 60.1351351351,
        "f": 65.9259259259
      },
      "appos": {
        "p": 44.4444444444,
        "r": 39.603960396,
        "f": 41.8848167539
      },
      "ccomp": {
        "p": 73.7113402062,
        "r": 80.3370786517,
        "f": 76.8817204301
      },
      "fixed": {
        "p": 87.4213836478,
        "r": 72.7748691099,
        "f": 79.4285714286
      },
      "expl:pass": {
        "p": 65.625,
        "r": 69.2307692308,
        "f": 67.3796791444
      },
      "nsubj:pass": {
        "p": 55.9322033898,
        "r": 66.4429530201,
        "f": 60.736196319
      },
      "aux:pass": {
        "p": 74.2857142857,
        "r": 86.6666666667,
        "f": 80.0
      },
      "nmod:agent": {
        "p": 67.1232876712,
        "r": 75.3846153846,
        "f": 71.0144927536
      },
      "cop": {
        "p": 74.1379310345,
        "r": 79.6296296296,
        "f": 76.7857142857
      },
      "xcomp": {
        "p": 57.1428571429,
        "r": 39.0243902439,
        "f": 46.3768115942
      },
      "nmod:pmod": {
        "p": 55.1724137931,
        "r": 12.3076923077,
        "f": 20.1257861635
      },
      "expl:impers": {
        "p": 0.0,
        "r": 0.0,
        "f": 0.0
      },
      "parataxis": {
        "p": 81.0526315789,
        "r": 58.7786259542,
        "f": 68.1415929204
      },
      "ccomp:pmod": {
        "p": 27.2727272727,
        "r": 20.0,
        "f": 23.0769230769
      },
      "csubj": {
        "p": 78.3333333333,
        "r": 74.6031746032,
        "f": 76.4227642276
      },
      "nmod:tmod": {
        "p": 66.6666666667,
        "r": 13.9534883721,
        "f": 23.0769230769
      },
      "csubj:pass": {
        "p": 100.0,
        "r": 33.3333333333,
        "f": 50.0
      },
      "advcl:tcl": {
        "p": 0.0,
        "r": 0.0,
        "f": 0.0
      },
      "goeswith": {
        "p": 83.3333333333,
        "r": 62.5,
        "f": 71.4285714286
      },
      "vocative": {
        "p": 0.0,
        "r": 0.0,
        "f": 0.0
      },
      "dep": {
        "p": 0.0,
        "r": 0.0,
        "f": 0.0
      },
      "compound": {
        "p": 50.0,
        "r": 33.3333333333,
        "f": 40.0
      },
      "cc:preconj": {
        "p": 0.0,
        "r": 0.0,
        "f": 0.0
      },
      "advmod:tmod": {
        "p": 0.0,
        "r": 0.0,
        "f": 0.0
      },
      "discourse": {
        "p": 0.0,
        "r": 0.0,
        "f": 0.0
      },
      "orphan": {
        "p": 0.0,
        "r": 0.0,
        "f": 0.0
      }
    },
    "tags_acc": 95.618488628,
    "ents_f": 71.7445662627,
    "ents_p": 71.8412942989,
    "ents_r": 71.6480983481,
    "ents_per_type": {
      "ORGANIZATION": {
        "p": 61.1594202899,
        "r": 67.1974522293,
        "f": 64.0364188164
      },
      "DATETIME": {
        "p": 77.4834437086,
        "r": 81.5331010453,
        "f": 79.4567062818
      },
      "PERSON": {
        "p": 65.9127625202,
        "r": 68.4563758389,
        "f": 67.1604938272
      },
      "WORK_OF_ART": {
        "p": 18.1818181818,
        "r": 10.5263157895,
        "f": 13.3333333333
      },
      "EVENT": {
        "p": 55.5555555556,
        "r": 54.0540540541,
        "f": 54.7945205479
      },
      "GPE": {
        "p": 79.6610169492,
        "r": 86.4367816092,
        "f": 82.9106945976
      },
      "MONEY": {
        "p": 94.0,
        "r": 81.0344827586,
        "f": 87.037037037
      },
      "NUMERIC_VALUE": {
        "p": 89.5833333333,
        "r": 91.1016949153,
        "f": 90.3361344538
      },
      "NAT_REL_POL": {
        "p": 92.0634920635,
        "r": 77.3333333333,
        "f": 84.0579710145
      },
      "LOC": {
        "p": 44.4444444444,
        "r": 42.1052631579,
        "f": 43.2432432432
      },
      "QUANTITY": {
        "p": 79.3103448276,
        "r": 88.4615384615,
        "f": 83.6363636364
      },
      "FACILITY": {
        "p": 52.4752475248,
        "r": 40.4580152672,
        "f": 45.6896551724
      },
      "PRODUCT": {
        "p": 51.0416666667,
        "r": 35.7664233577,
        "f": 42.0600858369
      },
      "ORDINAL": {
        "p": 76.7857142857,
        "r": 78.1818181818,
        "f": 77.4774774775
      },
      "PERIOD": {
        "p": 91.4285714286,
        "r": 76.1904761905,
        "f": 83.1168831169
      },
      "LANGUAGE": {
        "p": 66.6666666667,
        "r": 100.0,
        "f": 80.0
      }
    }
  },
  "speed": {
    "cpu": 6491.0876098055,
    "gpu": null,
    "nwords": 18378
  },
  "labels": {
    "tagger": [
      "ARROW",
      "Af",
      "Afcfp-n",
      "Afcfson",
      "Afcfsrn",
      "Afcmpoy",
      "Afcms-n",
      "Afp",
      "Afp-p-n",
      "Afp-poy",
      "Afpf--n",
      "Afpfp-n",
      "Afpfp-ny",
      "Afpfpoy",
      "Afpfpry",
      "Afpfson",
      "Afpfsoy",
      "Afpfsrn",
      "Afpfsry",
      "Afpm--n",
      "Afpmp-n",
      "Afpmpoy",
      "Afpmpry",
      "Afpms-n",
      "Afpmsoy",
      "Afpmsry",
      "Afsfp-n",
      "Afsfsrn",
      "BULLET",
      "COLON",
      "COMMA",
      "Ccssp",
      "Ccsspy",
      "Crssp",
      "Csssp",
      "Cssspy",
      "DASH",
      "DBLQ",
      "Dd3-po---e",
      "Dd3-po---o",
      "Dd3fpo",
      "Dd3fpr",
      "Dd3fpr---e",
      "Dd3fpr---o",
      "Dd3fpr--y",
      "Dd3fso",
      "Dd3fso---e",
      "Dd3fsr",
      "Dd3fsr---e",
      "Dd3fsr---o",
      "Dd3fsr--yo",
      "Dd3mpo",
      "Dd3mpr",
      "Dd3mpr---e",
      "Dd3mpr---o",
      "Dd3mso---e",
      "Dd3msr",
      "Dd3msr---e",
      "Dd3msr---o",
      "Dh1ms",
      "Dh3fp",
      "Dh3fso",
      "Dh3fsr",
      "Dh3mp",
      "Dh3ms",
      "Di3",
      "Di3-----y",
      "Di3--r---e",
      "Di3-po",
      "Di3-po---e",
      "Di3-sr",
      "Di3-sr---e",
      "Di3-sr--y",
      "Di3fp",
      "Di3fpr",
      "Di3fpr---e",
      "Di3fso",
      "Di3fso---e",
      "Di3fsr",
      "Di3fsr---e",
      "Di3mp",
      "Di3mpr",
      "Di3mpr---e",
      "Di3ms",
      "Di3ms----e",
      "Di3mso---e",
      "Di3msr",
      "Di3msr---e",
      "Ds1fp-p",
      "Ds1fp-s",
      "Ds1fsop",
      "Ds1fsos",
      "Ds1fsrp",
      "Ds1fsrs",
      "Ds1fsrs-y",
      "Ds1mp-p",
      "Ds1mp-s",
      "Ds1ms-p",
      "Ds1ms-s",
      "Ds1msrs-y",
      "Ds2---s",
      "Ds2fp-p",
      "Ds2fp-s",
      "Ds2fsrp",
      "Ds2fsrs",
      "Ds2mp-p",
      "Ds2mp-s",
      "Ds2ms-p",
      "Ds2ms-s",
      "Ds3---p",
      "Ds3---s",
      "Ds3fp-s",
      "Ds3fsos",
      "Ds3fsrs",
      "Ds3mp-s",
      "Ds3ms-s",
      "Dw3--r---e",
      "Dw3-po---e",
      "Dw3fpr",
      "Dw3fso---e",
      "Dw3fsr",
      "Dw3mpr",
      "Dw3mso---e",
      "Dw3msr",
      "Dz3fsr---e",
      "Dz3mso---e",
      "Dz3msr---e",
      "EQUAL",
      "EXCL",
      "EXCLHELLIP",
      "GE",
      "GT",
      "HELLIP",
      "I",
      "LCURL",
      "LPAR",
      "LSQR",
      "LT",
      "M",
      "Mc",
      "Mc-p-d",
      "Mc-p-l",
      "Mcfp-l",
      "Mcfp-ln",
      "Mcfprln",
      "Mcfprly",
      "Mcfsoln",
      "Mcfsrln",
      "Mcmp-l",
      "Mcms-ln",
      "Mcmsrl",
      "Mcmsrly",
      "Mffprln",
      "Mffsrln",
      "Mlfpo",
      "Mlfpr",
      "Mlmpr",
      "Mo---l",
      "Mo---ln",
      "Mo-s-r",
      "Mofp-ln",
      "Mofpoly",
      "Mofprly",
      "Mofs-l",
      "Mofsoln",
      "Mofsoly",
      "Mofsrln",
      "Mofsrly",
      "Mompoly",
      "Momprly",
      "Moms-l",
      "Moms-ln",
      "Momsoly",
      "Momsrly",
      "Nc",
      "Nc---n",
      "Ncf--n",
      "Ncfp-n",
      "Ncfpoy",
      "Ncfpry",
      "Ncfs-n",
      "Ncfson",
      "Ncfsoy",
      "Ncfsrn",
      "Ncfsry",
      "Ncfsryy",
      "Ncfsvy",
      "Ncm--n",
      "Ncmp-n",
      "Ncmpoy",
      "Ncmpry",
      "Ncms-n",
      "Ncms-ny",
      "Ncms-y",
      "Ncmsoy",
      "Ncmsrn",
      "Ncmsry",
      "Ncmsryy",
      "Ncmsvn",
      "Ncmsvy",
      "Np",
      "Npfson",
      "Npfsoy",
      "Npfsrn",
      "Npfsry",
      "Npmpoy",
      "Npmpry",
      "Npms-n",
      "Npmsoy",
      "Npmsry",
      "PERCENT",
      "PERIOD",
      "PLUS",
      "PLUSMINUS",
      "Pd3-po",
      "Pd3fpr",
      "Pd3fso",
      "Pd3fsr",
      "Pd3mpo",
      "Pd3mpr",
      "Pd3mpr--y",
      "Pd3mso",
      "Pd3msr",
      "Pi3",
      "Pi3--r",
      "Pi3-po",
      "Pi3-so",
      "Pi3-sr",
      "Pi3fpr",
      "Pi3fso",
      "Pi3fsr",
      "Pi3mpr",
      "Pi3mso",
      "Pi3msr",
      "Pi3msr--y",
      "Pp1-pa--------w",
      "Pp1-pa--y-----w",
      "Pp1-pd--------s",
      "Pp1-pd--------w",
      "Pp1-pd--y-----w",
      "Pp1-pr--------s",
      "Pp1-sa--------s",
      "Pp1-sa--------w",
      "Pp1-sa--y-----w",
      "Pp1-sd--------s",
      "Pp1-sd--------w",
      "Pp1-sd--y-----w",
      "Pp1-sn--------s",
      "Pp2-----------s",
      "Pp2-pa--------w",
      "Pp2-pa--y-----w",
      "Pp2-pd--------w",
      "Pp2-pd--y-----w",
      "Pp2-pr--------s",
      "Pp2-sa--------s",
      "Pp2-sa--------w",
      "Pp2-sa--y-----w",
      "Pp2-sd--------s",
      "Pp2-sd--------w",
      "Pp2-sd--y-----w",
      "Pp2-sn--------s",
      "Pp2-so--------s",
      "Pp2-sr--------s",
      "Pp3-p---------s",
      "Pp3-pd--------w",
      "Pp3-pd--y-----w",
      "Pp3-po--------s",
      "Pp3-sd--------w",
      "Pp3-sd--y-----w",
      "Pp3fpa--------w",
      "Pp3fpa--y-----w",
      "Pp3fpr--------s",
      "Pp3fs---------s",
      "Pp3fsa--------w",
      "Pp3fsa--y-----w",
      "Pp3fso--------s",
      "Pp3fsr--------s",
      "Pp3fsr--y-----s",
      "Pp3mpa--------w",
      "Pp3mpa--y-----w",
      "Pp3mpr--------s",
      "Pp3ms---------s",
      "Pp3msa--------w",
      "Pp3msa--y-----w",
      "Pp3mso--------s",
      "Pp3msr--------s",
      "Pp3msr--y-----s",
      "Ps1fp-s",
      "Ps1fsrp",
      "Ps1fsrs",
      "Ps1mp-p",
      "Ps1ms-p",
      "Ps2fp-s",
      "Ps2fsrp",
      "Ps2fsrs",
      "Ps2ms-s",
      "Ps3---p",
      "Ps3---s",
      "Ps3fp-s",
      "Ps3fsrs",
      "Ps3mp-s",
      "Ps3ms-s",
      "Pw3--r",
      "Pw3-po",
      "Pw3-so",
      "Pw3fpr",
      "Pw3fso",
      "Pw3mpr",
      "Pw3mso",
      "Px3--a--------s",
      "Px3--a--------w",
      "Px3--a--y-----w",
      "Px3--d--------w",
      "Px3--d--y-----w",
      "Pz3-sr",
      "Pz3fsr",
      "QUEST",
      "QUOT",
      "Qf",
      "Qn",
      "Qs",
      "Qs-y",
      "Qz",
      "Qz-y",
      "RCURL",
      "RPAR",
      "RSQR",
      "Rc",
      "Rgc",
      "Rgp",
      "Rgpy",
      "Rgs",
      "Rp",
      "Rw",
      "Rw-y",
      "Rz",
      "SCOLON",
      "SLASH",
      "STAR",
      "Sp",
      "Spsa",
      "Spsay",
      "Spsd",
      "Spsg",
      "Td-po",
      "Tdfpr",
      "Tdfso",
      "Tdfsr",
      "Tdmpr",
      "Tdmso",
      "Tdmsr",
      "Tf-so",
      "Tffpoy",
      "Tffpry",
      "Tffs-y",
      "Tfmpoy",
      "Tfms-y",
      "Tfmsoy",
      "Tfmsry",
      "Ti-po",
      "Tifp-y",
      "Tifso",
      "Tifsr",
      "Timso",
      "Timsr",
      "Tsfp",
      "Tsfs",
      "Tsmp",
      "Tsms",
      "UNDERSC",
      "Va--1",
      "Va--1-----y",
      "Va--1p",
      "Va--1s",
      "Va--1s----y",
      "Va--2p",
      "Va--2p----y",
      "Va--2s",
      "Va--2s----y",
      "Va--3",
      "Va--3-----y",
      "Va--3p",
      "Va--3p----y",
      "Va--3s",
      "Va--3s----y",
      "Vag",
      "Vaii1",
      "Vaii2s",
      "Vaii3p",
      "Vaii3s",
      "Vail3p",
      "Vail3s",
      "Vaip1p",
      "Vaip1s",
      "Vaip2p",
      "Vaip2s",
      "Vaip3p",
      "Vaip3p----y",
      "Vaip3s",
      "Vaip3s----y",
      "Vais3p",
      "Vais3s",
      "Vam-2s",
      "Vanp",
      "Vap--sm",
      "Vasp1p",
      "Vasp1s",
      "Vasp2p",
      "Vasp2s",
      "Vasp3",
      "Vmg",
      "Vmg-------y",
      "Vmii1",
      "Vmii1-----y",
      "Vmii2p",
      "Vmii2s",
      "Vmii3p",
      "Vmii3p----y",
      "Vmii3s",
      "Vmii3s----y",
      "Vmil1",
      "Vmil1p",
      "Vmil2s",
      "Vmil3p",
      "Vmil3p----y",
      "Vmil3s",
      "Vmil3s----y",
      "Vmip1p",
      "Vmip1p----y",
      "Vmip1s",
      "Vmip1s----y",
      "Vmip2p",
      "Vmip2s",
      "Vmip2s----y",
      "Vmip3",
      "Vmip3-----y",
      "Vmip3p",
      "Vmip3s",
      "Vmip3s----y",
      "Vmis1p",
      "Vmis1s",
      "Vmis3p",
      "Vmis3p----y",
      "Vmis3s",
      "Vmis3s----y",
      "Vmm-2p",
      "Vmm-2s",
      "Vmnp",
      "Vmnp------y",
      "Vmp--pf",
      "Vmp--pm",
      "Vmp--sf",
      "Vmp--sm",
      "Vmp--sm---y",
      "Vmsp1p",
      "Vmsp1s",
      "Vmsp2s",
      "Vmsp3",
      "Vmsp3-----y",
      "X",
      "Y",
      "Ya",
      "Yn",
      "Ynfsoy",
      "Ynfsry",
      "Ynmsoy",
      "Ynmsry",
      "Yp",
      "Yp-sr",
      "Yr",
      "_SP"
    ],
    "parser": [
      "ROOT",
      "acl",
      "advcl",
      "advcl:tcl",
      "advmod",
      "advmod:tmod",
      "amod",
      "appos",
      "aux",
      "aux:pass",
      "case",
      "cc",
      "cc:preconj",
      "ccomp",
      "ccomp:pmod",
      "compound",
      "conj",
      "cop",
      "csubj",
      "csubj:pass",
      "dep",
      "det",
      "expl",
      "expl:impers",
      "expl:pass",
      "expl:poss",
      "expl:pv",
      "fixed",
      "flat",
      "goeswith",
      "iobj",
      "mark",
      "nmod",
      "nmod:agent",
      "nmod:pmod",
      "nmod:tmod",
      "nsubj",
      "nsubj:pass",
      "nummod",
      "obj",
      "obl",
      "orphan",
      "parataxis",
      "punct",
      "vocative",
      "xcomp"
    ],
    "ner": [
      "DATETIME",
      "EVENT",
      "FACILITY",
      "GPE",
      "LANGUAGE",
      "LOC",
      "MONEY",
      "NAT_REL_POL",
      "NUMERIC_VALUE",
      "ORDINAL",
      "ORGANIZATION",
      "PERIOD",
      "PERSON",
      "PRODUCT",
      "QUANTITY",
      "WORK_OF_ART"
    ]
  },
  "size": "13 MB",
  "checksum": "31a4d07ffd64a9fdbc24e18c203011f005e35ee3f8f30a97da3cde1e91043425"
}