{
  "lang": "ro",
  "name": "core_news_md",
  "license": "CC BY-SA 4.0",
  "author": "Explosion",
  "url": "https://explosion.ai",
  "email": "contact@explosion.ai",
  "description": "Romanian multi-task CNN trained on UD Romanian RRT and the Romanian Named Entity Corpus. Assigns word vectors, POS tags, dependency parse and named entities. Word vectors trained using FastText CBOW on Wikipedia and OSCAR (Common Crawl).",
  "sources": [
    {
      "name": "UD Romanian RRT v2.5",
      "url": "https://github.com/UniversalDependencies/UD_Romanian-RRT",
      "author": "Barbu Mititelu, Verginica; Irimia, Elena; Perez, Cenel-Augusto; Ion, Radu; Simionescu, Radu; Popel, Martin",
      "license": "CC BY-SA 4.0"
    },
    {
      "name": "RONEC - the Romanian Named Entity Corpus (ca9ce460)",
      "url": "https://github.com/dumitrescustefan/ronec",
      "author": "Dumitrescu, Stefan Daniel; Avram, Andrei-Marius; Morogan, Luciana; Toma; Stefan",
      "license": "MIT"
    },
    {
      "name": "OSCAR (Common Crawl)",
      "url": "https://oscar-corpus.com/",
      "license": "CC0"
    },
    {
      "name": "Wikipedia (20200201)",
      "url": "https://dumps.wikimedia.org/",
      "license": "CC BY-SA 3.0"
    }
  ],
  "pipeline": [
    "tagger",
    "parser",
    "ner"
  ],
  "version": "2.3.1",
  "spacy_version": ">=2.3.0,<2.4.0",
  "parent_package": "spacy",
  "accuracy": {
    "las": 81.6305921163,
    "uas": 88.7400276029,
    "token_acc": 99.6074525428,
    "las_per_type": {
      "advmod": {
        "p": 78.1002638522,
        "r": 76.2886597938,
        "f": 77.183833116
      },
      "aux:pass": {
        "p": 77.6223776224,
        "r": 92.5,
        "f": 84.4106463878
      },
      "root": {
        "p": 93.6997319035,
        "r": 92.9521276596,
        "f": 93.3244325768
      },
      "nsubj:pass": {
        "p": 61.8181818182,
        "r": 68.4563758389,
        "f": 64.9681528662
      },
      "amod": {
        "p": 88.5635864593,
        "r": 87.8402903811,
        "f": 88.2004555809
      },
      "fixed": {
        "p": 83.734939759,
        "r": 72.7748691099,
        "f": 77.8711484594
      },
      "nmod": {
        "p": 80.8328230251,
        "r": 83.4386852086,
        "f": 82.1150855365
      },
      "cc": {
        "p": 87.7551020408,
        "r": 89.9581589958,
        "f": 88.8429752066
      },
      "conj": {
        "p": 62.2781065089,
        "r": 63.5951661631,
        "f": 62.9297458894
      },
      "det": {
        "p": 95.8064516129,
        "r": 97.6973684211,
        "f": 96.7426710098
      },
      "parataxis": {
        "p": 81.8181818182,
        "r": 61.8320610687,
        "f": 70.4347826087
      },
      "flat": {
        "p": 77.6923076923,
        "r": 72.1428571429,
        "f": 74.8148148148
      },
      "case": {
        "p": 93.3624031008,
        "r": 93.9083820663,
        "f": 93.6345966958
      },
      "nummod": {
        "p": 89.3292682927,
        "r": 90.1538461538,
        "f": 89.7396630934
      },
      "obl": {
        "p": 65.4894046418,
        "r": 73.6662883087,
        "f": 69.3376068376
      },
      "mark": {
        "p": 89.0625,
        "r": 89.6629213483,
        "f": 89.3617021277
      },
      "nsubj": {
        "p": 82.2192513369,
        "r": 78.1448538755,
        "f": 80.1302931596
      },
      "ccomp": {
        "p": 74.3455497382,
        "r": 79.7752808989,
        "f": 76.9647696477
      },
      "advcl": {
        "p": 57.249070632,
        "r": 62.6016260163,
        "f": 59.8058252427
      },
      "expl:poss": {
        "p": 57.7777777778,
        "r": 60.4651162791,
        "f": 59.0909090909
      },
      "cop": {
        "p": 79.3939393939,
        "r": 80.8641975309,
        "f": 80.122324159
      },
      "obj": {
        "p": 80.1652892562,
        "r": 82.7645051195,
        "f": 81.4441645676
      },
      "acl": {
        "p": 70.6036745407,
        "r": 76.6381766382,
        "f": 73.4972677596
      },
      "nmod:pmod": {
        "p": 54.7619047619,
        "r": 17.6923076923,
        "f": 26.7441860465
      },
      "iobj": {
        "p": 76.0,
        "r": 64.1891891892,
        "f": 69.5970695971
      },
      "nmod:agent": {
        "p": 72.8571428571,
        "r": 78.4615384615,
        "f": 75.5555555556
      },
      "nmod:tmod": {
        "p": 40.0,
        "r": 9.3023255814,
        "f": 15.0943396226
      },
      "appos": {
        "p": 46.7391304348,
        "r": 42.5742574257,
        "f": 44.5595854922
      },
      "aux": {
        "p": 98.2658959538,
        "r": 90.4255319149,
        "f": 94.1828254848
      },
      "xcomp": {
        "p": 64.0625,
        "r": 50.0,
        "f": 56.1643835616
      },
      "csubj": {
        "p": 77.0491803279,
        "r": 74.6031746032,
        "f": 75.8064516129
      },
      "expl:pass": {
        "p": 65.625,
        "r": 69.2307692308,
        "f": 67.3796791444
      },
      "goeswith": {
        "p": 88.2352941176,
        "r": 62.5,
        "f": 73.1707317073
      },
      "ccomp:pmod": {
        "p": 28.5714285714,
        "r": 13.3333333333,
        "f": 18.1818181818
      },
      "expl:pv": {
        "p": 78.8659793814,
        "r": 81.8181818182,
        "f": 80.3149606299
      },
      "advmod:tmod": {
        "p": 0.0,
        "r": 0.0,
        "f": 0.0
      },
      "advcl:tcl": {
        "p": 0.0,
        "r": 0.0,
        "f": 0.0
      },
      "expl": {
        "p": 70.9677419355,
        "r": 51.1627906977,
        "f": 59.4594594595
      },
      "cc:preconj": {
        "p": 0.0,
        "r": 0.0,
        "f": 0.0
      },
      "expl:impers": {
        "p": 0.0,
        "r": 0.0,
        "f": 0.0
      },
      "dep": {
        "p": 0.0,
        "r": 0.0,
        "f": 0.0
      },
      "csubj:pass": {
        "p": 50.0,
        "r": 33.3333333333,
        "f": 40.0
      },
      "orphan": {
        "p": 0.0,
        "r": 0.0,
        "f": 0.0
      },
      "compound": {
        "p": 100.0,
        "r": 66.6666666667,
        "f": 80.0
      },
      "vocative": {
        "p": 0.0,
        "r": 0.0,
        "f": 0.0
      },
      "discourse": {
        "p": 0.0,
        "r": 0.0,
        "f": 0.0
      }
    },
    "tags_acc": 96.2523844461,
    "ents_f": 75.7104964002,
    "ents_p": 74.691588785,
    "ents_r": 76.7575873992,
    "ents_per_type": {
      "DATETIME": {
        "p": 76.0942760943,
        "r": 78.7456445993,
        "f": 77.397260274
      },
      "FACILITY": {
        "p": 57.0247933884,
        "r": 52.6717557252,
        "f": 54.7619047619
      },
      "PRODUCT": {
        "p": 52.5925925926,
        "r": 51.8248175182,
        "f": 52.2058823529
      },
      "MONEY": {
        "p": 94.0,
        "r": 81.0344827586,
        "f": 87.037037037
      },
      "PERIOD": {
        "p": 88.2352941176,
        "r": 71.4285714286,
        "f": 78.9473684211
      },
      "ORGANIZATION": {
        "p": 69.4267515924,
        "r": 69.4267515924,
        "f": 69.4267515924
      },
      "LOC": {
        "p": 57.1428571429,
        "r": 57.8947368421,
        "f": 57.5163398693
      },
      "ORDINAL": {
        "p": 80.0,
        "r": 80.0,
        "f": 80.0
      },
      "NUMERIC_VALUE": {
        "p": 89.0243902439,
        "r": 92.7966101695,
        "f": 90.8713692946
      },
      "PERSON": {
        "p": 71.186440678,
        "r": 77.5167785235,
        "f": 74.2168674699
      },
      "NAT_REL_POL": {
        "p": 89.5833333333,
        "r": 86.0,
        "f": 87.7551020408
      },
      "GPE": {
        "p": 83.0107526882,
        "r": 88.7356321839,
        "f": 85.7777777778
      },
      "WORK_OF_ART": {
        "p": 25.0,
        "r": 21.0526315789,
        "f": 22.8571428571
      },
      "EVENT": {
        "p": 55.5555555556,
        "r": 54.0540540541,
        "f": 54.7945205479
      },
      "QUANTITY": {
        "p": 80.6451612903,
        "r": 96.1538461538,
        "f": 87.7192982456
      },
      "LANGUAGE": {
        "p": 80.0,
        "r": 100.0,
        "f": 88.8888888889
      }
    }
  },
  "speed": {
    "cpu": 6972.1111942058,
    "gpu": null,
    "nwords": 18378
  },
  "labels": {
    "tagger": [
      "ARROW",
      "Af",
      "Afcfp-n",
      "Afcfson",
      "Afcfsrn",
      "Afcmpoy",
      "Afcms-n",
      "Afp",
      "Afp-p-n",
      "Afp-poy",
      "Afpf--n",
      "Afpfp-n",
      "Afpfp-ny",
      "Afpfpoy",
      "Afpfpry",
      "Afpfson",
      "Afpfsoy",
      "Afpfsrn",
      "Afpfsry",
      "Afpm--n",
      "Afpmp-n",
      "Afpmpoy",
      "Afpmpry",
      "Afpms-n",
      "Afpmsoy",
      "Afpmsry",
      "Afsfp-n",
      "Afsfsrn",
      "BULLET",
      "COLON",
      "COMMA",
      "Ccssp",
      "Ccsspy",
      "Crssp",
      "Csssp",
      "Cssspy",
      "DASH",
      "DBLQ",
      "Dd3-po---e",
      "Dd3-po---o",
      "Dd3fpo",
      "Dd3fpr",
      "Dd3fpr---e",
      "Dd3fpr---o",
      "Dd3fpr--y",
      "Dd3fso",
      "Dd3fso---e",
      "Dd3fsr",
      "Dd3fsr---e",
      "Dd3fsr---o",
      "Dd3fsr--yo",
      "Dd3mpo",
      "Dd3mpr",
      "Dd3mpr---e",
      "Dd3mpr---o",
      "Dd3mso---e",
      "Dd3msr",
      "Dd3msr---e",
      "Dd3msr---o",
      "Dh1ms",
      "Dh3fp",
      "Dh3fso",
      "Dh3fsr",
      "Dh3mp",
      "Dh3ms",
      "Di3",
      "Di3-----y",
      "Di3--r---e",
      "Di3-po",
      "Di3-po---e",
      "Di3-sr",
      "Di3-sr---e",
      "Di3-sr--y",
      "Di3fp",
      "Di3fpr",
      "Di3fpr---e",
      "Di3fso",
      "Di3fso---e",
      "Di3fsr",
      "Di3fsr---e",
      "Di3mp",
      "Di3mpr",
      "Di3mpr---e",
      "Di3ms",
      "Di3ms----e",
      "Di3mso---e",
      "Di3msr",
      "Di3msr---e",
      "Ds1fp-p",
      "Ds1fp-s",
      "Ds1fsop",
      "Ds1fsos",
      "Ds1fsrp",
      "Ds1fsrs",
      "Ds1fsrs-y",
      "Ds1mp-p",
      "Ds1mp-s",
      "Ds1ms-p",
      "Ds1ms-s",
      "Ds1msrs-y",
      "Ds2---s",
      "Ds2fp-p",
      "Ds2fp-s",
      "Ds2fsrp",
      "Ds2fsrs",
      "Ds2mp-p",
      "Ds2mp-s",
      "Ds2ms-p",
      "Ds2ms-s",
      "Ds3---p",
      "Ds3---s",
      "Ds3fp-s",
      "Ds3fsos",
      "Ds3fsrs",
      "Ds3mp-s",
      "Ds3ms-s",
      "Dw3--r---e",
      "Dw3-po---e",
      "Dw3fpr",
      "Dw3fso---e",
      "Dw3fsr",
      "Dw3mpr",
      "Dw3mso---e",
      "Dw3msr",
      "Dz3fsr---e",
      "Dz3mso---e",
      "Dz3msr---e",
      "EQUAL",
      "EXCL",
      "EXCLHELLIP",
      "GE",
      "GT",
      "HELLIP",
      "I",
      "LCURL",
      "LPAR",
      "LSQR",
      "LT",
      "M",
      "Mc",
      "Mc-p-d",
      "Mc-p-l",
      "Mcfp-l",
      "Mcfp-ln",
      "Mcfprln",
      "Mcfprly",
      "Mcfsoln",
      "Mcfsrln",
      "Mcmp-l",
      "Mcms-ln",
      "Mcmsrl",
      "Mcmsrly",
      "Mffprln",
      "Mffsrln",
      "Mlfpo",
      "Mlfpr",
      "Mlmpr",
      "Mo---l",
      "Mo---ln",
      "Mo-s-r",
      "Mofp-ln",
      "Mofpoly",
      "Mofprly",
      "Mofs-l",
      "Mofsoln",
      "Mofsoly",
      "Mofsrln",
      "Mofsrly",
      "Mompoly",
      "Momprly",
      "Moms-l",
      "Moms-ln",
      "Momsoly",
      "Momsrly",
      "Nc",
      "Nc---n",
      "Ncf--n",
      "Ncfp-n",
      "Ncfpoy",
      "Ncfpry",
      "Ncfs-n",
      "Ncfson",
      "Ncfsoy",
      "Ncfsrn",
      "Ncfsry",
      "Ncfsryy",
      "Ncfsvy",
      "Ncm--n",
      "Ncmp-n",
      "Ncmpoy",
      "Ncmpry",
      "Ncms-n",
      "Ncms-ny",
      "Ncms-y",
      "Ncmsoy",
      "Ncmsrn",
      "Ncmsry",
      "Ncmsryy",
      "Ncmsvn",
      "Ncmsvy",
      "Np",
      "Npfson",
      "Npfsoy",
      "Npfsrn",
      "Npfsry",
      "Npmpoy",
      "Npmpry",
      "Npms-n",
      "Npmsoy",
      "Npmsry",
      "PERCENT",
      "PERIOD",
      "PLUS",
      "PLUSMINUS",
      "Pd3-po",
      "Pd3fpr",
      "Pd3fso",
      "Pd3fsr",
      "Pd3mpo",
      "Pd3mpr",
      "Pd3mpr--y",
      "Pd3mso",
      "Pd3msr",
      "Pi3",
      "Pi3--r",
      "Pi3-po",
      "Pi3-so",
      "Pi3-sr",
      "Pi3fpr",
      "Pi3fso",
      "Pi3fsr",
      "Pi3mpr",
      "Pi3mso",
      "Pi3msr",
      "Pi3msr--y",
      "Pp1-pa--------w",
      "Pp1-pa--y-----w",
      "Pp1-pd--------s",
      "Pp1-pd--------w",
      "Pp1-pd--y-----w",
      "Pp1-pr--------s",
      "Pp1-sa--------s",
      "Pp1-sa--------w",
      "Pp1-sa--y-----w",
      "Pp1-sd--------s",
      "Pp1-sd--------w",
      "Pp1-sd--y-----w",
      "Pp1-sn--------s",
      "Pp2-----------s",
      "Pp2-pa--------w",
      "Pp2-pa--y-----w",
      "Pp2-pd--------w",
      "Pp2-pd--y-----w",
      "Pp2-pr--------s",
      "Pp2-sa--------s",
      "Pp2-sa--------w",
      "Pp2-sa--y-----w",
      "Pp2-sd--------s",
      "Pp2-sd--------w",
      "Pp2-sd--y-----w",
      "Pp2-sn--------s",
      "Pp2-so--------s",
      "Pp2-sr--------s",
      "Pp3-p---------s",
      "Pp3-pd--------w",
      "Pp3-pd--y-----w",
      "Pp3-po--------s",
      "Pp3-sd--------w",
      "Pp3-sd--y-----w",
      "Pp3fpa--------w",
      "Pp3fpa--y-----w",
      "Pp3fpr--------s",
      "Pp3fs---------s",
      "Pp3fsa--------w",
      "Pp3fsa--y-----w",
      "Pp3fso--------s",
      "Pp3fsr--------s",
      "Pp3fsr--y-----s",
      "Pp3mpa--------w",
      "Pp3mpa--y-----w",
      "Pp3mpr--------s",
      "Pp3ms---------s",
      "Pp3msa--------w",
      "Pp3msa--y-----w",
      "Pp3mso--------s",
      "Pp3msr--------s",
      "Pp3msr--y-----s",
      "Ps1fp-s",
      "Ps1fsrp",
      "Ps1fsrs",
      "Ps1mp-p",
      "Ps1ms-p",
      "Ps2fp-s",
      "Ps2fsrp",
      "Ps2fsrs",
      "Ps2ms-s",
      "Ps3---p",
      "Ps3---s",
      "Ps3fp-s",
      "Ps3fsrs",
      "Ps3mp-s",
      "Ps3ms-s",
      "Pw3--r",
      "Pw3-po",
      "Pw3-so",
      "Pw3fpr",
      "Pw3fso",
      "Pw3mpr",
      "Pw3mso",
      "Px3--a--------s",
      "Px3--a--------w",
      "Px3--a--y-----w",
      "Px3--d--------w",
      "Px3--d--y-----w",
      "Pz3-sr",
      "Pz3fsr",
      "QUEST",
      "QUOT",
      "Qf",
      "Qn",
      "Qs",
      "Qs-y",
      "Qz",
      "Qz-y",
      "RCURL",
      "RPAR",
      "RSQR",
      "Rc",
      "Rgc",
      "Rgp",
      "Rgpy",
      "Rgs",
      "Rp",
      "Rw",
      "Rw-y",
      "Rz",
      "SCOLON",
      "SLASH",
      "STAR",
      "Sp",
      "Spsa",
      "Spsay",
      "Spsd",
      "Spsg",
      "Td-po",
      "Tdfpr",
      "Tdfso",
      "Tdfsr",
      "Tdmpr",
      "Tdmso",
      "Tdmsr",
      "Tf-so",
      "Tffpoy",
      "Tffpry",
      "Tffs-y",
      "Tfmpoy",
      "Tfms-y",
      "Tfmsoy",
      "Tfmsry",
      "Ti-po",
      "Tifp-y",
      "Tifso",
      "Tifsr",
      "Timso",
      "Timsr",
      "Tsfp",
      "Tsfs",
      "Tsmp",
      "Tsms",
      "UNDERSC",
      "Va--1",
      "Va--1-----y",
      "Va--1p",
      "Va--1s",
      "Va--1s----y",
      "Va--2p",
      "Va--2p----y",
      "Va--2s",
      "Va--2s----y",
      "Va--3",
      "Va--3-----y",
      "Va--3p",
      "Va--3p----y",
      "Va--3s",
      "Va--3s----y",
      "Vag",
      "Vaii1",
      "Vaii2s",
      "Vaii3p",
      "Vaii3s",
      "Vail3p",
      "Vail3s",
      "Vaip1p",
      "Vaip1s",
      "Vaip2p",
      "Vaip2s",
      "Vaip3p",
      "Vaip3p----y",
      "Vaip3s",
      "Vaip3s----y",
      "Vais3p",
      "Vais3s",
      "Vam-2s",
      "Vanp",
      "Vap--sm",
      "Vasp1p",
      "Vasp1s",
      "Vasp2p",
      "Vasp2s",
      "Vasp3",
      "Vmg",
      "Vmg-------y",
      "Vmii1",
      "Vmii1-----y",
      "Vmii2p",
      "Vmii2s",
      "Vmii3p",
      "Vmii3p----y",
      "Vmii3s",
      "Vmii3s----y",
      "Vmil1",
      "Vmil1p",
      "Vmil2s",
      "Vmil3p",
      "Vmil3p----y",
      "Vmil3s",
      "Vmil3s----y",
      "Vmip1p",
      "Vmip1p----y",
      "Vmip1s",
      "Vmip1s----y",
      "Vmip2p",
      "Vmip2s",
      "Vmip2s----y",
      "Vmip3",
      "Vmip3-----y",
      "Vmip3p",
      "Vmip3s",
      "Vmip3s----y",
      "Vmis1p",
      "Vmis1s",
      "Vmis3p",
      "Vmis3p----y",
      "Vmis3s",
      "Vmis3s----y",
      "Vmm-2p",
      "Vmm-2s",
      "Vmnp",
      "Vmnp------y",
      "Vmp--pf",
      "Vmp--pm",
      "Vmp--sf",
      "Vmp--sm",
      "Vmp--sm---y",
      "Vmsp1p",
      "Vmsp1s",
      "Vmsp2s",
      "Vmsp3",
      "Vmsp3-----y",
      "X",
      "Y",
      "Ya",
      "Yn",
      "Ynfsoy",
      "Ynfsry",
      "Ynmsoy",
      "Ynmsry",
      "Yp",
      "Yp-sr",
      "Yr",
      "_SP"
    ],
    "parser": [
      "ROOT",
      "acl",
      "advcl",
      "advcl:tcl",
      "advmod",
      "advmod:tmod",
      "amod",
      "appos",
      "aux",
      "aux:pass",
      "case",
      "cc",
      "cc:preconj",
      "ccomp",
      "ccomp:pmod",
      "compound",
      "conj",
      "cop",
      "csubj",
      "csubj:pass",
      "dep",
      "det",
      "expl",
      "expl:impers",
      "expl:pass",
      "expl:poss",
      "expl:pv",
      "fixed",
      "flat",
      "goeswith",
      "iobj",
      "mark",
      "nmod",
      "nmod:agent",
      "nmod:pmod",
      "nmod:tmod",
      "nsubj",
      "nsubj:pass",
      "nummod",
      "obj",
      "obl",
      "orphan",
      "parataxis",
      "punct",
      "vocative",
      "xcomp"
    ],
    "ner": [
      "DATETIME",
      "EVENT",
      "FACILITY",
      "GPE",
      "LANGUAGE",
      "LOC",
      "MONEY",
      "NAT_REL_POL",
      "NUMERIC_VALUE",
      "ORDINAL",
      "ORGANIZATION",
      "PERIOD",
      "PERSON",
      "PRODUCT",
      "QUANTITY",
      "WORK_OF_ART"
    ]
  },
  "vectors": {
    "width": 300,
    "vectors": 20000,
    "keys": 500000,
    "name": "ro_core_news_md.vectors"
  },
  "size": "43 MB",
  "checksum": "41cf38ee8c5973c1ef16537267cecf472b357b0f42ce46c75f375365b9477537"
}