{
  "lang": "ru",
  "name": "core_news_lg",
  "version": "3.0.0a1",
  "description": "Russian pipeline optimized for CPU. Components: tok2vec, morphologizer, parser, senter, ner, attribute_ruler, lemmatizer.",
  "author": "Explosion",
  "email": "contact@explosion.ai",
  "url": "https://explosion.ai",
  "license": "MIT",
  "spacy_version": ">=3.0.0rc3,<3.1.0",
  "spacy_git_version": "43a752a2a",
  "vectors": {
    "width": 300,
    "vectors": 500002,
    "keys": 500002,
    "name": "ru_vectors"
  },
  "labels": {
    "tok2vec": [],
    "morphologizer": [
      "Case=Nom|Degree=Pos|Number=Plur|POS=ADJ",
      "Animacy=Anim|Case=Nom|Gender=Masc|Number=Plur|POS=NOUN",
      "Aspect=Perf|Mood=Ind|Number=Plur|POS=VERB|Tense=Past|VerbForm=Fin|Voice=Act",
      "Animacy=Inan|Case=Acc|POS=NUM",
      "Animacy=Inan|Case=Gen|Gender=Fem|Number=Plur|POS=NOUN",
      "Case=Gen|Degree=Pos|Gender=Masc|Number=Sing|POS=ADJ",
      "Animacy=Inan|Case=Gen|Gender=Masc|Number=Sing|POS=NOUN",
      "POS=ADP",
      "Case=Gen|Gender=Fem|Number=Sing|POS=DET",
      "Animacy=Inan|Case=Gen|Gender=Fem|Number=Sing|POS=NOUN",
      "POS=PUNCT",
      "Degree=Pos|POS=ADV",
      "Aspect=Imp|Mood=Ind|Number=Plur|POS=VERB|Tense=Past|VerbForm=Fin|Voice=Mid",
      "Animacy=Inan|Case=Nom|Gender=Masc|Number=Plur|POS=NOUN",
      "Animacy=Anim|Case=Gen|Gender=Masc|Number=Plur|POS=NOUN",
      "Aspect=Perf|Case=Gen|Number=Plur|POS=VERB|Tense=Past|VerbForm=Part|Voice=Pass",
      "Case=Loc|Degree=Pos|Number=Plur|POS=ADJ",
      "Animacy=Inan|Case=Loc|Gender=Neut|Number=Plur|POS=NOUN",
      "Animacy=Inan|Case=Loc|Gender=Neut|Number=Sing|POS=PRON",
      "Aspect=Imp|Mood=Ind|Number=Sing|POS=VERB|Person=Third|Tense=Pres|VerbForm=Fin|Voice=Act",
      "Animacy=Inan|Case=Nom|Gender=Neut|Number=Sing|POS=NOUN",
      "Foreign=Yes|POS=PROPN",
      "Case=Loc|Gender=Fem|Number=Sing|POS=NUM",
      "Aspect=Imp|Gender=Neut|Mood=Ind|Number=Sing|POS=VERB|Tense=Past|VerbForm=Fin|Voice=Act",
      "Animacy=Anim|Case=Gen|Gender=Masc|Number=Sing|POS=NOUN",
      "Animacy=Inan|Case=Loc|Gender=Masc|Number=Sing|POS=NOUN",
      "POS=NUM",
      "Animacy=Inan|Case=Gen|Gender=Masc|Number=Plur|POS=NOUN",
      "Case=Nom|Gender=Masc|Number=Sing|POS=PRON|Person=Third",
      "Aspect=Imp|Gender=Masc|Mood=Ind|Number=Sing|POS=AUX|Tense=Past|VerbForm=Fin|Voice=Act",
      "Animacy=Anim|Case=Ins|Gender=Masc|Number=Sing|POS=NOUN",
      "Animacy=Inan|Case=Dat|Gender=Neut|Number=Sing|POS=NOUN",
      "POS=DET",
      "Animacy=Inan|Case=Nom|Gender=Fem|Number=Sing|POS=NOUN",
      "Aspect=Perf|Gender=Fem|Mood=Ind|Number=Sing|POS=VERB|Tense=Past|VerbForm=Fin|Voice=Act",
      "Case=Dat|Degree=Pos|Number=Plur|POS=ADJ",
      "Animacy=Inan|Case=Dat|Gender=Fem|Number=Plur|POS=NOUN",
      "Animacy=Inan|Case=Nom|Gender=Masc|Number=Sing|POS=NOUN",
      "Aspect=Perf|Gender=Masc|Mood=Ind|Number=Sing|POS=VERB|Tense=Past|VerbForm=Fin|Voice=Act",
      "POS=SCONJ",
      "Animacy=Inan|Case=Ins|Gender=Neut|Number=Sing|POS=NOUN",
      "Case=Acc|Gender=Neut|Number=Sing|POS=PRON|Person=Third",
      "Case=Acc|POS=NUM",
      "Case=Ins|Degree=Pos|Number=Plur|POS=ADJ",
      "Animacy=Inan|Case=Ins|Gender=Masc|Number=Plur|POS=NOUN",
      "POS=CCONJ",
      "Case=Nom|POS=NUM",
      "Animacy=Inan|Case=Dat|Gender=Masc|Number=Sing|POS=NOUN",
      "Aspect=Perf|Gender=Masc|Number=Sing|POS=VERB|StyleVariant=Short|Tense=Past|VerbForm=Part|Voice=Pass",
      "Case=Nom|Degree=Pos|Gender=Masc|Number=Sing|POS=ADJ",
      "Case=Ins|Degree=Pos|Gender=Neut|Number=Sing|POS=ADJ",
      "Aspect=Imp|Mood=Ind|Number=Plur|POS=VERB|Person=Third|Tense=Pres|VerbForm=Fin|Voice=Act",
      "Case=Nom|Gender=Masc|Number=Sing|POS=DET",
      "Aspect=Imp|Gender=Masc|Mood=Ind|Number=Sing|POS=VERB|Tense=Past|VerbForm=Fin|Voice=Act",
      "Case=Acc|Degree=Pos|Gender=Fem|Number=Sing|POS=ADJ",
      "Animacy=Inan|Case=Acc|Gender=Fem|Number=Sing|POS=NOUN",
      "Case=Nom|Gender=Fem|Number=Sing|POS=PRON",
      "Aspect=Imp|Mood=Ind|Number=Sing|POS=VERB|Person=Third|Tense=Pres|VerbForm=Fin|Voice=Mid",
      "Case=Ins|Degree=Pos|Gender=Fem|Number=Sing|POS=ADJ",
      "Animacy=Anim|Case=Nom|Gender=Fem|Number=Sing|POS=NOUN",
      "Case=Dat|Degree=Pos|Gender=Fem|Number=Sing|POS=ADJ",
      "Animacy=Inan|Case=Dat|Gender=Fem|Number=Sing|POS=NOUN",
      "Animacy=Inan|Case=Gen|Gender=Neut|Number=Sing|POS=NOUN",
      "Animacy=Inan|Case=Nom|Gender=Neut|Number=Plur|POS=NOUN",
      "Degree=Pos|Number=Plur|POS=ADJ|StyleVariant=Short",
      "Aspect=Imp|Mood=Ind|Number=Plur|POS=AUX|Tense=Past|VerbForm=Fin|Voice=Act",
      "Aspect=Perf|POS=VERB|VerbForm=Inf|Voice=Act",
      "Animacy=Inan|Case=Acc|Gender=Neut|Number=Sing|POS=PRON",
      "Case=Loc|Degree=Pos|Gender=Fem|Number=Sing|POS=ADJ",
      "Animacy=Inan|Case=Loc|Gender=Fem|Number=Sing|POS=NOUN",
      "Animacy=Inan|Case=Loc|Gender=Masc|Number=Plur|POS=NOUN",
      "Case=Gen|Degree=Pos|Gender=Fem|Number=Sing|POS=ADJ",
      "Aspect=Perf|Number=Plur|POS=VERB|StyleVariant=Short|Tense=Past|VerbForm=Part|Voice=Pass",
      "Animacy=Anim|Case=Acc|Gender=Masc|POS=NUM",
      "Animacy=Anim|Case=Gen|Gender=Fem|Number=Plur|POS=NOUN",
      "Animacy=Anim|Case=Acc|Gender=Neut|Number=Plur|POS=NOUN",
      "Mood=Cnd|POS=SCONJ",
      "Case=Nom|Number=Plur|POS=PRON|Person=Third",
      "POS=PART|Polarity=Neg",
      "Aspect=Imp|POS=VERB|VerbForm=Inf|Voice=Mid",
      "Animacy=Inan|Aspect=Perf|Case=Acc|Number=Plur|POS=VERB|Tense=Past|VerbForm=Part|Voice=Pass",
      "Animacy=Inan|Case=Acc|Gender=Fem|Number=Plur|POS=NOUN",
      "Case=Nom|Number=Plur|POS=DET",
      "Aspect=Imp|Mood=Ind|Number=Plur|POS=VERB|Tense=Past|VerbForm=Fin|Voice=Act",
      "Animacy=Anim|Case=Acc|Gender=Masc|Number=Sing|POS=NOUN",
      "Aspect=Imp|Gender=Neut|Mood=Ind|Number=Sing|POS=VERB|Tense=Past|VerbForm=Fin|Voice=Mid",
      "Animacy=Inan|Case=Acc|Gender=Masc|Number=Sing|POS=NOUN",
      "Animacy=Anim|Case=Acc|Number=Plur|POS=PRON",
      "Animacy=Inan|Case=Acc|Gender=Neut|Number=Sing|POS=NOUN",
      "Case=Gen|Degree=Pos|Gender=Neut|Number=Sing|POS=ADJ",
      "Animacy=Anim|Case=Gen|Gender=Masc|Number=Sing|POS=PROPN",
      "Animacy=Anim|Case=Nom|Gender=Fem|Number=Sing|POS=PROPN",
      "Aspect=Imp|Gender=Fem|Mood=Ind|Number=Sing|POS=VERB|Tense=Past|VerbForm=Fin|Voice=Act",
      "POS=INTJ",
      "Animacy=Inan|Case=Loc|Gender=Fem|Number=Plur|POS=NOUN",
      "Animacy=Inan|Case=Nom|Gender=Neut|Number=Sing|POS=PRON",
      "Aspect=Imp|Gender=Fem|Mood=Ind|Number=Sing|POS=AUX|Tense=Past|VerbForm=Fin|Voice=Act",
      "Case=Nom|Degree=Pos|Gender=Fem|Number=Sing|POS=ADJ",
      "Case=Acc|Gender=Masc|Number=Sing|POS=PRON|Person=Third",
      "Case=Nom|Number=Plur|POS=PRON",
      "Aspect=Imp|Gender=Masc|Mood=Ind|Number=Sing|POS=VERB|Tense=Past|VerbForm=Fin|Voice=Mid",
      "Aspect=Imp|Gender=Masc|Mood=Ind|Number=Sing|POS=VERB|Tense=Past|VerbForm=Fin|Voice=Pass",
      "Degree=Pos|Gender=Fem|Number=Sing|POS=ADJ|StyleVariant=Short",
      "Case=Gen|Gender=Masc|Number=Sing|POS=PRON|Person=Third",
      "Case=Gen|POS=PRON",
      "Animacy=Inan|Case=Dat|Gender=Neut|Number=Plur|POS=NOUN",
      "Animacy=Anim|Case=Nom|Gender=Masc|Number=Sing|POS=PROPN",
      "Aspect=Imp|POS=VERB|VerbForm=Inf|Voice=Act",
      "Animacy=Anim|Case=Nom|Gender=Masc|Number=Sing|POS=NOUN",
      "Case=Acc|Gender=Fem|Number=Sing|POS=PRON|Person=Third",
      "Animacy=Inan|Case=Acc|Number=Plur|POS=DET",
      "Case=Nom|POS=PRON",
      "Animacy=Anim|Case=Ins|Gender=Masc|Number=Plur|POS=NOUN",
      "POS=ADJ",
      "Case=Loc|Degree=Pos|Gender=Masc|Number=Sing|POS=ADJ",
      "Animacy=Inan|Case=Gen|Gender=Fem|Number=Sing|POS=PROPN",
      "Aspect=Imp|Mood=Ind|Number=Sing|POS=AUX|Person=Third|Tense=Pres|VerbForm=Fin|Voice=Act",
      "Case=Nom|Gender=Fem|Number=Sing|POS=PRON|Person=Third",
      "Case=Ins|Gender=Masc|Number=Sing|POS=DET",
      "Animacy=Inan|Case=Ins|Gender=Masc|Number=Sing|POS=NOUN",
      "Aspect=Perf|Case=Acc|Gender=Neut|Number=Sing|POS=VERB|Tense=Past|VerbForm=Part|Voice=Pass",
      "Animacy=Inan|Case=Loc|Gender=Neut|Number=Sing|POS=NOUN",
      "Animacy=Inan|Case=Gen|Gender=Masc|Number=Sing|POS=PROPN",
      "Case=Nom|Number=Sing|POS=PRON|Person=First",
      "Aspect=Imp|Mood=Ind|Number=Sing|POS=VERB|Person=First|Tense=Pres|VerbForm=Fin|Voice=Act",
      "Animacy=Inan|Case=Acc|Degree=Pos|Gender=Masc|Number=Sing|POS=ADJ",
      "Mood=Cnd|POS=AUX",
      "Case=Nom|Number=Plur|POS=PRON|Person=First",
      "Case=Gen|Number=Plur|POS=DET",
      "Animacy=Inan|Case=Ins|Gender=Masc|Number=Sing|POS=PROPN",
      "Aspect=Imp|Case=Gen|Gender=Masc|Number=Sing|POS=VERB|Tense=Pres|VerbForm=Part|Voice=Act",
      "Animacy=Inan|Case=Ins|Gender=Neut|Number=Sing|POS=PRON",
      "Aspect=Perf|POS=VERB|VerbForm=Inf|Voice=Mid",
      "Aspect=Perf|Case=Gen|Number=Plur|POS=VERB|Tense=Past|VerbForm=Part|Voice=Act",
      "Animacy=Inan|Case=Acc|Gender=Masc|Number=Sing|POS=PROPN",
      "Animacy=Inan|Case=Acc|Gender=Neut|Number=Sing|POS=DET",
      "POS=PART",
      "Case=Dat|Gender=Masc|Number=Sing|POS=DET",
      "Aspect=Perf|Mood=Ind|Number=Plur|POS=VERB|Person=Third|Tense=Fut|VerbForm=Fin|Voice=Mid",
      "Aspect=Perf|Gender=Masc|Mood=Ind|Number=Sing|POS=VERB|Tense=Past|VerbForm=Fin|Voice=Mid",
      "Case=Nom|Gender=Masc|Number=Sing|POS=NUM",
      "Animacy=Anim|Case=Dat|Gender=Fem|Number=Sing|POS=PROPN",
      "Aspect=Perf|Mood=Ind|Number=Sing|POS=VERB|Person=Third|Tense=Fut|VerbForm=Fin|Voice=Mid",
      "Case=Loc|Gender=Masc|Number=Sing|POS=DET",
      "Aspect=Perf|Gender=Neut|Mood=Ind|Number=Sing|POS=VERB|Tense=Past|VerbForm=Fin|Voice=Act",
      "Degree=Pos|Gender=Neut|Number=Sing|POS=ADJ|StyleVariant=Short",
      "Animacy=Inan|Case=Gen|Gender=Neut|Number=Plur|POS=NOUN",
      "Animacy=Anim|Case=Dat|Gender=Masc|Number=Sing|POS=NOUN",
      "Case=Nom|Gender=Neut|Number=Sing|POS=PRON|Person=Third",
      "Aspect=Perf|Gender=Neut|Number=Sing|POS=VERB|StyleVariant=Short|Tense=Past|VerbForm=Part|Voice=Pass",
      "Animacy=Inan|Case=Loc|Gender=Fem|Number=Sing|POS=PROPN",
      "Animacy=Inan|Case=Acc|Gender=Masc|Number=Plur|POS=NOUN",
      "Aspect=Perf|Mood=Ind|Number=Plur|POS=VERB|Person=Third|Tense=Fut|VerbForm=Fin|Voice=Act",
      "Aspect=Perf|Mood=Ind|Number=Plur|POS=VERB|Tense=Past|VerbForm=Fin|Voice=Mid",
      "Animacy=Inan|Case=Gen|Gender=Neut|Number=Sing|POS=PRON",
      "Aspect=Perf|Case=Loc|Gender=Neut|Number=Sing|POS=VERB|Tense=Past|VerbForm=Part|Voice=Pass",
      "Animacy=Inan|Case=Loc|Gender=Neut|Number=Sing|POS=PROPN",
      "Case=Dat|Degree=Pos|Gender=Masc|Number=Sing|POS=ADJ",
      "Animacy=Inan|Case=Dat|Gender=Masc|Number=Plur|POS=PROPN",
      "Animacy=Inan|Case=Acc|Degree=Pos|Number=Plur|POS=ADJ",
      "Animacy=Inan|Case=Acc|Gender=Neut|Number=Plur|POS=NOUN",
      "Foreign=Yes|POS=X",
      "Animacy=Inan|Case=Loc|Gender=Masc|Number=Sing|POS=PROPN",
      "Aspect=Imp|POS=VERB|Tense=Pres|VerbForm=Conv|Voice=Act",
      "Case=Gen|Degree=Pos|Number=Plur|POS=ADJ",
      "Animacy=Inan|Case=Ins|Gender=Fem|Number=Sing|POS=NOUN",
      "Aspect=Imp|Gender=Neut|Mood=Ind|Number=Sing|POS=AUX|Tense=Past|VerbForm=Fin|Voice=Act",
      "Case=Nom|Degree=Pos|Gender=Neut|Number=Sing|POS=ADJ",
      "Aspect=Imp|Case=Nom|Number=Plur|POS=VERB|Tense=Past|VerbForm=Part|Voice=Act",
      "Case=Gen|POS=NUM",
      "Animacy=Inan|Case=Acc|Gender=Masc|POS=NUM",
      "Aspect=Imp|Case=Gen|Number=Plur|POS=VERB|Tense=Pres|VerbForm=Part|Voice=Act",
      "Animacy=Inan|Case=Ins|Gender=Fem|Number=Sing|POS=PROPN",
      "Animacy=Inan|Case=Ins|Gender=Neut|Number=Sing|POS=PROPN",
      "Animacy=Inan|Case=Nom|Gender=Fem|Number=Plur|POS=NOUN",
      "Aspect=Imp|Mood=Ind|Number=Sing|POS=VERB|Person=Third|Tense=Pres|VerbForm=Fin|Voice=Pass",
      "Aspect=Imp|POS=VERB|VerbForm=Inf|Voice=Pass",
      "Case=Gen|Gender=Fem|Number=Sing|POS=NUM",
      "Case=Ins|Degree=Pos|Gender=Masc|Number=Sing|POS=ADJ",
      "Animacy=Inan|Case=Acc|Degree=Pos|Gender=Neut|Number=Sing|POS=ADJ",
      "Aspect=Perf|Mood=Ind|Number=Sing|POS=VERB|Person=Third|Tense=Fut|VerbForm=Fin|Voice=Act",
      "Animacy=Inan|Case=Ins|Gender=Neut|Number=Plur|POS=NOUN",
      "Case=Loc|Gender=Fem|Number=Sing|POS=DET",
      "Animacy=Inan|Case=Nom|Gender=Masc|Number=Sing|POS=PROPN",
      "Case=Loc|Gender=Masc|Number=Sing|POS=PRON",
      "Aspect=Perf|Gender=Neut|Mood=Ind|Number=Sing|POS=VERB|Tense=Past|VerbForm=Fin|Voice=Mid",
      "Animacy=Anim|Case=Dat|Gender=Masc|Number=Plur|POS=NOUN",
      "Animacy=Anim|Case=Acc|Gender=Masc|Number=Plur|POS=NOUN",
      "Animacy=Anim|Case=Acc|Gender=Masc|Number=Sing|POS=PROPN",
      "Animacy=Anim|Case=Ins|Gender=Masc|Number=Sing|POS=PROPN",
      "Aspect=Perf|Case=Gen|Gender=Masc|Number=Sing|POS=VERB|Tense=Past|VerbForm=Part|Voice=Act",
      "Animacy=Inan|Case=Nom|Gender=Fem|Number=Sing|POS=PROPN",
      "Animacy=Inan|Case=Acc|Number=Plur|POS=PRON|Person=Third",
      "Case=Nom|Gender=Masc|Number=Sing|POS=PRON",
      "Case=Dat|POS=PRON",
      "Aspect=Imp|Mood=Ind|Number=Plur|POS=VERB|Person=Third|Tense=Pres|VerbForm=Fin|Voice=Mid",
      "Animacy=Inan|Case=Nom|Gender=Neut|Number=Sing|POS=PROPN",
      "Animacy=Inan|Case=Nom|Gender=Fem|Number=Plur|POS=PROPN",
      "Case=Dat|Gender=Fem|Number=Sing|POS=PRON",
      "Case=Ins|Number=Plur|POS=PRON|Person=Third",
      "Animacy=Inan|Case=Acc|Gender=Fem|Number=Sing|POS=PROPN",
      "Animacy=Inan|Case=Dat|Gender=Masc|Number=Plur|POS=NOUN",
      "Aspect=Perf|Case=Gen|Gender=Fem|Number=Sing|POS=VERB|Tense=Past|VerbForm=Part|Voice=Pass",
      "Aspect=Imp|POS=AUX|VerbForm=Inf|Voice=Act",
      "Aspect=Imp|Mood=Ind|Number=Plur|POS=AUX|Person=Third|Tense=Pres|VerbForm=Fin|Voice=Act",
      "Aspect=Imp|Case=Gen|Gender=Fem|Number=Sing|POS=VERB|Tense=Pres|VerbForm=Part|Voice=Act",
      "Aspect=Perf|Case=Dat|Number=Plur|POS=VERB|Tense=Past|VerbForm=Part|Voice=Pass",
      "Degree=Pos|Gender=Masc|Number=Sing|POS=ADJ|StyleVariant=Short",
      "Degree=Cmp|POS=ADV",
      "Aspect=Perf|Case=Loc|Number=Plur|POS=VERB|Tense=Past|VerbForm=Part|Voice=Pass",
      "Aspect=Imp|Case=Ins|Gender=Fem|Number=Sing|POS=VERB|Tense=Pres|VerbForm=Part|Voice=Pass",
      "Aspect=Perf|Gender=Fem|Mood=Ind|Number=Sing|POS=VERB|Tense=Past|VerbForm=Fin|Voice=Mid",
      "Aspect=Imp|Gender=Neut|Mood=Ind|Number=Sing|POS=VERB|Tense=Past|VerbForm=Fin|Voice=Pass",
      "Aspect=Imp|Mood=Ind|Number=Plur|POS=AUX|Person=First|Tense=Pres|VerbForm=Fin|Voice=Act",
      "Case=Ins|Number=Plur|POS=DET",
      "Aspect=Perf|Mood=Ind|Number=Plur|POS=VERB|Person=First|Tense=Fut|VerbForm=Fin|Voice=Act",
      "Aspect=Imp|Case=Acc|Gender=Fem|Number=Sing|POS=VERB|Tense=Pres|VerbForm=Part|Voice=Act",
      "Animacy=Inan|Case=Dat|Gender=Neut|Number=Sing|POS=PRON",
      "Case=Loc|Degree=Pos|Gender=Neut|Number=Sing|POS=ADJ",
      "Animacy=Inan|Case=Gen|Gender=Fem|Number=Plur|POS=PROPN",
      "Case=Nom|Gender=Neut|Number=Sing|POS=DET",
      "Animacy=Inan|Case=Gen|Gender=Neut|Number=Sing|POS=PROPN",
      "Aspect=Imp|Case=Nom|Number=Plur|POS=VERB|Tense=Pres|VerbForm=Part|Voice=Act",
      "Case=Gen|Gender=Masc|POS=NUM",
      "Animacy=Anim|Case=Dat|Gender=Fem|Number=Sing|POS=NOUN",
      "Aspect=Imp|Case=Ins|Gender=Fem|Number=Sing|POS=VERB|Tense=Pres|VerbForm=Part|Voice=Act",
      "Animacy=Anim|Case=Ins|Gender=Fem|Number=Sing|POS=NOUN",
      "Aspect=Imp|Case=Nom|Gender=Fem|Number=Sing|POS=VERB|Tense=Past|VerbForm=Part|Voice=Act",
      "Aspect=Perf|Gender=Fem|Number=Sing|POS=VERB|StyleVariant=Short|Tense=Past|VerbForm=Part|Voice=Pass",
      "Aspect=Perf|POS=VERB|Tense=Past|VerbForm=Conv|Voice=Act",
      "Aspect=Imp|Case=Ins|Gender=Masc|Number=Sing|POS=VERB|Tense=Pres|VerbForm=Part|Voice=Pass",
      "Case=Loc|Gender=Neut|Number=Sing|POS=DET",
      "Animacy=Anim|Case=Gen|Gender=Fem|Number=Sing|POS=NOUN",
      "Animacy=Inan|Case=Acc|Gender=Neut|Number=Sing|POS=PROPN",
      "Aspect=Imp|Case=Loc|Gender=Masc|Number=Sing|POS=VERB|Tense=Pres|VerbForm=Part|Voice=Act",
      "Aspect=Imp|Case=Dat|Number=Plur|POS=VERB|Tense=Pres|VerbForm=Part|Voice=Act",
      "Aspect=Perf|Case=Nom|Gender=Masc|Number=Sing|POS=VERB|Tense=Past|VerbForm=Part|Voice=Pass",
      "Aspect=Perf|Case=Loc|Gender=Fem|Number=Sing|POS=VERB|Tense=Past|VerbForm=Part|Voice=Pass",
      "Case=Dat|Number=Sing|POS=PRON|Person=Second",
      "Case=Nom|Gender=Fem|Number=Sing|POS=DET",
      "POS=ADV",
      "Case=Acc|POS=PRON",
      "Animacy=Anim|Case=Loc|Gender=Masc|Number=Sing|POS=NOUN",
      "Case=Ins|Gender=Masc|Number=Sing|POS=NUM",
      "Case=Ins|POS=NUM",
      "Aspect=Imp|Mood=Ind|Number=Plur|POS=VERB|Person=First|Tense=Pres|VerbForm=Fin|Voice=Act",
      "Aspect=Perf|Case=Nom|Gender=Fem|Number=Sing|POS=VERB|Tense=Past|VerbForm=Part|Voice=Pass",
      "Animacy=Inan|Case=Ins|Gender=Fem|Number=Plur|POS=NOUN",
      "Case=Gen|Gender=Masc|Number=Sing|POS=DET",
      "Aspect=Imp|Case=Nom|Gender=Masc|Number=Sing|POS=VERB|Tense=Pres|VerbForm=Part|Voice=Act",
      "Animacy=Anim|Case=Acc|Degree=Pos|Number=Plur|POS=ADJ",
      "Case=Dat|Gender=Fem|Number=Sing|POS=PRON|Person=Third",
      "Case=Gen|Gender=Masc|Number=Sing|POS=NUM",
      "Case=Acc|Gender=Masc|Number=Sing|POS=DET",
      "Aspect=Perf|Case=Ins|Gender=Fem|Number=Sing|POS=VERB|Tense=Past|VerbForm=Part|Voice=Pass",
      "Case=Loc|POS=PRON",
      "Animacy=Inan|Case=Acc|Degree=Pos|Number=Plur|POS=DET",
      "Animacy=Inan|Case=Dat|Gender=Masc|Number=Sing|POS=PROPN",
      "Case=Loc|Gender=Masc|Number=Sing|POS=PRON|Person=Third",
      "Animacy=Anim|Aspect=Perf|Case=Acc|Gender=Masc|Number=Sing|POS=VERB|Tense=Past|VerbForm=Part|Voice=Pass",
      "Case=Loc|Gender=Fem|Number=Sing|POS=PRON",
      "Aspect=Perf|Case=Ins|Number=Plur|POS=VERB|Tense=Past|VerbForm=Part|Voice=Pass",
      "Animacy=Anim|Case=Acc|Degree=Pos|Gender=Masc|Number=Sing|POS=ADJ",
      "Aspect=Imp|Mood=Imp|Number=Plur|POS=VERB|Person=Second|VerbForm=Fin|Voice=Act",
      "Case=Nom|Number=Plur|POS=PRON|Person=Second",
      "Aspect=Perf|Mood=Ind|Number=Plur|POS=VERB|Person=Second|Tense=Fut|VerbForm=Fin|Voice=Act",
      "POS=SYM",
      "Degree=Cmp|POS=ADJ",
      "Animacy=Inan|Case=Dat|Gender=Fem|Number=Sing|POS=PROPN",
      "Aspect=Imp|Case=Nom|Gender=Masc|Number=Sing|POS=VERB|Tense=Pres|VerbForm=Part|Voice=Pass",
      "Case=Acc|Gender=Masc|POS=NUM",
      "Animacy=Inan|Case=Nom|Gender=Masc|Number=Plur|POS=PROPN",
      "Case=Nom|Gender=Fem|POS=NUM",
      "Animacy=Inan|Case=Loc|Gender=Masc|Number=Plur|POS=PROPN",
      "Animacy=Anim|Case=Acc|Gender=Fem|Number=Sing|POS=NOUN",
      "Animacy=Anim|Case=Acc|Gender=Fem|Number=Sing|POS=PROPN",
      "Aspect=Perf|Case=Gen|Gender=Masc|Number=Sing|POS=VERB|Tense=Past|VerbForm=Part|Voice=Pass",
      "Animacy=Inan|Case=Gen|Gender=Masc|Number=Plur|POS=PROPN",
      "Degree=Pos|POS=ADJ",
      "Case=Ins|Degree=Sup|Gender=Fem|Number=Sing|POS=ADJ",
      "Animacy=Inan|Case=Ins|Gender=Masc|Number=Plur|POS=PROPN",
      "Animacy=Anim|Case=Dat|Gender=Masc|Number=Sing|POS=PROPN",
      "Aspect=Imp|Mood=Ind|Number=Plur|POS=VERB|Tense=Past|VerbForm=Fin|Voice=Pass",
      "Aspect=Imp|Case=Acc|Gender=Fem|Number=Sing|POS=VERB|Tense=Pres|VerbForm=Part|Voice=Pass",
      "Case=Gen|Number=Plur|POS=PRON|Person=Third",
      "Animacy=Inan|Case=Acc|Number=Plur|POS=PRON",
      "Animacy=Anim|Case=Nom|Gender=Neut|Number=Plur|POS=NOUN",
      "Animacy=Anim|Case=Gen|Gender=Neut|Number=Plur|POS=NOUN",
      "Degree=Pos|Gender=Neut|Number=Sing|POS=PUNCT|StyleVariant=Short",
      "Case=Ins|Degree=Sup|Gender=Neut|Number=Sing|POS=ADJ",
      "Aspect=Imp|Case=Nom|Gender=Fem|Number=Sing|POS=VERB|Tense=Pres|VerbForm=Part|Voice=Pass",
      "Animacy=Anim|Case=Ins|Gender=Fem|Number=Plur|POS=NOUN",
      "Animacy=Anim|Case=Acc|Gender=Fem|Number=Plur|POS=NOUN",
      "Case=Dat|Degree=Pos|Gender=Neut|Number=Sing|POS=ADJ",
      "Animacy=Anim|Case=Nom|Gender=Fem|Number=Plur|POS=NOUN",
      "Animacy=Anim|Case=Dat|Gender=Fem|Number=Plur|POS=NOUN",
      "Animacy=Inan|Case=Nom|Gender=Neut|Number=Sing|POS=SCONJ",
      "Case=Loc|Gender=Neut|Number=Sing|POS=PRON",
      "Aspect=Imp|Case=Nom|Gender=Fem|Number=Sing|POS=VERB|Tense=Pres|VerbForm=Part|Voice=Act",
      "Aspect=Imp|Gender=Fem|Mood=Ind|Number=Sing|POS=VERB|Tense=Past|VerbForm=Fin|Voice=Mid",
      "Aspect=Imp|Mood=Ind|Number=Sing|POS=VERB|Person=First|Tense=Pres|VerbForm=Fin|Voice=Mid",
      "Case=Dat|Number=Sing|POS=PRON|Person=First",
      "Case=Acc|Gender=Fem|Number=Sing|POS=DET",
      "Aspect=Imp|Mood=Ind|Number=Plur|POS=VERB|Person=Second|Tense=Pres|VerbForm=Fin|Voice=Mid",
      "POS=NOUN",
      "Case=Dat|Number=Plur|POS=PRON|Person=Third",
      "Degree=Cmp|POS=NUM",
      "Case=Gen|Gender=Neut|Number=Sing|POS=NUM",
      "Aspect=Imp|Case=Nom|Number=Plur|POS=VERB|Tense=Pres|VerbForm=Part|Voice=Pass",
      "Case=Loc|Number=Plur|POS=DET",
      "Aspect=Perf|Case=Gen|Gender=Neut|Number=Sing|POS=VERB|Tense=Past|VerbForm=Part|Voice=Pass",
      "Aspect=Perf|Case=Nom|Gender=Neut|Number=Sing|POS=VERB|Tense=Past|VerbForm=Part|Voice=Act",
      "Case=Dat|POS=NUM",
      "Animacy=Anim|Aspect=Imp|Case=Acc|Number=Plur|POS=VERB|Tense=Pres|VerbForm=Part|Voice=Act",
      "Case=Ins|Gender=Fem|Number=Sing|POS=PRON|Person=Third",
      "Animacy=Anim|Case=Voc|Gender=Masc|Number=Sing|POS=NOUN",
      "Case=Gen|Gender=Fem|Number=Sing|POS=PRON|Person=Third",
      "Case=Nom|Degree=Pos|Gender=Fem|Number=Sing|POS=NUM",
      "Animacy=Anim|Case=Gen|Gender=Fem|Number=Sing|POS=PROPN",
      "Animacy=Anim|Case=Nom|Gender=Neut|Number=Sing|POS=NOUN",
      "Animacy=Inan|Case=Acc|Gender=Fem|POS=NUM",
      "Aspect=Perf|Case=Loc|Gender=Masc|Number=Sing|POS=VERB|Tense=Past|VerbForm=Part|Voice=Act",
      "Aspect=Perf|Case=Acc|Gender=Fem|Number=Sing|POS=VERB|Tense=Past|VerbForm=Part|Voice=Act",
      "Animacy=Anim|Case=Acc|Gender=Masc|Number=Sing|POS=PRON",
      "Case=Ins|Gender=Fem|Number=Sing|POS=DET",
      "Animacy=Anim|Case=Gen|Gender=Masc|Number=Plur|POS=PROPN",
      "Animacy=Inan|Case=Par|Gender=Masc|Number=Sing|POS=NOUN",
      "Aspect=Imp|Gender=Fem|Mood=Ind|Number=Sing|POS=VERB|Tense=Past|VerbForm=Fin|Voice=Pass",
      "Aspect=Perf|Case=Nom|Number=Plur|POS=VERB|Tense=Past|VerbForm=Part|Voice=Act",
      "Case=Gen|Gender=Masc|Number=Sing|POS=PRON",
      "Case=Gen|Number=Plur|POS=DET|Person=Third",
      "Animacy=Inan|Case=Dat|Gender=Neut|Number=Sing|POS=PROPN",
      "Animacy=Inan|Case=Gen|Gender=Masc|Number=Sing|POS=ADV",
      "Case=Nom|Gender=Fem|Number=Sing|POS=NUM",
      "Aspect=Perf|Case=Loc|Gender=Masc|Number=Sing|POS=VERB|Tense=Past|VerbForm=Part|Voice=Pass",
      "Aspect=Imp|Case=Gen|Gender=Masc|Number=Sing|POS=VERB|Tense=Pres|VerbForm=Part|Voice=Pass",
      "Case=Nom|Gender=Masc|POS=NUM",
      "Aspect=Imp|Case=Dat|Gender=Masc|Number=Sing|POS=VERB|Tense=Past|VerbForm=Part|Voice=Act",
      "Case=Loc|Gender=Fem|Number=Sing|POS=PRON|Person=Third",
      "Animacy=Anim|Case=Ins|Gender=Neut|Number=Plur|POS=NOUN",
      "Animacy=Inan|Aspect=Perf|Case=Acc|Gender=Masc|Number=Sing|POS=VERB|Tense=Past|VerbForm=Part|Voice=Act",
      "Aspect=Imp|Case=Nom|Gender=Masc|Number=Sing|POS=VERB|Tense=Past|VerbForm=Part|Voice=Act",
      "Aspect=Perf|Case=Gen|Gender=Neut|Number=Sing|POS=VERB|Tense=Past|VerbForm=Part|Voice=Act",
      "Case=Gen|Gender=Fem|POS=NUM",
      "Animacy=Anim|Aspect=Imp|Case=Acc|Gender=Masc|Number=Sing|POS=VERB|Tense=Pres|VerbForm=Part|Voice=Act",
      "Aspect=Perf|Case=Nom|Gender=Masc|Number=Sing|POS=VERB|Tense=Past|VerbForm=Part|Voice=Act",
      "POS=ADV|Polarity=Neg",
      "Case=Dat|Gender=Neut|Number=Sing|POS=PRON",
      "Aspect=Perf|Case=Nom|Number=Plur|POS=VERB|Tense=Past|VerbForm=Part|Voice=Pass",
      "Case=Acc|Gender=Neut|POS=NUM",
      "Aspect=Imp|Mood=Imp|Number=Sing|POS=VERB|Person=Second|VerbForm=Fin|Voice=Act",
      "Case=Gen|Number=Sing|POS=PRON|Person=First",
      "Case=Nom|Gender=Neut|POS=NUM",
      "Case=Gen|POS=VERB|Polarity=Neg",
      "Aspect=Imp|Mood=Ind|Number=Plur|POS=VERB|Person=Second|Tense=Pres|VerbForm=Fin|Voice=Act",
      "Case=Gen|Gender=Fem|Number=Sing|POS=PRON",
      "Aspect=Imp|Case=Dat|Gender=Masc|Number=Sing|POS=VERB|Tense=Pres|VerbForm=Part|Voice=Act",
      "Case=Loc|Number=Plur|POS=PRON",
      "Case=Loc|Number=Plur|POS=PRON|Person=Third",
      "Case=Gen|Number=Plur|POS=PRON",
      "Aspect=Perf|Case=Dat|Number=Plur|POS=VERB|Tense=Past|VerbForm=Part|Voice=Act",
      "Case=Acc|Gender=Fem|Number=Sing|POS=NUM",
      "Aspect=Imp|Case=Dat|Gender=Fem|Number=Sing|POS=VERB|Tense=Pres|VerbForm=Part|Voice=Act",
      "Animacy=Inan|Aspect=Perf|Case=Acc|Gender=Masc|Number=Sing|POS=VERB|Tense=Past|VerbForm=Part|Voice=Pass",
      "POS=CCONJ|Polarity=Neg",
      "Animacy=Inan|Aspect=Imp|Case=Acc|Gender=Masc|Number=Sing|POS=VERB|Tense=Past|VerbForm=Part|Voice=Act",
      "Aspect=Imp|Case=Gen|Number=Plur|POS=VERB|Tense=Pres|VerbForm=Part|Voice=Pass",
      "Case=Ins|Gender=Masc|Number=Sing|POS=PRON|Person=Third",
      "Case=Dat|Gender=Neut|Number=Sing|POS=DET",
      "Aspect=Imp|Gender=Neut|Mood=Ind|Number=Sing|POS=PRON|Tense=Past|VerbForm=Fin|Voice=Act",
      "Aspect=Imp|POS=VERB|Tense=Pres|VerbForm=Conv|Voice=Mid",
      "Case=Gen|Gender=Neut|Number=Sing|POS=DET",
      "Case=Nom|Number=Sing|POS=PRON|Person=Second",
      "Aspect=Imp|Mood=Ind|Number=Sing|POS=VERB|Person=Second|Tense=Pres|VerbForm=Fin|Voice=Act",
      "Animacy=Inan|Case=Loc|Gender=Fem|Number=Plur|POS=PROPN",
      "Aspect=Perf|Case=Nom|Gender=Fem|Number=Sing|POS=VERB|Tense=Past|VerbForm=Part|Voice=Act",
      "Aspect=Imp|Mood=Ind|Number=Plur|POS=VERB|Person=Third|Tense=Pres|VerbForm=Fin|Voice=Pass",
      "Case=Ins|Gender=Neut|Number=Sing|POS=DET",
      "Animacy=Anim|Case=Acc|POS=NUM",
      "Aspect=Imp|Number=Plur|POS=VERB|StyleVariant=Short|Tense=Past|VerbForm=Part|Voice=Pass",
      "Aspect=Imp|Gender=Masc|Number=Sing|POS=VERB|StyleVariant=Short|Tense=Past|VerbForm=Part|Voice=Pass",
      "Case=Dat|Gender=Masc|Number=Sing|POS=PRON|Person=Third",
      "Case=Loc|Gender=Masc|Number=Sing|POS=NUM",
      "Case=Dat|Gender=Masc|Number=Sing|POS=NUM",
      "Aspect=Imp|Case=Gen|Gender=Masc|Number=Sing|POS=VERB|Tense=Past|VerbForm=Part|Voice=Act",
      "Animacy=Anim|Case=Gen|Gender=Neut|Number=Sing|POS=NOUN",
      "Case=Loc|Degree=Sup|Gender=Masc|Number=Sing|POS=ADJ",
      "Case=Gen|Number=Plur|POS=PRON|Person=First",
      "Case=Dat|Number=Plur|POS=PRON|Person=First",
      "Case=Gen|Number=Plur|POS=PRON|Person=Second",
      "Aspect=Perf|Mood=Imp|Number=Plur|POS=VERB|Person=Second|VerbForm=Fin|Voice=Act",
      "Aspect=Perf|Case=Acc|Gender=Neut|Number=Sing|POS=VERB|Tense=Past|VerbForm=Part|Voice=Act",
      "Case=Acc|Number=Sing|POS=PRON|Person=First",
      "Foreign=Yes|POS=PUNCT",
      "Aspect=Imp|Mood=Ind|Number=Sing|POS=PRON|Person=Third|Tense=Pres|VerbForm=Fin|Voice=Act",
      "Aspect=Imp|Mood=Ind|Number=Sing|POS=AUX|Person=First|Tense=Pres|VerbForm=Fin|Voice=Act",
      "Case=Gen|Gender=Fem|Number=Sing|POS=DET|Person=Third",
      "Case=Dat|Degree=Sup|Number=Plur|POS=ADJ",
      "Aspect=Perf|Case=Acc|Gender=Fem|Number=Sing|POS=VERB|Tense=Past|VerbForm=Part|Voice=Pass",
      "Aspect=Perf|Case=Dat|Gender=Masc|Number=Sing|POS=VERB|Tense=Past|VerbForm=Part|Voice=Pass",
      "Case=Loc|POS=NUM",
      "Aspect=Imp|Mood=Ind|Number=Plur|POS=VERB|Person=First|Tense=Pres|VerbForm=Fin|Voice=Mid",
      "Case=Dat|Number=Plur|POS=DET",
      "Aspect=Imp|POS=AUX|Tense=Pres|VerbForm=Conv|Voice=Act",
      "Aspect=Perf|Case=Ins|Gender=Masc|Number=Sing|POS=VERB|Tense=Past|VerbForm=Part|Voice=Pass",
      "Aspect=Imp|Case=Nom|Gender=Neut|Number=Sing|POS=VERB|Tense=Pres|VerbForm=Part|Voice=Act",
      "Case=Ins|POS=PRON",
      "Case=Ins|Gender=Neut|Number=Sing|POS=PRON",
      "Aspect=Perf|Case=Loc|Gender=Neut|Number=Sing|POS=VERB|Tense=Past|VerbForm=Part|Voice=Act",
      "Case=Dat|Gender=Neut|Number=Sing|POS=PRON|Person=Third",
      "Aspect=Imp|Mood=Imp|Number=Sing|POS=VERB|Person=Second|VerbForm=Fin|Voice=Mid",
      "Case=Nom|Gender=Neut|Number=Sing|POS=PRON",
      "Animacy=Inan|Aspect=Imp|Case=Acc|Gender=Masc|Number=Sing|POS=VERB|Tense=Pres|VerbForm=Part|Voice=Act",
      "POS=PROPN",
      "Aspect=Perf|Case=Loc|Gender=Fem|Number=Sing|POS=VERB|Tense=Past|VerbForm=Part|Voice=Act",
      "Aspect=Imp|Case=Gen|Gender=Fem|Number=Sing|POS=VERB|Tense=Pres|VerbForm=Part|Voice=Pass",
      "Aspect=Perf|Mood=Ind|Number=Sing|POS=VERB|Person=Second|Tense=Fut|VerbForm=Fin|Voice=Act",
      "Case=Gen|Degree=Sup|Number=Plur|POS=ADJ",
      "Animacy=Anim|Case=Ins|Gender=Fem|Number=Sing|POS=PROPN",
      "Animacy=Inan|Case=Ins|Gender=Fem|Number=Plur|POS=PROPN",
      "Case=Ins|Number=Plur|POS=PRON|Person=Second",
      "Case=Gen|Gender=Neut|Number=Sing|POS=PRON|Person=Third",
      "Animacy=Anim|Case=Loc|Gender=Fem|Number=Sing|POS=NOUN",
      "Aspect=Imp|Case=Ins|Gender=Masc|Number=Sing|POS=VERB|Tense=Pres|VerbForm=Part|Voice=Act",
      "Animacy=Inan|Aspect=Imp|Case=Acc|Number=Plur|POS=VERB|Tense=Past|VerbForm=Part|Voice=Act",
      "Aspect=Imp|Case=Dat|Number=Plur|POS=VERB|Tense=Pres|VerbForm=Part|Voice=Pass",
      "Aspect=Imp|Case=Loc|Gender=Masc|Number=Sing|POS=VERB|Tense=Pres|VerbForm=Part|Voice=Pass",
      "Case=Ins|Number=Sing|POS=PRON|Person=First",
      "Aspect=Imp|Case=Acc|Gender=Neut|Number=Sing|POS=VERB|Tense=Pres|VerbForm=Part|Voice=Act",
      "Aspect=Imp|Case=Loc|Gender=Fem|Number=Sing|POS=VERB|Tense=Pres|VerbForm=Part|Voice=Act",
      "Case=Loc|Degree=Pos|Gender=Masc|Number=Sing|POS=DET",
      "Case=Gen|Gender=Masc|Number=Sing|POS=DET|Person=Third",
      "Aspect=Imp|Case=Nom|Gender=Masc|Number=Sing|POS=VERB|Tense=Past|VerbForm=Part|Voice=Pass",
      "Aspect=Imp|Case=Gen|Number=Plur|POS=VERB|Tense=Past|VerbForm=Part|Voice=Act",
      "Case=Ins|Gender=Fem|Number=Sing|POS=NUM",
      "Animacy=Inan|Case=Gen|Gender=Fem|Number=Sing|POS=PUNCT",
      "Animacy=Anim|Case=Dat|Gender=Neut|Number=Plur|POS=NOUN",
      "Aspect=Imp|Case=Ins|Number=Plur|POS=VERB|Tense=Pres|VerbForm=Part|Voice=Act",
      "Aspect=Imp|Case=Loc|Gender=Neut|Number=Sing|POS=VERB|Tense=Pres|VerbForm=Part|Voice=Act",
      "Case=Ins|Gender=Masc|Number=Sing|POS=PRON",
      "Animacy=Anim|Aspect=Imp|Case=Acc|Gender=Masc|Number=Sing|POS=VERB|Tense=Past|VerbForm=Part|Voice=Act",
      "Aspect=Perf|Case=Ins|Gender=Fem|Number=Sing|POS=VERB|Tense=Past|VerbForm=Part|Voice=Act",
      "Animacy=Inan|Case=Acc|Gender=Masc|Number=Sing|POS=PRON",
      "Animacy=Inan|Case=Acc|Number=Plur|POS=PRON|Person=First",
      "Animacy=Anim|Aspect=Perf|Case=Acc|Number=Plur|POS=VERB|Tense=Past|VerbForm=Part|Voice=Act",
      "Aspect=Imp|Case=Gen|Gender=Fem|Number=Sing|POS=VERB|Tense=Past|VerbForm=Part|Voice=Act",
      "Animacy=Inan|Aspect=Imp|Case=Acc|Number=Plur|POS=VERB|Tense=Pres|VerbForm=Part|Voice=Act",
      "Animacy=Anim|Case=Acc|Gender=Neut|Number=Sing|POS=NOUN",
      "Case=Ins|Number=Sing|POS=PRON|Person=Second",
      "Aspect=Perf|Case=Dat|Gender=Masc|Number=Sing|POS=VERB|Tense=Past|VerbForm=Part|Voice=Act",
      "Case=Dat|Gender=Fem|Number=Sing|POS=DET",
      "Animacy=Anim|Aspect=Perf|Case=Acc|Gender=Masc|Number=Sing|POS=VERB|Tense=Past|VerbForm=Part|Voice=Act",
      "Case=Acc|Gender=Fem|Number=Sing|POS=PRON",
      "Aspect=Perf|Case=Dat|Gender=Neut|Number=Sing|POS=VERB|Tense=Past|VerbForm=Part|Voice=Pass",
      "Case=Nom|Degree=Sup|Gender=Masc|Number=Sing|POS=ADJ",
      "Animacy=Inan|Case=Acc|Degree=Sup|Gender=Masc|Number=Sing|POS=ADJ",
      "Aspect=Imp|Case=Loc|Number=Plur|POS=VERB|Tense=Pres|VerbForm=Part|Voice=Pass",
      "Case=Dat|Number=Plur|POS=PRON",
      "Animacy=Inan|Case=Ins|Gender=Neut|Number=Plur|POS=PROPN",
      "Animacy=Anim|Case=Loc|Gender=Masc|Number=Sing|POS=PROPN",
      "Animacy=Anim|Case=Gen|Number=Plur|POS=DET",
      "Aspect=Perf|Case=Gen|Gender=Fem|Number=Sing|POS=VERB|Tense=Past|VerbForm=Part|Voice=Act",
      "Animacy=Inan|Case=Acc|Gender=Masc|Number=Plur|POS=PROPN",
      "Case=Ins|Degree=Sup|Number=Plur|POS=ADJ",
      "Case=Ins|Degree=Pos|Gender=Fem|Number=Sing|POS=DET",
      "Case=Dat|Degree=Sup|Gender=Masc|Number=Sing|POS=ADJ",
      "Animacy=Anim|Case=Nom|Gender=Masc|Number=Sing|POS=ADV",
      "Foreign=Yes|POS=PART",
      "Case=Gen|Gender=Neut|Number=Sing|POS=PRON",
      "Aspect=Perf|Mood=Ind|Number=Sing|POS=VERB|Person=First|Tense=Fut|VerbForm=Fin|Voice=Act",
      "Case=Gen|Degree=Sup|Gender=Masc|Number=Sing|POS=ADJ",
      "Animacy=Inan|Aspect=Imp|Case=Acc|Number=Plur|POS=VERB|Tense=Pres|VerbForm=Part|Voice=Pass",
      "Animacy=Inan|Case=Dat|Gender=Fem|Number=Plur|POS=PROPN",
      "Case=Nom|Degree=Pos|Number=Plur|POS=DET",
      "Case=Loc|Gender=Fem|POS=NUM",
      "Animacy=Anim|Case=Acc|Gender=Masc|Number=Sing|POS=DET",
      "Aspect=Perf|POS=VERB|Tense=Past|VerbForm=Conv|Voice=Mid",
      "Aspect=Imp|Case=Loc|Number=Plur|POS=VERB|Tense=Pres|VerbForm=Part|Voice=Act",
      "Animacy=Inan|Case=Gen|Gender=Masc|Number=Sing|POS=PUNCT",
      "Animacy=Anim|Case=Loc|Gender=Fem|Number=Sing|POS=PROPN",
      "Aspect=Perf|Case=Ins|Gender=Masc|Number=Sing|POS=VERB|Tense=Past|VerbForm=Part|Voice=Act",
      "Case=Acc|Degree=Pos|Gender=Fem|Number=Sing|POS=DET",
      "Aspect=Perf|Case=Ins|Number=Plur|POS=VERB|Tense=Past|VerbForm=Part|Voice=Act",
      "Animacy=Inan|Case=Acc|Gender=Masc|Number=Sing|POS=DET",
      "Animacy=Anim|Aspect=Imp|Case=Acc|Number=Plur|POS=VERB|Tense=Past|VerbForm=Part|Voice=Act",
      "Case=Loc|Gender=Neut|Number=Sing|POS=PRON|Person=Third",
      "Case=Acc|Degree=Pos|Gender=Fem|Number=Sing|POS=PUNCT",
      "Aspect=Imp|Case=Nom|Gender=Neut|Number=Sing|POS=VERB|Tense=Past|VerbForm=Part|Voice=Act",
      "Animacy=Anim|Case=Loc|Gender=Masc|Number=Plur|POS=NOUN",
      "Aspect=Perf|Case=Nom|Gender=Neut|Number=Sing|POS=VERB|Tense=Past|VerbForm=Part|Voice=Pass",
      "Animacy=Inan|Aspect=Perf|Case=Acc|Number=Plur|POS=VERB|Tense=Past|VerbForm=Part|Voice=Act",
      "Animacy=Inan|Case=Ins|Gender=Fem|Number=Sing|POS=ADV",
      "Case=Nom|Degree=Pos|Gender=Masc|Number=Sing|POS=DET",
      "Aspect=Imp|Case=Loc|Gender=Masc|Number=Sing|POS=VERB|Tense=Past|VerbForm=Part|Voice=Act",
      "Aspect=Perf|Mood=Ind|Number=Plur|POS=VERB|Person=First|Tense=Fut|VerbForm=Fin|Voice=Mid",
      "Case=Nom|Degree=Sup|Number=Plur|POS=ADJ",
      "Aspect=Perf|Mood=Imp|Number=Sing|POS=VERB|Person=Second|VerbForm=Fin|Voice=Act",
      "Case=Nom|Degree=Pos|Gender=Fem|Number=Sing|POS=DET",
      "Case=Loc|Number=Sing|POS=PRON|Person=First",
      "Aspect=Imp|Case=Ins|Gender=Neut|Number=Sing|POS=VERB|Tense=Pres|VerbForm=Part|Voice=Act",
      "Aspect=Perf|Case=Ins|Gender=Neut|Number=Sing|POS=VERB|Tense=Past|VerbForm=Part|Voice=Pass",
      "Case=Dat|Gender=Fem|Number=Sing|POS=NUM",
      "Animacy=Anim|Aspect=Perf|Case=Acc|Number=Plur|POS=VERB|Tense=Past|VerbForm=Part|Voice=Pass",
      "Animacy=Anim|Case=Nom|Gender=Masc|Number=Sing|POS=PRON",
      "Aspect=Perf|Case=Ins|Gender=Neut|Number=Sing|POS=VERB|Tense=Past|VerbForm=Part|Voice=Act",
      "Aspect=Imp|Case=Ins|Number=Plur|POS=VERB|Tense=Pres|VerbForm=Part|Voice=Pass",
      "Aspect=Imp|POS=PRON|VerbForm=Inf|Voice=Act",
      "Animacy=Inan|Case=Acc|Gender=Fem|Number=Plur|POS=PROPN",
      "Aspect=Imp|Case=Gen|Gender=Neut|Number=Sing|POS=VERB|Tense=Pres|VerbForm=Part|Voice=Act",
      "Animacy=Inan|Case=Acc|Number=Plur|POS=PRON|Person=Second",
      "Case=Acc|Gender=Neut|Number=Sing|POS=NUM",
      "Aspect=Imp|Mood=Ind|Number=Plur|POS=PRON|Person=Third|Tense=Pres|VerbForm=Fin|Voice=Act",
      "Case=Loc|Degree=Sup|Number=Plur|POS=ADJ",
      "Case=Acc|Number=Sing|POS=PRON|Person=Second",
      "Case=Acc|Gender=Fem|Number=Sing|POS=ADJ",
      "Case=Ins|Number=Plur|POS=PRON|Person=First",
      "Case=Acc|Degree=Sup|Gender=Fem|Number=Sing|POS=ADJ",
      "Case=Dat|Gender=Masc|POS=NUM",
      "Aspect=Perf|Mood=Ind|Number=Plur|POS=VERB|Person=Second|Tense=Fut|VerbForm=Fin|Voice=Mid",
      "Aspect=Perf|Mood=Ind|Number=Sing|POS=VERB|Person=First|Tense=Fut|VerbForm=Fin|Voice=Mid",
      "Animacy=Anim|Case=Loc|Gender=Fem|Number=Plur|POS=NOUN",
      "Animacy=Anim|Case=Dat|Number=Plur|POS=PRON",
      "Animacy=Anim|Case=Nom|Number=Plur|POS=PRON",
      "Animacy=Anim|Case=Loc|Gender=Neut|Number=Plur|POS=NOUN",
      "Case=Dat|Gender=Masc|Number=Sing|POS=PRON",
      "Animacy=Anim|Case=Acc|Degree=Sup|Gender=Masc|Number=Sing|POS=ADJ",
      "Animacy=Anim|Case=Nom|Gender=Masc|Number=Plur|POS=PROPN",
      "Case=Acc|Gender=Masc|Number=Sing|POS=DET|Person=Third",
      "Animacy=Anim|Case=Ins|Gender=Masc|Number=Plur|POS=PROPN",
      "POS=VERB",
      "Animacy=Inan|Case=Gen|Gender=Neut|Number=Plur|POS=PROPN",
      "Case=Gen|Degree=Pos|Number=Plur|POS=DET",
      "Aspect=Imp|Case=Dat|Gender=Masc|Number=Sing|POS=VERB|Tense=Pres|VerbForm=Part|Voice=Pass",
      "Case=Dat|Number=Plur|POS=PRON|Person=Second",
      "Case=Nom|Gender=Neut|Number=Sing|POS=NUM",
      "Aspect=Imp|Case=Ins|Gender=Fem|Number=Sing|POS=VERB|Tense=Past|VerbForm=Part|Voice=Act",
      "Animacy=Inan|Aspect=Imp|Case=Acc|Gender=Masc|Number=Sing|POS=VERB|Tense=Pres|VerbForm=Part|Voice=Pass",
      "Animacy=Anim|Case=Dat|Number=Plur|POS=DET",
      "Aspect=Perf|Case=Dat|Gender=Fem|Number=Sing|POS=VERB|Tense=Past|VerbForm=Part|Voice=Pass",
      "Aspect=Imp|Gender=Masc|Mood=Ind|Number=Sing|POS=PRON|Tense=Past|VerbForm=Fin|Voice=Act",
      "Animacy=Inan|Case=Acc|Degree=Sup|Number=Plur|POS=ADJ",
      "Animacy=Anim|Case=Ins|Gender=Neut|Number=Sing|POS=NOUN",
      "Aspect=Imp|Case=Dat|Gender=Neut|Number=Sing|POS=VERB|Tense=Pres|VerbForm=Part|Voice=Act",
      "Case=Nom|Degree=Sup|Gender=Fem|Number=Sing|POS=ADJ",
      "Aspect=Imp|Case=Acc|Gender=Neut|Number=Sing|POS=VERB|Tense=Past|VerbForm=Part|Voice=Act",
      "Hyph=Yes|POS=PROPN",
      "Aspect=Imp|Case=Gen|Gender=Masc|Number=Sing|POS=VERB|Tense=Past|VerbForm=Part|Voice=Pass",
      "Case=Gen|Degree=Pos|Gender=Fem|Number=Sing|POS=DET",
      "Case=Gen|Number=Sing|POS=PRON|Person=Second",
      "Hyph=Yes|POS=NUM",
      "Case=Ins|Gender=Fem|Number=Sing|POS=PRON",
      "Animacy=Inan|Case=Loc|Gender=Neut|Number=Plur|POS=PROPN",
      "Aspect=Imp|Case=Ins|Gender=Masc|Number=Sing|POS=VERB|Tense=Past|VerbForm=Part|Voice=Act",
      "Animacy=Inan|Case=Nom|Gender=Neut|Number=Sing|POS=ADV",
      "Aspect=Imp|Case=Nom|Gender=Neut|Number=Sing|POS=VERB|Tense=Past|VerbForm=Part|Voice=Pass",
      "Case=Ins|Number=Plur|POS=PRON",
      "Case=Acc|Number=Plur|POS=PRON|Person=Third",
      "Aspect=Imp|Mood=Ind|Number=Plur|POS=PRON|Tense=Past|VerbForm=Fin|Voice=Act",
      "Aspect=Imp|Case=Ins|Number=Plur|POS=VERB|Tense=Past|VerbForm=Part|Voice=Act",
      "Case=Gen|Degree=Sup|Gender=Fem|Number=Sing|POS=ADJ",
      "Animacy=Inan|Case=Nom|Gender=Neut|Number=Plur|POS=PROPN",
      "Animacy=Anim|Case=Loc|Gender=Neut|Number=Sing|POS=NOUN",
      "Aspect=Imp|Mood=Imp|Number=Plur|POS=VERB|Person=Second|VerbForm=Fin|Voice=Mid",
      "Animacy=Inan|Case=Dat|Gender=Neut|Number=Sing|POS=ADV",
      "Aspect=Imp|Case=Acc|Gender=Fem|Number=Sing|POS=VERB|Tense=Past|VerbForm=Part|Voice=Act",
      "Case=Acc|Gender=Fem|POS=NUM",
      "Aspect=Imp|Case=Dat|Number=Plur|POS=VERB|Tense=Past|VerbForm=Part|Voice=Act",
      "Case=Ins|Degree=Pos|Number=Plur|POS=DET",
      "Animacy=Anim|Case=Dat|Gender=Masc|Number=Plur|POS=PROPN",
      "Hyph=Yes|POS=NOUN",
      "Case=Gen|Degree=Pos|Gender=Fem|Number=Sing|POS=NUM",
      "Case=Loc|Number=Sing|POS=PRON|Person=Second",
      "Animacy=Inan|Case=Acc|Degree=Pos|Gender=Masc|Number=Sing|POS=NUM",
      "Aspect=Imp|POS=VERB|Tense=Past|VerbForm=Conv|Voice=Act",
      "Aspect=Imp|Mood=Imp|Number=Plur|POS=AUX|Person=Second|VerbForm=Fin|Voice=Act",
      "Case=Loc|Gender=Neut|Number=Sing|POS=NUM",
      "Case=Acc|Number=Plur|POS=PRON|Person=First",
      "Aspect=Perf|Case=Dat|Gender=Neut|Number=Sing|POS=VERB|Tense=Past|VerbForm=Part|Voice=Act",
      "Case=Gen|Degree=Pos|Gender=Fem|Number=Sing|POS=PUNCT",
      "Animacy=Inan|Case=Ins|Gender=Neut|Number=Plur|POS=ADV",
      "Case=Gen|Degree=Pos|Gender=Masc|Number=Sing|POS=DET",
      "Aspect=Perf|Case=Loc|Number=Plur|POS=VERB|Tense=Past|VerbForm=Part|Voice=Act",
      "POS=AUX",
      "Animacy=Anim|Case=Gen|Number=Plur|POS=PRON",
      "Case=Gen|Gender=Neut|Number=Sing|POS=DET|Person=Third",
      "Aspect=Perf|Case=Dat|Gender=Fem|Number=Sing|POS=VERB|Tense=Past|VerbForm=Part|Voice=Act",
      "Animacy=Inan|Case=Nom|Gender=Masc|Number=Sing|POS=ADV",
      "Case=Loc|Gender=Masc|POS=NUM",
      "Case=Gen|Degree=Pos|Gender=Neut|Number=Sing|POS=NUM",
      "Case=Loc|Degree=Sup|Gender=Fem|Number=Sing|POS=ADJ",
      "Case=Ins|Gender=Neut|Number=Sing|POS=PRON|Person=Third",
      "Case=Dat|Gender=Neut|Number=Sing|POS=NUM",
      "Case=Gen|Degree=Pos|Gender=Neut|Number=Sing|POS=DET",
      "Case=Dat|Degree=Pos|Number=Plur|POS=DET",
      "Case=Ins|Gender=Neut|Number=Sing|POS=NUM",
      "Case=Loc|Degree=Pos|Gender=Neut|Number=Sing|POS=NUM",
      "Case=Loc|Degree=Pos|Gender=Neut|Number=Sing|POS=DET",
      "Animacy=Inan|Case=Acc|Degree=Pos|Gender=Neut|Number=Sing|POS=DET",
      "Animacy=Inan|Case=Ins|Gender=Neut|Number=Sing|POS=SCONJ",
      "Animacy=Anim|Case=Acc|Number=Plur|POS=DET",
      "Aspect=Imp|Mood=Ind|Number=Sing|POS=VERB|Person=Second|Tense=Pres|VerbForm=Fin|Voice=Mid",
      "Aspect=Imp|Mood=Imp|Number=Sing|POS=DET|Person=Second|VerbForm=Fin|Voice=Act",
      "Aspect=Imp|Gender=Fem|Mood=Ind|Number=Sing|POS=PRON|Tense=Past|VerbForm=Fin|Voice=Act",
      "Animacy=Inan|Case=Ins|Gender=Masc|Number=Sing|POS=ADV",
      "Aspect=Imp|Mood=Ind|Number=Plur|POS=AUX|Person=Second|Tense=Pres|VerbForm=Fin|Voice=Act",
      "Animacy=Inan|Case=Nom|Gender=Neut|Number=Sing|POS=DET",
      "Animacy=Inan|Case=Acc|Gender=Masc|Number=Sing|POS=ADV",
      "Case=Nom|Degree=Pos|Gender=Masc|Number=Sing|POS=NUM",
      "Aspect=Imp|Case=Loc|Gender=Fem|Number=Sing|POS=VERB|Tense=Pres|VerbForm=Part|Voice=Pass",
      "Animacy=Inan|Case=Acc|Number=Plur|POS=DET|Person=Third",
      "Animacy=Inan|Case=Gen|Gender=Neut|Number=Sing|POS=ADV",
      "Aspect=Imp|Case=Acc|Gender=Neut|Number=Sing|POS=VERB|Tense=Pres|VerbForm=Part|Voice=Pass",
      "POS=PRON",
      "Animacy=Anim|Aspect=Imp|Case=Acc|Gender=Masc|Number=Sing|POS=VERB|Tense=Pres|VerbForm=Part|Voice=Pass",
      "Animacy=Anim|Case=Nom|Number=Plur|POS=DET",
      "Aspect=Imp|Case=Gen|Gender=Neut|Number=Sing|POS=VERB|Tense=Past|VerbForm=Part|Voice=Act",
      "Aspect=Imp|Case=Nom|Gender=Neut|Number=Sing|POS=VERB|Tense=Pres|VerbForm=Part|Voice=Pass",
      "Aspect=Imp|Case=Loc|Number=Plur|POS=VERB|Tense=Past|VerbForm=Part|Voice=Act",
      "Aspect=Imp|Case=Gen|Gender=Neut|Number=Sing|POS=VERB|Tense=Pres|VerbForm=Part|Voice=Pass",
      "Case=Nom|Degree=Pos|Gender=Neut|Number=Sing|POS=DET",
      "Animacy=Inan|Case=Gen|Gender=Neut|Number=Sing|POS=DET",
      "Case=Dat|POS=DET",
      "Case=Nom|Degree=Sup|Gender=Neut|Number=Sing|POS=ADJ",
      "Mood=Ind|Number=Plur|POS=AUX|Tense=Past|VerbForm=Fin|Voice=Act",
      "Case=Gen|Gender=Masc|POS=ADJ",
      "Aspect=Imp|Mood=Imp|Number=Sing|POS=AUX|Person=Second|VerbForm=Fin|Voice=Act",
      "Aspect=Imp|Case=Gen|Number=Plur|POS=VERB|Tense=Past|VerbForm=Part|Voice=Pass",
      "Aspect=Imp|Case=Dat|Gender=Fem|Number=Sing|POS=VERB|Tense=Pres|VerbForm=Part|Voice=Pass",
      "Aspect=Perf|Mood=Ind|Number=Sing|POS=VERB|Person=Second|Tense=Fut|VerbForm=Fin|Voice=Mid",
      "Animacy=Anim|Case=Dat|Gender=Neut|Number=Sing|POS=NOUN",
      "Case=Loc|Degree=Pos|Number=Plur|POS=DET",
      "Animacy=Anim|Case=Ins|Number=Plur|POS=DET",
      "Animacy=Anim|Case=Acc|Gender=Masc|Number=Plur|POS=PROPN",
      "Animacy=Inan|Case=Loc|Gender=Neut|Number=Sing|POS=DET",
      "Case=Acc|Gender=Fem|Number=Sing|POS=DET|Person=Third",
      "Case=Ins|Degree=Sup|Gender=Masc|Number=Sing|POS=ADJ",
      "Animacy=Anim|Case=Gen|Gender=Masc|Number=Sing|POS=PUNCT",
      "Degree=Cmp|POS=ADP",
      "Animacy=Anim|Case=Voc|Gender=Masc|Number=Sing|POS=PROPN",
      "Aspect=Imp|Case=Loc|Gender=Neut|Number=Sing|POS=VERB|Tense=Pres|VerbForm=Part|Voice=Pass",
      "Animacy=Inan|Case=Acc|Number=Plur|POS=ADV",
      "Case=Ins|Degree=Pos|Gender=Fem|Number=Sing|POS=ADP",
      "Animacy=Inan|Case=Acc|POS=ADV",
      "Case=Acc|POS=ADV",
      "Animacy=Anim|Case=Ins|Number=Plur|POS=PRON",
      "Aspect=Imp|POS=ADV|Tense=Pres|VerbForm=Conv|Voice=Act",
      "Aspect=Perf|Mood=Imp|Number=Plur|POS=VERB|Person=Second|VerbForm=Fin|Voice=Mid",
      "Aspect=Imp|Mood=Ind|Number=Sing|POS=AUX|Person=Second|Tense=Pres|VerbForm=Fin|Voice=Act",
      "Animacy=Anim|Aspect=Imp|Case=Acc|Number=Plur|POS=VERB|Tense=Pres|VerbForm=Part|Voice=Pass",
      "Case=Gen|Number=Plur|POS=NUM",
      "Aspect=Imp|Case=Loc|Number=Plur|POS=VERB|Tense=Past|VerbForm=Part|Voice=Pass",
      "Animacy=Inan|Case=Acc|Gender=Neut|Number=Sing|POS=ADV",
      "Aspect=Imp|Case=Loc|Gender=Fem|Number=Sing|POS=VERB|Tense=Past|VerbForm=Part|Voice=Act",
      "Animacy=Inan|Case=Acc|Gender=Neut|Number=Sing|POS=SCONJ",
      "Aspect=Imp|Case=Dat|Gender=Neut|Number=Sing|POS=VERB|Tense=Pres|VerbForm=Part|Voice=Pass",
      "Animacy=Anim|Case=Acc|Degree=Sup|Number=Plur|POS=ADJ",
      "Case=Ins|POS=VERB|Polarity=Neg",
      "Case=Ins|Degree=Pos|Number=Plur|POS=NUM",
      "Animacy=Anim|Case=Acc|Degree=Pos|Gender=Masc|Number=Sing|POS=DET",
      "Animacy=Inan|Case=Acc|Gender=Fem|Number=Sing|POS=ADV",
      "Aspect=Imp|Mood=Ind|Number=Sing|POS=PUNCT|Person=Third|Tense=Pres|VerbForm=Fin|Voice=Act",
      "Case=Acc|POS=VERB|Polarity=Neg",
      "Aspect=Imp|Case=Nom|Gender=Masc|Number=Sing|POS=AUX|Tense=Past|VerbForm=Part|Voice=Act",
      "Case=Ins|Degree=Pos|Gender=Neut|Number=Sing|POS=DET",
      "Animacy=Inan|Case=Dat|Gender=Fem|Number=Sing|POS=PUNCT",
      "Animacy=Inan|Case=Acc|Degree=Pos|Gender=Masc|Number=Sing|POS=DET",
      "Foreign=Yes|POS=NUM",
      "Gender=Neut|Mood=Ind|Number=Sing|POS=AUX|Tense=Past|VerbForm=Fin|Voice=Act",
      "Aspect=Imp|Case=Dat|Gender=Fem|Number=Sing|POS=VERB|Tense=Past|VerbForm=Part|Voice=Act",
      "Animacy=Anim|Case=Acc|Gender=Masc|Number=Sing|POS=PUNCT",
      "Animacy=Anim|Case=Acc|Gender=Fem|POS=NUM",
      "Case=Loc|Degree=Sup|Gender=Neut|Number=Sing|POS=ADJ",
      "Animacy=Anim|Case=Ins|Gender=Masc|Number=Sing|POS=PRON",
      "Animacy=Inan|Case=Acc|Gender=Masc|Number=Sing|POS=ADP",
      "Case=Loc|POS=DET",
      "Case=Ins|Degree=Pos|Gender=Masc|Number=Sing|POS=DET",
      "Case=Ins|Degree=Pos|Gender=Neut|Number=Sing|POS=NUM",
      "Animacy=Inan|Case=Nom|Gender=Masc|Number=Sing|POS=PUNCT",
      "Aspect=Imp|POS=ADP|VerbForm=Inf|Voice=Act",
      "Case=Acc|Degree=Pos|Gender=Fem|Number=Sing|POS=NUM",
      "Case=Dat|POS=VERB|Polarity=Neg",
      "Animacy=Anim|Case=Acc|Degree=Pos|Gender=Masc|Number=Sing|POS=NUM",
      "Aspect=Imp|Case=Ins|Gender=Neut|Number=Sing|POS=VERB|Tense=Pres|VerbForm=Part|Voice=Pass",
      "Case=Ins|Gender=Masc|POS=NUM",
      "Case=Ins|Gender=Fem|POS=NUM",
      "Case=Dat|Gender=Fem|POS=NUM",
      "Aspect=Imp|Case=Nom|Gender=Fem|Number=Sing|POS=VERB|Tense=Past|VerbForm=Part|Voice=Pass",
      "Aspect=Imp|Case=Loc|Gender=Fem|Number=Sing|POS=VERB|Tense=Past|VerbForm=Part|Voice=Pass",
      "Case=Loc|Degree=Pos|Gender=Fem|Number=Sing|POS=DET",
      "Aspect=Perf|Mood=Imp|Number=Sing|POS=VERB|Person=Second|VerbForm=Fin|Voice=Mid",
      "Case=Nom|Degree=Pos|Gender=Neut|Number=Sing|POS=NUM",
      "Case=Gen|Degree=Pos|Gender=Masc|Number=Sing|POS=NUM",
      "Animacy=Anim|Case=Loc|Number=Plur|POS=PRON",
      "Case=Loc|Degree=Pos|Gender=Fem|Number=Sing|POS=NUM",
      "Case=Gen|Degree=Sup|Gender=Neut|Number=Sing|POS=ADJ",
      "Animacy=Inan|Case=Dat|Gender=Fem|Number=Sing|POS=ADV",
      "Animacy=Inan|Case=Nom|Degree=Pos|Gender=Fem|Number=Sing|POS=ADJ",
      "Animacy=Anim|Case=Ins|Gender=Masc|Number=Sing|POS=ADV",
      "Aspect=Imp|Case=Nom|Number=Plur|POS=VERB|Tense=Past|VerbForm=Part|Voice=Pass",
      "Aspect=Imp|Mood=Imp|Number=Sing|POS=PRON|Person=Second|VerbForm=Fin|Voice=Act",
      "Animacy=Inan|Case=Nom|Gender=Fem|Number=Sing|POS=ADV",
      "Aspect=Imp|Case=Acc|Gender=Fem|Number=Sing|POS=VERB|Tense=Past|VerbForm=Part|Voice=Pass",
      "Animacy=Inan|Case=Ins|Gender=Neut|Number=Sing|POS=DET",
      "Foreign=Yes|POS=ADP",
      "Case=Loc|Number=Plur|POS=PRON|Person=First",
      "Aspect=Imp|Case=Loc|Gender=Neut|Number=Sing|POS=VERB|Tense=Past|VerbForm=Part|Voice=Act",
      "Aspect=Imp|Mood=Ind|Number=Plur|POS=PRON|Person=First|Tense=Pres|VerbForm=Fin|Voice=Act",
      "Animacy=Inan|Case=Acc|Degree=Pos|Gender=Neut|Number=Sing|POS=NUM",
      "Animacy=Inan|Case=Ins|Gender=Neut|Number=Sing|POS=ADV",
      "Case=Nom|Number=Plur|POS=NUM",
      "Case=Loc|Gender=Neut|POS=NUM",
      "Animacy=Inan|Case=Acc|Degree=Sup|Gender=Neut|Number=Sing|POS=ADJ",
      "Case=Dat|Degree=Pos|Gender=Masc|Number=Sing|POS=DET",
      "POS=ADV|Voice=Act",
      "Aspect=Imp|Case=Gen|Gender=Fem|Number=Sing|POS=VERB|Tense=Past|VerbForm=Part|Voice=Pass",
      "Animacy=Anim|Case=Dat|Gender=Fem|Number=Sing|POS=ADV",
      "Aspect=Imp|Gender=Fem|Number=Sing|POS=VERB|StyleVariant=Short|Tense=Past|VerbForm=Part|Voice=Pass",
      "Case=Acc|Number=Plur|POS=DET|Person=Third",
      "Animacy=Anim|Case=Nom|Gender=Fem|Number=Sing|POS=PUNCT",
      "Case=Gen|Degree=Pos|Gender=Fem|Number=Sing|POS=ADJ|StyleVariant=Short",
      "Animacy=Inan|Case=Acc|Gender=Fem|Number=Sing|POS=PUNCT",
      "Case=Acc|Gender=Neut|Number=Sing|POS=DET|Person=Third",
      "Animacy=Inan|Case=Dat|Gender=Neut|Number=Sing|POS=ADP",
      "Case=Nom|Gender=Fem|Number=Sing|POS=DET|Person=Third",
      "Animacy=Inan|Case=Gen|Gender=Masc|Number=Plur|POS=ADV",
      "Animacy=Inan|Case=Gen|Gender=Fem|Number=Plur|POS=ADV",
      "Animacy=Anim|Case=Ins|Gender=Masc|Number=Sing|POS=PUNCT",
      "Animacy=Anim|Case=Gen|Gender=Fem|Number=Plur|POS=PROPN",
      "Animacy=Anim|Case=Nom|Gender=Masc|Number=Sing|POS=PUNCT",
      "Animacy=Anim|Case=Loc|Gender=Neut|Number=Sing|POS=PUNCT",
      "Foreign=Yes|POS=PRON",
      "Animacy=Inan|Case=Dat|Gender=Neut|Number=Sing|POS=DET",
      "Aspect=Perf|Gender=Neut|Number=Sing|POS=ADV|StyleVariant=Short|Tense=Past|VerbForm=Part|Voice=Pass",
      "Case=Ins|Degree=Pos|Gender=Fem|Number=Sing|POS=NUM",
      "Mood=Cnd|POS=ADV",
      "POS=X",
      "Animacy=Inan|Case=Acc|Gender=Masc|Number=Plur|POS=ADV",
      "Animacy=Anim|Case=Nom|Gender=Fem|Number=Plur|POS=PROPN",
      "Aspect=Imp|Case=Nom|Number=Plur|POS=AUX|Tense=Past|VerbForm=Part|Voice=Act",
      "Aspect=Imp|Case=Ins|Gender=Neut|Number=Sing|POS=VERB|Tense=Past|VerbForm=Part|Voice=Pass",
      "Case=Nom|POS=ADV",
      "Aspect=Perf|Gender=Neut|Mood=Ind|Number=Sing|POS=ADV|Tense=Past|VerbForm=Fin|Voice=Act",
      "Aspect=Imp|POS=VERB|Tense=Pres|VerbForm=Conv|Voice=Pass",
      "Animacy=Anim|Case=Nom|Gender=Masc|Number=Sing|POS=NUM",
      "Case=Gen|Degree=Pos|Number=Plur|POS=NUM",
      "Animacy=Anim|Case=Acc|Degree=Pos|Number=Plur|POS=DET",
      "Case=Ins|Degree=Pos|Gender=Masc|Number=Sing|POS=NUM",
      "Animacy=Inan|Case=Nom|Gender=Fem|Number=Sing|POS=PUNCT",
      "Animacy=Inan|Case=Nom|Gender=Neut|Number=Sing|POS=ADP",
      "Animacy=Anim|Case=Gen|Gender=Neut|Number=Sing|POS=ADV",
      "Case=Dat|Degree=Sup|Gender=Neut|Number=Sing|POS=ADJ",
      "Case=Ins|Degree=Pos|Gender=Masc|Number=Sing|POS=ADP",
      "Animacy=Inan|Case=Loc|Gender=Masc|Number=Sing|POS=ADV",
      "Animacy=Anim|Case=Acc|Gender=Fem|Number=Sing|POS=ADV",
      "Animacy=Inan|Case=Gen|Gender=Neut|Number=Sing|POS=ADP",
      "Animacy=Anim|Case=Nom|Gender=Fem|Number=Sing|POS=ADV",
      "Aspect=Imp|Mood=Ind|Number=Sing|POS=ADV|Person=Third|Tense=Pres|VerbForm=Fin|Voice=Act",
      "Case=Loc|Number=Plur|POS=PRON|Person=Second",
      "Aspect=Imp|Mood=Ind|Number=Sing|POS=CCONJ|Person=First|Tense=Pres|VerbForm=Fin|Voice=Act",
      "Case=Gen|Number=Plur|POS=ADP|Person=Third",
      "Case=Dat|Gender=Masc|POS=DET",
      "Animacy=Anim|Case=Nom|Gender=Fem|Number=Sing|POS=CCONJ",
      "Case=Dat|Degree=Pos|Gender=Fem|Number=Sing|POS=DET",
      "Animacy=Anim|Case=Ins|Gender=Fem|Number=Sing|POS=PUNCT",
      "Aspect=Imp|Mood=Imp|Number=Plur|POS=PRON|Person=Second|VerbForm=Fin|Voice=Act",
      "Case=Loc|Degree=Pos|Gender=Masc|Number=Sing|POS=NUM",
      "Animacy=Anim|Case=Acc|Gender=Masc|POS=DET",
      "Case=Gen|POS=DET",
      "Case=Ins|POS=ADV|Polarity=Neg",
      "Animacy=Inan|Case=Acc|Gender=Masc|Number=Sing|POS=PUNCT",
      "Aspect=Imp|Mood=Ind|Number=Sing|POS=ADV|Person=Third|Tense=Pres|VerbForm=Fin|Voice=Mid",
      "Aspect=Imp|Gender=Neut|Number=Sing|POS=VERB|StyleVariant=Short|Tense=Past|VerbForm=Part|Voice=Pass",
      "Degree=Pos|POS=PUNCT",
      "Case=Ins|Degree=Pos|Number=Plur|POS=ADP",
      "Animacy=Inan|Case=Acc|Degree=Pos|Gender=Neut|Number=Sing|POS=ADP",
      "Case=Dat|POS=ADP",
      "Animacy=Inan|Case=Loc|Gender=Fem|Number=Sing|POS=PUNCT",
      "Foreign=Yes|POS=DET",
      "Aspect=Imp|Gender=Fem|Number=Sing|POS=VERB|StyleVariant=Short|Tense=Pres|VerbForm=Part|Voice=Pass",
      "Aspect=Imp|Gender=Neut|Mood=Ind|Number=Sing|POS=ADV|Tense=Past|VerbForm=Fin|Voice=Mid",
      "Animacy=Inan|Case=Nom|Gender=Masc|Number=Sing|POS=ADP",
      "Aspect=Perf|Gender=Neut|Mood=Ind|Number=Sing|POS=ADV|Tense=Past|VerbForm=Fin|Voice=Mid",
      "Animacy=Anim|Case=Dat|Gender=Masc|Number=Plur|POS=ADV",
      "Aspect=Imp|Number=Plur|POS=VERB|StyleVariant=Short|Tense=Pres|VerbForm=Part|Voice=Pass",
      "Aspect=Imp|Mood=Ind|Number=Sing|POS=SCONJ|Person=Third|Tense=Pres|VerbForm=Fin|Voice=Act",
      "Gender=Masc|Mood=Ind|Number=Sing|POS=AUX|Tense=Past|VerbForm=Fin|Voice=Act",
      "Aspect=Imp|Mood=Imp|Number=Sing|POS=ADV|Person=Second|VerbForm=Fin|Voice=Act",
      "Aspect=Imp|Case=Ins|Gender=Neut|Number=Sing|POS=VERB|Tense=Past|VerbForm=Part|Voice=Act",
      "Animacy=Anim|Case=Acc|Gender=Masc|Number=Sing|POS=ADV",
      "Animacy=Inan|Case=Nom|Gender=Neut|Number=Plur|POS=PRON",
      "Animacy=Anim|Case=Nom|Number=Plur|POS=ADV",
      "Case=Dat|Number=Plur|POS=SCONJ",
      "Case=Ins|POS=DET",
      "Animacy=Inan|Case=Ins|Gender=Neut|Number=Sing|POS=PUNCT",
      "Aspect=Perf|POS=ADV|Tense=Past|VerbForm=Conv|Voice=Act",
      "Animacy=Inan|Case=Acc|Gender=Fem|Number=Plur|POS=ADV",
      "Animacy=Anim|Case=Dat|Gender=Fem|Number=Sing|POS=ADP",
      "Animacy=Inan|Case=Gen|Gender=Fem|Number=Sing|POS=CCONJ",
      "Animacy=Anim|Case=Nom|Gender=Masc|Number=Sing|POS=ADP",
      "Animacy=Inan|Case=Gen|Gender=Neut|Number=Plur|POS=PUNCT",
      "Case=Loc|Degree=Pos|Number=Plur|POS=NUM",
      "Animacy=Inan|Case=Gen|Gender=Neut|Number=Sing|POS=SCONJ",
      "Animacy=Inan|Case=Par|Gender=Masc|Number=Sing|POS=ADV",
      "Case=Dat|Gender=Fem|POS=DET",
      "Case=Nom|Number=Plur|POS=DET|Polarity=Neg",
      "Animacy=Inan|Case=Nom|Gender=Masc|Number=Plur|POS=SCONJ",
      "Foreign=Yes|POS=ADV",
      "Degree=Pos|POS=NUM",
      "Case=Dat|Degree=Pos|Gender=Neut|Number=Sing|POS=DET",
      "Animacy=Anim|Case=Gen|Gender=Fem|Number=Sing|POS=PUNCT",
      "Animacy=Inan|Case=Gen|Gender=Fem|Number=Sing|POS=ADV",
      "Animacy=Inan|Case=Acc|Gender=Neut|Number=Sing|POS=PUNCT",
      "Aspect=Perf|Mood=Ind|Number=Sing|POS=ADV|Person=Third|Tense=Fut|VerbForm=Fin|Voice=Act",
      "Animacy=Anim|Case=Gen|Gender=Masc|Number=Plur|POS=ADV",
      "Animacy=Inan|Case=Gen|Gender=Neut|Number=Plur|POS=DET",
      "Animacy=Inan|Case=Ins|Gender=Masc|Number=Sing|POS=PUNCT",
      "Animacy=Inan|Case=Gen|Gender=Masc|Number=Plur|POS=PUNCT",
      "Animacy=Anim|Case=Dat|Gender=Masc|Number=Sing|POS=SCONJ",
      "Animacy=Inan|Case=Acc|POS=DET",
      "POS=VERB|Polarity=Neg",
      "Animacy=Inan|Case=Nom|Gender=Neut|Number=Sing|POS=PUNCT",
      "Animacy=Inan|Case=Gen|Gender=Fem|Number=Sing|POS=DET",
      "Aspect=Imp|Case=Acc|Gender=Neut|Number=Sing|POS=VERB|Tense=Past|VerbForm=Part|Voice=Pass",
      "Case=Dat|Degree=Pos|Number=Plur|POS=NUM",
      "Animacy=Inan|Case=Dat|Gender=Masc|Number=Sing|POS=PUNCT",
      "Animacy=Inan|Case=Gen|Gender=Masc|Number=Sing|POS=CCONJ",
      "Aspect=Perf|Gender=Masc|Mood=Ind|Number=Sing|POS=ADV|Tense=Past|VerbForm=Fin|Voice=Act",
      "Aspect=Perf|Mood=Ind|Number=Plur|POS=ADV|Tense=Past|VerbForm=Fin|Voice=Act",
      "Animacy=Inan|Case=Gen|Gender=Masc|Number=Sing|POS=ADP",
      "Hyph=Yes|POS=ADV",
      "Degree=Pos|POS=ADV|Polarity=Neg",
      "Animacy=Inan|Case=Nom|Gender=Neut|Number=Plur|POS=DET",
      "Mood=Cnd|POS=PART",
      "Animacy=Inan|Case=Gen|Gender=Fem|Number=Plur|POS=DET",
      "Aspect=Perf|Mood=Imp|Number=Plur|POS=ADV|Person=Second|VerbForm=Fin|Voice=Act",
      "Animacy=Inan|Case=Nom|Gender=Masc|Number=Sing|POS=DET",
      "Animacy=Inan|Case=Acc|Number=Plur|POS=ADP",
      "Animacy=Anim|Case=Acc|Gender=Neut|Number=Sing|POS=ADV",
      "Case=Nom|Gender=Fem|Number=Sing|POS=PUNCT|Person=Third",
      "Aspect=Perf|Gender=Masc|Number=Sing|POS=ADV|StyleVariant=Short|Tense=Past|VerbForm=Part|Voice=Pass",
      "Case=Gen|POS=ADV|Polarity=Neg",
      "Animacy=Inan|Case=Gen|Gender=Masc|Number=Sing|POS=SCONJ",
      "Case=Loc|Gender=Neut|Number=Sing|POS=ADP",
      "Animacy=Inan|Case=Dat|Gender=Neut|Number=Plur|POS=DET",
      "Animacy=Anim|Case=Gen|Gender=Masc|Number=Sing|POS=DET",
      "Case=Dat|Gender=Masc|Number=Sing|POS=DET|Person=Third",
      "Animacy=Inan|Case=Loc|Gender=Neut|Number=Sing|POS=ADP",
      "Aspect=Perf|POS=ADV|VerbForm=Inf|Voice=Act",
      "Case=Nom|POS=SCONJ",
      "Aspect=Imp|Gender=Neut|Number=Sing|POS=VERB|StyleVariant=Short|Tense=Pres|VerbForm=Part|Voice=Pass",
      "Animacy=Inan|Case=Acc|Number=Plur|POS=ADP|Person=Third",
      "Animacy=Inan|Case=Loc|Gender=Masc|Number=Sing|POS=DET",
      "Animacy=Inan|Case=Acc|Gender=Neut|Number=Plur|POS=DET",
      "Aspect=Imp|Case=Acc|Gender=Fem|Number=Sing|POS=ADV|Tense=Pres|VerbForm=Part|Voice=Act",
      "Case=Nom|Degree=Pos|Number=Plur|POS=NUM"
    ],
    "parser": [
      "ROOT",
      "acl",
      "acl:relcl",
      "advcl",
      "advmod",
      "amod",
      "appos",
      "aux",
      "aux:pass",
      "case",
      "cc",
      "ccomp",
      "compound",
      "conj",
      "cop",
      "csubj",
      "csubj:pass",
      "dep",
      "det",
      "discourse",
      "expl",
      "fixed",
      "flat",
      "flat:foreign",
      "flat:name",
      "iobj",
      "list",
      "mark",
      "nmod",
      "nsubj",
      "nsubj:pass",
      "nummod",
      "nummod:entity",
      "nummod:gov",
      "obj",
      "obl",
      "obl:agent",
      "orphan",
      "parataxis",
      "punct",
      "xcomp"
    ],
    "senter": [
      "I",
      "S"
    ],
    "ner": [
      "LOC",
      "ORG",
      "PER"
    ],
    "attribute_ruler": [],
    "lemmatizer": []
  },
  "pipeline": [
    "tok2vec",
    "morphologizer",
    "parser",
    "ner",
    "attribute_ruler",
    "lemmatizer"
  ],
  "components": [
    "tok2vec",
    "morphologizer",
    "parser",
    "senter",
    "ner",
    "attribute_ruler",
    "lemmatizer"
  ],
  "disabled": [
    "senter"
  ],
  "performance": {
    "token_acc": 0.9984532137,
    "tag_acc": 0.988972722,
    "pos_acc": 0.988972722,
    "morph_acc": 0.9727918451,
    "lemma_acc": 2.15267e-05,
    "dep_uas": 0.9598033961,
    "dep_las": 0.9480135912,
    "ents_p": 0.9491269308,
    "ents_r": 0.9515233126,
    "ents_f": 0.950323611,
    "sents_p": 0.9988577955,
    "sents_r": 0.9982876712,
    "sents_f": 0.998572652,
    "speed": 3767.7655233469,
    "morph_per_feat": {
      "Animacy": {
        "p": 0.9901094708,
        "r": 0.9806406604,
        "f": 0.9853523184
      },
      "Case": {
        "p": 0.9763225879,
        "r": 0.9697003503,
        "f": 0.9730002015
      },
      "Gender": {
        "p": 0.9871131157,
        "r": 0.9805769528,
        "f": 0.9838341785
      },
      "Number": {
        "p": 0.9957156398,
        "r": 0.9892643237,
        "f": 0.9924794981
      },
      "Degree": {
        "p": 0.9864448552,
        "r": 0.9862422998,
        "f": 0.9863435671
      },
      "Aspect": {
        "p": 0.9896125011,
        "r": 0.9848089888,
        "f": 0.9872049018
      },
      "Mood": {
        "p": 0.9986343886,
        "r": 0.9972725019,
        "f": 0.9979529806
      },
      "Tense": {
        "p": 0.9925673583,
        "r": 0.9875718981,
        "f": 0.990063327
      },
      "VerbForm": {
        "p": 0.9953933701,
        "r": 0.9905617978,
        "f": 0.9929717066
      },
      "Voice": {
        "p": 0.9907867401,
        "r": 0.9859775281,
        "f": 0.988376284
      },
      "StyleVariant": {
        "p": 0.9901380671,
        "r": 0.9901380671,
        "f": 0.9901380671
      },
      "Polarity": {
        "p": 1.0,
        "r": 1.0,
        "f": 1.0
      },
      "Person": {
        "p": 0.9995458674,
        "r": 0.993006993,
        "f": 0.996265701
      },
      "Foreign": {
        "p": 0.9709020369,
        "r": 0.865916955,
        "f": 0.9154092364
      },
      "Hyph": {
        "p": 0.0,
        "r": 0.0,
        "f": 0.0
      }
    },
    "dep_las_per_type": {
      "case": {
        "p": 0.9920679887,
        "r": 0.9871276896,
        "f": 0.9895916733
      },
      "parataxis": {
        "p": 0.8779840849,
        "r": 0.8564036223,
        "f": 0.867059594
      },
      "nmod": {
        "p": 0.9225914238,
        "r": 0.9231912325,
        "f": 0.9228912307
      },
      "advmod": {
        "p": 0.9567438692,
        "r": 0.9493071984,
        "f": 0.9530110263
      },
      "obl": {
        "p": 0.9404354375,
        "r": 0.9294897821,
        "f": 0.9349305745
      },
      "amod": {
        "p": 0.9876420455,
        "r": 0.9831730769,
        "f": 0.9854024943
      },
      "nsubj": {
        "p": 0.9718690401,
        "r": 0.9655771356,
        "f": 0.9687128713
      },
      "root": {
        "p": 0.9889502762,
        "r": 0.9876331811,
        "f": 0.9882912899
      },
      "xcomp": {
        "p": 0.9565217391,
        "r": 0.9696048632,
        "f": 0.9630188679
      },
      "conj": {
        "p": 0.8817204301,
        "r": 0.9004804393,
        "f": 0.8910016978
      },
      "cc": {
        "p": 0.9728082513,
        "r": 0.9705332086,
        "f": 0.9716693983
      },
      "fixed": {
        "p": 0.9860050891,
        "r": 0.9860050891,
        "f": 0.9860050891
      },
      "mark": {
        "p": 0.9631306598,
        "r": 0.9719321149,
        "f": 0.967511371
      },
      "ccomp": {
        "p": 0.9678756477,
        "r": 0.9769874477,
        "f": 0.972410203
      },
      "nummod:gov": {
        "p": 0.9601677149,
        "r": 0.9541666667,
        "f": 0.9571577847
      },
      "nummod": {
        "p": 0.9594827586,
        "r": 0.9448217317,
        "f": 0.9520958084
      },
      "obj": {
        "p": 0.9723909442,
        "r": 0.962295082,
        "f": 0.9673166712
      },
      "det": {
        "p": 0.9668587896,
        "r": 0.9696531792,
        "f": 0.9682539683
      },
      "appos": {
        "p": 0.8868821293,
        "r": 0.8015463918,
        "f": 0.8420577617
      },
      "aux": {
        "p": 0.9523809524,
        "r": 0.9523809524,
        "f": 0.9523809524
      },
      "flat": {
        "p": 0.9952830189,
        "r": 0.9612756264,
        "f": 0.9779837775
      },
      "flat:name": {
        "p": 0.9698857736,
        "r": 0.9648760331,
        "f": 0.9673744174
      },
      "iobj": {
        "p": 0.918395574,
        "r": 0.8341708543,
        "f": 0.8742593812
      },
      "acl": {
        "p": 0.9187749667,
        "r": 0.861423221,
        "f": 0.8891752577
      },
      "obl:agent": {
        "p": 0.7532467532,
        "r": 0.7631578947,
        "f": 0.7581699346
      },
      "advcl": {
        "p": 0.873853211,
        "r": 0.8698630137,
        "f": 0.8718535469
      },
      "cop": {
        "p": 0.8835616438,
        "r": 0.8958333333,
        "f": 0.8896551724
      },
      "flat:foreign": {
        "p": 0.9650537634,
        "r": 0.8159090909,
        "f": 0.8842364532
      },
      "aux:pass": {
        "p": 0.988372093,
        "r": 0.9742120344,
        "f": 0.9812409812
      },
      "nsubj:pass": {
        "p": 0.9572901325,
        "r": 0.9489051095,
        "f": 0.9530791789
      },
      "acl:relcl": {
        "p": 0.8105263158,
        "r": 0.7905544148,
        "f": 0.8004158004
      },
      "orphan": {
        "p": 0.725,
        "r": 0.8055555556,
        "f": 0.7631578947
      },
      "discourse": {
        "p": 0.7972972973,
        "r": 0.9076923077,
        "f": 0.8489208633
      },
      "csubj": {
        "p": 0.977443609,
        "r": 0.9154929577,
        "f": 0.9454545455
      },
      "expl": {
        "p": 0.7894736842,
        "r": 0.7894736842,
        "f": 0.7894736842
      },
      "compound": {
        "p": 0.8333333333,
        "r": 0.5,
        "f": 0.625
      },
      "csubj:pass": {
        "p": 0.8181818182,
        "r": 0.8181818182,
        "f": 0.8181818182
      },
      "nummod:entity": {
        "p": 1.0,
        "r": 0.75,
        "f": 0.8571428571
      },
      "list": {
        "p": 0.0,
        "r": 0.0,
        "f": 0.0
      }
    },
    "ents_per_type": {
      "PER": {
        "p": 0.9579831933,
        "r": 0.9601347558,
        "f": 0.9590577678
      },
      "LOC": {
        "p": 0.9725508755,
        "r": 0.9707132735,
        "f": 0.9716312057
      },
      "ORG": {
        "p": 0.9173955296,
        "r": 0.9241311796,
        "f": 0.9207510363
      }
    }
  },
  "sources": [
    {
      "name": "Nerus",
      "url": "https://github.com/natasha/nerus",
      "author": "Alexander Kukushkin",
      "license": "MIT"
    },
    {
      "name": "Navec",
      "url": "https://github.com/natasha/navec",
      "author": "Alexander Kukushkin",
      "license": "MIT"
    }
  ],
  "requirements": [
    "pymorphy2>=0.9"
  ],
  "parent_package": "spacy-nightly",
  "size": "491 MB",
  "checksum": "5c0e3f58d9362c3445003eaa425b5b5ee3fd4d7bdc2d8e3f941a38f5baa14a5e"
}