{
  "lang": "ru",
  "name": "core_news_sm",
  "version": "3.0.0a1",
  "description": "Russian pipeline optimized for CPU. Components: tok2vec, morphologizer, parser, senter, ner, attribute_ruler, lemmatizer.",
  "author": "Explosion",
  "email": "contact@explosion.ai",
  "url": "https://explosion.ai",
  "license": "MIT",
  "spacy_version": ">=3.0.0rc3,<3.1.0",
  "spacy_git_version": "43a752a2a",
  "vectors": {
    "width": 0,
    "vectors": 0,
    "keys": 0,
    "name": null
  },
  "labels": {
    "tok2vec": [],
    "morphologizer": [
      "Case=Nom|Degree=Pos|Number=Plur|POS=ADJ",
      "Animacy=Anim|Case=Nom|Gender=Masc|Number=Plur|POS=NOUN",
      "Aspect=Perf|Mood=Ind|Number=Plur|POS=VERB|Tense=Past|VerbForm=Fin|Voice=Act",
      "Animacy=Inan|Case=Acc|POS=NUM",
      "Animacy=Inan|Case=Gen|Gender=Fem|Number=Plur|POS=NOUN",
      "Case=Gen|Degree=Pos|Gender=Masc|Number=Sing|POS=ADJ",
      "Animacy=Inan|Case=Gen|Gender=Masc|Number=Sing|POS=NOUN",
      "POS=ADP",
      "Case=Gen|Gender=Fem|Number=Sing|POS=DET",
      "Animacy=Inan|Case=Gen|Gender=Fem|Number=Sing|POS=NOUN",
      "POS=PUNCT",
      "Degree=Pos|POS=ADV",
      "Aspect=Imp|Mood=Ind|Number=Plur|POS=VERB|Tense=Past|VerbForm=Fin|Voice=Mid",
      "Animacy=Inan|Case=Nom|Gender=Masc|Number=Plur|POS=NOUN",
      "Animacy=Anim|Case=Gen|Gender=Masc|Number=Plur|POS=NOUN",
      "Aspect=Perf|Case=Gen|Number=Plur|POS=VERB|Tense=Past|VerbForm=Part|Voice=Pass",
      "Case=Loc|Degree=Pos|Number=Plur|POS=ADJ",
      "Animacy=Inan|Case=Loc|Gender=Neut|Number=Plur|POS=NOUN",
      "Animacy=Inan|Case=Loc|Gender=Neut|Number=Sing|POS=PRON",
      "Aspect=Imp|Mood=Ind|Number=Sing|POS=VERB|Person=Third|Tense=Pres|VerbForm=Fin|Voice=Act",
      "Animacy=Inan|Case=Nom|Gender=Neut|Number=Sing|POS=NOUN",
      "Foreign=Yes|POS=PROPN",
      "Case=Loc|Gender=Fem|Number=Sing|POS=NUM",
      "Aspect=Imp|Gender=Neut|Mood=Ind|Number=Sing|POS=VERB|Tense=Past|VerbForm=Fin|Voice=Act",
      "Animacy=Anim|Case=Gen|Gender=Masc|Number=Sing|POS=NOUN",
      "Animacy=Inan|Case=Loc|Gender=Masc|Number=Sing|POS=NOUN",
      "POS=NUM",
      "Animacy=Inan|Case=Gen|Gender=Masc|Number=Plur|POS=NOUN",
      "Case=Nom|Gender=Masc|Number=Sing|POS=PRON|Person=Third",
      "Aspect=Imp|Gender=Masc|Mood=Ind|Number=Sing|POS=AUX|Tense=Past|VerbForm=Fin|Voice=Act",
      "Animacy=Anim|Case=Ins|Gender=Masc|Number=Sing|POS=NOUN",
      "Animacy=Inan|Case=Dat|Gender=Neut|Number=Sing|POS=NOUN",
      "POS=DET",
      "Animacy=Inan|Case=Nom|Gender=Fem|Number=Sing|POS=NOUN",
      "Aspect=Perf|Gender=Fem|Mood=Ind|Number=Sing|POS=VERB|Tense=Past|VerbForm=Fin|Voice=Act",
      "Case=Dat|Degree=Pos|Number=Plur|POS=ADJ",
      "Animacy=Inan|Case=Dat|Gender=Fem|Number=Plur|POS=NOUN",
      "Animacy=Inan|Case=Nom|Gender=Masc|Number=Sing|POS=NOUN",
      "Aspect=Perf|Gender=Masc|Mood=Ind|Number=Sing|POS=VERB|Tense=Past|VerbForm=Fin|Voice=Act",
      "POS=SCONJ",
      "Animacy=Inan|Case=Ins|Gender=Neut|Number=Sing|POS=NOUN",
      "Case=Acc|Gender=Neut|Number=Sing|POS=PRON|Person=Third",
      "Case=Acc|POS=NUM",
      "Case=Ins|Degree=Pos|Number=Plur|POS=ADJ",
      "Animacy=Inan|Case=Ins|Gender=Masc|Number=Plur|POS=NOUN",
      "POS=CCONJ",
      "Case=Nom|POS=NUM",
      "Animacy=Inan|Case=Dat|Gender=Masc|Number=Sing|POS=NOUN",
      "Aspect=Perf|Gender=Masc|Number=Sing|POS=VERB|StyleVariant=Short|Tense=Past|VerbForm=Part|Voice=Pass",
      "Case=Nom|Degree=Pos|Gender=Masc|Number=Sing|POS=ADJ",
      "Case=Ins|Degree=Pos|Gender=Neut|Number=Sing|POS=ADJ",
      "Aspect=Imp|Mood=Ind|Number=Plur|POS=VERB|Person=Third|Tense=Pres|VerbForm=Fin|Voice=Act",
      "Case=Nom|Gender=Masc|Number=Sing|POS=DET",
      "Aspect=Imp|Gender=Masc|Mood=Ind|Number=Sing|POS=VERB|Tense=Past|VerbForm=Fin|Voice=Act",
      "Case=Acc|Degree=Pos|Gender=Fem|Number=Sing|POS=ADJ",
      "Animacy=Inan|Case=Acc|Gender=Fem|Number=Sing|POS=NOUN",
      "Case=Nom|Gender=Fem|Number=Sing|POS=PRON",
      "Aspect=Imp|Mood=Ind|Number=Sing|POS=VERB|Person=Third|Tense=Pres|VerbForm=Fin|Voice=Mid",
      "Case=Ins|Degree=Pos|Gender=Fem|Number=Sing|POS=ADJ",
      "Animacy=Anim|Case=Nom|Gender=Fem|Number=Sing|POS=NOUN",
      "Case=Dat|Degree=Pos|Gender=Fem|Number=Sing|POS=ADJ",
      "Animacy=Inan|Case=Dat|Gender=Fem|Number=Sing|POS=NOUN",
      "Animacy=Inan|Case=Gen|Gender=Neut|Number=Sing|POS=NOUN",
      "Animacy=Inan|Case=Nom|Gender=Neut|Number=Plur|POS=NOUN",
      "Degree=Pos|Number=Plur|POS=ADJ|StyleVariant=Short",
      "Aspect=Imp|Mood=Ind|Number=Plur|POS=AUX|Tense=Past|VerbForm=Fin|Voice=Act",
      "Aspect=Perf|POS=VERB|VerbForm=Inf|Voice=Act",
      "Animacy=Inan|Case=Acc|Gender=Neut|Number=Sing|POS=PRON",
      "Case=Loc|Degree=Pos|Gender=Fem|Number=Sing|POS=ADJ",
      "Animacy=Inan|Case=Loc|Gender=Fem|Number=Sing|POS=NOUN",
      "Animacy=Inan|Case=Loc|Gender=Masc|Number=Plur|POS=NOUN",
      "Case=Gen|Degree=Pos|Gender=Fem|Number=Sing|POS=ADJ",
      "Aspect=Perf|Number=Plur|POS=VERB|StyleVariant=Short|Tense=Past|VerbForm=Part|Voice=Pass",
      "Animacy=Anim|Case=Acc|Gender=Masc|POS=NUM",
      "Animacy=Anim|Case=Gen|Gender=Fem|Number=Plur|POS=NOUN",
      "Animacy=Anim|Case=Acc|Gender=Neut|Number=Plur|POS=NOUN",
      "Mood=Cnd|POS=SCONJ",
      "Case=Nom|Number=Plur|POS=PRON|Person=Third",
      "POS=PART|Polarity=Neg",
      "Aspect=Imp|POS=VERB|VerbForm=Inf|Voice=Mid",
      "Animacy=Inan|Aspect=Perf|Case=Acc|Number=Plur|POS=VERB|Tense=Past|VerbForm=Part|Voice=Pass",
      "Animacy=Inan|Case=Acc|Gender=Fem|Number=Plur|POS=NOUN",
      "Case=Nom|Number=Plur|POS=DET",
      "Aspect=Imp|Mood=Ind|Number=Plur|POS=VERB|Tense=Past|VerbForm=Fin|Voice=Act",
      "Animacy=Anim|Case=Acc|Gender=Masc|Number=Sing|POS=NOUN",
      "Aspect=Imp|Gender=Neut|Mood=Ind|Number=Sing|POS=VERB|Tense=Past|VerbForm=Fin|Voice=Mid",
      "Animacy=Inan|Case=Acc|Gender=Masc|Number=Sing|POS=NOUN",
      "Animacy=Anim|Case=Acc|Number=Plur|POS=PRON",
      "Animacy=Inan|Case=Acc|Gender=Neut|Number=Sing|POS=NOUN",
      "Case=Gen|Degree=Pos|Gender=Neut|Number=Sing|POS=ADJ",
      "Animacy=Anim|Case=Gen|Gender=Masc|Number=Sing|POS=PROPN",
      "Animacy=Anim|Case=Nom|Gender=Fem|Number=Sing|POS=PROPN",
      "Aspect=Imp|Gender=Fem|Mood=Ind|Number=Sing|POS=VERB|Tense=Past|VerbForm=Fin|Voice=Act",
      "POS=INTJ",
      "Animacy=Inan|Case=Loc|Gender=Fem|Number=Plur|POS=NOUN",
      "Animacy=Inan|Case=Nom|Gender=Neut|Number=Sing|POS=PRON",
      "Aspect=Imp|Gender=Fem|Mood=Ind|Number=Sing|POS=AUX|Tense=Past|VerbForm=Fin|Voice=Act",
      "Case=Nom|Degree=Pos|Gender=Fem|Number=Sing|POS=ADJ",
      "Case=Acc|Gender=Masc|Number=Sing|POS=PRON|Person=Third",
      "Case=Nom|Number=Plur|POS=PRON",
      "Aspect=Imp|Gender=Masc|Mood=Ind|Number=Sing|POS=VERB|Tense=Past|VerbForm=Fin|Voice=Mid",
      "Aspect=Imp|Gender=Masc|Mood=Ind|Number=Sing|POS=VERB|Tense=Past|VerbForm=Fin|Voice=Pass",
      "Degree=Pos|Gender=Fem|Number=Sing|POS=ADJ|StyleVariant=Short",
      "Case=Gen|Gender=Masc|Number=Sing|POS=PRON|Person=Third",
      "Case=Gen|POS=PRON",
      "Animacy=Inan|Case=Dat|Gender=Neut|Number=Plur|POS=NOUN",
      "Animacy=Anim|Case=Nom|Gender=Masc|Number=Sing|POS=PROPN",
      "Aspect=Imp|POS=VERB|VerbForm=Inf|Voice=Act",
      "Animacy=Anim|Case=Nom|Gender=Masc|Number=Sing|POS=NOUN",
      "Case=Acc|Gender=Fem|Number=Sing|POS=PRON|Person=Third",
      "Animacy=Inan|Case=Acc|Number=Plur|POS=DET",
      "Case=Nom|POS=PRON",
      "Animacy=Anim|Case=Ins|Gender=Masc|Number=Plur|POS=NOUN",
      "POS=ADJ",
      "Case=Loc|Degree=Pos|Gender=Masc|Number=Sing|POS=ADJ",
      "Animacy=Inan|Case=Gen|Gender=Fem|Number=Sing|POS=PROPN",
      "Aspect=Imp|Mood=Ind|Number=Sing|POS=AUX|Person=Third|Tense=Pres|VerbForm=Fin|Voice=Act",
      "Case=Nom|Gender=Fem|Number=Sing|POS=PRON|Person=Third",
      "Case=Ins|Gender=Masc|Number=Sing|POS=DET",
      "Animacy=Inan|Case=Ins|Gender=Masc|Number=Sing|POS=NOUN",
      "Aspect=Perf|Case=Acc|Gender=Neut|Number=Sing|POS=VERB|Tense=Past|VerbForm=Part|Voice=Pass",
      "Animacy=Inan|Case=Loc|Gender=Neut|Number=Sing|POS=NOUN",
      "Animacy=Inan|Case=Gen|Gender=Masc|Number=Sing|POS=PROPN",
      "Case=Nom|Number=Sing|POS=PRON|Person=First",
      "Aspect=Imp|Mood=Ind|Number=Sing|POS=VERB|Person=First|Tense=Pres|VerbForm=Fin|Voice=Act",
      "Animacy=Inan|Case=Acc|Degree=Pos|Gender=Masc|Number=Sing|POS=ADJ",
      "Mood=Cnd|POS=AUX",
      "Case=Nom|Number=Plur|POS=PRON|Person=First",
      "Case=Gen|Number=Plur|POS=DET",
      "Animacy=Inan|Case=Ins|Gender=Masc|Number=Sing|POS=PROPN",
      "Aspect=Imp|Case=Gen|Gender=Masc|Number=Sing|POS=VERB|Tense=Pres|VerbForm=Part|Voice=Act",
      "Animacy=Inan|Case=Ins|Gender=Neut|Number=Sing|POS=PRON",
      "Aspect=Perf|POS=VERB|VerbForm=Inf|Voice=Mid",
      "Aspect=Perf|Case=Gen|Number=Plur|POS=VERB|Tense=Past|VerbForm=Part|Voice=Act",
      "Animacy=Inan|Case=Acc|Gender=Masc|Number=Sing|POS=PROPN",
      "Animacy=Inan|Case=Acc|Gender=Neut|Number=Sing|POS=DET",
      "POS=PART",
      "Case=Dat|Gender=Masc|Number=Sing|POS=DET",
      "Aspect=Perf|Mood=Ind|Number=Plur|POS=VERB|Person=Third|Tense=Fut|VerbForm=Fin|Voice=Mid",
      "Aspect=Perf|Gender=Masc|Mood=Ind|Number=Sing|POS=VERB|Tense=Past|VerbForm=Fin|Voice=Mid",
      "Case=Nom|Gender=Masc|Number=Sing|POS=NUM",
      "Animacy=Anim|Case=Dat|Gender=Fem|Number=Sing|POS=PROPN",
      "Aspect=Perf|Mood=Ind|Number=Sing|POS=VERB|Person=Third|Tense=Fut|VerbForm=Fin|Voice=Mid",
      "Case=Loc|Gender=Masc|Number=Sing|POS=DET",
      "Aspect=Perf|Gender=Neut|Mood=Ind|Number=Sing|POS=VERB|Tense=Past|VerbForm=Fin|Voice=Act",
      "Degree=Pos|Gender=Neut|Number=Sing|POS=ADJ|StyleVariant=Short",
      "Animacy=Inan|Case=Gen|Gender=Neut|Number=Plur|POS=NOUN",
      "Animacy=Anim|Case=Dat|Gender=Masc|Number=Sing|POS=NOUN",
      "Case=Nom|Gender=Neut|Number=Sing|POS=PRON|Person=Third",
      "Aspect=Perf|Gender=Neut|Number=Sing|POS=VERB|StyleVariant=Short|Tense=Past|VerbForm=Part|Voice=Pass",
      "Animacy=Inan|Case=Loc|Gender=Fem|Number=Sing|POS=PROPN",
      "Animacy=Inan|Case=Acc|Gender=Masc|Number=Plur|POS=NOUN",
      "Aspect=Perf|Mood=Ind|Number=Plur|POS=VERB|Person=Third|Tense=Fut|VerbForm=Fin|Voice=Act",
      "Aspect=Perf|Mood=Ind|Number=Plur|POS=VERB|Tense=Past|VerbForm=Fin|Voice=Mid",
      "Animacy=Inan|Case=Gen|Gender=Neut|Number=Sing|POS=PRON",
      "Aspect=Perf|Case=Loc|Gender=Neut|Number=Sing|POS=VERB|Tense=Past|VerbForm=Part|Voice=Pass",
      "Animacy=Inan|Case=Loc|Gender=Neut|Number=Sing|POS=PROPN",
      "Case=Dat|Degree=Pos|Gender=Masc|Number=Sing|POS=ADJ",
      "Animacy=Inan|Case=Dat|Gender=Masc|Number=Plur|POS=PROPN",
      "Animacy=Inan|Case=Acc|Degree=Pos|Number=Plur|POS=ADJ",
      "Animacy=Inan|Case=Acc|Gender=Neut|Number=Plur|POS=NOUN",
      "Foreign=Yes|POS=X",
      "Animacy=Inan|Case=Loc|Gender=Masc|Number=Sing|POS=PROPN",
      "Aspect=Imp|POS=VERB|Tense=Pres|VerbForm=Conv|Voice=Act",
      "Case=Gen|Degree=Pos|Number=Plur|POS=ADJ",
      "Animacy=Inan|Case=Ins|Gender=Fem|Number=Sing|POS=NOUN",
      "Aspect=Imp|Gender=Neut|Mood=Ind|Number=Sing|POS=AUX|Tense=Past|VerbForm=Fin|Voice=Act",
      "Case=Nom|Degree=Pos|Gender=Neut|Number=Sing|POS=ADJ",
      "Aspect=Imp|Case=Nom|Number=Plur|POS=VERB|Tense=Past|VerbForm=Part|Voice=Act",
      "Case=Gen|POS=NUM",
      "Animacy=Inan|Case=Acc|Gender=Masc|POS=NUM",
      "Aspect=Imp|Case=Gen|Number=Plur|POS=VERB|Tense=Pres|VerbForm=Part|Voice=Act",
      "Animacy=Inan|Case=Ins|Gender=Fem|Number=Sing|POS=PROPN",
      "Animacy=Inan|Case=Ins|Gender=Neut|Number=Sing|POS=PROPN",
      "Animacy=Inan|Case=Nom|Gender=Fem|Number=Plur|POS=NOUN",
      "Aspect=Imp|Mood=Ind|Number=Sing|POS=VERB|Person=Third|Tense=Pres|VerbForm=Fin|Voice=Pass",
      "Aspect=Imp|POS=VERB|VerbForm=Inf|Voice=Pass",
      "Case=Gen|Gender=Fem|Number=Sing|POS=NUM",
      "Case=Ins|Degree=Pos|Gender=Masc|Number=Sing|POS=ADJ",
      "Animacy=Inan|Case=Acc|Degree=Pos|Gender=Neut|Number=Sing|POS=ADJ",
      "Aspect=Perf|Mood=Ind|Number=Sing|POS=VERB|Person=Third|Tense=Fut|VerbForm=Fin|Voice=Act",
      "Animacy=Inan|Case=Ins|Gender=Neut|Number=Plur|POS=NOUN",
      "Case=Loc|Gender=Fem|Number=Sing|POS=DET",
      "Animacy=Inan|Case=Nom|Gender=Masc|Number=Sing|POS=PROPN",
      "Case=Loc|Gender=Masc|Number=Sing|POS=PRON",
      "Aspect=Perf|Gender=Neut|Mood=Ind|Number=Sing|POS=VERB|Tense=Past|VerbForm=Fin|Voice=Mid",
      "Animacy=Anim|Case=Dat|Gender=Masc|Number=Plur|POS=NOUN",
      "Animacy=Anim|Case=Acc|Gender=Masc|Number=Plur|POS=NOUN",
      "Animacy=Anim|Case=Acc|Gender=Masc|Number=Sing|POS=PROPN",
      "Animacy=Anim|Case=Ins|Gender=Masc|Number=Sing|POS=PROPN",
      "Aspect=Perf|Case=Gen|Gender=Masc|Number=Sing|POS=VERB|Tense=Past|VerbForm=Part|Voice=Act",
      "Animacy=Inan|Case=Nom|Gender=Fem|Number=Sing|POS=PROPN",
      "Animacy=Inan|Case=Acc|Number=Plur|POS=PRON|Person=Third",
      "Case=Nom|Gender=Masc|Number=Sing|POS=PRON",
      "Case=Dat|POS=PRON",
      "Aspect=Imp|Mood=Ind|Number=Plur|POS=VERB|Person=Third|Tense=Pres|VerbForm=Fin|Voice=Mid",
      "Animacy=Inan|Case=Nom|Gender=Neut|Number=Sing|POS=PROPN",
      "Animacy=Inan|Case=Nom|Gender=Fem|Number=Plur|POS=PROPN",
      "Case=Dat|Gender=Fem|Number=Sing|POS=PRON",
      "Case=Ins|Number=Plur|POS=PRON|Person=Third",
      "Animacy=Inan|Case=Acc|Gender=Fem|Number=Sing|POS=PROPN",
      "Animacy=Inan|Case=Dat|Gender=Masc|Number=Plur|POS=NOUN",
      "Aspect=Perf|Case=Gen|Gender=Fem|Number=Sing|POS=VERB|Tense=Past|VerbForm=Part|Voice=Pass",
      "Aspect=Imp|POS=AUX|VerbForm=Inf|Voice=Act",
      "Aspect=Imp|Mood=Ind|Number=Plur|POS=AUX|Person=Third|Tense=Pres|VerbForm=Fin|Voice=Act",
      "Aspect=Imp|Case=Gen|Gender=Fem|Number=Sing|POS=VERB|Tense=Pres|VerbForm=Part|Voice=Act",
      "Aspect=Perf|Case=Dat|Number=Plur|POS=VERB|Tense=Past|VerbForm=Part|Voice=Pass",
      "Degree=Pos|Gender=Masc|Number=Sing|POS=ADJ|StyleVariant=Short",
      "Degree=Cmp|POS=ADV",
      "Aspect=Perf|Case=Loc|Number=Plur|POS=VERB|Tense=Past|VerbForm=Part|Voice=Pass",
      "Aspect=Imp|Case=Ins|Gender=Fem|Number=Sing|POS=VERB|Tense=Pres|VerbForm=Part|Voice=Pass",
      "Aspect=Perf|Gender=Fem|Mood=Ind|Number=Sing|POS=VERB|Tense=Past|VerbForm=Fin|Voice=Mid",
      "Aspect=Imp|Gender=Neut|Mood=Ind|Number=Sing|POS=VERB|Tense=Past|VerbForm=Fin|Voice=Pass",
      "Aspect=Imp|Mood=Ind|Number=Plur|POS=AUX|Person=First|Tense=Pres|VerbForm=Fin|Voice=Act",
      "Case=Ins|Number=Plur|POS=DET",
      "Aspect=Perf|Mood=Ind|Number=Plur|POS=VERB|Person=First|Tense=Fut|VerbForm=Fin|Voice=Act",
      "Aspect=Imp|Case=Acc|Gender=Fem|Number=Sing|POS=VERB|Tense=Pres|VerbForm=Part|Voice=Act",
      "Animacy=Inan|Case=Dat|Gender=Neut|Number=Sing|POS=PRON",
      "Case=Loc|Degree=Pos|Gender=Neut|Number=Sing|POS=ADJ",
      "Animacy=Inan|Case=Gen|Gender=Fem|Number=Plur|POS=PROPN",
      "Case=Nom|Gender=Neut|Number=Sing|POS=DET",
      "Animacy=Inan|Case=Gen|Gender=Neut|Number=Sing|POS=PROPN",
      "Aspect=Imp|Case=Nom|Number=Plur|POS=VERB|Tense=Pres|VerbForm=Part|Voice=Act",
      "Case=Gen|Gender=Masc|POS=NUM",
      "Animacy=Anim|Case=Dat|Gender=Fem|Number=Sing|POS=NOUN",
      "Aspect=Imp|Case=Ins|Gender=Fem|Number=Sing|POS=VERB|Tense=Pres|VerbForm=Part|Voice=Act",
      "Animacy=Anim|Case=Ins|Gender=Fem|Number=Sing|POS=NOUN",
      "Aspect=Imp|Case=Nom|Gender=Fem|Number=Sing|POS=VERB|Tense=Past|VerbForm=Part|Voice=Act",
      "Aspect=Perf|Gender=Fem|Number=Sing|POS=VERB|StyleVariant=Short|Tense=Past|VerbForm=Part|Voice=Pass",
      "Aspect=Perf|POS=VERB|Tense=Past|VerbForm=Conv|Voice=Act",
      "Aspect=Imp|Case=Ins|Gender=Masc|Number=Sing|POS=VERB|Tense=Pres|VerbForm=Part|Voice=Pass",
      "Case=Loc|Gender=Neut|Number=Sing|POS=DET",
      "Animacy=Anim|Case=Gen|Gender=Fem|Number=Sing|POS=NOUN",
      "Animacy=Inan|Case=Acc|Gender=Neut|Number=Sing|POS=PROPN",
      "Aspect=Imp|Case=Loc|Gender=Masc|Number=Sing|POS=VERB|Tense=Pres|VerbForm=Part|Voice=Act",
      "Aspect=Imp|Case=Dat|Number=Plur|POS=VERB|Tense=Pres|VerbForm=Part|Voice=Act",
      "Aspect=Perf|Case=Nom|Gender=Masc|Number=Sing|POS=VERB|Tense=Past|VerbForm=Part|Voice=Pass",
      "Aspect=Perf|Case=Loc|Gender=Fem|Number=Sing|POS=VERB|Tense=Past|VerbForm=Part|Voice=Pass",
      "Case=Dat|Number=Sing|POS=PRON|Person=Second",
      "Case=Nom|Gender=Fem|Number=Sing|POS=DET",
      "POS=ADV",
      "Case=Acc|POS=PRON",
      "Animacy=Anim|Case=Loc|Gender=Masc|Number=Sing|POS=NOUN",
      "Case=Ins|Gender=Masc|Number=Sing|POS=NUM",
      "Case=Ins|POS=NUM",
      "Aspect=Imp|Mood=Ind|Number=Plur|POS=VERB|Person=First|Tense=Pres|VerbForm=Fin|Voice=Act",
      "Aspect=Perf|Case=Nom|Gender=Fem|Number=Sing|POS=VERB|Tense=Past|VerbForm=Part|Voice=Pass",
      "Animacy=Inan|Case=Ins|Gender=Fem|Number=Plur|POS=NOUN",
      "Case=Gen|Gender=Masc|Number=Sing|POS=DET",
      "Aspect=Imp|Case=Nom|Gender=Masc|Number=Sing|POS=VERB|Tense=Pres|VerbForm=Part|Voice=Act",
      "Animacy=Anim|Case=Acc|Degree=Pos|Number=Plur|POS=ADJ",
      "Case=Dat|Gender=Fem|Number=Sing|POS=PRON|Person=Third",
      "Case=Gen|Gender=Masc|Number=Sing|POS=NUM",
      "Case=Acc|Gender=Masc|Number=Sing|POS=DET",
      "Aspect=Perf|Case=Ins|Gender=Fem|Number=Sing|POS=VERB|Tense=Past|VerbForm=Part|Voice=Pass",
      "Case=Loc|POS=PRON",
      "Animacy=Inan|Case=Acc|Degree=Pos|Number=Plur|POS=DET",
      "Animacy=Inan|Case=Dat|Gender=Masc|Number=Sing|POS=PROPN",
      "Case=Loc|Gender=Masc|Number=Sing|POS=PRON|Person=Third",
      "Animacy=Anim|Aspect=Perf|Case=Acc|Gender=Masc|Number=Sing|POS=VERB|Tense=Past|VerbForm=Part|Voice=Pass",
      "Case=Loc|Gender=Fem|Number=Sing|POS=PRON",
      "Aspect=Perf|Case=Ins|Number=Plur|POS=VERB|Tense=Past|VerbForm=Part|Voice=Pass",
      "Animacy=Anim|Case=Acc|Degree=Pos|Gender=Masc|Number=Sing|POS=ADJ",
      "Aspect=Imp|Mood=Imp|Number=Plur|POS=VERB|Person=Second|VerbForm=Fin|Voice=Act",
      "Case=Nom|Number=Plur|POS=PRON|Person=Second",
      "Aspect=Perf|Mood=Ind|Number=Plur|POS=VERB|Person=Second|Tense=Fut|VerbForm=Fin|Voice=Act",
      "POS=SYM",
      "Degree=Cmp|POS=ADJ",
      "Animacy=Inan|Case=Dat|Gender=Fem|Number=Sing|POS=PROPN",
      "Aspect=Imp|Case=Nom|Gender=Masc|Number=Sing|POS=VERB|Tense=Pres|VerbForm=Part|Voice=Pass",
      "Case=Acc|Gender=Masc|POS=NUM",
      "Animacy=Inan|Case=Nom|Gender=Masc|Number=Plur|POS=PROPN",
      "Case=Nom|Gender=Fem|POS=NUM",
      "Animacy=Inan|Case=Loc|Gender=Masc|Number=Plur|POS=PROPN",
      "Animacy=Anim|Case=Acc|Gender=Fem|Number=Sing|POS=NOUN",
      "Animacy=Anim|Case=Acc|Gender=Fem|Number=Sing|POS=PROPN",
      "Aspect=Perf|Case=Gen|Gender=Masc|Number=Sing|POS=VERB|Tense=Past|VerbForm=Part|Voice=Pass",
      "Animacy=Inan|Case=Gen|Gender=Masc|Number=Plur|POS=PROPN",
      "Degree=Pos|POS=ADJ",
      "Case=Ins|Degree=Sup|Gender=Fem|Number=Sing|POS=ADJ",
      "Animacy=Inan|Case=Ins|Gender=Masc|Number=Plur|POS=PROPN",
      "Animacy=Anim|Case=Dat|Gender=Masc|Number=Sing|POS=PROPN",
      "Aspect=Imp|Mood=Ind|Number=Plur|POS=VERB|Tense=Past|VerbForm=Fin|Voice=Pass",
      "Aspect=Imp|Case=Acc|Gender=Fem|Number=Sing|POS=VERB|Tense=Pres|VerbForm=Part|Voice=Pass",
      "Case=Gen|Number=Plur|POS=PRON|Person=Third",
      "Animacy=Inan|Case=Acc|Number=Plur|POS=PRON",
      "Animacy=Anim|Case=Nom|Gender=Neut|Number=Plur|POS=NOUN",
      "Animacy=Anim|Case=Gen|Gender=Neut|Number=Plur|POS=NOUN",
      "Degree=Pos|Gender=Neut|Number=Sing|POS=PUNCT|StyleVariant=Short",
      "Case=Ins|Degree=Sup|Gender=Neut|Number=Sing|POS=ADJ",
      "Aspect=Imp|Case=Nom|Gender=Fem|Number=Sing|POS=VERB|Tense=Pres|VerbForm=Part|Voice=Pass",
      "Animacy=Anim|Case=Ins|Gender=Fem|Number=Plur|POS=NOUN",
      "Animacy=Anim|Case=Acc|Gender=Fem|Number=Plur|POS=NOUN",
      "Case=Dat|Degree=Pos|Gender=Neut|Number=Sing|POS=ADJ",
      "Animacy=Anim|Case=Nom|Gender=Fem|Number=Plur|POS=NOUN",
      "Animacy=Anim|Case=Dat|Gender=Fem|Number=Plur|POS=NOUN",
      "Animacy=Inan|Case=Nom|Gender=Neut|Number=Sing|POS=SCONJ",
      "Case=Loc|Gender=Neut|Number=Sing|POS=PRON",
      "Aspect=Imp|Case=Nom|Gender=Fem|Number=Sing|POS=VERB|Tense=Pres|VerbForm=Part|Voice=Act",
      "Aspect=Imp|Gender=Fem|Mood=Ind|Number=Sing|POS=VERB|Tense=Past|VerbForm=Fin|Voice=Mid",
      "Aspect=Imp|Mood=Ind|Number=Sing|POS=VERB|Person=First|Tense=Pres|VerbForm=Fin|Voice=Mid",
      "Case=Dat|Number=Sing|POS=PRON|Person=First",
      "Case=Acc|Gender=Fem|Number=Sing|POS=DET",
      "Aspect=Imp|Mood=Ind|Number=Plur|POS=VERB|Person=Second|Tense=Pres|VerbForm=Fin|Voice=Mid",
      "POS=NOUN",
      "Case=Dat|Number=Plur|POS=PRON|Person=Third",
      "Degree=Cmp|POS=NUM",
      "Case=Gen|Gender=Neut|Number=Sing|POS=NUM",
      "Aspect=Imp|Case=Nom|Number=Plur|POS=VERB|Tense=Pres|VerbForm=Part|Voice=Pass",
      "Case=Loc|Number=Plur|POS=DET",
      "Aspect=Perf|Case=Gen|Gender=Neut|Number=Sing|POS=VERB|Tense=Past|VerbForm=Part|Voice=Pass",
      "Aspect=Perf|Case=Nom|Gender=Neut|Number=Sing|POS=VERB|Tense=Past|VerbForm=Part|Voice=Act",
      "Case=Dat|POS=NUM",
      "Animacy=Anim|Aspect=Imp|Case=Acc|Number=Plur|POS=VERB|Tense=Pres|VerbForm=Part|Voice=Act",
      "Case=Ins|Gender=Fem|Number=Sing|POS=PRON|Person=Third",
      "Animacy=Anim|Case=Voc|Gender=Masc|Number=Sing|POS=NOUN",
      "Case=Gen|Gender=Fem|Number=Sing|POS=PRON|Person=Third",
      "Case=Nom|Degree=Pos|Gender=Fem|Number=Sing|POS=NUM",
      "Animacy=Anim|Case=Gen|Gender=Fem|Number=Sing|POS=PROPN",
      "Animacy=Anim|Case=Nom|Gender=Neut|Number=Sing|POS=NOUN",
      "Animacy=Inan|Case=Acc|Gender=Fem|POS=NUM",
      "Aspect=Perf|Case=Loc|Gender=Masc|Number=Sing|POS=VERB|Tense=Past|VerbForm=Part|Voice=Act",
      "Aspect=Perf|Case=Acc|Gender=Fem|Number=Sing|POS=VERB|Tense=Past|VerbForm=Part|Voice=Act",
      "Animacy=Anim|Case=Acc|Gender=Masc|Number=Sing|POS=PRON",
      "Case=Ins|Gender=Fem|Number=Sing|POS=DET",
      "Animacy=Anim|Case=Gen|Gender=Masc|Number=Plur|POS=PROPN",
      "Animacy=Inan|Case=Par|Gender=Masc|Number=Sing|POS=NOUN",
      "Aspect=Imp|Gender=Fem|Mood=Ind|Number=Sing|POS=VERB|Tense=Past|VerbForm=Fin|Voice=Pass",
      "Aspect=Perf|Case=Nom|Number=Plur|POS=VERB|Tense=Past|VerbForm=Part|Voice=Act",
      "Case=Gen|Gender=Masc|Number=Sing|POS=PRON",
      "Case=Gen|Number=Plur|POS=DET|Person=Third",
      "Animacy=Inan|Case=Dat|Gender=Neut|Number=Sing|POS=PROPN",
      "Animacy=Inan|Case=Gen|Gender=Masc|Number=Sing|POS=ADV",
      "Case=Nom|Gender=Fem|Number=Sing|POS=NUM",
      "Aspect=Perf|Case=Loc|Gender=Masc|Number=Sing|POS=VERB|Tense=Past|VerbForm=Part|Voice=Pass",
      "Aspect=Imp|Case=Gen|Gender=Masc|Number=Sing|POS=VERB|Tense=Pres|VerbForm=Part|Voice=Pass",
      "Case=Nom|Gender=Masc|POS=NUM",
      "Aspect=Imp|Case=Dat|Gender=Masc|Number=Sing|POS=VERB|Tense=Past|VerbForm=Part|Voice=Act",
      "Case=Loc|Gender=Fem|Number=Sing|POS=PRON|Person=Third",
      "Animacy=Anim|Case=Ins|Gender=Neut|Number=Plur|POS=NOUN",
      "Animacy=Inan|Aspect=Perf|Case=Acc|Gender=Masc|Number=Sing|POS=VERB|Tense=Past|VerbForm=Part|Voice=Act",
      "Aspect=Imp|Case=Nom|Gender=Masc|Number=Sing|POS=VERB|Tense=Past|VerbForm=Part|Voice=Act",
      "Aspect=Perf|Case=Gen|Gender=Neut|Number=Sing|POS=VERB|Tense=Past|VerbForm=Part|Voice=Act",
      "Case=Gen|Gender=Fem|POS=NUM",
      "Animacy=Anim|Aspect=Imp|Case=Acc|Gender=Masc|Number=Sing|POS=VERB|Tense=Pres|VerbForm=Part|Voice=Act",
      "Aspect=Perf|Case=Nom|Gender=Masc|Number=Sing|POS=VERB|Tense=Past|VerbForm=Part|Voice=Act",
      "POS=ADV|Polarity=Neg",
      "Case=Dat|Gender=Neut|Number=Sing|POS=PRON",
      "Aspect=Perf|Case=Nom|Number=Plur|POS=VERB|Tense=Past|VerbForm=Part|Voice=Pass",
      "Case=Acc|Gender=Neut|POS=NUM",
      "Aspect=Imp|Mood=Imp|Number=Sing|POS=VERB|Person=Second|VerbForm=Fin|Voice=Act",
      "Case=Gen|Number=Sing|POS=PRON|Person=First",
      "Case=Nom|Gender=Neut|POS=NUM",
      "Case=Gen|POS=VERB|Polarity=Neg",
      "Aspect=Imp|Mood=Ind|Number=Plur|POS=VERB|Person=Second|Tense=Pres|VerbForm=Fin|Voice=Act",
      "Case=Gen|Gender=Fem|Number=Sing|POS=PRON",
      "Aspect=Imp|Case=Dat|Gender=Masc|Number=Sing|POS=VERB|Tense=Pres|VerbForm=Part|Voice=Act",
      "Case=Loc|Number=Plur|POS=PRON",
      "Case=Loc|Number=Plur|POS=PRON|Person=Third",
      "Case=Gen|Number=Plur|POS=PRON",
      "Aspect=Perf|Case=Dat|Number=Plur|POS=VERB|Tense=Past|VerbForm=Part|Voice=Act",
      "Case=Acc|Gender=Fem|Number=Sing|POS=NUM",
      "Aspect=Imp|Case=Dat|Gender=Fem|Number=Sing|POS=VERB|Tense=Pres|VerbForm=Part|Voice=Act",
      "Animacy=Inan|Aspect=Perf|Case=Acc|Gender=Masc|Number=Sing|POS=VERB|Tense=Past|VerbForm=Part|Voice=Pass",
      "POS=CCONJ|Polarity=Neg",
      "Animacy=Inan|Aspect=Imp|Case=Acc|Gender=Masc|Number=Sing|POS=VERB|Tense=Past|VerbForm=Part|Voice=Act",
      "Aspect=Imp|Case=Gen|Number=Plur|POS=VERB|Tense=Pres|VerbForm=Part|Voice=Pass",
      "Case=Ins|Gender=Masc|Number=Sing|POS=PRON|Person=Third",
      "Case=Dat|Gender=Neut|Number=Sing|POS=DET",
      "Aspect=Imp|Gender=Neut|Mood=Ind|Number=Sing|POS=PRON|Tense=Past|VerbForm=Fin|Voice=Act",
      "Aspect=Imp|POS=VERB|Tense=Pres|VerbForm=Conv|Voice=Mid",
      "Case=Gen|Gender=Neut|Number=Sing|POS=DET",
      "Case=Nom|Number=Sing|POS=PRON|Person=Second",
      "Aspect=Imp|Mood=Ind|Number=Sing|POS=VERB|Person=Second|Tense=Pres|VerbForm=Fin|Voice=Act",
      "Animacy=Inan|Case=Loc|Gender=Fem|Number=Plur|POS=PROPN",
      "Aspect=Perf|Case=Nom|Gender=Fem|Number=Sing|POS=VERB|Tense=Past|VerbForm=Part|Voice=Act",
      "Aspect=Imp|Mood=Ind|Number=Plur|POS=VERB|Person=Third|Tense=Pres|VerbForm=Fin|Voice=Pass",
      "Case=Ins|Gender=Neut|Number=Sing|POS=DET",
      "Animacy=Anim|Case=Acc|POS=NUM",
      "Aspect=Imp|Number=Plur|POS=VERB|StyleVariant=Short|Tense=Past|VerbForm=Part|Voice=Pass",
      "Aspect=Imp|Gender=Masc|Number=Sing|POS=VERB|StyleVariant=Short|Tense=Past|VerbForm=Part|Voice=Pass",
      "Case=Dat|Gender=Masc|Number=Sing|POS=PRON|Person=Third",
      "Case=Loc|Gender=Masc|Number=Sing|POS=NUM",
      "Case=Dat|Gender=Masc|Number=Sing|POS=NUM",
      "Aspect=Imp|Case=Gen|Gender=Masc|Number=Sing|POS=VERB|Tense=Past|VerbForm=Part|Voice=Act",
      "Animacy=Anim|Case=Gen|Gender=Neut|Number=Sing|POS=NOUN",
      "Case=Loc|Degree=Sup|Gender=Masc|Number=Sing|POS=ADJ",
      "Case=Gen|Number=Plur|POS=PRON|Person=First",
      "Case=Dat|Number=Plur|POS=PRON|Person=First",
      "Case=Gen|Number=Plur|POS=PRON|Person=Second",
      "Aspect=Perf|Mood=Imp|Number=Plur|POS=VERB|Person=Second|VerbForm=Fin|Voice=Act",
      "Aspect=Perf|Case=Acc|Gender=Neut|Number=Sing|POS=VERB|Tense=Past|VerbForm=Part|Voice=Act",
      "Case=Acc|Number=Sing|POS=PRON|Person=First",
      "Foreign=Yes|POS=PUNCT",
      "Aspect=Imp|Mood=Ind|Number=Sing|POS=PRON|Person=Third|Tense=Pres|VerbForm=Fin|Voice=Act",
      "Aspect=Imp|Mood=Ind|Number=Sing|POS=AUX|Person=First|Tense=Pres|VerbForm=Fin|Voice=Act",
      "Case=Gen|Gender=Fem|Number=Sing|POS=DET|Person=Third",
      "Case=Dat|Degree=Sup|Number=Plur|POS=ADJ",
      "Aspect=Perf|Case=Acc|Gender=Fem|Number=Sing|POS=VERB|Tense=Past|VerbForm=Part|Voice=Pass",
      "Aspect=Perf|Case=Dat|Gender=Masc|Number=Sing|POS=VERB|Tense=Past|VerbForm=Part|Voice=Pass",
      "Case=Loc|POS=NUM",
      "Aspect=Imp|Mood=Ind|Number=Plur|POS=VERB|Person=First|Tense=Pres|VerbForm=Fin|Voice=Mid",
      "Case=Dat|Number=Plur|POS=DET",
      "Aspect=Imp|POS=AUX|Tense=Pres|VerbForm=Conv|Voice=Act",
      "Aspect=Perf|Case=Ins|Gender=Masc|Number=Sing|POS=VERB|Tense=Past|VerbForm=Part|Voice=Pass",
      "Aspect=Imp|Case=Nom|Gender=Neut|Number=Sing|POS=VERB|Tense=Pres|VerbForm=Part|Voice=Act",
      "Case=Ins|POS=PRON",
      "Case=Ins|Gender=Neut|Number=Sing|POS=PRON",
      "Aspect=Perf|Case=Loc|Gender=Neut|Number=Sing|POS=VERB|Tense=Past|VerbForm=Part|Voice=Act",
      "Case=Dat|Gender=Neut|Number=Sing|POS=PRON|Person=Third",
      "Aspect=Imp|Mood=Imp|Number=Sing|POS=VERB|Person=Second|VerbForm=Fin|Voice=Mid",
      "Case=Nom|Gender=Neut|Number=Sing|POS=PRON",
      "Animacy=Inan|Aspect=Imp|Case=Acc|Gender=Masc|Number=Sing|POS=VERB|Tense=Pres|VerbForm=Part|Voice=Act",
      "POS=PROPN",
      "Aspect=Perf|Case=Loc|Gender=Fem|Number=Sing|POS=VERB|Tense=Past|VerbForm=Part|Voice=Act",
      "Aspect=Imp|Case=Gen|Gender=Fem|Number=Sing|POS=VERB|Tense=Pres|VerbForm=Part|Voice=Pass",
      "Aspect=Perf|Mood=Ind|Number=Sing|POS=VERB|Person=Second|Tense=Fut|VerbForm=Fin|Voice=Act",
      "Case=Gen|Degree=Sup|Number=Plur|POS=ADJ",
      "Animacy=Anim|Case=Ins|Gender=Fem|Number=Sing|POS=PROPN",
      "Animacy=Inan|Case=Ins|Gender=Fem|Number=Plur|POS=PROPN",
      "Case=Ins|Number=Plur|POS=PRON|Person=Second",
      "Case=Gen|Gender=Neut|Number=Sing|POS=PRON|Person=Third",
      "Animacy=Anim|Case=Loc|Gender=Fem|Number=Sing|POS=NOUN",
      "Aspect=Imp|Case=Ins|Gender=Masc|Number=Sing|POS=VERB|Tense=Pres|VerbForm=Part|Voice=Act",
      "Animacy=Inan|Aspect=Imp|Case=Acc|Number=Plur|POS=VERB|Tense=Past|VerbForm=Part|Voice=Act",
      "Aspect=Imp|Case=Dat|Number=Plur|POS=VERB|Tense=Pres|VerbForm=Part|Voice=Pass",
      "Aspect=Imp|Case=Loc|Gender=Masc|Number=Sing|POS=VERB|Tense=Pres|VerbForm=Part|Voice=Pass",
      "Case=Ins|Number=Sing|POS=PRON|Person=First",
      "Aspect=Imp|Case=Acc|Gender=Neut|Number=Sing|POS=VERB|Tense=Pres|VerbForm=Part|Voice=Act",
      "Aspect=Imp|Case=Loc|Gender=Fem|Number=Sing|POS=VERB|Tense=Pres|VerbForm=Part|Voice=Act",
      "Case=Loc|Degree=Pos|Gender=Masc|Number=Sing|POS=DET",
      "Case=Gen|Gender=Masc|Number=Sing|POS=DET|Person=Third",
      "Aspect=Imp|Case=Nom|Gender=Masc|Number=Sing|POS=VERB|Tense=Past|VerbForm=Part|Voice=Pass",
      "Aspect=Imp|Case=Gen|Number=Plur|POS=VERB|Tense=Past|VerbForm=Part|Voice=Act",
      "Case=Ins|Gender=Fem|Number=Sing|POS=NUM",
      "Animacy=Inan|Case=Gen|Gender=Fem|Number=Sing|POS=PUNCT",
      "Animacy=Anim|Case=Dat|Gender=Neut|Number=Plur|POS=NOUN",
      "Aspect=Imp|Case=Ins|Number=Plur|POS=VERB|Tense=Pres|VerbForm=Part|Voice=Act",
      "Aspect=Imp|Case=Loc|Gender=Neut|Number=Sing|POS=VERB|Tense=Pres|VerbForm=Part|Voice=Act",
      "Case=Ins|Gender=Masc|Number=Sing|POS=PRON",
      "Animacy=Anim|Aspect=Imp|Case=Acc|Gender=Masc|Number=Sing|POS=VERB|Tense=Past|VerbForm=Part|Voice=Act",
      "Aspect=Perf|Case=Ins|Gender=Fem|Number=Sing|POS=VERB|Tense=Past|VerbForm=Part|Voice=Act",
      "Animacy=Inan|Case=Acc|Gender=Masc|Number=Sing|POS=PRON",
      "Animacy=Inan|Case=Acc|Number=Plur|POS=PRON|Person=First",
      "Animacy=Anim|Aspect=Perf|Case=Acc|Number=Plur|POS=VERB|Tense=Past|VerbForm=Part|Voice=Act",
      "Aspect=Imp|Case=Gen|Gender=Fem|Number=Sing|POS=VERB|Tense=Past|VerbForm=Part|Voice=Act",
      "Animacy=Inan|Aspect=Imp|Case=Acc|Number=Plur|POS=VERB|Tense=Pres|VerbForm=Part|Voice=Act",
      "Animacy=Anim|Case=Acc|Gender=Neut|Number=Sing|POS=NOUN",
      "Case=Ins|Number=Sing|POS=PRON|Person=Second",
      "Aspect=Perf|Case=Dat|Gender=Masc|Number=Sing|POS=VERB|Tense=Past|VerbForm=Part|Voice=Act",
      "Case=Dat|Gender=Fem|Number=Sing|POS=DET",
      "Animacy=Anim|Aspect=Perf|Case=Acc|Gender=Masc|Number=Sing|POS=VERB|Tense=Past|VerbForm=Part|Voice=Act",
      "Case=Acc|Gender=Fem|Number=Sing|POS=PRON",
      "Aspect=Perf|Case=Dat|Gender=Neut|Number=Sing|POS=VERB|Tense=Past|VerbForm=Part|Voice=Pass",
      "Case=Nom|Degree=Sup|Gender=Masc|Number=Sing|POS=ADJ",
      "Animacy=Inan|Case=Acc|Degree=Sup|Gender=Masc|Number=Sing|POS=ADJ",
      "Aspect=Imp|Case=Loc|Number=Plur|POS=VERB|Tense=Pres|VerbForm=Part|Voice=Pass",
      "Case=Dat|Number=Plur|POS=PRON",
      "Animacy=Inan|Case=Ins|Gender=Neut|Number=Plur|POS=PROPN",
      "Animacy=Anim|Case=Loc|Gender=Masc|Number=Sing|POS=PROPN",
      "Animacy=Anim|Case=Gen|Number=Plur|POS=DET",
      "Aspect=Perf|Case=Gen|Gender=Fem|Number=Sing|POS=VERB|Tense=Past|VerbForm=Part|Voice=Act",
      "Animacy=Inan|Case=Acc|Gender=Masc|Number=Plur|POS=PROPN",
      "Case=Ins|Degree=Sup|Number=Plur|POS=ADJ",
      "Case=Ins|Degree=Pos|Gender=Fem|Number=Sing|POS=DET",
      "Case=Dat|Degree=Sup|Gender=Masc|Number=Sing|POS=ADJ",
      "Animacy=Anim|Case=Nom|Gender=Masc|Number=Sing|POS=ADV",
      "Foreign=Yes|POS=PART",
      "Case=Gen|Gender=Neut|Number=Sing|POS=PRON",
      "Aspect=Perf|Mood=Ind|Number=Sing|POS=VERB|Person=First|Tense=Fut|VerbForm=Fin|Voice=Act",
      "Case=Gen|Degree=Sup|Gender=Masc|Number=Sing|POS=ADJ",
      "Animacy=Inan|Aspect=Imp|Case=Acc|Number=Plur|POS=VERB|Tense=Pres|VerbForm=Part|Voice=Pass",
      "Animacy=Inan|Case=Dat|Gender=Fem|Number=Plur|POS=PROPN",
      "Case=Nom|Degree=Pos|Number=Plur|POS=DET",
      "Case=Loc|Gender=Fem|POS=NUM",
      "Animacy=Anim|Case=Acc|Gender=Masc|Number=Sing|POS=DET",
      "Aspect=Perf|POS=VERB|Tense=Past|VerbForm=Conv|Voice=Mid",
      "Aspect=Imp|Case=Loc|Number=Plur|POS=VERB|Tense=Pres|VerbForm=Part|Voice=Act",
      "Animacy=Inan|Case=Gen|Gender=Masc|Number=Sing|POS=PUNCT",
      "Animacy=Anim|Case=Loc|Gender=Fem|Number=Sing|POS=PROPN",
      "Aspect=Perf|Case=Ins|Gender=Masc|Number=Sing|POS=VERB|Tense=Past|VerbForm=Part|Voice=Act",
      "Case=Acc|Degree=Pos|Gender=Fem|Number=Sing|POS=DET",
      "Aspect=Perf|Case=Ins|Number=Plur|POS=VERB|Tense=Past|VerbForm=Part|Voice=Act",
      "Animacy=Inan|Case=Acc|Gender=Masc|Number=Sing|POS=DET",
      "Animacy=Anim|Aspect=Imp|Case=Acc|Number=Plur|POS=VERB|Tense=Past|VerbForm=Part|Voice=Act",
      "Case=Loc|Gender=Neut|Number=Sing|POS=PRON|Person=Third",
      "Case=Acc|Degree=Pos|Gender=Fem|Number=Sing|POS=PUNCT",
      "Aspect=Imp|Case=Nom|Gender=Neut|Number=Sing|POS=VERB|Tense=Past|VerbForm=Part|Voice=Act",
      "Animacy=Anim|Case=Loc|Gender=Masc|Number=Plur|POS=NOUN",
      "Aspect=Perf|Case=Nom|Gender=Neut|Number=Sing|POS=VERB|Tense=Past|VerbForm=Part|Voice=Pass",
      "Animacy=Inan|Aspect=Perf|Case=Acc|Number=Plur|POS=VERB|Tense=Past|VerbForm=Part|Voice=Act",
      "Animacy=Inan|Case=Ins|Gender=Fem|Number=Sing|POS=ADV",
      "Case=Nom|Degree=Pos|Gender=Masc|Number=Sing|POS=DET",
      "Aspect=Imp|Case=Loc|Gender=Masc|Number=Sing|POS=VERB|Tense=Past|VerbForm=Part|Voice=Act",
      "Aspect=Perf|Mood=Ind|Number=Plur|POS=VERB|Person=First|Tense=Fut|VerbForm=Fin|Voice=Mid",
      "Case=Nom|Degree=Sup|Number=Plur|POS=ADJ",
      "Aspect=Perf|Mood=Imp|Number=Sing|POS=VERB|Person=Second|VerbForm=Fin|Voice=Act",
      "Case=Nom|Degree=Pos|Gender=Fem|Number=Sing|POS=DET",
      "Case=Loc|Number=Sing|POS=PRON|Person=First",
      "Aspect=Imp|Case=Ins|Gender=Neut|Number=Sing|POS=VERB|Tense=Pres|VerbForm=Part|Voice=Act",
      "Aspect=Perf|Case=Ins|Gender=Neut|Number=Sing|POS=VERB|Tense=Past|VerbForm=Part|Voice=Pass",
      "Case=Dat|Gender=Fem|Number=Sing|POS=NUM",
      "Animacy=Anim|Aspect=Perf|Case=Acc|Number=Plur|POS=VERB|Tense=Past|VerbForm=Part|Voice=Pass",
      "Animacy=Anim|Case=Nom|Gender=Masc|Number=Sing|POS=PRON",
      "Aspect=Perf|Case=Ins|Gender=Neut|Number=Sing|POS=VERB|Tense=Past|VerbForm=Part|Voice=Act",
      "Aspect=Imp|Case=Ins|Number=Plur|POS=VERB|Tense=Pres|VerbForm=Part|Voice=Pass",
      "Aspect=Imp|POS=PRON|VerbForm=Inf|Voice=Act",
      "Animacy=Inan|Case=Acc|Gender=Fem|Number=Plur|POS=PROPN",
      "Aspect=Imp|Case=Gen|Gender=Neut|Number=Sing|POS=VERB|Tense=Pres|VerbForm=Part|Voice=Act",
      "Animacy=Inan|Case=Acc|Number=Plur|POS=PRON|Person=Second",
      "Case=Acc|Gender=Neut|Number=Sing|POS=NUM",
      "Aspect=Imp|Mood=Ind|Number=Plur|POS=PRON|Person=Third|Tense=Pres|VerbForm=Fin|Voice=Act",
      "Case=Loc|Degree=Sup|Number=Plur|POS=ADJ",
      "Case=Acc|Number=Sing|POS=PRON|Person=Second",
      "Case=Acc|Gender=Fem|Number=Sing|POS=ADJ",
      "Case=Ins|Number=Plur|POS=PRON|Person=First",
      "Case=Acc|Degree=Sup|Gender=Fem|Number=Sing|POS=ADJ",
      "Case=Dat|Gender=Masc|POS=NUM",
      "Aspect=Perf|Mood=Ind|Number=Plur|POS=VERB|Person=Second|Tense=Fut|VerbForm=Fin|Voice=Mid",
      "Aspect=Perf|Mood=Ind|Number=Sing|POS=VERB|Person=First|Tense=Fut|VerbForm=Fin|Voice=Mid",
      "Animacy=Anim|Case=Loc|Gender=Fem|Number=Plur|POS=NOUN",
      "Animacy=Anim|Case=Dat|Number=Plur|POS=PRON",
      "Animacy=Anim|Case=Nom|Number=Plur|POS=PRON",
      "Animacy=Anim|Case=Loc|Gender=Neut|Number=Plur|POS=NOUN",
      "Case=Dat|Gender=Masc|Number=Sing|POS=PRON",
      "Animacy=Anim|Case=Acc|Degree=Sup|Gender=Masc|Number=Sing|POS=ADJ",
      "Animacy=Anim|Case=Nom|Gender=Masc|Number=Plur|POS=PROPN",
      "Case=Acc|Gender=Masc|Number=Sing|POS=DET|Person=Third",
      "Animacy=Anim|Case=Ins|Gender=Masc|Number=Plur|POS=PROPN",
      "POS=VERB",
      "Animacy=Inan|Case=Gen|Gender=Neut|Number=Plur|POS=PROPN",
      "Case=Gen|Degree=Pos|Number=Plur|POS=DET",
      "Aspect=Imp|Case=Dat|Gender=Masc|Number=Sing|POS=VERB|Tense=Pres|VerbForm=Part|Voice=Pass",
      "Case=Dat|Number=Plur|POS=PRON|Person=Second",
      "Case=Nom|Gender=Neut|Number=Sing|POS=NUM",
      "Aspect=Imp|Case=Ins|Gender=Fem|Number=Sing|POS=VERB|Tense=Past|VerbForm=Part|Voice=Act",
      "Animacy=Inan|Aspect=Imp|Case=Acc|Gender=Masc|Number=Sing|POS=VERB|Tense=Pres|VerbForm=Part|Voice=Pass",
      "Animacy=Anim|Case=Dat|Number=Plur|POS=DET",
      "Aspect=Perf|Case=Dat|Gender=Fem|Number=Sing|POS=VERB|Tense=Past|VerbForm=Part|Voice=Pass",
      "Aspect=Imp|Gender=Masc|Mood=Ind|Number=Sing|POS=PRON|Tense=Past|VerbForm=Fin|Voice=Act",
      "Animacy=Inan|Case=Acc|Degree=Sup|Number=Plur|POS=ADJ",
      "Animacy=Anim|Case=Ins|Gender=Neut|Number=Sing|POS=NOUN",
      "Aspect=Imp|Case=Dat|Gender=Neut|Number=Sing|POS=VERB|Tense=Pres|VerbForm=Part|Voice=Act",
      "Case=Nom|Degree=Sup|Gender=Fem|Number=Sing|POS=ADJ",
      "Aspect=Imp|Case=Acc|Gender=Neut|Number=Sing|POS=VERB|Tense=Past|VerbForm=Part|Voice=Act",
      "Hyph=Yes|POS=PROPN",
      "Aspect=Imp|Case=Gen|Gender=Masc|Number=Sing|POS=VERB|Tense=Past|VerbForm=Part|Voice=Pass",
      "Case=Gen|Degree=Pos|Gender=Fem|Number=Sing|POS=DET",
      "Case=Gen|Number=Sing|POS=PRON|Person=Second",
      "Hyph=Yes|POS=NUM",
      "Case=Ins|Gender=Fem|Number=Sing|POS=PRON",
      "Animacy=Inan|Case=Loc|Gender=Neut|Number=Plur|POS=PROPN",
      "Aspect=Imp|Case=Ins|Gender=Masc|Number=Sing|POS=VERB|Tense=Past|VerbForm=Part|Voice=Act",
      "Animacy=Inan|Case=Nom|Gender=Neut|Number=Sing|POS=ADV",
      "Aspect=Imp|Case=Nom|Gender=Neut|Number=Sing|POS=VERB|Tense=Past|VerbForm=Part|Voice=Pass",
      "Case=Ins|Number=Plur|POS=PRON",
      "Case=Acc|Number=Plur|POS=PRON|Person=Third",
      "Aspect=Imp|Mood=Ind|Number=Plur|POS=PRON|Tense=Past|VerbForm=Fin|Voice=Act",
      "Aspect=Imp|Case=Ins|Number=Plur|POS=VERB|Tense=Past|VerbForm=Part|Voice=Act",
      "Case=Gen|Degree=Sup|Gender=Fem|Number=Sing|POS=ADJ",
      "Animacy=Inan|Case=Nom|Gender=Neut|Number=Plur|POS=PROPN",
      "Animacy=Anim|Case=Loc|Gender=Neut|Number=Sing|POS=NOUN",
      "Aspect=Imp|Mood=Imp|Number=Plur|POS=VERB|Person=Second|VerbForm=Fin|Voice=Mid",
      "Animacy=Inan|Case=Dat|Gender=Neut|Number=Sing|POS=ADV",
      "Aspect=Imp|Case=Acc|Gender=Fem|Number=Sing|POS=VERB|Tense=Past|VerbForm=Part|Voice=Act",
      "Case=Acc|Gender=Fem|POS=NUM",
      "Aspect=Imp|Case=Dat|Number=Plur|POS=VERB|Tense=Past|VerbForm=Part|Voice=Act",
      "Case=Ins|Degree=Pos|Number=Plur|POS=DET",
      "Animacy=Anim|Case=Dat|Gender=Masc|Number=Plur|POS=PROPN",
      "Hyph=Yes|POS=NOUN",
      "Case=Gen|Degree=Pos|Gender=Fem|Number=Sing|POS=NUM",
      "Case=Loc|Number=Sing|POS=PRON|Person=Second",
      "Animacy=Inan|Case=Acc|Degree=Pos|Gender=Masc|Number=Sing|POS=NUM",
      "Aspect=Imp|POS=VERB|Tense=Past|VerbForm=Conv|Voice=Act",
      "Aspect=Imp|Mood=Imp|Number=Plur|POS=AUX|Person=Second|VerbForm=Fin|Voice=Act",
      "Case=Loc|Gender=Neut|Number=Sing|POS=NUM",
      "Case=Acc|Number=Plur|POS=PRON|Person=First",
      "Aspect=Perf|Case=Dat|Gender=Neut|Number=Sing|POS=VERB|Tense=Past|VerbForm=Part|Voice=Act",
      "Case=Gen|Degree=Pos|Gender=Fem|Number=Sing|POS=PUNCT",
      "Animacy=Inan|Case=Ins|Gender=Neut|Number=Plur|POS=ADV",
      "Case=Gen|Degree=Pos|Gender=Masc|Number=Sing|POS=DET",
      "Aspect=Perf|Case=Loc|Number=Plur|POS=VERB|Tense=Past|VerbForm=Part|Voice=Act",
      "POS=AUX",
      "Animacy=Anim|Case=Gen|Number=Plur|POS=PRON",
      "Case=Gen|Gender=Neut|Number=Sing|POS=DET|Person=Third",
      "Aspect=Perf|Case=Dat|Gender=Fem|Number=Sing|POS=VERB|Tense=Past|VerbForm=Part|Voice=Act",
      "Animacy=Inan|Case=Nom|Gender=Masc|Number=Sing|POS=ADV",
      "Case=Loc|Gender=Masc|POS=NUM",
      "Case=Gen|Degree=Pos|Gender=Neut|Number=Sing|POS=NUM",
      "Case=Loc|Degree=Sup|Gender=Fem|Number=Sing|POS=ADJ",
      "Case=Ins|Gender=Neut|Number=Sing|POS=PRON|Person=Third",
      "Case=Dat|Gender=Neut|Number=Sing|POS=NUM",
      "Case=Gen|Degree=Pos|Gender=Neut|Number=Sing|POS=DET",
      "Case=Dat|Degree=Pos|Number=Plur|POS=DET",
      "Case=Ins|Gender=Neut|Number=Sing|POS=NUM",
      "Case=Loc|Degree=Pos|Gender=Neut|Number=Sing|POS=NUM",
      "Case=Loc|Degree=Pos|Gender=Neut|Number=Sing|POS=DET",
      "Animacy=Inan|Case=Acc|Degree=Pos|Gender=Neut|Number=Sing|POS=DET",
      "Animacy=Inan|Case=Ins|Gender=Neut|Number=Sing|POS=SCONJ",
      "Animacy=Anim|Case=Acc|Number=Plur|POS=DET",
      "Aspect=Imp|Mood=Ind|Number=Sing|POS=VERB|Person=Second|Tense=Pres|VerbForm=Fin|Voice=Mid",
      "Aspect=Imp|Mood=Imp|Number=Sing|POS=DET|Person=Second|VerbForm=Fin|Voice=Act",
      "Aspect=Imp|Gender=Fem|Mood=Ind|Number=Sing|POS=PRON|Tense=Past|VerbForm=Fin|Voice=Act",
      "Animacy=Inan|Case=Ins|Gender=Masc|Number=Sing|POS=ADV",
      "Aspect=Imp|Mood=Ind|Number=Plur|POS=AUX|Person=Second|Tense=Pres|VerbForm=Fin|Voice=Act",
      "Animacy=Inan|Case=Nom|Gender=Neut|Number=Sing|POS=DET",
      "Animacy=Inan|Case=Acc|Gender=Masc|Number=Sing|POS=ADV",
      "Case=Nom|Degree=Pos|Gender=Masc|Number=Sing|POS=NUM",
      "Aspect=Imp|Case=Loc|Gender=Fem|Number=Sing|POS=VERB|Tense=Pres|VerbForm=Part|Voice=Pass",
      "Animacy=Inan|Case=Acc|Number=Plur|POS=DET|Person=Third",
      "Animacy=Inan|Case=Gen|Gender=Neut|Number=Sing|POS=ADV",
      "Aspect=Imp|Case=Acc|Gender=Neut|Number=Sing|POS=VERB|Tense=Pres|VerbForm=Part|Voice=Pass",
      "POS=PRON",
      "Animacy=Anim|Aspect=Imp|Case=Acc|Gender=Masc|Number=Sing|POS=VERB|Tense=Pres|VerbForm=Part|Voice=Pass",
      "Animacy=Anim|Case=Nom|Number=Plur|POS=DET",
      "Aspect=Imp|Case=Gen|Gender=Neut|Number=Sing|POS=VERB|Tense=Past|VerbForm=Part|Voice=Act",
      "Aspect=Imp|Case=Nom|Gender=Neut|Number=Sing|POS=VERB|Tense=Pres|VerbForm=Part|Voice=Pass",
      "Aspect=Imp|Case=Loc|Number=Plur|POS=VERB|Tense=Past|VerbForm=Part|Voice=Act",
      "Aspect=Imp|Case=Gen|Gender=Neut|Number=Sing|POS=VERB|Tense=Pres|VerbForm=Part|Voice=Pass",
      "Case=Nom|Degree=Pos|Gender=Neut|Number=Sing|POS=DET",
      "Animacy=Inan|Case=Gen|Gender=Neut|Number=Sing|POS=DET",
      "Case=Dat|POS=DET",
      "Case=Nom|Degree=Sup|Gender=Neut|Number=Sing|POS=ADJ",
      "Mood=Ind|Number=Plur|POS=AUX|Tense=Past|VerbForm=Fin|Voice=Act",
      "Case=Gen|Gender=Masc|POS=ADJ",
      "Aspect=Imp|Mood=Imp|Number=Sing|POS=AUX|Person=Second|VerbForm=Fin|Voice=Act",
      "Aspect=Imp|Case=Gen|Number=Plur|POS=VERB|Tense=Past|VerbForm=Part|Voice=Pass",
      "Aspect=Imp|Case=Dat|Gender=Fem|Number=Sing|POS=VERB|Tense=Pres|VerbForm=Part|Voice=Pass",
      "Aspect=Perf|Mood=Ind|Number=Sing|POS=VERB|Person=Second|Tense=Fut|VerbForm=Fin|Voice=Mid",
      "Animacy=Anim|Case=Dat|Gender=Neut|Number=Sing|POS=NOUN",
      "Case=Loc|Degree=Pos|Number=Plur|POS=DET",
      "Animacy=Anim|Case=Ins|Number=Plur|POS=DET",
      "Animacy=Anim|Case=Acc|Gender=Masc|Number=Plur|POS=PROPN",
      "Animacy=Inan|Case=Loc|Gender=Neut|Number=Sing|POS=DET",
      "Case=Acc|Gender=Fem|Number=Sing|POS=DET|Person=Third",
      "Case=Ins|Degree=Sup|Gender=Masc|Number=Sing|POS=ADJ",
      "Animacy=Anim|Case=Gen|Gender=Masc|Number=Sing|POS=PUNCT",
      "Degree=Cmp|POS=ADP",
      "Animacy=Anim|Case=Voc|Gender=Masc|Number=Sing|POS=PROPN",
      "Aspect=Imp|Case=Loc|Gender=Neut|Number=Sing|POS=VERB|Tense=Pres|VerbForm=Part|Voice=Pass",
      "Animacy=Inan|Case=Acc|Number=Plur|POS=ADV",
      "Case=Ins|Degree=Pos|Gender=Fem|Number=Sing|POS=ADP",
      "Animacy=Inan|Case=Acc|POS=ADV",
      "Case=Acc|POS=ADV",
      "Animacy=Anim|Case=Ins|Number=Plur|POS=PRON",
      "Aspect=Imp|POS=ADV|Tense=Pres|VerbForm=Conv|Voice=Act",
      "Aspect=Perf|Mood=Imp|Number=Plur|POS=VERB|Person=Second|VerbForm=Fin|Voice=Mid",
      "Aspect=Imp|Mood=Ind|Number=Sing|POS=AUX|Person=Second|Tense=Pres|VerbForm=Fin|Voice=Act",
      "Animacy=Anim|Aspect=Imp|Case=Acc|Number=Plur|POS=VERB|Tense=Pres|VerbForm=Part|Voice=Pass",
      "Case=Gen|Number=Plur|POS=NUM",
      "Aspect=Imp|Case=Loc|Number=Plur|POS=VERB|Tense=Past|VerbForm=Part|Voice=Pass",
      "Animacy=Inan|Case=Acc|Gender=Neut|Number=Sing|POS=ADV",
      "Aspect=Imp|Case=Loc|Gender=Fem|Number=Sing|POS=VERB|Tense=Past|VerbForm=Part|Voice=Act",
      "Animacy=Inan|Case=Acc|Gender=Neut|Number=Sing|POS=SCONJ",
      "Aspect=Imp|Case=Dat|Gender=Neut|Number=Sing|POS=VERB|Tense=Pres|VerbForm=Part|Voice=Pass",
      "Animacy=Anim|Case=Acc|Degree=Sup|Number=Plur|POS=ADJ",
      "Case=Ins|POS=VERB|Polarity=Neg",
      "Case=Ins|Degree=Pos|Number=Plur|POS=NUM",
      "Animacy=Anim|Case=Acc|Degree=Pos|Gender=Masc|Number=Sing|POS=DET",
      "Animacy=Inan|Case=Acc|Gender=Fem|Number=Sing|POS=ADV",
      "Aspect=Imp|Mood=Ind|Number=Sing|POS=PUNCT|Person=Third|Tense=Pres|VerbForm=Fin|Voice=Act",
      "Case=Acc|POS=VERB|Polarity=Neg",
      "Aspect=Imp|Case=Nom|Gender=Masc|Number=Sing|POS=AUX|Tense=Past|VerbForm=Part|Voice=Act",
      "Case=Ins|Degree=Pos|Gender=Neut|Number=Sing|POS=DET",
      "Animacy=Inan|Case=Dat|Gender=Fem|Number=Sing|POS=PUNCT",
      "Animacy=Inan|Case=Acc|Degree=Pos|Gender=Masc|Number=Sing|POS=DET",
      "Foreign=Yes|POS=NUM",
      "Gender=Neut|Mood=Ind|Number=Sing|POS=AUX|Tense=Past|VerbForm=Fin|Voice=Act",
      "Aspect=Imp|Case=Dat|Gender=Fem|Number=Sing|POS=VERB|Tense=Past|VerbForm=Part|Voice=Act",
      "Animacy=Anim|Case=Acc|Gender=Masc|Number=Sing|POS=PUNCT",
      "Animacy=Anim|Case=Acc|Gender=Fem|POS=NUM",
      "Case=Loc|Degree=Sup|Gender=Neut|Number=Sing|POS=ADJ",
      "Animacy=Anim|Case=Ins|Gender=Masc|Number=Sing|POS=PRON",
      "Animacy=Inan|Case=Acc|Gender=Masc|Number=Sing|POS=ADP",
      "Case=Loc|POS=DET",
      "Case=Ins|Degree=Pos|Gender=Masc|Number=Sing|POS=DET",
      "Case=Ins|Degree=Pos|Gender=Neut|Number=Sing|POS=NUM",
      "Animacy=Inan|Case=Nom|Gender=Masc|Number=Sing|POS=PUNCT",
      "Aspect=Imp|POS=ADP|VerbForm=Inf|Voice=Act",
      "Case=Acc|Degree=Pos|Gender=Fem|Number=Sing|POS=NUM",
      "Case=Dat|POS=VERB|Polarity=Neg",
      "Animacy=Anim|Case=Acc|Degree=Pos|Gender=Masc|Number=Sing|POS=NUM",
      "Aspect=Imp|Case=Ins|Gender=Neut|Number=Sing|POS=VERB|Tense=Pres|VerbForm=Part|Voice=Pass",
      "Case=Ins|Gender=Masc|POS=NUM",
      "Case=Ins|Gender=Fem|POS=NUM",
      "Case=Dat|Gender=Fem|POS=NUM",
      "Aspect=Imp|Case=Nom|Gender=Fem|Number=Sing|POS=VERB|Tense=Past|VerbForm=Part|Voice=Pass",
      "Aspect=Imp|Case=Loc|Gender=Fem|Number=Sing|POS=VERB|Tense=Past|VerbForm=Part|Voice=Pass",
      "Case=Loc|Degree=Pos|Gender=Fem|Number=Sing|POS=DET",
      "Aspect=Perf|Mood=Imp|Number=Sing|POS=VERB|Person=Second|VerbForm=Fin|Voice=Mid",
      "Case=Nom|Degree=Pos|Gender=Neut|Number=Sing|POS=NUM",
      "Case=Gen|Degree=Pos|Gender=Masc|Number=Sing|POS=NUM",
      "Animacy=Anim|Case=Loc|Number=Plur|POS=PRON",
      "Case=Loc|Degree=Pos|Gender=Fem|Number=Sing|POS=NUM",
      "Case=Gen|Degree=Sup|Gender=Neut|Number=Sing|POS=ADJ",
      "Animacy=Inan|Case=Dat|Gender=Fem|Number=Sing|POS=ADV",
      "Animacy=Inan|Case=Nom|Degree=Pos|Gender=Fem|Number=Sing|POS=ADJ",
      "Animacy=Anim|Case=Ins|Gender=Masc|Number=Sing|POS=ADV",
      "Aspect=Imp|Case=Nom|Number=Plur|POS=VERB|Tense=Past|VerbForm=Part|Voice=Pass",
      "Aspect=Imp|Mood=Imp|Number=Sing|POS=PRON|Person=Second|VerbForm=Fin|Voice=Act",
      "Animacy=Inan|Case=Nom|Gender=Fem|Number=Sing|POS=ADV",
      "Aspect=Imp|Case=Acc|Gender=Fem|Number=Sing|POS=VERB|Tense=Past|VerbForm=Part|Voice=Pass",
      "Animacy=Inan|Case=Ins|Gender=Neut|Number=Sing|POS=DET",
      "Foreign=Yes|POS=ADP",
      "Case=Loc|Number=Plur|POS=PRON|Person=First",
      "Aspect=Imp|Case=Loc|Gender=Neut|Number=Sing|POS=VERB|Tense=Past|VerbForm=Part|Voice=Act",
      "Aspect=Imp|Mood=Ind|Number=Plur|POS=PRON|Person=First|Tense=Pres|VerbForm=Fin|Voice=Act",
      "Animacy=Inan|Case=Acc|Degree=Pos|Gender=Neut|Number=Sing|POS=NUM",
      "Animacy=Inan|Case=Ins|Gender=Neut|Number=Sing|POS=ADV",
      "Case=Nom|Number=Plur|POS=NUM",
      "Case=Loc|Gender=Neut|POS=NUM",
      "Animacy=Inan|Case=Acc|Degree=Sup|Gender=Neut|Number=Sing|POS=ADJ",
      "Case=Dat|Degree=Pos|Gender=Masc|Number=Sing|POS=DET",
      "POS=ADV|Voice=Act",
      "Aspect=Imp|Case=Gen|Gender=Fem|Number=Sing|POS=VERB|Tense=Past|VerbForm=Part|Voice=Pass",
      "Animacy=Anim|Case=Dat|Gender=Fem|Number=Sing|POS=ADV",
      "Aspect=Imp|Gender=Fem|Number=Sing|POS=VERB|StyleVariant=Short|Tense=Past|VerbForm=Part|Voice=Pass",
      "Case=Acc|Number=Plur|POS=DET|Person=Third",
      "Animacy=Anim|Case=Nom|Gender=Fem|Number=Sing|POS=PUNCT",
      "Case=Gen|Degree=Pos|Gender=Fem|Number=Sing|POS=ADJ|StyleVariant=Short",
      "Animacy=Inan|Case=Acc|Gender=Fem|Number=Sing|POS=PUNCT",
      "Case=Acc|Gender=Neut|Number=Sing|POS=DET|Person=Third",
      "Animacy=Inan|Case=Dat|Gender=Neut|Number=Sing|POS=ADP",
      "Case=Nom|Gender=Fem|Number=Sing|POS=DET|Person=Third",
      "Animacy=Inan|Case=Gen|Gender=Masc|Number=Plur|POS=ADV",
      "Animacy=Inan|Case=Gen|Gender=Fem|Number=Plur|POS=ADV",
      "Animacy=Anim|Case=Ins|Gender=Masc|Number=Sing|POS=PUNCT",
      "Animacy=Anim|Case=Gen|Gender=Fem|Number=Plur|POS=PROPN",
      "Animacy=Anim|Case=Nom|Gender=Masc|Number=Sing|POS=PUNCT",
      "Animacy=Anim|Case=Loc|Gender=Neut|Number=Sing|POS=PUNCT",
      "Foreign=Yes|POS=PRON",
      "Animacy=Inan|Case=Dat|Gender=Neut|Number=Sing|POS=DET",
      "Aspect=Perf|Gender=Neut|Number=Sing|POS=ADV|StyleVariant=Short|Tense=Past|VerbForm=Part|Voice=Pass",
      "Case=Ins|Degree=Pos|Gender=Fem|Number=Sing|POS=NUM",
      "Mood=Cnd|POS=ADV",
      "POS=X",
      "Animacy=Inan|Case=Acc|Gender=Masc|Number=Plur|POS=ADV",
      "Animacy=Anim|Case=Nom|Gender=Fem|Number=Plur|POS=PROPN",
      "Aspect=Imp|Case=Nom|Number=Plur|POS=AUX|Tense=Past|VerbForm=Part|Voice=Act",
      "Aspect=Imp|Case=Ins|Gender=Neut|Number=Sing|POS=VERB|Tense=Past|VerbForm=Part|Voice=Pass",
      "Case=Nom|POS=ADV",
      "Aspect=Perf|Gender=Neut|Mood=Ind|Number=Sing|POS=ADV|Tense=Past|VerbForm=Fin|Voice=Act",
      "Aspect=Imp|POS=VERB|Tense=Pres|VerbForm=Conv|Voice=Pass",
      "Animacy=Anim|Case=Nom|Gender=Masc|Number=Sing|POS=NUM",
      "Case=Gen|Degree=Pos|Number=Plur|POS=NUM",
      "Animacy=Anim|Case=Acc|Degree=Pos|Number=Plur|POS=DET",
      "Case=Ins|Degree=Pos|Gender=Masc|Number=Sing|POS=NUM",
      "Animacy=Inan|Case=Nom|Gender=Fem|Number=Sing|POS=PUNCT",
      "Animacy=Inan|Case=Nom|Gender=Neut|Number=Sing|POS=ADP",
      "Animacy=Anim|Case=Gen|Gender=Neut|Number=Sing|POS=ADV",
      "Case=Dat|Degree=Sup|Gender=Neut|Number=Sing|POS=ADJ",
      "Case=Ins|Degree=Pos|Gender=Masc|Number=Sing|POS=ADP",
      "Animacy=Inan|Case=Loc|Gender=Masc|Number=Sing|POS=ADV",
      "Animacy=Anim|Case=Acc|Gender=Fem|Number=Sing|POS=ADV",
      "Animacy=Inan|Case=Gen|Gender=Neut|Number=Sing|POS=ADP",
      "Animacy=Anim|Case=Nom|Gender=Fem|Number=Sing|POS=ADV",
      "Aspect=Imp|Mood=Ind|Number=Sing|POS=ADV|Person=Third|Tense=Pres|VerbForm=Fin|Voice=Act",
      "Case=Loc|Number=Plur|POS=PRON|Person=Second",
      "Aspect=Imp|Mood=Ind|Number=Sing|POS=CCONJ|Person=First|Tense=Pres|VerbForm=Fin|Voice=Act",
      "Case=Gen|Number=Plur|POS=ADP|Person=Third",
      "Case=Dat|Gender=Masc|POS=DET",
      "Animacy=Anim|Case=Nom|Gender=Fem|Number=Sing|POS=CCONJ",
      "Case=Dat|Degree=Pos|Gender=Fem|Number=Sing|POS=DET",
      "Animacy=Anim|Case=Ins|Gender=Fem|Number=Sing|POS=PUNCT",
      "Aspect=Imp|Mood=Imp|Number=Plur|POS=PRON|Person=Second|VerbForm=Fin|Voice=Act",
      "Case=Loc|Degree=Pos|Gender=Masc|Number=Sing|POS=NUM",
      "Animacy=Anim|Case=Acc|Gender=Masc|POS=DET",
      "Case=Gen|POS=DET",
      "Case=Ins|POS=ADV|Polarity=Neg",
      "Animacy=Inan|Case=Acc|Gender=Masc|Number=Sing|POS=PUNCT",
      "Aspect=Imp|Mood=Ind|Number=Sing|POS=ADV|Person=Third|Tense=Pres|VerbForm=Fin|Voice=Mid",
      "Aspect=Imp|Gender=Neut|Number=Sing|POS=VERB|StyleVariant=Short|Tense=Past|VerbForm=Part|Voice=Pass",
      "Degree=Pos|POS=PUNCT",
      "Case=Ins|Degree=Pos|Number=Plur|POS=ADP",
      "Animacy=Inan|Case=Acc|Degree=Pos|Gender=Neut|Number=Sing|POS=ADP",
      "Case=Dat|POS=ADP",
      "Animacy=Inan|Case=Loc|Gender=Fem|Number=Sing|POS=PUNCT",
      "Foreign=Yes|POS=DET",
      "Aspect=Imp|Gender=Fem|Number=Sing|POS=VERB|StyleVariant=Short|Tense=Pres|VerbForm=Part|Voice=Pass",
      "Aspect=Imp|Gender=Neut|Mood=Ind|Number=Sing|POS=ADV|Tense=Past|VerbForm=Fin|Voice=Mid",
      "Animacy=Inan|Case=Nom|Gender=Masc|Number=Sing|POS=ADP",
      "Aspect=Perf|Gender=Neut|Mood=Ind|Number=Sing|POS=ADV|Tense=Past|VerbForm=Fin|Voice=Mid",
      "Animacy=Anim|Case=Dat|Gender=Masc|Number=Plur|POS=ADV",
      "Aspect=Imp|Number=Plur|POS=VERB|StyleVariant=Short|Tense=Pres|VerbForm=Part|Voice=Pass",
      "Aspect=Imp|Mood=Ind|Number=Sing|POS=SCONJ|Person=Third|Tense=Pres|VerbForm=Fin|Voice=Act",
      "Gender=Masc|Mood=Ind|Number=Sing|POS=AUX|Tense=Past|VerbForm=Fin|Voice=Act",
      "Aspect=Imp|Mood=Imp|Number=Sing|POS=ADV|Person=Second|VerbForm=Fin|Voice=Act",
      "Aspect=Imp|Case=Ins|Gender=Neut|Number=Sing|POS=VERB|Tense=Past|VerbForm=Part|Voice=Act",
      "Animacy=Anim|Case=Acc|Gender=Masc|Number=Sing|POS=ADV",
      "Animacy=Inan|Case=Nom|Gender=Neut|Number=Plur|POS=PRON",
      "Animacy=Anim|Case=Nom|Number=Plur|POS=ADV",
      "Case=Dat|Number=Plur|POS=SCONJ",
      "Case=Ins|POS=DET",
      "Animacy=Inan|Case=Ins|Gender=Neut|Number=Sing|POS=PUNCT",
      "Aspect=Perf|POS=ADV|Tense=Past|VerbForm=Conv|Voice=Act",
      "Animacy=Inan|Case=Acc|Gender=Fem|Number=Plur|POS=ADV",
      "Animacy=Anim|Case=Dat|Gender=Fem|Number=Sing|POS=ADP",
      "Animacy=Inan|Case=Gen|Gender=Fem|Number=Sing|POS=CCONJ",
      "Animacy=Anim|Case=Nom|Gender=Masc|Number=Sing|POS=ADP",
      "Animacy=Inan|Case=Gen|Gender=Neut|Number=Plur|POS=PUNCT",
      "Case=Loc|Degree=Pos|Number=Plur|POS=NUM",
      "Animacy=Inan|Case=Gen|Gender=Neut|Number=Sing|POS=SCONJ",
      "Animacy=Inan|Case=Par|Gender=Masc|Number=Sing|POS=ADV",
      "Case=Dat|Gender=Fem|POS=DET",
      "Case=Nom|Number=Plur|POS=DET|Polarity=Neg",
      "Animacy=Inan|Case=Nom|Gender=Masc|Number=Plur|POS=SCONJ",
      "Foreign=Yes|POS=ADV",
      "Degree=Pos|POS=NUM",
      "Case=Dat|Degree=Pos|Gender=Neut|Number=Sing|POS=DET",
      "Animacy=Anim|Case=Gen|Gender=Fem|Number=Sing|POS=PUNCT",
      "Animacy=Inan|Case=Gen|Gender=Fem|Number=Sing|POS=ADV",
      "Animacy=Inan|Case=Acc|Gender=Neut|Number=Sing|POS=PUNCT",
      "Aspect=Perf|Mood=Ind|Number=Sing|POS=ADV|Person=Third|Tense=Fut|VerbForm=Fin|Voice=Act",
      "Animacy=Anim|Case=Gen|Gender=Masc|Number=Plur|POS=ADV",
      "Animacy=Inan|Case=Gen|Gender=Neut|Number=Plur|POS=DET",
      "Animacy=Inan|Case=Ins|Gender=Masc|Number=Sing|POS=PUNCT",
      "Animacy=Inan|Case=Gen|Gender=Masc|Number=Plur|POS=PUNCT",
      "Animacy=Anim|Case=Dat|Gender=Masc|Number=Sing|POS=SCONJ",
      "Animacy=Inan|Case=Acc|POS=DET",
      "POS=VERB|Polarity=Neg",
      "Animacy=Inan|Case=Nom|Gender=Neut|Number=Sing|POS=PUNCT",
      "Animacy=Inan|Case=Gen|Gender=Fem|Number=Sing|POS=DET",
      "Aspect=Imp|Case=Acc|Gender=Neut|Number=Sing|POS=VERB|Tense=Past|VerbForm=Part|Voice=Pass",
      "Case=Dat|Degree=Pos|Number=Plur|POS=NUM",
      "Animacy=Inan|Case=Dat|Gender=Masc|Number=Sing|POS=PUNCT",
      "Animacy=Inan|Case=Gen|Gender=Masc|Number=Sing|POS=CCONJ",
      "Aspect=Perf|Gender=Masc|Mood=Ind|Number=Sing|POS=ADV|Tense=Past|VerbForm=Fin|Voice=Act",
      "Aspect=Perf|Mood=Ind|Number=Plur|POS=ADV|Tense=Past|VerbForm=Fin|Voice=Act",
      "Animacy=Inan|Case=Gen|Gender=Masc|Number=Sing|POS=ADP",
      "Hyph=Yes|POS=ADV",
      "Degree=Pos|POS=ADV|Polarity=Neg",
      "Animacy=Inan|Case=Nom|Gender=Neut|Number=Plur|POS=DET",
      "Mood=Cnd|POS=PART",
      "Animacy=Inan|Case=Gen|Gender=Fem|Number=Plur|POS=DET",
      "Aspect=Perf|Mood=Imp|Number=Plur|POS=ADV|Person=Second|VerbForm=Fin|Voice=Act",
      "Animacy=Inan|Case=Nom|Gender=Masc|Number=Sing|POS=DET",
      "Animacy=Inan|Case=Acc|Number=Plur|POS=ADP",
      "Animacy=Anim|Case=Acc|Gender=Neut|Number=Sing|POS=ADV",
      "Case=Nom|Gender=Fem|Number=Sing|POS=PUNCT|Person=Third",
      "Aspect=Perf|Gender=Masc|Number=Sing|POS=ADV|StyleVariant=Short|Tense=Past|VerbForm=Part|Voice=Pass",
      "Case=Gen|POS=ADV|Polarity=Neg",
      "Animacy=Inan|Case=Gen|Gender=Masc|Number=Sing|POS=SCONJ",
      "Case=Loc|Gender=Neut|Number=Sing|POS=ADP",
      "Animacy=Inan|Case=Dat|Gender=Neut|Number=Plur|POS=DET",
      "Animacy=Anim|Case=Gen|Gender=Masc|Number=Sing|POS=DET",
      "Case=Dat|Gender=Masc|Number=Sing|POS=DET|Person=Third",
      "Animacy=Inan|Case=Loc|Gender=Neut|Number=Sing|POS=ADP",
      "Aspect=Perf|POS=ADV|VerbForm=Inf|Voice=Act",
      "Case=Nom|POS=SCONJ",
      "Aspect=Imp|Gender=Neut|Number=Sing|POS=VERB|StyleVariant=Short|Tense=Pres|VerbForm=Part|Voice=Pass",
      "Animacy=Inan|Case=Acc|Number=Plur|POS=ADP|Person=Third",
      "Animacy=Inan|Case=Loc|Gender=Masc|Number=Sing|POS=DET",
      "Animacy=Inan|Case=Acc|Gender=Neut|Number=Plur|POS=DET",
      "Aspect=Imp|Case=Acc|Gender=Fem|Number=Sing|POS=ADV|Tense=Pres|VerbForm=Part|Voice=Act",
      "Case=Nom|Degree=Pos|Number=Plur|POS=NUM"
    ],
    "parser": [
      "ROOT",
      "acl",
      "acl:relcl",
      "advcl",
      "advmod",
      "amod",
      "appos",
      "aux",
      "aux:pass",
      "case",
      "cc",
      "ccomp",
      "compound",
      "conj",
      "cop",
      "csubj",
      "csubj:pass",
      "dep",
      "det",
      "discourse",
      "expl",
      "fixed",
      "flat",
      "flat:foreign",
      "flat:name",
      "iobj",
      "list",
      "mark",
      "nmod",
      "nsubj",
      "nsubj:pass",
      "nummod",
      "nummod:entity",
      "nummod:gov",
      "obj",
      "obl",
      "obl:agent",
      "orphan",
      "parataxis",
      "punct",
      "xcomp"
    ],
    "senter": [
      "I",
      "S"
    ],
    "ner": [
      "LOC",
      "ORG",
      "PER"
    ],
    "attribute_ruler": [],
    "lemmatizer": []
  },
  "pipeline": [
    "tok2vec",
    "morphologizer",
    "parser",
    "ner",
    "attribute_ruler",
    "lemmatizer"
  ],
  "components": [
    "tok2vec",
    "morphologizer",
    "parser",
    "senter",
    "ner",
    "attribute_ruler",
    "lemmatizer"
  ],
  "disabled": [
    "senter"
  ],
  "performance": {
    "token_acc": 0.9984532137,
    "tag_acc": 0.9885385421,
    "pos_acc": 0.9885385421,
    "morph_acc": 0.9713433645,
    "lemma_acc": 2.15267e-05,
    "dep_uas": 0.9591304518,
    "dep_las": 0.9471152904,
    "ents_p": 0.9452928344,
    "ents_r": 0.9481568759,
    "ents_f": 0.9467226891,
    "sents_p": 0.99847793,
    "sents_r": 0.99847793,
    "sents_f": 0.99847793,
    "speed": 3852.2125302668,
    "morph_per_feat": {
      "Animacy": {
        "p": 0.9866545433,
        "r": 0.9778210569,
        "f": 0.9822179397
      },
      "Case": {
        "p": 0.9762337983,
        "r": 0.9696557264,
        "f": 0.9729336438
      },
      "Gender": {
        "p": 0.9870507752,
        "r": 0.9808418125,
        "f": 0.9839364988
      },
      "Number": {
        "p": 0.995054008,
        "r": 0.9889818059,
        "f": 0.9920086148
      },
      "Degree": {
        "p": 0.981686106,
        "r": 0.9851129363,
        "f": 0.9833965358
      },
      "Aspect": {
        "p": 0.9837700607,
        "r": 0.9752808989,
        "f": 0.9795070868
      },
      "Mood": {
        "p": 0.9980143956,
        "r": 0.9970245475,
        "f": 0.997519226
      },
      "Tense": {
        "p": 0.9902540176,
        "r": 0.9809983566,
        "f": 0.985604458
      },
      "VerbForm": {
        "p": 0.9943784568,
        "r": 0.9857977528,
        "f": 0.9900695134
      },
      "Voice": {
        "p": 0.9891195938,
        "r": 0.9805842697,
        "f": 0.9848334387
      },
      "StyleVariant": {
        "p": 0.9891732283,
        "r": 0.9911242604,
        "f": 0.9901477833
      },
      "Polarity": {
        "p": 1.0,
        "r": 1.0,
        "f": 1.0
      },
      "Person": {
        "p": 0.9986379115,
        "r": 0.9923302504,
        "f": 0.9954740892
      },
      "Foreign": {
        "p": 0.9717898833,
        "r": 0.8641868512,
        "f": 0.9148351648
      },
      "Hyph": {
        "p": 0.0,
        "r": 0.0,
        "f": 0.0
      }
    },
    "dep_las_per_type": {
      "case": {
        "p": 0.9893466579,
        "r": 0.9860001879,
        "f": 0.9876705882
      },
      "parataxis": {
        "p": 0.8855622089,
        "r": 0.860931436,
        "f": 0.8730731387
      },
      "nmod": {
        "p": 0.9225848322,
        "r": 0.9242128727,
        "f": 0.9233981348
      },
      "advmod": {
        "p": 0.9559726962,
        "r": 0.9466035823,
        "f": 0.9512650705
      },
      "obl": {
        "p": 0.9404582247,
        "r": 0.9277304101,
        "f": 0.9340509606
      },
      "amod": {
        "p": 0.9876420455,
        "r": 0.9831730769,
        "f": 0.9854024943
      },
      "nsubj": {
        "p": 0.9687053217,
        "r": 0.9628927838,
        "f": 0.9657903073
      },
      "root": {
        "p": 0.9874285714,
        "r": 0.9863013699,
        "f": 0.9868646488
      },
      "xcomp": {
        "p": 0.9505988024,
        "r": 0.9650455927,
        "f": 0.9577677225
      },
      "conj": {
        "p": 0.8858108108,
        "r": 0.8997940975,
        "f": 0.8927477017
      },
      "cc": {
        "p": 0.9704918033,
        "r": 0.9691300281,
        "f": 0.9698104376
      },
      "fixed": {
        "p": 0.9885204082,
        "r": 0.9860050891,
        "f": 0.9872611465
      },
      "mark": {
        "p": 0.962914769,
        "r": 0.9660574413,
        "f": 0.9644835451
      },
      "ccomp": {
        "p": 0.9699792961,
        "r": 0.980125523,
        "f": 0.9750260146
      },
      "nummod:gov": {
        "p": 0.9662447257,
        "r": 0.9541666667,
        "f": 0.9601677149
      },
      "nummod": {
        "p": 0.9704861111,
        "r": 0.9490662139,
        "f": 0.9596566524
      },
      "obj": {
        "p": 0.9664650907,
        "r": 0.9606557377,
        "f": 0.963551658
      },
      "det": {
        "p": 0.9667149059,
        "r": 0.9653179191,
        "f": 0.9660159074
      },
      "appos": {
        "p": 0.8812677389,
        "r": 0.800257732,
        "f": 0.8388113462
      },
      "aux": {
        "p": 0.9523809524,
        "r": 0.9523809524,
        "f": 0.9523809524
      },
      "flat": {
        "p": 0.9952941176,
        "r": 0.9635535308,
        "f": 0.9791666667
      },
      "flat:name": {
        "p": 0.9768421053,
        "r": 0.958677686,
        "f": 0.9676746611
      },
      "iobj": {
        "p": 0.9230769231,
        "r": 0.8291457286,
        "f": 0.8735936466
      },
      "acl": {
        "p": 0.9028497409,
        "r": 0.8701622971,
        "f": 0.8862047044
      },
      "obl:agent": {
        "p": 0.7195121951,
        "r": 0.7763157895,
        "f": 0.746835443
      },
      "advcl": {
        "p": 0.8761682243,
        "r": 0.8561643836,
        "f": 0.8660508083
      },
      "cop": {
        "p": 0.8874172185,
        "r": 0.9305555556,
        "f": 0.9084745763
      },
      "flat:foreign": {
        "p": 0.9704301075,
        "r": 0.8204545455,
        "f": 0.8891625616
      },
      "aux:pass": {
        "p": 0.9883381924,
        "r": 0.9713467049,
        "f": 0.9797687861
      },
      "nsubj:pass": {
        "p": 0.9558173785,
        "r": 0.9474452555,
        "f": 0.9516129032
      },
      "acl:relcl": {
        "p": 0.8046218487,
        "r": 0.7864476386,
        "f": 0.795430945
      },
      "orphan": {
        "p": 0.7586206897,
        "r": 0.6111111111,
        "f": 0.6769230769
      },
      "discourse": {
        "p": 0.8714285714,
        "r": 0.9384615385,
        "f": 0.9037037037
      },
      "csubj": {
        "p": 0.9370629371,
        "r": 0.9436619718,
        "f": 0.9403508772
      },
      "expl": {
        "p": 0.8235294118,
        "r": 0.7368421053,
        "f": 0.7777777778
      },
      "compound": {
        "p": 1.0,
        "r": 0.4,
        "f": 0.5714285714
      },
      "csubj:pass": {
        "p": 0.9,
        "r": 0.8181818182,
        "f": 0.8571428571
      },
      "nummod:entity": {
        "p": 1.0,
        "r": 0.75,
        "f": 0.8571428571
      },
      "list": {
        "p": 0.0,
        "r": 0.0,
        "f": 0.0
      }
    },
    "ents_per_type": {
      "PER": {
        "p": 0.956302521,
        "r": 0.9584503088,
        "f": 0.9573752103
      },
      "LOC": {
        "p": 0.9739583333,
        "r": 0.9716580066,
        "f": 0.9728068101
      },
      "ORG": {
        "p": 0.9064015519,
        "r": 0.9148311307,
        "f": 0.9105968331
      }
    }
  },
  "sources": [
    {
      "name": "Nerus",
      "url": "https://github.com/natasha/nerus",
      "author": "Alexander Kukushkin",
      "license": "MIT"
    },
    {
      "name": "Navec",
      "url": "https://github.com/natasha/navec",
      "author": "Alexander Kukushkin",
      "license": "MIT"
    }
  ],
  "requirements": [
    "pymorphy2>=0.9"
  ],
  "parent_package": "spacy-nightly",
  "size": "16 MB",
  "checksum": "c35e3e5f393a8848417f16e9f66ac282dac7ef82b3f76870e39149c07d36be67"
}