{
  "accuracy": {
    "ents_f": 83.211769878,
    "ents_p": 83.706775439,
    "ents_r": 82.722584396
  },
  "author": "Explosion AI",
  "description": "Multi-lingual CNN trained on Nothman et al. (2010) Wikipedia corpus. Assigns named entities. Supports identification of PER, LOC, ORG and MISC entities for English, German, Spanish, French, Italian, Portuguese and Russian.",
  "email": "contact@explosion.ai",
  "lang": "xx",
  "license": "MIT",
  "name": "ent_wiki_sm",
  "notes": "Because the model is trained on Wikipedia, it may perform inconsistently on many genres, such as social media text.",
  "parent_package": "spacy-nightly",
  "pipeline": [
    "ner"
  ],
  "sources": [
    "Wikipedia"
  ],
  "spacy_version": ">=2.1.0a2",
  "speed": {
    "cpu": 19547.4839197367,
    "gpu": null,
    "nwords": 5458121
  },
  "url": "https://explosion.ai",
  "version": "2.1.0a4",
  "size": "4 MB",
  "checksum": "522c5f64cf2e6132c7f2dc0ea79121fb5519bc60e519bddadb215cddd94a9da8"
}