{
  "lang": "xx",
  "name": "sent_ud_sm",
  "version": "3.0.0",
  "description": "Multi-language pipeline optimized for CPU. Components: senter.",
  "author": "Explosion",
  "email": "contact@explosion.ai",
  "url": "https://explosion.ai",
  "license": "CC BY-SA 3.0",
  "spacy_version": ">=3.0.0,<3.1.0",
  "spacy_git_version": "e7db07a0b",
  "vectors": {
    "width": 0,
    "vectors": 0,
    "keys": 0,
    "name": null
  },
  "labels": {
    "senter": [
      "I",
      "S"
    ]
  },
  "pipeline": [
    "senter"
  ],
  "components": [
    "senter"
  ],
  "disabled": [],
  "performance": {
    "token_acc": 0.9928959078,
    "sents_p": 0.9072939507,
    "sents_r": 0.8244791514,
    "sents_f": 0.8639064155,
    "speed": 311276.9594989256
  },
  "sources": [
    {
      "name": "Universal Dependencies v2.5 (UD_Afrikaans-AfriBooms, UD_Chinese-GSD, UD_Chinese-GSDSimp, UD_Croatian-SET, UD_Czech-CAC, UD_Czech-CLTT, UD_Danish-DDT, UD_Dutch-Alpino, UD_Dutch-LassySmall, UD_English-EWT, UD_Finnish-FTB, UD_Finnish-TDT, UD_French-GSD, UD_French-Spoken, UD_German-GSD, UD_Indonesian-GSD, UD_Irish-IDT, UD_Italian-TWITTIRO, UD_Japanese-GSD, UD_Korean-GSD, UD_Korean-Kaist, UD_Latvian-LVTB, UD_Lithuanian-ALKSNIS, UD_Lithuanian-HSE, UD_Marathi-UFAL, UD_Norwegian-Bokmaal, UD_Norwegian-Nynorsk, UD_Norwegian-NynorskLIA, UD_Persian-Seraji, UD_Portuguese-Bosque, UD_Portuguese-GSD, UD_Romanian-Nonstandard, UD_Romanian-RRT, UD_Russian-GSD, UD_Russian-Taiga, UD_Serbian-SET, UD_Slovak-SNK, UD_Spanish-GSD, UD_Swedish-Talbanken, UD_Telugu-MTG, UD_Vietnamese-VTB)",
      "url": "https://universaldependencies.org/",
      "author": "Zeman, Daniel; Nivre, Joakim; Abrams, Mitchell; et al.",
      "license": "CC BY-SA 3.0"
    }
  ],
  "requirements": [],
  "size": "8 MB",
  "checksum": "33a539951215db0ea70041c9d500a3b9e4aa09928e286eca1ae3bab15c1f4f18",
  "checksum_whl": "52b49e52cd473e5179d6373c797aa64be07aa21044dcedae8761a316edc68369"
}