{
  "lang": "zh",
  "name": "core_web_lg",
  "license": "MIT",
  "author": "Explosion",
  "url": "https://explosion.ai",
  "email": "contact@explosion.ai",
  "description": "Chinese multi-task CNN trained on OntoNotes. Assigns word vectors, POS tags, dependency parse and named entities. Word vectors trained using FastText CBOW on Wikipedia and OSCAR (Common Crawl).",
  "sources": [
    {
      "name": "OntoNotes 5",
      "url": "https://catalog.ldc.upenn.edu/LDC2013T19",
      "license": "commercial (licensed by Explosion)"
    },
    {
      "name": "OSCAR (Common Crawl)",
      "url": "https://oscar-corpus.com/",
      "license": "CC0"
    },
    {
      "name": "Wikipedia (20200301)",
      "url": "https://dumps.wikimedia.org/",
      "license": "CC BY-SA 3.0"
    }
  ],
  "pipeline": [
    "tagger",
    "parser",
    "ner"
  ],
  "version": "2.3.0",
  "spacy_version": ">=2.3.0,<2.4.0",
  "parent_package": "spacy",
  "accuracy": {
    "las": 64.985721632,
    "uas": 69.7681543158,
    "token_acc": 94.5832585469,
    "las_per_type": {
      "nsubj": {
        "p": 78.7996777658,
        "r": 72.0918806043,
        "f": 75.2966835589
      },
      "advcl:loc": {
        "p": 52.0661157025,
        "r": 45.0,
        "f": 48.275862069
      },
      "compound:nn": {
        "p": 74.9291784703,
        "r": 71.6074450085,
        "f": 73.2306627444
      },
      "dobj": {
        "p": 81.935912336,
        "r": 73.1002814398,
        "f": 77.266322217
      },
      "case": {
        "p": 82.4155605204,
        "r": 76.0305528613,
        "f": 79.0944062559
      },
      "nmod:assmod": {
        "p": 76.1363636364,
        "r": 72.9847494553,
        "f": 74.5272525028
      },
      "advmod": {
        "p": 83.0995148813,
        "r": 71.843119474,
        "f": 77.0624354064
      },
      "nmod:prep": {
        "p": 70.7473309609,
        "r": 60.1330913491,
        "f": 65.0098103336
      },
      "root": {
        "p": 68.1054365733,
        "r": 68.8197103379,
        "f": 68.4607104413
      },
      "dep": {
        "p": 45.8831808586,
        "r": 32.9392745276,
        "f": 38.3484295965
      },
      "nmod:tmod": {
        "p": 73.1642189586,
        "r": 74.5578231293,
        "f": 73.8544474394
      },
      "aux:ba": {
        "p": 84.5238095238,
        "r": 75.5319148936,
        "f": 79.7752808989
      },
      "nmod:topic": {
        "p": 39.4117647059,
        "r": 21.7532467532,
        "f": 28.0334728033
      },
      "amod": {
        "p": 79.5648060549,
        "r": 66.0644147683,
        "f": 72.1888412017
      },
      "nmod": {
        "p": 73.4133790738,
        "r": 58.0732700136,
        "f": 64.8484848485
      },
      "nummod": {
        "p": 83.5221421215,
        "r": 54.0306462358,
        "f": 65.6148867314
      },
      "mark:clf": {
        "p": 96.7639593909,
        "r": 56.8817605371,
        "f": 71.6466995537
      },
      "conj": {
        "p": 51.8212920105,
        "r": 48.6767485822,
        "f": 50.1998245443
      },
      "aux:asp": {
        "p": 91.9463087248,
        "r": 87.4003189793,
        "f": 89.6156991006
      },
      "mark": {
        "p": 75.177978168,
        "r": 69.4127957932,
        "f": 72.1804511278
      },
      "cc": {
        "p": 71.7307692308,
        "r": 66.1934338953,
        "f": 68.8509460083
      },
      "det": {
        "p": 84.1473178543,
        "r": 61.5700058582,
        "f": 71.1096075778
      },
      "acl": {
        "p": 68.6101694915,
        "r": 56.1286744315,
        "f": 61.744966443
      },
      "cop": {
        "p": 75.670995671,
        "r": 56.241956242,
        "f": 64.5256552233
      },
      "ccomp": {
        "p": 66.0385088079,
        "r": 62.6749611198,
        "f": 64.3127867544
      },
      "erased": {
        "p": 0.0,
        "r": 0.0,
        "f": 0.0
      },
      "discourse": {
        "p": 52.5044722719,
        "r": 48.4323432343,
        "f": 50.3862660944
      },
      "neg": {
        "p": 87.4213836478,
        "r": 66.1117717004,
        "f": 75.2877454299
      },
      "advmod:dvp": {
        "p": 82.03125,
        "r": 65.2173913043,
        "f": 72.6643598616
      },
      "nmod:poss": {
        "p": 69.387755102,
        "r": 50.3703703704,
        "f": 58.3690987124
      },
      "aux:modal": {
        "p": 86.2217438105,
        "r": 82.8335056877,
        "f": 84.4936708861
      },
      "advmod:rcomp": {
        "p": 86.4516129032,
        "r": 74.2382271468,
        "f": 79.8807749627
      },
      "parataxis:prnmod": {
        "p": 56.0,
        "r": 10.5263157895,
        "f": 17.7215189873
      },
      "aux:prtmod": {
        "p": 90.4761904762,
        "r": 81.4285714286,
        "f": 85.7142857143
      },
      "xcomp": {
        "p": 79.1208791209,
        "r": 70.3583061889,
        "f": 74.4827586207
      },
      "compound:vc": {
        "p": 45.9302325581,
        "r": 40.932642487,
        "f": 43.2876712329
      },
      "name": {
        "p": 60.6741573034,
        "r": 40.0,
        "f": 48.2142857143
      },
      "advmod:loc": {
        "p": 70.1298701299,
        "r": 48.0712166172,
        "f": 57.0422535211
      },
      "appos": {
        "p": 87.8712871287,
        "r": 81.6091954023,
        "f": 84.6245530393
      },
      "auxpass": {
        "p": 90.5555555556,
        "r": 88.1081081081,
        "f": 89.3150684932
      },
      "nmod:range": {
        "p": 74.8062015504,
        "r": 64.7651006711,
        "f": 69.4244604317
      },
      "amod:ordmod": {
        "p": 65.9574468085,
        "r": 48.4375,
        "f": 55.8558558559
      },
      "nsubjpass": {
        "p": 85.3658536585,
        "r": 70.0,
        "f": 76.9230769231
      },
      "etc": {
        "p": 90.4761904762,
        "r": 90.4761904762,
        "f": 90.4761904762
      },
      "nsubj:xsubj": {
        "p": 0.0,
        "r": 0.0,
        "f": 0.0
      }
    },
    "tags_acc": 90.5452187265,
    "ents_f": 69.3330341617,
    "ents_p": 70.8147129598,
    "ents_r": 67.9120879121,
    "ents_per_type": {
      "LOC": {
        "p": 60.0694444444,
        "r": 46.5053763441,
        "f": 52.4242424242
      },
      "DATE": {
        "p": 66.8224299065,
        "r": 70.8622398414,
        "f": 68.7830687831
      },
      "CARDINAL": {
        "p": 62.5425652667,
        "r": 55.5443548387,
        "f": 58.8360918313
      },
      "MONEY": {
        "p": 92.2413793103,
        "r": 79.2592592593,
        "f": 85.2589641434
      },
      "GPE": {
        "p": 78.3495595735,
        "r": 82.6001955034,
        "f": 80.418748513
      },
      "PERSON": {
        "p": 78.7396562699,
        "r": 79.7036082474,
        "f": 79.218699968
      },
      "NORP": {
        "p": 68.1415929204,
        "r": 48.5294117647,
        "f": 56.6871165644
      },
      "EVENT": {
        "p": 56.5217391304,
        "r": 47.7941176471,
        "f": 51.7928286853
      },
      "ORG": {
        "p": 64.9001536098,
        "r": 64.3074581431,
        "f": 64.6024464832
      },
      "ORDINAL": {
        "p": 84.0,
        "r": 77.3684210526,
        "f": 80.5479452055
      },
      "PERCENT": {
        "p": 80.0,
        "r": 81.9277108434,
        "f": 80.9523809524
      },
      "FAC": {
        "p": 41.5662650602,
        "r": 37.0967741935,
        "f": 39.2045454545
      },
      "QUANTITY": {
        "p": 79.2792792793,
        "r": 65.1851851852,
        "f": 71.5447154472
      },
      "WORK_OF_ART": {
        "p": 37.3737373737,
        "r": 24.6666666667,
        "f": 29.718875502
      },
      "LAW": {
        "p": 47.0588235294,
        "r": 13.3333333333,
        "f": 20.7792207792
      },
      "TIME": {
        "p": 66.3551401869,
        "r": 68.932038835,
        "f": 67.619047619
      },
      "PRODUCT": {
        "p": 0.0,
        "r": 0.0,
        "f": 0.0
      },
      "LANGUAGE": {
        "p": 53.8461538462,
        "r": 77.7777777778,
        "f": 63.6363636364
      }
    }
  },
  "speed": {
    "cpu": 6947.0776659625,
    "gpu": null,
    "nwords": 105857
  },
  "labels": {
    "tagger": [
      "AD",
      "AS",
      "BA",
      "CC",
      "CD",
      "CS",
      "DEC",
      "DEG",
      "DER",
      "DEV",
      "DT",
      "ETC",
      "FW",
      "IJ",
      "INF",
      "JJ",
      "LB",
      "LC",
      "M",
      "MSP",
      "NN",
      "NR",
      "NT",
      "OD",
      "ON",
      "P",
      "PN",
      "PU",
      "SB",
      "SP",
      "URL",
      "VA",
      "VC",
      "VE",
      "VV",
      "X",
      "_SP"
    ],
    "parser": [
      "ROOT",
      "acl",
      "advcl:loc",
      "advmod",
      "advmod:dvp",
      "advmod:loc",
      "advmod:rcomp",
      "amod",
      "amod:ordmod",
      "appos",
      "aux:asp",
      "aux:ba",
      "aux:modal",
      "aux:prtmod",
      "auxpass",
      "case",
      "cc",
      "ccomp",
      "compound:nn",
      "compound:vc",
      "conj",
      "cop",
      "dep",
      "det",
      "discourse",
      "dobj",
      "etc",
      "mark",
      "mark:clf",
      "name",
      "neg",
      "nmod",
      "nmod:assmod",
      "nmod:poss",
      "nmod:prep",
      "nmod:range",
      "nmod:tmod",
      "nmod:topic",
      "nsubj",
      "nsubj:xsubj",
      "nsubjpass",
      "nummod",
      "parataxis:prnmod",
      "punct",
      "xcomp"
    ],
    "ner": [
      "CARDINAL",
      "DATE",
      "EVENT",
      "FAC",
      "GPE",
      "LANGUAGE",
      "LAW",
      "LOC",
      "MONEY",
      "NORP",
      "ORDINAL",
      "ORG",
      "PERCENT",
      "PERSON",
      "PRODUCT",
      "QUANTITY",
      "TIME",
      "WORK_OF_ART"
    ]
  },
  "vectors": {
    "width": 300,
    "vectors": 500000,
    "keys": 500000,
    "name": "zh_core_web_lg.vectors"
  },
  "size": "575 MB",
  "checksum": "cd5d45a8d415eafd58064a9d9418eef631b9cadfefc494b8819c77381c10bea2"
}