{
  "lang": "zh",
  "name": "core_web_sm",
  "license": "MIT",
  "author": "Explosion",
  "url": "https://explosion.ai",
  "email": "contact@explosion.ai",
  "description": "Chinese multi-task CNN trained on OntoNotes. Assigns context-specific token vectors, POS tags, dependency parse and named entities.",
  "sources": [
    {
      "name": "OntoNotes 5",
      "url": "https://catalog.ldc.upenn.edu/LDC2013T19",
      "license": "commercial (licensed by Explosion)"
    }
  ],
  "requirements": [
    "jieba",
    "pkuseg>=0.0.22"
  ],
  "pipeline": [
    "tagger",
    "parser",
    "ner"
  ],
  "version": "2.3.1",
  "spacy_version": ">=2.3.0,<2.4.0",
  "parent_package": "spacy",
  "accuracy": {
    "las": 63.2085122678,
    "uas": 68.551109166,
    "token_acc": 94.5832585469,
    "las_per_type": {
      "conj": {
        "p": 49.3189102564,
        "r": 46.5406427221,
        "f": 47.8895156584
      },
      "compound:nn": {
        "p": 70.8491542975,
        "r": 69.4585448393,
        "f": 70.1469583049
      },
      "nsubj": {
        "p": 76.3933121019,
        "r": 70.7161282398,
        "f": 73.4451744594
      },
      "case": {
        "p": 80.7988513249,
        "r": 75.0484966052,
        "f": 77.8175875291
      },
      "nmod:prep": {
        "p": 70.1633393829,
        "r": 58.4694494858,
        "f": 63.7848539845
      },
      "root": {
        "p": 67.2348795279,
        "r": 68.2869985017,
        "f": 67.7568549719
      },
      "acl": {
        "p": 62.5255972696,
        "r": 50.8042151969,
        "f": 56.05875153
      },
      "dobj": {
        "p": 78.5453337762,
        "r": 70.0636942675,
        "f": 74.0624755343
      },
      "aux:asp": {
        "p": 90.75,
        "r": 86.8421052632,
        "f": 88.7530562347
      },
      "det": {
        "p": 83.2128514056,
        "r": 60.6912712361,
        "f": 70.189701897
      },
      "mark:clf": {
        "p": 96.732863549,
        "r": 56.3222678105,
        "f": 71.1928335691
      },
      "mark": {
        "p": 72.0538720539,
        "r": 65.6441717791,
        "f": 68.6998394864
      },
      "dep": {
        "p": 46.7216804201,
        "r": 31.4640800242,
        "f": 37.6041540877
      },
      "etc": {
        "p": 91.4634146341,
        "r": 89.2857142857,
        "f": 90.3614457831
      },
      "nummod": {
        "p": 81.8743563337,
        "r": 52.9646902065,
        "f": 64.3203883495
      },
      "amod": {
        "p": 75.8087880251,
        "r": 61.6653574234,
        "f": 68.0095299978
      },
      "nmod:assmod": {
        "p": 73.4028683181,
        "r": 70.0902583256,
        "f": 71.7083266996
      },
      "aux:ba": {
        "p": 82.4561403509,
        "r": 75.0,
        "f": 78.5515320334
      },
      "advmod:loc": {
        "p": 66.6666666667,
        "r": 44.5103857567,
        "f": 53.3807829181
      },
      "advmod:rcomp": {
        "p": 85.5769230769,
        "r": 73.9612188366,
        "f": 79.3462109955
      },
      "advcl:loc": {
        "p": 43.4426229508,
        "r": 37.8571428571,
        "f": 40.4580152672
      },
      "nmod:poss": {
        "p": 68.1818181818,
        "r": 44.4444444444,
        "f": 53.8116591928
      },
      "cc": {
        "p": 69.6854146806,
        "r": 64.8624667258,
        "f": 67.1875
      },
      "nmod": {
        "p": 70.4391891892,
        "r": 56.5807327001,
        "f": 62.7539503386
      },
      "advmod": {
        "p": 80.6484950265,
        "r": 70.7662661528,
        "f": 75.3848940409
      },
      "aux:modal": {
        "p": 85.4054054054,
        "r": 81.695966908,
        "f": 83.5095137421
      },
      "nmod:topic": {
        "p": 34.693877551,
        "r": 22.0779220779,
        "f": 26.9841269841
      },
      "cop": {
        "p": 74.5531914894,
        "r": 56.3706563707,
        "f": 64.1993404177
      },
      "nmod:tmod": {
        "p": 71.1382113821,
        "r": 71.4285714286,
        "f": 71.283095723
      },
      "ccomp": {
        "p": 62.641815235,
        "r": 60.1088646967,
        "f": 61.3492063492
      },
      "auxpass": {
        "p": 88.8888888889,
        "r": 86.4864864865,
        "f": 87.6712328767
      },
      "advmod:dvp": {
        "p": 74.8091603053,
        "r": 60.8695652174,
        "f": 67.1232876712
      },
      "neg": {
        "p": 86.0681114551,
        "r": 66.1117717004,
        "f": 74.7814391392
      },
      "discourse": {
        "p": 52.7240773286,
        "r": 49.504950495,
        "f": 51.0638297872
      },
      "aux:prtmod": {
        "p": 85.9315589354,
        "r": 80.7142857143,
        "f": 83.241252302
      },
      "parataxis:prnmod": {
        "p": 48.275862069,
        "r": 10.5263157895,
        "f": 17.2839506173
      },
      "nmod:range": {
        "p": 73.7051792829,
        "r": 62.0805369128,
        "f": 67.3952641166
      },
      "xcomp": {
        "p": 78.8888888889,
        "r": 69.3811074919,
        "f": 73.8301559792
      },
      "name": {
        "p": 57.8313253012,
        "r": 35.5555555556,
        "f": 44.0366972477
      },
      "appos": {
        "p": 85.4591836735,
        "r": 77.0114942529,
        "f": 81.015719468
      },
      "compound:vc": {
        "p": 39.3103448276,
        "r": 29.5336787565,
        "f": 33.7278106509
      },
      "amod:ordmod": {
        "p": 51.6666666667,
        "r": 48.4375,
        "f": 50.0
      },
      "nsubjpass": {
        "p": 87.1794871795,
        "r": 68.0,
        "f": 76.404494382
      },
      "nsubj:xsubj": {
        "p": 0.0,
        "r": 0.0,
        "f": 0.0
      },
      "erased": {
        "p": 0.0,
        "r": 0.0,
        "f": 0.0
      }
    },
    "tags_acc": 89.6306398238,
    "ents_f": 66.5673010777,
    "ents_p": 69.5829338447,
    "ents_r": 63.8021978022,
    "ents_per_type": {
      "PERSON": {
        "p": 80.9289232935,
        "r": 74.0979381443,
        "f": 77.3629330642
      },
      "GPE": {
        "p": 74.7493163172,
        "r": 80.156402737,
        "f": 77.358490566
      },
      "CARDINAL": {
        "p": 57.7827547592,
        "r": 52.0161290323,
        "f": 54.7480106101
      },
      "DATE": {
        "p": 64.9171270718,
        "r": 69.8711595639,
        "f": 67.3031026253
      },
      "NORP": {
        "p": 70.1298701299,
        "r": 45.3781512605,
        "f": 55.1020408163
      },
      "TIME": {
        "p": 66.8246445498,
        "r": 68.4466019417,
        "f": 67.6258992806
      },
      "PERCENT": {
        "p": 84.1463414634,
        "r": 83.1325301205,
        "f": 83.6363636364
      },
      "ORG": {
        "p": 63.4567901235,
        "r": 58.6757990868,
        "f": 60.9727164887
      },
      "LAW": {
        "p": 43.75,
        "r": 11.6666666667,
        "f": 18.4210526316
      },
      "LOC": {
        "p": 55.2884615385,
        "r": 30.9139784946,
        "f": 39.6551724138
      },
      "FAC": {
        "p": 43.137254902,
        "r": 23.6559139785,
        "f": 30.5555555556
      },
      "WORK_OF_ART": {
        "p": 38.6363636364,
        "r": 22.6666666667,
        "f": 28.5714285714
      },
      "MONEY": {
        "p": 91.3043478261,
        "r": 77.7777777778,
        "f": 84.0
      },
      "ORDINAL": {
        "p": 82.967032967,
        "r": 79.4736842105,
        "f": 81.1827956989
      },
      "EVENT": {
        "p": 53.1914893617,
        "r": 36.7647058824,
        "f": 43.4782608696
      },
      "QUANTITY": {
        "p": 76.3157894737,
        "r": 64.4444444444,
        "f": 69.8795180723
      },
      "PRODUCT": {
        "p": 0.0,
        "r": 0.0,
        "f": 0.0
      },
      "LANGUAGE": {
        "p": 55.5555555556,
        "r": 55.5555555556,
        "f": 55.5555555556
      }
    }
  },
  "speed": {
    "cpu": 7356.2672498654,
    "gpu": null,
    "nwords": 105857
  },
  "labels": {
    "tagger": [
      "AD",
      "AS",
      "BA",
      "CC",
      "CD",
      "CS",
      "DEC",
      "DEG",
      "DER",
      "DEV",
      "DT",
      "ETC",
      "FW",
      "IJ",
      "INF",
      "JJ",
      "LB",
      "LC",
      "M",
      "MSP",
      "NN",
      "NR",
      "NT",
      "OD",
      "ON",
      "P",
      "PN",
      "PU",
      "SB",
      "SP",
      "URL",
      "VA",
      "VC",
      "VE",
      "VV",
      "X",
      "_SP"
    ],
    "parser": [
      "ROOT",
      "acl",
      "advcl:loc",
      "advmod",
      "advmod:dvp",
      "advmod:loc",
      "advmod:rcomp",
      "amod",
      "amod:ordmod",
      "appos",
      "aux:asp",
      "aux:ba",
      "aux:modal",
      "aux:prtmod",
      "auxpass",
      "case",
      "cc",
      "ccomp",
      "compound:nn",
      "compound:vc",
      "conj",
      "cop",
      "dep",
      "det",
      "discourse",
      "dobj",
      "etc",
      "mark",
      "mark:clf",
      "name",
      "neg",
      "nmod",
      "nmod:assmod",
      "nmod:poss",
      "nmod:prep",
      "nmod:range",
      "nmod:tmod",
      "nmod:topic",
      "nsubj",
      "nsubj:xsubj",
      "nsubjpass",
      "nummod",
      "parataxis:prnmod",
      "punct",
      "xcomp"
    ],
    "ner": [
      "CARDINAL",
      "DATE",
      "EVENT",
      "FAC",
      "GPE",
      "LANGUAGE",
      "LAW",
      "LOC",
      "MONEY",
      "NORP",
      "ORDINAL",
      "ORG",
      "PERCENT",
      "PERSON",
      "PRODUCT",
      "QUANTITY",
      "TIME",
      "WORK_OF_ART"
    ]
  },
  "size": "45 MB",
  "checksum": "ecba1453215033cff4788b730345ef213782dc74b473a9b6e597a1d121b745d2"
}