{
  "lang": "zh",
  "name": "core_web_trf",
  "version": "3.0.0",
  "description": "Chinese transformer pipeline (bert-base-chinese). Components: transformer, tagger, parser, ner, attribute_ruler.",
  "author": "Explosion",
  "email": "contact@explosion.ai",
  "url": "https://explosion.ai",
  "license": "MIT",
  "spacy_version": ">=3.0.0,<3.1.0",
  "spacy_git_version": "e7db07a0b",
  "vectors": {
    "width": 0,
    "vectors": 0,
    "keys": 0,
    "name": null
  },
  "labels": {
    "transformer": [],
    "tagger": [
      "AD",
      "AS",
      "BA",
      "CC",
      "CD",
      "CS",
      "DEC",
      "DEG",
      "DER",
      "DEV",
      "DT",
      "ETC",
      "FW",
      "IJ",
      "INF",
      "JJ",
      "LB",
      "LC",
      "M",
      "MSP",
      "NN",
      "NR",
      "NT",
      "OD",
      "ON",
      "P",
      "PN",
      "PU",
      "SB",
      "SP",
      "URL",
      "VA",
      "VC",
      "VE",
      "VV",
      "X"
    ],
    "parser": [
      "ROOT",
      "acl",
      "advcl:loc",
      "advmod",
      "advmod:dvp",
      "advmod:loc",
      "advmod:rcomp",
      "amod",
      "amod:ordmod",
      "appos",
      "aux:asp",
      "aux:ba",
      "aux:modal",
      "aux:prtmod",
      "auxpass",
      "case",
      "cc",
      "ccomp",
      "compound:nn",
      "compound:vc",
      "conj",
      "cop",
      "dep",
      "det",
      "discourse",
      "dobj",
      "etc",
      "mark",
      "mark:clf",
      "name",
      "neg",
      "nmod",
      "nmod:assmod",
      "nmod:poss",
      "nmod:prep",
      "nmod:range",
      "nmod:tmod",
      "nmod:topic",
      "nsubj",
      "nsubj:xsubj",
      "nsubjpass",
      "nummod",
      "parataxis:prnmod",
      "punct",
      "xcomp"
    ],
    "ner": [
      "CARDINAL",
      "DATE",
      "EVENT",
      "FAC",
      "GPE",
      "LANGUAGE",
      "LAW",
      "LOC",
      "MONEY",
      "NORP",
      "ORDINAL",
      "ORG",
      "PERCENT",
      "PERSON",
      "PRODUCT",
      "QUANTITY",
      "TIME",
      "WORK_OF_ART"
    ],
    "attribute_ruler": []
  },
  "pipeline": [
    "transformer",
    "tagger",
    "parser",
    "ner",
    "attribute_ruler"
  ],
  "components": [
    "transformer",
    "tagger",
    "parser",
    "ner",
    "attribute_ruler"
  ],
  "disabled": [],
  "performance": {
    "token_acc": 0.9788303388,
    "tag_acc": 0.9252320931,
    "dep_uas": 0.7674495027,
    "dep_las": 0.7299750372,
    "ents_p": 0.750899771,
    "ents_r": 0.7565934066,
    "ents_f": 0.7537358367,
    "sents_p": 0.6965966691,
    "sents_r": 0.640585983,
    "sents_f": 0.6674182638,
    "speed": 4405.0401572717,
    "dep_las_per_type": {
      "dep": {
        "p": 0.562459294,
        "r": 0.4362938264,
        "f": 0.4914077615
      },
      "case": {
        "p": 0.9103556897,
        "r": 0.8409311348,
        "f": 0.8742673473
      },
      "nmod:tmod": {
        "p": 0.817679558,
        "r": 0.8054421769,
        "f": 0.8115147361
      },
      "nummod": {
        "p": 0.9049586777,
        "r": 0.583610926,
        "f": 0.7095990279
      },
      "mark:clf": {
        "p": 0.9510532838,
        "r": 0.5725475569,
        "f": 0.7147846333
      },
      "auxpass": {
        "p": 0.9297297297,
        "r": 0.9297297297,
        "f": 0.9297297297
      },
      "nsubj": {
        "p": 0.8795066414,
        "r": 0.7970765262,
        "f": 0.8362652233
      },
      "acl": {
        "p": 0.8378552972,
        "r": 0.7193566278,
        "f": 0.7740972844
      },
      "advmod": {
        "p": 0.88168137,
        "r": 0.7703468601,
        "f": 0.8222625529
      },
      "mark": {
        "p": 0.8646308113,
        "r": 0.8312883436,
        "f": 0.8476318141
      },
      "xcomp": {
        "p": 0.8273244782,
        "r": 0.7100977199,
        "f": 0.7642418931
      },
      "nmod:assmod": {
        "p": 0.8599066044,
        "r": 0.8023653906,
        "f": 0.8301400741
      },
      "det": {
        "p": 0.8972491909,
        "r": 0.6496777973,
        "f": 0.7536527353
      },
      "amod": {
        "p": 0.8403628118,
        "r": 0.7278083268,
        "f": 0.780046306
      },
      "nmod:prep": {
        "p": 0.829367777,
        "r": 0.7380520266,
        "f": 0.781049936
      },
      "root": {
        "p": 0.7838044309,
        "r": 0.6832029299,
        "f": 0.730054256
      },
      "aux:prtmod": {
        "p": 0.937007874,
        "r": 0.85,
        "f": 0.8913857678
      },
      "compound:nn": {
        "p": 0.8103788831,
        "r": 0.7636209814,
        "f": 0.7863054273
      },
      "dobj": {
        "p": 0.9132636393,
        "r": 0.8281736039,
        "f": 0.8686397887
      },
      "ccomp": {
        "p": 0.7930890924,
        "r": 0.7406687403,
        "f": 0.7659831122
      },
      "advmod:rcomp": {
        "p": 0.8519637462,
        "r": 0.7811634349,
        "f": 0.8150289017
      },
      "nmod:topic": {
        "p": 0.519434629,
        "r": 0.4772727273,
        "f": 0.4974619289
      },
      "cop": {
        "p": 0.8520761246,
        "r": 0.6338481338,
        "f": 0.7269372694
      },
      "discourse": {
        "p": 0.6143617021,
        "r": 0.5717821782,
        "f": 0.5923076923
      },
      "neg": {
        "p": 0.8988941548,
        "r": 0.6765755054,
        "f": 0.7720488467
      },
      "aux:modal": {
        "p": 0.9142538976,
        "r": 0.8490175801,
        "f": 0.8804289544
      },
      "nmod": {
        "p": 0.8203592814,
        "r": 0.7435549525,
        "f": 0.7800711744
      },
      "aux:ba": {
        "p": 0.9265536723,
        "r": 0.8723404255,
        "f": 0.898630137
      },
      "advmod:loc": {
        "p": 0.8072289157,
        "r": 0.5964391691,
        "f": 0.6860068259
      },
      "aux:asp": {
        "p": 0.929941618,
        "r": 0.8891547049,
        "f": 0.9090909091
      },
      "conj": {
        "p": 0.6318294308,
        "r": 0.6274102079,
        "f": 0.6296120649
      },
      "nsubjpass": {
        "p": 0.8837209302,
        "r": 0.76,
        "f": 0.8172043011
      },
      "compound:vc": {
        "p": 0.5502392344,
        "r": 0.5958549223,
        "f": 0.5721393035
      },
      "advcl:loc": {
        "p": 0.7380952381,
        "r": 0.6642857143,
        "f": 0.6992481203
      },
      "cc": {
        "p": 0.807728558,
        "r": 0.7604259095,
        "f": 0.7833638026
      },
      "advmod:dvp": {
        "p": 0.9212598425,
        "r": 0.7267080745,
        "f": 0.8125
      },
      "amod:ordmod": {
        "p": 0.6666666667,
        "r": 0.65625,
        "f": 0.6614173228
      },
      "appos": {
        "p": 0.9487804878,
        "r": 0.8942528736,
        "f": 0.9207100592
      },
      "nmod:poss": {
        "p": 0.7637795276,
        "r": 0.7185185185,
        "f": 0.7404580153
      },
      "name": {
        "p": 0.6386554622,
        "r": 0.562962963,
        "f": 0.5984251969
      },
      "nsubj:xsubj": {
        "p": 0.0,
        "r": 0.0,
        "f": 0.0
      },
      "nmod:range": {
        "p": 0.8396946565,
        "r": 0.7382550336,
        "f": 0.7857142857
      },
      "parataxis:prnmod": {
        "p": 0.32,
        "r": 0.2406015038,
        "f": 0.2746781116
      },
      "erased": {
        "p": 0.0,
        "r": 0.0,
        "f": 0.0
      },
      "etc": {
        "p": 0.9069767442,
        "r": 0.9285714286,
        "f": 0.9176470588
      }
    },
    "ents_per_type": {
      "DATE": {
        "p": 0.7606915378,
        "r": 0.828543112,
        "f": 0.7931688805
      },
      "GPE": {
        "p": 0.7965564114,
        "r": 0.8592375367,
        "f": 0.8267105573
      },
      "CARDINAL": {
        "p": 0.619300106,
        "r": 0.5887096774,
        "f": 0.6036175711
      },
      "ORDINAL": {
        "p": 0.8514285714,
        "r": 0.7842105263,
        "f": 0.8164383562
      },
      "FAC": {
        "p": 0.5212765957,
        "r": 0.5268817204,
        "f": 0.5240641711
      },
      "ORG": {
        "p": 0.7461890244,
        "r": 0.7450532725,
        "f": 0.7456207159
      },
      "NORP": {
        "p": 0.6666666667,
        "r": 0.6176470588,
        "f": 0.641221374
      },
      "LOC": {
        "p": 0.5575757576,
        "r": 0.4946236559,
        "f": 0.5242165242
      },
      "QUANTITY": {
        "p": 0.6821705426,
        "r": 0.6518518519,
        "f": 0.6666666667
      },
      "PERSON": {
        "p": 0.8812381554,
        "r": 0.8988402062,
        "f": 0.8899521531
      },
      "TIME": {
        "p": 0.7607655502,
        "r": 0.7718446602,
        "f": 0.7662650602
      },
      "WORK_OF_ART": {
        "p": 0.4895833333,
        "r": 0.3133333333,
        "f": 0.3821138211
      },
      "PERCENT": {
        "p": 0.8045977011,
        "r": 0.843373494,
        "f": 0.8235294118
      },
      "MONEY": {
        "p": 0.8636363636,
        "r": 0.8444444444,
        "f": 0.8539325843
      },
      "EVENT": {
        "p": 0.5987261146,
        "r": 0.6911764706,
        "f": 0.6416382253
      },
      "PRODUCT": {
        "p": 0.4583333333,
        "r": 0.2244897959,
        "f": 0.301369863
      },
      "LAW": {
        "p": 0.3555555556,
        "r": 0.2666666667,
        "f": 0.3047619048
      },
      "LANGUAGE": {
        "p": 0.75,
        "r": 1.0,
        "f": 0.8571428571
      }
    }
  },
  "sources": [
    {
      "name": "OntoNotes 5",
      "url": "https://catalog.ldc.upenn.edu/LDC2013T19",
      "license": "commercial (licensed by Explosion)"
    }
  ],
  "requirements": [
    "spacy-transformers>=1.0.0rc4,<1.1.0",
    "spacy-pkuseg>=0.0.27,<0.1.0"
  ],
  "size": "398 MB",
  "checksum": "e09bb2fe90c7ba2771d46560ba9900b334cced05d9b4a8d5528af4cd5c431c9d",
  "checksum_whl": "53739a14be4b19f6522ec36cf77a3b51dcc21b3e9201af3ad47974c334e797e2"
}