{
  "lang": "zh",
  "name": "core_web_trf",
  "version": "3.0.0a1",
  "description": "Chinese transformer pipeline (bert-base-chinese). Components: transformer, tagger, parser, ner, attribute_ruler.",
  "author": "Explosion",
  "email": "contact@explosion.ai",
  "url": "https://explosion.ai",
  "license": "MIT",
  "spacy_version": ">=3.0.0rc3,<3.1.0",
  "spacy_git_version": "b331653ad",
  "vectors": {
    "width": 0,
    "vectors": 0,
    "keys": 0,
    "name": null
  },
  "labels": {
    "transformer": [],
    "tagger": [
      "AD",
      "AS",
      "BA",
      "CC",
      "CD",
      "CS",
      "DEC",
      "DEG",
      "DER",
      "DEV",
      "DT",
      "ETC",
      "FW",
      "IJ",
      "INF",
      "JJ",
      "LB",
      "LC",
      "M",
      "MSP",
      "NN",
      "NR",
      "NT",
      "OD",
      "ON",
      "P",
      "PN",
      "PU",
      "SB",
      "SP",
      "URL",
      "VA",
      "VC",
      "VE",
      "VV",
      "X"
    ],
    "parser": [
      "ROOT",
      "acl",
      "advcl:loc",
      "advmod",
      "advmod:dvp",
      "advmod:loc",
      "advmod:rcomp",
      "amod",
      "amod:ordmod",
      "appos",
      "aux:asp",
      "aux:ba",
      "aux:modal",
      "aux:prtmod",
      "auxpass",
      "case",
      "cc",
      "ccomp",
      "compound:nn",
      "compound:vc",
      "conj",
      "cop",
      "dep",
      "det",
      "discourse",
      "dobj",
      "etc",
      "mark",
      "mark:clf",
      "name",
      "neg",
      "nmod",
      "nmod:assmod",
      "nmod:poss",
      "nmod:prep",
      "nmod:range",
      "nmod:tmod",
      "nmod:topic",
      "nsubj",
      "nsubj:xsubj",
      "nsubjpass",
      "nummod",
      "parataxis:prnmod",
      "punct",
      "xcomp"
    ],
    "ner": [
      "CARDINAL",
      "DATE",
      "EVENT",
      "FAC",
      "GPE",
      "LANGUAGE",
      "LAW",
      "LOC",
      "MONEY",
      "NORP",
      "ORDINAL",
      "ORG",
      "PERCENT",
      "PERSON",
      "PRODUCT",
      "QUANTITY",
      "TIME",
      "WORK_OF_ART"
    ],
    "attribute_ruler": []
  },
  "pipeline": [
    "transformer",
    "tagger",
    "parser",
    "ner",
    "attribute_ruler"
  ],
  "components": [
    "transformer",
    "tagger",
    "parser",
    "ner",
    "attribute_ruler"
  ],
  "disabled": [],
  "performance": {
    "token_acc": 0.9788303388,
    "tag_acc": 0.9244671717,
    "dep_uas": 0.7660803015,
    "dep_las": 0.728541078,
    "ents_p": 0.7528754519,
    "ents_r": 0.7552747253,
    "ents_f": 0.7540731801,
    "sents_p": 0.6931966449,
    "sents_r": 0.6191110371,
    "sents_f": 0.6540626099,
    "speed": 3653.8663407965,
    "dep_las_per_type": {
      "dep": {
        "p": 0.5613128311,
        "r": 0.4389208851,
        "f": 0.492628714
      },
      "case": {
        "p": 0.9104106722,
        "r": 0.8439621726,
        "f": 0.8759280232
      },
      "nmod:tmod": {
        "p": 0.8150684932,
        "r": 0.8095238095,
        "f": 0.8122866894
      },
      "nummod": {
        "p": 0.9073120494,
        "r": 0.5869420386,
        "f": 0.7127831715
      },
      "mark:clf": {
        "p": 0.9469790382,
        "r": 0.572920552,
        "f": 0.7139205206
      },
      "auxpass": {
        "p": 0.9395604396,
        "r": 0.9243243243,
        "f": 0.931880109
      },
      "nsubj": {
        "p": 0.8764950947,
        "r": 0.8011300823,
        "f": 0.8371197536
      },
      "acl": {
        "p": 0.8287186091,
        "r": 0.7138103161,
        "f": 0.7669845054
      },
      "advmod": {
        "p": 0.8821391485,
        "r": 0.7703468601,
        "f": 0.8224615757
      },
      "mark": {
        "p": 0.8613005912,
        "r": 0.8299737073,
        "f": 0.8453470208
      },
      "xcomp": {
        "p": 0.8372093023,
        "r": 0.7035830619,
        "f": 0.7646017699
      },
      "nmod:assmod": {
        "p": 0.856053068,
        "r": 0.8032990974,
        "f": 0.828837508
      },
      "det": {
        "p": 0.8920454545,
        "r": 0.6438195665,
        "f": 0.7478734263
      },
      "amod": {
        "p": 0.8434460398,
        "r": 0.7152395915,
        "f": 0.7740701382
      },
      "nmod:prep": {
        "p": 0.8252295138,
        "r": 0.7341197822,
        "f": 0.7770129662
      },
      "root": {
        "p": 0.7873721479,
        "r": 0.6663892126,
        "f": 0.7218465422
      },
      "aux:prtmod": {
        "p": 0.9246031746,
        "r": 0.8321428571,
        "f": 0.8759398496
      },
      "compound:nn": {
        "p": 0.8099604459,
        "r": 0.7622673435,
        "f": 0.785390516
      },
      "dobj": {
        "p": 0.9092840798,
        "r": 0.8240260702,
        "f": 0.8645582407
      },
      "ccomp": {
        "p": 0.7896060352,
        "r": 0.732503888,
        "f": 0.7599838645
      },
      "advmod:rcomp": {
        "p": 0.8611111111,
        "r": 0.7728531856,
        "f": 0.8145985401
      },
      "nmod:topic": {
        "p": 0.5568181818,
        "r": 0.4772727273,
        "f": 0.513986014
      },
      "cop": {
        "p": 0.8581375109,
        "r": 0.6344916345,
        "f": 0.7295597484
      },
      "discourse": {
        "p": 0.6077898551,
        "r": 0.553630363,
        "f": 0.579447323
      },
      "neg": {
        "p": 0.9017432647,
        "r": 0.6765755054,
        "f": 0.7730978261
      },
      "aux:modal": {
        "p": 0.9097909791,
        "r": 0.8552223371,
        "f": 0.881663113
      },
      "nmod": {
        "p": 0.8037790698,
        "r": 0.750339213,
        "f": 0.7761403509
      },
      "aux:ba": {
        "p": 0.9101123596,
        "r": 0.8617021277,
        "f": 0.8852459016
      },
      "advmod:loc": {
        "p": 0.8112449799,
        "r": 0.5994065282,
        "f": 0.6894197952
      },
      "aux:asp": {
        "p": 0.930976431,
        "r": 0.8819776715,
        "f": 0.9058149058
      },
      "conj": {
        "p": 0.6255844399,
        "r": 0.6323251418,
        "f": 0.6289367303
      },
      "nsubjpass": {
        "p": 0.8666666667,
        "r": 0.78,
        "f": 0.8210526316
      },
      "compound:vc": {
        "p": 0.5377358491,
        "r": 0.5906735751,
        "f": 0.562962963
      },
      "advcl:loc": {
        "p": 0.7421875,
        "r": 0.6785714286,
        "f": 0.7089552239
      },
      "cc": {
        "p": 0.8236415634,
        "r": 0.7666370896,
        "f": 0.7941176471
      },
      "advmod:dvp": {
        "p": 0.9147286822,
        "r": 0.7329192547,
        "f": 0.8137931034
      },
      "amod:ordmod": {
        "p": 0.6875,
        "r": 0.6875,
        "f": 0.6875
      },
      "appos": {
        "p": 0.9371980676,
        "r": 0.891954023,
        "f": 0.91401649
      },
      "nmod:poss": {
        "p": 0.7685950413,
        "r": 0.6888888889,
        "f": 0.7265625
      },
      "name": {
        "p": 0.6380952381,
        "r": 0.4962962963,
        "f": 0.5583333333
      },
      "nsubj:xsubj": {
        "p": 0.0,
        "r": 0.0,
        "f": 0.0
      },
      "nmod:range": {
        "p": 0.8636363636,
        "r": 0.7013422819,
        "f": 0.7740740741
      },
      "parataxis:prnmod": {
        "p": 0.376344086,
        "r": 0.2631578947,
        "f": 0.3097345133
      },
      "erased": {
        "p": 0.0,
        "r": 0.0,
        "f": 0.0
      },
      "etc": {
        "p": 0.9285714286,
        "r": 0.9285714286,
        "f": 0.9285714286
      }
    },
    "ents_per_type": {
      "DATE": {
        "p": 0.7791127542,
        "r": 0.8354806739,
        "f": 0.806312769
      },
      "GPE": {
        "p": 0.8009995457,
        "r": 0.8616813294,
        "f": 0.8302331057
      },
      "CARDINAL": {
        "p": 0.61875,
        "r": 0.5987903226,
        "f": 0.6086065574
      },
      "ORDINAL": {
        "p": 0.8670520231,
        "r": 0.7894736842,
        "f": 0.826446281
      },
      "FAC": {
        "p": 0.4641148325,
        "r": 0.5215053763,
        "f": 0.4911392405
      },
      "ORG": {
        "p": 0.740881459,
        "r": 0.7420091324,
        "f": 0.7414448669
      },
      "NORP": {
        "p": 0.6854219949,
        "r": 0.5630252101,
        "f": 0.6182237601
      },
      "LOC": {
        "p": 0.5806451613,
        "r": 0.4838709677,
        "f": 0.5278592375
      },
      "QUANTITY": {
        "p": 0.6821705426,
        "r": 0.6518518519,
        "f": 0.6666666667
      },
      "PERSON": {
        "p": 0.8792667509,
        "r": 0.8962628866,
        "f": 0.8876834716
      },
      "TIME": {
        "p": 0.738317757,
        "r": 0.7669902913,
        "f": 0.7523809524
      },
      "WORK_OF_ART": {
        "p": 0.4907407407,
        "r": 0.3533333333,
        "f": 0.4108527132
      },
      "MONEY": {
        "p": 0.8818897638,
        "r": 0.8296296296,
        "f": 0.8549618321
      },
      "EVENT": {
        "p": 0.5766871166,
        "r": 0.6911764706,
        "f": 0.6287625418
      },
      "PERCENT": {
        "p": 0.8255813953,
        "r": 0.8554216867,
        "f": 0.8402366864
      },
      "PRODUCT": {
        "p": 0.5263157895,
        "r": 0.2040816327,
        "f": 0.2941176471
      },
      "LAW": {
        "p": 0.3695652174,
        "r": 0.2833333333,
        "f": 0.320754717
      },
      "LANGUAGE": {
        "p": 0.6923076923,
        "r": 1.0,
        "f": 0.8181818182
      }
    }
  },
  "sources": [
    {
      "name": "OntoNotes 5",
      "url": "https://catalog.ldc.upenn.edu/LDC2013T19",
      "license": "commercial (licensed by Explosion)"
    }
  ],
  "requirements": [
    "spacy-transformers>=1.0.0rc1,<1.1.0",
    "spacy-pkuseg>=0.0.27,<0.1.0"
  ],
  "parent_package": "spacy-nightly",
  "size": "398 MB",
  "checksum": "b403260c656d463dc2d9d90ea5e44e0cc6de33c09030bf8c9a6432e6bdacbc56"
}