{
  "lang": "zh",
  "name": "core_web_trf",
  "version": "3.0.0a0",
  "description": "Chinese transformer pipeline (bert-base-chinese). Components: transformer, tagger, parser, ner, attribute_ruler.",
  "author": "Explosion",
  "email": "contact@explosion.ai",
  "url": "https://explosion.ai",
  "license": "MIT",
  "spacy_version": ">=3.0.0a40,<3.1.0",
  "spacy_git_version": "a0e12c136",
  "vectors": {
    "width": 0,
    "vectors": 0,
    "keys": 0,
    "name": null
  },
  "labels": {
    "transformer": [],
    "tagger": [
      "AD",
      "AS",
      "BA",
      "CC",
      "CD",
      "CS",
      "DEC",
      "DEG",
      "DER",
      "DEV",
      "DT",
      "ETC",
      "FW",
      "IJ",
      "INF",
      "JJ",
      "LB",
      "LC",
      "M",
      "MSP",
      "NN",
      "NR",
      "NT",
      "OD",
      "ON",
      "P",
      "PN",
      "PU",
      "SB",
      "SP",
      "URL",
      "VA",
      "VC",
      "VE",
      "VV",
      "X"
    ],
    "parser": [
      "ROOT",
      "acl",
      "advcl:loc",
      "advmod",
      "advmod:dvp",
      "advmod:loc",
      "advmod:rcomp",
      "amod",
      "amod:ordmod",
      "appos",
      "aux:asp",
      "aux:ba",
      "aux:modal",
      "aux:prtmod",
      "auxpass",
      "case",
      "cc",
      "ccomp",
      "compound:nn",
      "compound:vc",
      "conj",
      "cop",
      "dep",
      "det",
      "discourse",
      "dobj",
      "etc",
      "mark",
      "mark:clf",
      "name",
      "neg",
      "nmod",
      "nmod:assmod",
      "nmod:poss",
      "nmod:prep",
      "nmod:range",
      "nmod:tmod",
      "nmod:topic",
      "nsubj",
      "nsubj:xsubj",
      "nsubjpass",
      "nummod",
      "parataxis:prnmod",
      "punct",
      "xcomp"
    ],
    "ner": [
      "CARDINAL",
      "DATE",
      "EVENT",
      "FAC",
      "GPE",
      "LANGUAGE",
      "LAW",
      "LOC",
      "MONEY",
      "NORP",
      "ORDINAL",
      "ORG",
      "PERCENT",
      "PERSON",
      "PRODUCT",
      "QUANTITY",
      "TIME",
      "WORK_OF_ART"
    ],
    "attribute_ruler": []
  },
  "pipeline": [
    "transformer",
    "tagger",
    "parser",
    "ner",
    "attribute_ruler"
  ],
  "components": [
    "transformer",
    "tagger",
    "parser",
    "ner",
    "attribute_ruler"
  ],
  "disabled": [],
  "performance": {
    "tok": 97.88,
    "tag": 92.48,
    "pos": 0.0,
    "morph": 0.0,
    "uas": 77.18,
    "las": 73.36,
    "ner_p": 75.37,
    "ner_r": 75.78,
    "ner_f": 75.58,
    "sent_p": 67.5,
    "sent_r": 67.65,
    "sent_f": 67.58,
    "speed": 2957.0
  },
  "sources": [
    {
      "name": "OntoNotes 5",
      "url": "https://catalog.ldc.upenn.edu/LDC2013T19",
      "license": "commercial (licensed by Explosion)"
    }
  ],
  "requirements": [
    "spacy-transformers>=1.0.0a23,<1.1.0",
    "spacy-pkuseg>=0.0.27,<0.1.0"
  ],
  "parent_package": "spacy-nightly",
  "size": "398 MB",
  "checksum": "d779c45e1b6bc6d2d039c2db5fc4c61fd1e715d5bed3161a3a0827788b1267b1"
}