{
  "lang": "zh",
  "name": "core_web_sm",
  "version": "3.0.0a1",
  "description": "Chinese pipeline optimized for CPU. Components: tok2vec, tagger, parser, senter, ner, attribute_ruler.",
  "author": "Explosion",
  "email": "contact@explosion.ai",
  "url": "https://explosion.ai",
  "license": "MIT",
  "spacy_version": ">=3.0.0rc3,<3.1.0",
  "spacy_git_version": "43a752a2a",
  "vectors": {
    "width": 0,
    "vectors": 0,
    "keys": 0,
    "name": null
  },
  "labels": {
    "tok2vec": [],
    "tagger": [
      "AD",
      "AS",
      "BA",
      "CC",
      "CD",
      "CS",
      "DEC",
      "DEG",
      "DER",
      "DEV",
      "DT",
      "ETC",
      "FW",
      "IJ",
      "INF",
      "JJ",
      "LB",
      "LC",
      "M",
      "MSP",
      "NN",
      "NR",
      "NT",
      "OD",
      "ON",
      "P",
      "PN",
      "PU",
      "SB",
      "SP",
      "URL",
      "VA",
      "VC",
      "VE",
      "VV",
      "X"
    ],
    "parser": [
      "ROOT",
      "acl",
      "advcl:loc",
      "advmod",
      "advmod:dvp",
      "advmod:loc",
      "advmod:rcomp",
      "amod",
      "amod:ordmod",
      "appos",
      "aux:asp",
      "aux:ba",
      "aux:modal",
      "aux:prtmod",
      "auxpass",
      "case",
      "cc",
      "ccomp",
      "compound:nn",
      "compound:vc",
      "conj",
      "cop",
      "dep",
      "det",
      "discourse",
      "dobj",
      "etc",
      "mark",
      "mark:clf",
      "name",
      "neg",
      "nmod",
      "nmod:assmod",
      "nmod:poss",
      "nmod:prep",
      "nmod:range",
      "nmod:tmod",
      "nmod:topic",
      "nsubj",
      "nsubj:xsubj",
      "nsubjpass",
      "nummod",
      "parataxis:prnmod",
      "punct",
      "xcomp"
    ],
    "senter": [
      "I",
      "S"
    ],
    "ner": [
      "CARDINAL",
      "DATE",
      "EVENT",
      "FAC",
      "GPE",
      "LANGUAGE",
      "LAW",
      "LOC",
      "MONEY",
      "NORP",
      "ORDINAL",
      "ORG",
      "PERCENT",
      "PERSON",
      "PRODUCT",
      "QUANTITY",
      "TIME",
      "WORK_OF_ART"
    ],
    "attribute_ruler": []
  },
  "pipeline": [
    "tok2vec",
    "tagger",
    "parser",
    "ner",
    "attribute_ruler"
  ],
  "components": [
    "tok2vec",
    "tagger",
    "parser",
    "senter",
    "ner",
    "attribute_ruler"
  ],
  "disabled": [
    "senter"
  ],
  "performance": {
    "token_acc": 0.9788303388,
    "tag_acc": 0.8950287768,
    "dep_uas": 0.6972275026,
    "dep_las": 0.6419110924,
    "ents_p": 0.7224573709,
    "ents_r": 0.6564835165,
    "ents_f": 0.6878922218,
    "sents_p": 0.7765541741,
    "sents_r": 0.7278175462,
    "sents_f": 0.751396408,
    "speed": 6249.9836170183,
    "dep_las_per_type": {
      "dep": {
        "p": 0.4778108606,
        "r": 0.3405072244,
        "f": 0.397640118
      },
      "case": {
        "p": 0.7995889003,
        "r": 0.7546071775,
        "f": 0.7764471058
      },
      "nmod:tmod": {
        "p": 0.724137931,
        "r": 0.7428571429,
        "f": 0.7333781061
      },
      "nummod": {
        "p": 0.8208640674,
        "r": 0.5189873418,
        "f": 0.6359183673
      },
      "mark:clf": {
        "p": 0.9366933006,
        "r": 0.5684446102,
        "f": 0.7075208914
      },
      "auxpass": {
        "p": 0.8556149733,
        "r": 0.8648648649,
        "f": 0.8602150538
      },
      "nsubj": {
        "p": 0.7652724634,
        "r": 0.7124431888,
        "f": 0.737913486
      },
      "acl": {
        "p": 0.6661839247,
        "r": 0.5102606767,
        "f": 0.5778894472
      },
      "advmod": {
        "p": 0.8101810814,
        "r": 0.7252323736,
        "f": 0.7653567797
      },
      "mark": {
        "p": 0.7141522653,
        "r": 0.6700262927,
        "f": 0.6913859371
      },
      "xcomp": {
        "p": 0.7826086957,
        "r": 0.674267101,
        "f": 0.7244094488
      },
      "nmod:assmod": {
        "p": 0.750994695,
        "r": 0.7049486461,
        "f": 0.7272435383
      },
      "det": {
        "p": 0.845276873,
        "r": 0.6080843585,
        "f": 0.7073253833
      },
      "amod": {
        "p": 0.7741635688,
        "r": 0.65435978,
        "f": 0.7092379736
      },
      "nmod:prep": {
        "p": 0.6840996841,
        "r": 0.5895341803,
        "f": 0.6333062551
      },
      "root": {
        "p": 0.7276643566,
        "r": 0.6467454636,
        "f": 0.6848228451
      },
      "aux:prtmod": {
        "p": 0.8745247148,
        "r": 0.8214285714,
        "f": 0.847145488
      },
      "compound:nn": {
        "p": 0.7179531959,
        "r": 0.6956006768,
        "f": 0.7066002063
      },
      "dobj": {
        "p": 0.7786924939,
        "r": 0.7145608058,
        "f": 0.7452494979
      },
      "ccomp": {
        "p": 0.6132930514,
        "r": 0.6314152411,
        "f": 0.6222222222
      },
      "advmod:rcomp": {
        "p": 0.8136645963,
        "r": 0.7257617729,
        "f": 0.7672035139
      },
      "nmod:topic": {
        "p": 0.2818181818,
        "r": 0.2012987013,
        "f": 0.2348484848
      },
      "cop": {
        "p": 0.7467320261,
        "r": 0.5881595882,
        "f": 0.6580273578
      },
      "discourse": {
        "p": 0.5565949486,
        "r": 0.4909240924,
        "f": 0.5217010083
      },
      "neg": {
        "p": 0.8398791541,
        "r": 0.661117717,
        "f": 0.7398536261
      },
      "aux:modal": {
        "p": 0.8675995694,
        "r": 0.8335056877,
        "f": 0.8502109705
      },
      "nmod": {
        "p": 0.7271214642,
        "r": 0.5929443691,
        "f": 0.6532137519
      },
      "aux:ba": {
        "p": 0.7914438503,
        "r": 0.7872340426,
        "f": 0.7893333333
      },
      "advmod:loc": {
        "p": 0.5942622951,
        "r": 0.4302670623,
        "f": 0.4991394148
      },
      "aux:asp": {
        "p": 0.8977741138,
        "r": 0.8684210526,
        "f": 0.8828536684
      },
      "conj": {
        "p": 0.4796565883,
        "r": 0.4858223062,
        "f": 0.4827197596
      },
      "nsubjpass": {
        "p": 0.8181818182,
        "r": 0.72,
        "f": 0.7659574468
      },
      "compound:vc": {
        "p": 0.4121212121,
        "r": 0.3523316062,
        "f": 0.3798882682
      },
      "advcl:loc": {
        "p": 0.45,
        "r": 0.3857142857,
        "f": 0.4153846154
      },
      "cc": {
        "p": 0.6889097744,
        "r": 0.6503992902,
        "f": 0.6691008672
      },
      "advmod:dvp": {
        "p": 0.8015873016,
        "r": 0.6273291925,
        "f": 0.7038327526
      },
      "appos": {
        "p": 0.8872180451,
        "r": 0.8137931034,
        "f": 0.8489208633
      },
      "nmod:poss": {
        "p": 0.6976744186,
        "r": 0.4444444444,
        "f": 0.5429864253
      },
      "name": {
        "p": 0.6021505376,
        "r": 0.4148148148,
        "f": 0.4912280702
      },
      "nsubj:xsubj": {
        "p": 0.0,
        "r": 0.0,
        "f": 0.0
      },
      "nmod:range": {
        "p": 0.7269230769,
        "r": 0.6342281879,
        "f": 0.6774193548
      },
      "parataxis:prnmod": {
        "p": 0.3181818182,
        "r": 0.1052631579,
        "f": 0.1581920904
      },
      "amod:ordmod": {
        "p": 0.6166666667,
        "r": 0.578125,
        "f": 0.5967741935
      },
      "erased": {
        "p": 0.0,
        "r": 0.0,
        "f": 0.0
      },
      "etc": {
        "p": 0.8953488372,
        "r": 0.9166666667,
        "f": 0.9058823529
      }
    },
    "ents_per_type": {
      "DATE": {
        "p": 0.7591721543,
        "r": 0.7998017839,
        "f": 0.778957529
      },
      "GPE": {
        "p": 0.7584140157,
        "r": 0.8040078201,
        "f": 0.7805456702
      },
      "ORDINAL": {
        "p": 0.8531073446,
        "r": 0.7947368421,
        "f": 0.8228882834
      },
      "ORG": {
        "p": 0.6866048863,
        "r": 0.6202435312,
        "f": 0.6517393043
      },
      "FAC": {
        "p": 0.4363636364,
        "r": 0.2580645161,
        "f": 0.3243243243
      },
      "QUANTITY": {
        "p": 0.780952381,
        "r": 0.6074074074,
        "f": 0.6833333333
      },
      "PERSON": {
        "p": 0.8074229692,
        "r": 0.7429123711,
        "f": 0.7738255034
      },
      "NORP": {
        "p": 0.6910299003,
        "r": 0.4369747899,
        "f": 0.5353925354
      },
      "CARDINAL": {
        "p": 0.5744680851,
        "r": 0.5171370968,
        "f": 0.5442970822
      },
      "LOC": {
        "p": 0.5378151261,
        "r": 0.3440860215,
        "f": 0.4196721311
      },
      "TIME": {
        "p": 0.7211538462,
        "r": 0.7281553398,
        "f": 0.7246376812
      },
      "WORK_OF_ART": {
        "p": 0.4939759036,
        "r": 0.2733333333,
        "f": 0.3519313305
      },
      "MONEY": {
        "p": 0.9380530973,
        "r": 0.7851851852,
        "f": 0.8548387097
      },
      "EVENT": {
        "p": 0.5609756098,
        "r": 0.3382352941,
        "f": 0.4220183486
      },
      "PERCENT": {
        "p": 0.8148148148,
        "r": 0.7951807229,
        "f": 0.8048780488
      },
      "PRODUCT": {
        "p": 0.1666666667,
        "r": 0.0204081633,
        "f": 0.0363636364
      },
      "LAW": {
        "p": 0.5,
        "r": 0.15,
        "f": 0.2307692308
      },
      "LANGUAGE": {
        "p": 0.7142857143,
        "r": 0.5555555556,
        "f": 0.625
      }
    }
  },
  "sources": [
    {
      "name": "OntoNotes 5",
      "url": "https://catalog.ldc.upenn.edu/LDC2013T19",
      "license": "commercial (licensed by Explosion)"
    }
  ],
  "requirements": [
    "spacy-pkuseg>=0.0.27,<0.1.0"
  ],
  "parent_package": "spacy-nightly",
  "size": "47 MB",
  "checksum": "ec21fe2079ba37c85596d3a39c16fad5acbb3c77b6dd4517ad7c15cbbc4d620c"
}