{
  "lang": "zh",
  "name": "core_web_lg",
  "version": "3.0.0a1",
  "description": "Chinese pipeline optimized for CPU. Components: tok2vec, tagger, parser, senter, ner, attribute_ruler.",
  "author": "Explosion",
  "email": "contact@explosion.ai",
  "url": "https://explosion.ai",
  "license": "MIT",
  "spacy_version": ">=3.0.0rc3,<3.1.0",
  "spacy_git_version": "43a752a2a",
  "vectors": {
    "width": 300,
    "vectors": 500000,
    "keys": 500000,
    "name": "zh_vectors"
  },
  "labels": {
    "tok2vec": [],
    "tagger": [
      "AD",
      "AS",
      "BA",
      "CC",
      "CD",
      "CS",
      "DEC",
      "DEG",
      "DER",
      "DEV",
      "DT",
      "ETC",
      "FW",
      "IJ",
      "INF",
      "JJ",
      "LB",
      "LC",
      "M",
      "MSP",
      "NN",
      "NR",
      "NT",
      "OD",
      "ON",
      "P",
      "PN",
      "PU",
      "SB",
      "SP",
      "URL",
      "VA",
      "VC",
      "VE",
      "VV",
      "X"
    ],
    "parser": [
      "ROOT",
      "acl",
      "advcl:loc",
      "advmod",
      "advmod:dvp",
      "advmod:loc",
      "advmod:rcomp",
      "amod",
      "amod:ordmod",
      "appos",
      "aux:asp",
      "aux:ba",
      "aux:modal",
      "aux:prtmod",
      "auxpass",
      "case",
      "cc",
      "ccomp",
      "compound:nn",
      "compound:vc",
      "conj",
      "cop",
      "dep",
      "det",
      "discourse",
      "dobj",
      "etc",
      "mark",
      "mark:clf",
      "name",
      "neg",
      "nmod",
      "nmod:assmod",
      "nmod:poss",
      "nmod:prep",
      "nmod:range",
      "nmod:tmod",
      "nmod:topic",
      "nsubj",
      "nsubj:xsubj",
      "nsubjpass",
      "nummod",
      "parataxis:prnmod",
      "punct",
      "xcomp"
    ],
    "senter": [
      "I",
      "S"
    ],
    "ner": [
      "CARDINAL",
      "DATE",
      "EVENT",
      "FAC",
      "GPE",
      "LANGUAGE",
      "LAW",
      "LOC",
      "MONEY",
      "NORP",
      "ORDINAL",
      "ORG",
      "PERCENT",
      "PERSON",
      "PRODUCT",
      "QUANTITY",
      "TIME",
      "WORK_OF_ART"
    ],
    "attribute_ruler": []
  },
  "pipeline": [
    "tok2vec",
    "tagger",
    "parser",
    "ner",
    "attribute_ruler"
  ],
  "components": [
    "tok2vec",
    "tagger",
    "parser",
    "senter",
    "ner",
    "attribute_ruler"
  ],
  "disabled": [
    "senter"
  ],
  "performance": {
    "token_acc": 0.9788303388,
    "tag_acc": 0.9038344838,
    "dep_uas": 0.7082463437,
    "dep_las": 0.6560309324,
    "ents_p": 0.7370946974,
    "ents_r": 0.691978022,
    "ents_f": 0.7138241796,
    "sents_p": 0.7825152275,
    "sents_r": 0.7271516564,
    "sents_f": 0.753818276,
    "speed": 7127.7306682913,
    "dep_las_per_type": {
      "dep": {
        "p": 0.4934116299,
        "r": 0.3480852784,
        "f": 0.4081995379
      },
      "case": {
        "p": 0.8143263512,
        "r": 0.7635790495,
        "f": 0.7881366537
      },
      "nmod:tmod": {
        "p": 0.7260638298,
        "r": 0.7428571429,
        "f": 0.7343644923
      },
      "nummod": {
        "p": 0.8284823285,
        "r": 0.5309793471,
        "f": 0.6471782379
      },
      "mark:clf": {
        "p": 0.9341864717,
        "r": 0.5718015666,
        "f": 0.7093937992
      },
      "auxpass": {
        "p": 0.9027027027,
        "r": 0.9027027027,
        "f": 0.9027027027
      },
      "nsubj": {
        "p": 0.7909430938,
        "r": 0.7273062277,
        "f": 0.7577910028
      },
      "acl": {
        "p": 0.6896306818,
        "r": 0.5385468663,
        "f": 0.6047960137
      },
      "advmod": {
        "p": 0.8227671198,
        "r": 0.7340739061,
        "f": 0.7758940873
      },
      "mark": {
        "p": 0.7373314737,
        "r": 0.6950043821,
        "f": 0.715542522
      },
      "xcomp": {
        "p": 0.7898686679,
        "r": 0.6856677524,
        "f": 0.7340889276
      },
      "nmod:assmod": {
        "p": 0.7684039088,
        "r": 0.734204793,
        "f": 0.7509151679
      },
      "det": {
        "p": 0.8447712418,
        "r": 0.6057410662,
        "f": 0.7055612419
      },
      "amod": {
        "p": 0.7750689972,
        "r": 0.6618224666,
        "f": 0.7139830508
      },
      "nmod:prep": {
        "p": 0.7032235459,
        "r": 0.6070780399,
        "f": 0.6516233766
      },
      "root": {
        "p": 0.7415326395,
        "r": 0.6524055269,
        "f": 0.6941197308
      },
      "aux:prtmod": {
        "p": 0.9069767442,
        "r": 0.8357142857,
        "f": 0.8698884758
      },
      "compound:nn": {
        "p": 0.7417300548,
        "r": 0.7094754653,
        "f": 0.7252443138
      },
      "dobj": {
        "p": 0.796899968,
        "r": 0.738705377,
        "f": 0.7666999769
      },
      "ccomp": {
        "p": 0.6384994316,
        "r": 0.6551321928,
        "f": 0.6467088851
      },
      "advmod:rcomp": {
        "p": 0.8229813665,
        "r": 0.7340720222,
        "f": 0.775988287
      },
      "nmod:topic": {
        "p": 0.3791469194,
        "r": 0.2597402597,
        "f": 0.3082851638
      },
      "cop": {
        "p": 0.7442996743,
        "r": 0.5881595882,
        "f": 0.6570812365
      },
      "discourse": {
        "p": 0.5635514019,
        "r": 0.4975247525,
        "f": 0.5284837862
      },
      "neg": {
        "p": 0.8417910448,
        "r": 0.6706302021,
        "f": 0.7465254798
      },
      "aux:modal": {
        "p": 0.8689581096,
        "r": 0.8366080662,
        "f": 0.8524762908
      },
      "nmod": {
        "p": 0.7172859451,
        "r": 0.6024423338,
        "f": 0.6548672566
      },
      "aux:ba": {
        "p": 0.8232044199,
        "r": 0.7925531915,
        "f": 0.8075880759
      },
      "advmod:loc": {
        "p": 0.6278195489,
        "r": 0.4955489614,
        "f": 0.5538971808
      },
      "aux:asp": {
        "p": 0.9134054954,
        "r": 0.874800638,
        "f": 0.8936863544
      },
      "conj": {
        "p": 0.505114376,
        "r": 0.5134215501,
        "f": 0.5092340864
      },
      "nsubjpass": {
        "p": 0.8292682927,
        "r": 0.68,
        "f": 0.7472527473
      },
      "compound:vc": {
        "p": 0.4293785311,
        "r": 0.3937823834,
        "f": 0.4108108108
      },
      "advcl:loc": {
        "p": 0.5338983051,
        "r": 0.45,
        "f": 0.488372093
      },
      "cc": {
        "p": 0.7138755981,
        "r": 0.661934339,
        "f": 0.6869244936
      },
      "advmod:dvp": {
        "p": 0.8571428571,
        "r": 0.6708074534,
        "f": 0.7526132404
      },
      "appos": {
        "p": 0.880195599,
        "r": 0.8275862069,
        "f": 0.8530805687
      },
      "nmod:poss": {
        "p": 0.6543209877,
        "r": 0.3925925926,
        "f": 0.4907407407
      },
      "name": {
        "p": 0.6534653465,
        "r": 0.4888888889,
        "f": 0.5593220339
      },
      "nsubj:xsubj": {
        "p": 0.0,
        "r": 0.0,
        "f": 0.0
      },
      "nmod:range": {
        "p": 0.72,
        "r": 0.6644295302,
        "f": 0.6910994764
      },
      "parataxis:prnmod": {
        "p": 0.3243243243,
        "r": 0.0902255639,
        "f": 0.1411764706
      },
      "amod:ordmod": {
        "p": 0.5185185185,
        "r": 0.4375,
        "f": 0.4745762712
      },
      "erased": {
        "p": 0.0,
        "r": 0.0,
        "f": 0.0
      },
      "etc": {
        "p": 0.9166666667,
        "r": 0.9166666667,
        "f": 0.9166666667
      }
    },
    "ents_per_type": {
      "DATE": {
        "p": 0.7818696884,
        "r": 0.8206144698,
        "f": 0.8007736944
      },
      "GPE": {
        "p": 0.7798541477,
        "r": 0.8362658847,
        "f": 0.8070754717
      },
      "ORDINAL": {
        "p": 0.8426966292,
        "r": 0.7894736842,
        "f": 0.8152173913
      },
      "FAC": {
        "p": 0.5,
        "r": 0.376344086,
        "f": 0.4294478528
      },
      "PERSON": {
        "p": 0.8026143791,
        "r": 0.7912371134,
        "f": 0.7968851395
      },
      "ORG": {
        "p": 0.690457097,
        "r": 0.6552511416,
        "f": 0.6723935963
      },
      "LOC": {
        "p": 0.6013986014,
        "r": 0.4623655914,
        "f": 0.5227963526
      },
      "QUANTITY": {
        "p": 0.8090909091,
        "r": 0.6592592593,
        "f": 0.7265306122
      },
      "CARDINAL": {
        "p": 0.6115702479,
        "r": 0.5221774194,
        "f": 0.5633496465
      },
      "TIME": {
        "p": 0.7427184466,
        "r": 0.7427184466,
        "f": 0.7427184466
      },
      "NORP": {
        "p": 0.7106918239,
        "r": 0.474789916,
        "f": 0.5692695214
      },
      "WORK_OF_ART": {
        "p": 0.5176470588,
        "r": 0.2933333333,
        "f": 0.3744680851
      },
      "MONEY": {
        "p": 0.9322033898,
        "r": 0.8148148148,
        "f": 0.8695652174
      },
      "EVENT": {
        "p": 0.6,
        "r": 0.4191176471,
        "f": 0.4935064935
      },
      "PERCENT": {
        "p": 0.7173913043,
        "r": 0.7951807229,
        "f": 0.7542857143
      },
      "PRODUCT": {
        "p": 0.3333333333,
        "r": 0.0408163265,
        "f": 0.0727272727
      },
      "LAW": {
        "p": 0.2857142857,
        "r": 0.1,
        "f": 0.1481481481
      },
      "LANGUAGE": {
        "p": 0.5454545455,
        "r": 0.6666666667,
        "f": 0.6
      }
    }
  },
  "sources": [
    {
      "name": "OntoNotes 5",
      "url": "https://catalog.ldc.upenn.edu/LDC2013T19",
      "license": "commercial (licensed by Explosion)"
    }
  ],
  "requirements": [
    "spacy-pkuseg>=0.0.27,<0.1.0"
  ],
  "parent_package": "spacy-nightly",
  "size": "577 MB",
  "checksum": "97adbf74c2e3630d8099d5ba04faafb4fdc0a7e8c91757f89084037e16225cc3"
}