{
  "lang": "zh",
  "name": "core_web_md",
  "license": "MIT",
  "author": "Explosion",
  "url": "https://explosion.ai",
  "email": "contact@explosion.ai",
  "description": "Chinese multi-task CNN trained on OntoNotes. Assigns word vectors, POS tags, dependency parse and named entities. Word vectors trained using FastText CBOW on Wikipedia and OSCAR (Common Crawl).",
  "sources": [
    {
      "name": "OntoNotes 5",
      "url": "https://catalog.ldc.upenn.edu/LDC2013T19",
      "license": "commercial (licensed by Explosion)"
    },
    {
      "name": "OSCAR (Common Crawl)",
      "url": "https://oscar-corpus.com/",
      "license": "CC0"
    },
    {
      "name": "Wikipedia (20200301)",
      "url": "https://dumps.wikimedia.org/",
      "license": "CC BY-SA 3.0"
    }
  ],
  "requirements": [
    "jieba",
    "pkuseg>=0.0.22"
  ],
  "pipeline": [
    "tagger",
    "parser",
    "ner"
  ],
  "version": "2.3.1",
  "spacy_version": ">=2.3.0,<2.4.0",
  "parent_package": "spacy",
  "accuracy": {
    "las": 64.4279736345,
    "uas": 69.3892733091,
    "token_acc": 94.5832585469,
    "las_per_type": {
      "dep": {
        "p": 45.7486520116,
        "r": 33.4343740527,
        "f": 38.6339754816
      },
      "root": {
        "p": 67.6702862784,
        "r": 68.4701181954,
        "f": 68.06785271
      },
      "nmod:tmod": {
        "p": 71.9626168224,
        "r": 73.3333333333,
        "f": 72.641509434
      },
      "nsubj": {
        "p": 78.0458383595,
        "r": 71.5268394546,
        "f": 74.6442763748
      },
      "neg": {
        "p": 86.9085173502,
        "r": 65.5172413793,
        "f": 74.7118644068
      },
      "ccomp": {
        "p": 64.9484536082,
        "r": 61.2363919129,
        "f": 63.0378226936
      },
      "advmod": {
        "p": 82.4708502555,
        "r": 71.355701655,
        "f": 76.5116985719
      },
      "discourse": {
        "p": 53.2702237522,
        "r": 51.0726072607,
        "f": 52.148272957
      },
      "det": {
        "p": 84.1680129241,
        "r": 61.0427650849,
        "f": 70.7640067912
      },
      "advmod:loc": {
        "p": 69.2307692308,
        "r": 45.4005934718,
        "f": 54.8387096774
      },
      "case": {
        "p": 82.1867159646,
        "r": 75.4607177498,
        "f": 78.6802351305
      },
      "nmod:assmod": {
        "p": 75.9216965742,
        "r": 72.4245253657,
        "f": 74.1318891367
      },
      "conj": {
        "p": 51.4778325123,
        "r": 47.4102079395,
        "f": 49.3603621334
      },
      "dobj": {
        "p": 81.0675562969,
        "r": 71.9893349133,
        "f": 76.2592185784
      },
      "aux:asp": {
        "p": 92.905982906,
        "r": 86.68261563,
        "f": 89.6864686469
      },
      "cop": {
        "p": 75.9581881533,
        "r": 56.1132561133,
        "f": 64.5447816432
      },
      "compound:vc": {
        "p": 46.0,
        "r": 35.7512953368,
        "f": 40.2332361516
      },
      "compound:nn": {
        "p": 73.9692522711,
        "r": 71.641285956,
        "f": 72.7866597903
      },
      "xcomp": {
        "p": 78.2846715328,
        "r": 69.8697068404,
        "f": 73.8382099828
      },
      "mark": {
        "p": 72.6246472248,
        "r": 67.6599474145,
        "f": 70.054446461
      },
      "advmod:rcomp": {
        "p": 86.3057324841,
        "r": 75.0692520776,
        "f": 80.2962962963
      },
      "mark:clf": {
        "p": 97.124600639,
        "r": 56.6952629616,
        "f": 71.5967969854
      },
      "aux:ba": {
        "p": 83.5294117647,
        "r": 75.5319148936,
        "f": 79.3296089385
      },
      "amod": {
        "p": 78.0558229066,
        "r": 63.7077769049,
        "f": 70.1557093426
      },
      "nmod:topic": {
        "p": 33.8383838384,
        "r": 21.7532467532,
        "f": 26.4822134387
      },
      "nmod:prep": {
        "p": 70.6156048676,
        "r": 59.6793708409,
        "f": 64.6885245902
      },
      "nummod": {
        "p": 83.8235294118,
        "r": 53.164556962,
        "f": 65.0631879331
      },
      "aux:modal": {
        "p": 85.9611231102,
        "r": 82.316442606,
        "f": 84.0993132594
      },
      "acl": {
        "p": 66.1754855995,
        "r": 54.7975596229,
        "f": 59.9514563107
      },
      "cc": {
        "p": 70.8728652751,
        "r": 66.2821650399,
        "f": 68.5006877579
      },
      "aux:prtmod": {
        "p": 91.9678714859,
        "r": 81.7857142857,
        "f": 86.5784499055
      },
      "appos": {
        "p": 88.3838383838,
        "r": 80.4597701149,
        "f": 84.2358604091
      },
      "advmod:dvp": {
        "p": 84.4262295082,
        "r": 63.9751552795,
        "f": 72.7915194346
      },
      "nsubjpass": {
        "p": 85.3658536585,
        "r": 70.0,
        "f": 76.9230769231
      },
      "auxpass": {
        "p": 88.8268156425,
        "r": 85.9459459459,
        "f": 87.3626373626
      },
      "name": {
        "p": 59.0909090909,
        "r": 38.5185185185,
        "f": 46.6367713004
      },
      "parataxis:prnmod": {
        "p": 59.2592592593,
        "r": 12.030075188,
        "f": 20.0
      },
      "nmod": {
        "p": 73.2993197279,
        "r": 58.4803256445,
        "f": 65.0566037736
      },
      "nmod:poss": {
        "p": 68.9655172414,
        "r": 44.4444444444,
        "f": 54.0540540541
      },
      "advcl:loc": {
        "p": 54.6218487395,
        "r": 46.4285714286,
        "f": 50.1930501931
      },
      "nmod:range": {
        "p": 74.8,
        "r": 62.7516778523,
        "f": 68.2481751825
      },
      "etc": {
        "p": 91.5662650602,
        "r": 90.4761904762,
        "f": 91.0179640719
      },
      "amod:ordmod": {
        "p": 68.085106383,
        "r": 50.0,
        "f": 57.6576576577
      },
      "nsubj:xsubj": {
        "p": 0.0,
        "r": 0.0,
        "f": 0.0
      },
      "erased": {
        "p": 0.0,
        "r": 0.0,
        "f": 0.0
      }
    },
    "tags_acc": 90.2324117608,
    "ents_f": 68.5158096095,
    "ents_p": 70.1982937514,
    "ents_r": 66.9120879121,
    "ents_per_type": {
      "PERSON": {
        "p": 77.5536759922,
        "r": 76.8041237113,
        "f": 77.1770799612
      },
      "CARDINAL": {
        "p": 62.0571428571,
        "r": 54.7379032258,
        "f": 58.1681842528
      },
      "NORP": {
        "p": 65.8753709199,
        "r": 46.6386554622,
        "f": 54.6125461255
      },
      "TIME": {
        "p": 68.0555555556,
        "r": 71.359223301,
        "f": 69.6682464455
      },
      "LOC": {
        "p": 52.808988764,
        "r": 37.9032258065,
        "f": 44.1314553991
      },
      "GPE": {
        "p": 76.4065335753,
        "r": 82.3069403715,
        "f": 79.2470588235
      },
      "EVENT": {
        "p": 54.9618320611,
        "r": 52.9411764706,
        "f": 53.9325842697
      },
      "ORG": {
        "p": 66.175329713,
        "r": 64.9162861492,
        "f": 65.5397618133
      },
      "WORK_OF_ART": {
        "p": 37.1428571429,
        "r": 17.3333333333,
        "f": 23.6363636364
      },
      "DATE": {
        "p": 66.0813308688,
        "r": 70.8622398414,
        "f": 68.3883309421
      },
      "ORDINAL": {
        "p": 86.5497076023,
        "r": 77.8947368421,
        "f": 81.9944598338
      },
      "MONEY": {
        "p": 91.3793103448,
        "r": 78.5185185185,
        "f": 84.4621513944
      },
      "PRODUCT": {
        "p": 16.6666666667,
        "r": 2.0408163265,
        "f": 3.6363636364
      },
      "QUANTITY": {
        "p": 77.0642201835,
        "r": 62.2222222222,
        "f": 68.8524590164
      },
      "LAW": {
        "p": 44.4444444444,
        "r": 20.0,
        "f": 27.5862068966
      },
      "FAC": {
        "p": 51.4705882353,
        "r": 37.6344086022,
        "f": 43.4782608696
      },
      "PERCENT": {
        "p": 75.8620689655,
        "r": 79.5180722892,
        "f": 77.6470588235
      },
      "LANGUAGE": {
        "p": 50.0,
        "r": 77.7777777778,
        "f": 60.8695652174
      }
    }
  },
  "speed": {
    "cpu": 6435.8367291737,
    "gpu": null,
    "nwords": 105857
  },
  "labels": {
    "tagger": [
      "AD",
      "AS",
      "BA",
      "CC",
      "CD",
      "CS",
      "DEC",
      "DEG",
      "DER",
      "DEV",
      "DT",
      "ETC",
      "FW",
      "IJ",
      "INF",
      "JJ",
      "LB",
      "LC",
      "M",
      "MSP",
      "NN",
      "NR",
      "NT",
      "OD",
      "ON",
      "P",
      "PN",
      "PU",
      "SB",
      "SP",
      "URL",
      "VA",
      "VC",
      "VE",
      "VV",
      "X",
      "_SP"
    ],
    "parser": [
      "ROOT",
      "acl",
      "advcl:loc",
      "advmod",
      "advmod:dvp",
      "advmod:loc",
      "advmod:rcomp",
      "amod",
      "amod:ordmod",
      "appos",
      "aux:asp",
      "aux:ba",
      "aux:modal",
      "aux:prtmod",
      "auxpass",
      "case",
      "cc",
      "ccomp",
      "compound:nn",
      "compound:vc",
      "conj",
      "cop",
      "dep",
      "det",
      "discourse",
      "dobj",
      "etc",
      "mark",
      "mark:clf",
      "name",
      "neg",
      "nmod",
      "nmod:assmod",
      "nmod:poss",
      "nmod:prep",
      "nmod:range",
      "nmod:tmod",
      "nmod:topic",
      "nsubj",
      "nsubj:xsubj",
      "nsubjpass",
      "nummod",
      "parataxis:prnmod",
      "punct",
      "xcomp"
    ],
    "ner": [
      "CARDINAL",
      "DATE",
      "EVENT",
      "FAC",
      "GPE",
      "LANGUAGE",
      "LAW",
      "LOC",
      "MONEY",
      "NORP",
      "ORDINAL",
      "ORG",
      "PERCENT",
      "PERSON",
      "PRODUCT",
      "QUANTITY",
      "TIME",
      "WORK_OF_ART"
    ]
  },
  "vectors": {
    "width": 300,
    "vectors": 20000,
    "keys": 500000,
    "name": "zh_core_web_md.vectors"
  },
  "size": "75 MB",
  "checksum": "927dea34e6d140c2867a7ecd3958ca6832f5199cfc37991cb0d393aa7ce791d8"
}