{
  "lang": "zh",
  "name": "core_web_md",
  "version": "3.0.0a1",
  "description": "Chinese pipeline optimized for CPU. Components: tok2vec, tagger, parser, senter, ner, attribute_ruler.",
  "author": "Explosion",
  "email": "contact@explosion.ai",
  "url": "https://explosion.ai",
  "license": "MIT",
  "spacy_version": ">=3.0.0rc3,<3.1.0",
  "spacy_git_version": "43a752a2a",
  "vectors": {
    "width": 300,
    "vectors": 20000,
    "keys": 500000,
    "name": "zh_vectors"
  },
  "labels": {
    "tok2vec": [],
    "tagger": [
      "AD",
      "AS",
      "BA",
      "CC",
      "CD",
      "CS",
      "DEC",
      "DEG",
      "DER",
      "DEV",
      "DT",
      "ETC",
      "FW",
      "IJ",
      "INF",
      "JJ",
      "LB",
      "LC",
      "M",
      "MSP",
      "NN",
      "NR",
      "NT",
      "OD",
      "ON",
      "P",
      "PN",
      "PU",
      "SB",
      "SP",
      "URL",
      "VA",
      "VC",
      "VE",
      "VV",
      "X"
    ],
    "parser": [
      "ROOT",
      "acl",
      "advcl:loc",
      "advmod",
      "advmod:dvp",
      "advmod:loc",
      "advmod:rcomp",
      "amod",
      "amod:ordmod",
      "appos",
      "aux:asp",
      "aux:ba",
      "aux:modal",
      "aux:prtmod",
      "auxpass",
      "case",
      "cc",
      "ccomp",
      "compound:nn",
      "compound:vc",
      "conj",
      "cop",
      "dep",
      "det",
      "discourse",
      "dobj",
      "etc",
      "mark",
      "mark:clf",
      "name",
      "neg",
      "nmod",
      "nmod:assmod",
      "nmod:poss",
      "nmod:prep",
      "nmod:range",
      "nmod:tmod",
      "nmod:topic",
      "nsubj",
      "nsubj:xsubj",
      "nsubjpass",
      "nummod",
      "parataxis:prnmod",
      "punct",
      "xcomp"
    ],
    "senter": [
      "I",
      "S"
    ],
    "ner": [
      "CARDINAL",
      "DATE",
      "EVENT",
      "FAC",
      "GPE",
      "LANGUAGE",
      "LAW",
      "LOC",
      "MONEY",
      "NORP",
      "ORDINAL",
      "ORG",
      "PERCENT",
      "PERSON",
      "PRODUCT",
      "QUANTITY",
      "TIME",
      "WORK_OF_ART"
    ],
    "attribute_ruler": []
  },
  "pipeline": [
    "tok2vec",
    "tagger",
    "parser",
    "ner",
    "attribute_ruler"
  ],
  "components": [
    "tok2vec",
    "tagger",
    "parser",
    "senter",
    "ner",
    "attribute_ruler"
  ],
  "disabled": [
    "senter"
  ],
  "performance": {
    "token_acc": 0.9788303388,
    "tag_acc": 0.90180108,
    "dep_uas": 0.7048970979,
    "dep_las": 0.6522055883,
    "ents_p": 0.7270911654,
    "ents_r": 0.6801098901,
    "ents_f": 0.7028162616,
    "sents_p": 0.7899477572,
    "sents_r": 0.729981688,
    "sents_f": 0.7587817962,
    "speed": 7169.5450100092,
    "dep_las_per_type": {
      "dep": {
        "p": 0.4896612407,
        "r": 0.3373749621,
        "f": 0.3994974874
      },
      "case": {
        "p": 0.8176895307,
        "r": 0.768913676,
        "f": 0.792551862
      },
      "nmod:tmod": {
        "p": 0.7214854111,
        "r": 0.7401360544,
        "f": 0.7306917394
      },
      "nummod": {
        "p": 0.8307372793,
        "r": 0.5329780147,
        "f": 0.6493506494
      },
      "mark:clf": {
        "p": 0.9261053907,
        "r": 0.570309586,
        "f": 0.7059095106
      },
      "auxpass": {
        "p": 0.8930481283,
        "r": 0.9027027027,
        "f": 0.8978494624
      },
      "nsubj": {
        "p": 0.7859136213,
        "r": 0.7264463825,
        "f": 0.7550108515
      },
      "acl": {
        "p": 0.6846590909,
        "r": 0.5346644481,
        "f": 0.6004360012
      },
      "advmod": {
        "p": 0.8176718093,
        "r": 0.7269326683,
        "f": 0.7696369637
      },
      "mark": {
        "p": 0.7356643357,
        "r": 0.6914986854,
        "f": 0.7128981251
      },
      "xcomp": {
        "p": 0.7605893186,
        "r": 0.6726384365,
        "f": 0.7139152982
      },
      "nmod:assmod": {
        "p": 0.7661953305,
        "r": 0.7251789605,
        "f": 0.7451231212
      },
      "det": {
        "p": 0.8368167203,
        "r": 0.6098418278,
        "f": 0.7055235513
      },
      "amod": {
        "p": 0.7752757353,
        "r": 0.6626080126,
        "f": 0.7145277425
      },
      "nmod:prep": {
        "p": 0.7131810193,
        "r": 0.6137326074,
        "f": 0.6597301252
      },
      "root": {
        "p": 0.7349924012,
        "r": 0.6440819044,
        "f": 0.6865406796
      },
      "aux:prtmod": {
        "p": 0.9019607843,
        "r": 0.8214285714,
        "f": 0.8598130841
      },
      "compound:nn": {
        "p": 0.7332862939,
        "r": 0.7033840948,
        "f": 0.718024009
      },
      "dobj": {
        "p": 0.7915278439,
        "r": 0.7390016294,
        "f": 0.7643634135
      },
      "ccomp": {
        "p": 0.6369548585,
        "r": 0.6473561431,
        "f": 0.6421133822
      },
      "advmod:rcomp": {
        "p": 0.7899408284,
        "r": 0.7396121884,
        "f": 0.7639484979
      },
      "nmod:topic": {
        "p": 0.3194444444,
        "r": 0.224025974,
        "f": 0.2633587786
      },
      "cop": {
        "p": 0.7417004049,
        "r": 0.5894465894,
        "f": 0.6568662603
      },
      "discourse": {
        "p": 0.5736940299,
        "r": 0.5074257426,
        "f": 0.5385288967
      },
      "neg": {
        "p": 0.8383233533,
        "r": 0.6658739596,
        "f": 0.7422133863
      },
      "aux:modal": {
        "p": 0.854718982,
        "r": 0.8335056877,
        "f": 0.8439790576
      },
      "nmod": {
        "p": 0.730318258,
        "r": 0.591587517,
        "f": 0.6536731634
      },
      "aux:ba": {
        "p": 0.8547486034,
        "r": 0.8138297872,
        "f": 0.8337874659
      },
      "advmod:loc": {
        "p": 0.5961538462,
        "r": 0.4599406528,
        "f": 0.5192629816
      },
      "aux:asp": {
        "p": 0.9075770192,
        "r": 0.8692185008,
        "f": 0.8879837067
      },
      "conj": {
        "p": 0.4831708663,
        "r": 0.4965973535,
        "f": 0.4897921134
      },
      "nsubjpass": {
        "p": 0.8095238095,
        "r": 0.68,
        "f": 0.7391304348
      },
      "compound:vc": {
        "p": 0.4360465116,
        "r": 0.3886010363,
        "f": 0.4109589041
      },
      "advcl:loc": {
        "p": 0.4915254237,
        "r": 0.4142857143,
        "f": 0.4496124031
      },
      "cc": {
        "p": 0.6992481203,
        "r": 0.6601597161,
        "f": 0.6791419443
      },
      "advmod:dvp": {
        "p": 0.8091603053,
        "r": 0.6583850932,
        "f": 0.7260273973
      },
      "appos": {
        "p": 0.8716707022,
        "r": 0.8275862069,
        "f": 0.8490566038
      },
      "nmod:poss": {
        "p": 0.6631578947,
        "r": 0.4666666667,
        "f": 0.547826087
      },
      "name": {
        "p": 0.6134453782,
        "r": 0.5407407407,
        "f": 0.5748031496
      },
      "nsubj:xsubj": {
        "p": 0.0,
        "r": 0.0,
        "f": 0.0
      },
      "nmod:range": {
        "p": 0.7352941176,
        "r": 0.6711409396,
        "f": 0.701754386
      },
      "parataxis:prnmod": {
        "p": 0.5588235294,
        "r": 0.1428571429,
        "f": 0.2275449102
      },
      "amod:ordmod": {
        "p": 0.5263157895,
        "r": 0.46875,
        "f": 0.4958677686
      },
      "erased": {
        "p": 0.0,
        "r": 0.0,
        "f": 0.0
      },
      "etc": {
        "p": 0.8953488372,
        "r": 0.9166666667,
        "f": 0.9058823529
      }
    },
    "ents_per_type": {
      "DATE": {
        "p": 0.7694444444,
        "r": 0.8235877106,
        "f": 0.7955959789
      },
      "GPE": {
        "p": 0.7514399646,
        "r": 0.8289345064,
        "f": 0.7882872415
      },
      "ORDINAL": {
        "p": 0.8539325843,
        "r": 0.8,
        "f": 0.8260869565
      },
      "FAC": {
        "p": 0.4632352941,
        "r": 0.3387096774,
        "f": 0.3913043478
      },
      "PERSON": {
        "p": 0.7734375,
        "r": 0.7654639175,
        "f": 0.7694300518
      },
      "ORG": {
        "p": 0.7038556194,
        "r": 0.6529680365,
        "f": 0.6774575602
      },
      "QUANTITY": {
        "p": 0.7818181818,
        "r": 0.637037037,
        "f": 0.7020408163
      },
      "CARDINAL": {
        "p": 0.6286407767,
        "r": 0.5221774194,
        "f": 0.5704845815
      },
      "LOC": {
        "p": 0.5714285714,
        "r": 0.3655913978,
        "f": 0.4459016393
      },
      "WORK_OF_ART": {
        "p": 0.5833333333,
        "r": 0.28,
        "f": 0.3783783784
      },
      "NORP": {
        "p": 0.6862745098,
        "r": 0.4411764706,
        "f": 0.537084399
      },
      "TIME": {
        "p": 0.75,
        "r": 0.7427184466,
        "f": 0.7463414634
      },
      "PERCENT": {
        "p": 0.7976190476,
        "r": 0.8072289157,
        "f": 0.8023952096
      },
      "MONEY": {
        "p": 0.9487179487,
        "r": 0.8222222222,
        "f": 0.880952381
      },
      "EVENT": {
        "p": 0.5412844037,
        "r": 0.4338235294,
        "f": 0.4816326531
      },
      "PRODUCT": {
        "p": 0.5,
        "r": 0.0204081633,
        "f": 0.0392156863
      },
      "LAW": {
        "p": 0.5,
        "r": 0.1833333333,
        "f": 0.2682926829
      },
      "LANGUAGE": {
        "p": 0.3888888889,
        "r": 0.7777777778,
        "f": 0.5185185185
      }
    }
  },
  "sources": [
    {
      "name": "OntoNotes 5",
      "url": "https://catalog.ldc.upenn.edu/LDC2013T19",
      "license": "commercial (licensed by Explosion)"
    }
  ],
  "requirements": [
    "spacy-pkuseg>=0.0.27,<0.1.0"
  ],
  "parent_package": "spacy-nightly",
  "size": "76 MB",
  "checksum": "090ca81fa1e4898a6c5c6f35606c1de75ae782b6137fbf6c4cbe20c25122a675"
}