{
  "spacy": {
    "3.0.0": {
      "zh_core_web_sm": ["3.0.0a1"],
      "zh_core_web_md": ["3.0.0a1"],
      "zh_core_web_lg": ["3.0.0a1"],
      "zh_core_web_trf": ["3.0.0a1"],
      "da_core_news_sm": ["3.0.0a1"],
      "da_core_news_md": ["3.0.0a1"],
      "da_core_news_lg": ["3.0.0a1"],
      "nl_core_news_sm": ["3.0.0a1"],
      "nl_core_news_md": ["3.0.0a1"],
      "nl_core_news_lg": ["3.0.0a1"],
      "nl_core_news_trf": ["3.0.0a1"],
      "en_core_web_sm": ["3.0.0a1"],
      "en_core_web_md": ["3.0.0a1"],
      "en_core_web_lg": ["3.0.0a1"],
      "en_core_web_trf": ["3.0.0a1"],
      "fr_core_news_sm": ["3.0.0a1"],
      "fr_core_news_md": ["3.0.0a1"],
      "fr_core_news_lg": ["3.0.0a1"],
      "fr_dep_news_trf": ["3.0.0a1"],
      "de_core_news_sm": ["3.0.0a1"],
      "de_core_news_md": ["3.0.0a1"],
      "de_core_news_lg": ["3.0.0a1"],
      "de_dep_news_trf": ["3.0.0a1"],
      "el_core_news_sm": ["3.0.0a1"],
      "el_core_news_md": ["3.0.0a1"],
      "el_core_news_lg": ["3.0.0a1"],
      "it_core_news_sm": ["3.0.0a1"],
      "it_core_news_md": ["3.0.0a1"],
      "it_core_news_lg": ["3.0.0a1"],
      "ja_core_news_sm": ["3.0.0a1"],
      "ja_core_news_md": ["3.0.0a1"],
      "ja_core_news_lg": ["3.0.0a1"],
      "lt_core_news_sm": ["3.0.0a1"],
      "lt_core_news_md": ["3.0.0a1"],
      "lt_core_news_lg": ["3.0.0a1"],
      "nb_core_news_sm": ["3.0.0a1"],
      "nb_core_news_md": ["3.0.0a1"],
      "nb_core_news_lg": ["3.0.0a1"],
      "pl_core_news_sm": ["3.0.0a1"],
      "pl_core_news_md": ["3.0.0a1"],
      "pl_core_news_lg": ["3.0.0a1"],
      "pt_core_news_sm": ["3.0.0a1"],
      "pt_core_news_md": ["3.0.0a1"],
      "pt_core_news_lg": ["3.0.0a1"],
      "ro_core_news_sm": ["3.0.0a1"],
      "ro_core_news_md": ["3.0.0a1"],
      "ro_core_news_lg": ["3.0.0a1"],
      "es_core_news_sm": ["3.0.0a1"],
      "es_core_news_md": ["3.0.0a1"],
      "es_core_news_lg": ["3.0.0a1"],
      "es_dep_news_trf": ["3.0.0a1"],
      "xx_ent_wiki_sm": ["3.0.0a1"],
      "xx_sent_ud_sm": ["3.0.0a1"],
      "en_vectors_web_lg": ["3.0.0a1"],
      "ru_core_news_sm": ["3.0.0a1"],
      "ru_core_news_md": ["3.0.0a1"],
      "ru_core_news_lg": ["3.0.0a1"],
      "mk_core_news_sm": ["3.0.0a1"],
      "mk_core_news_md": ["3.0.0a1"],
      "mk_core_news_lg": ["3.0.0a1"]
    },
    "2.3.5": {
      "zh_core_web_sm": ["2.3.1", "2.3.0"],
      "zh_core_web_md": ["2.3.1", "2.3.0"],
      "zh_core_web_lg": ["2.3.1", "2.3.0"],
      "da_core_news_sm": ["2.3.0"],
      "da_core_news_md": ["2.3.0"],
      "da_core_news_lg": ["2.3.0"],
      "nl_core_news_sm": ["2.3.0"],
      "nl_core_news_md": ["2.3.0"],
      "nl_core_news_lg": ["2.3.0"],
      "en_core_web_sm": ["2.3.1", "2.3.0"],
      "en_core_web_md": ["2.3.1", "2.3.0"],
      "en_core_web_lg": ["2.3.1", "2.3.0"],
      "fr_core_news_sm": ["2.3.0"],
      "fr_core_news_md": ["2.3.0"],
      "fr_core_news_lg": ["2.3.0"],
      "de_core_news_sm": ["2.3.0"],
      "de_core_news_md": ["2.3.0"],
      "de_core_news_lg": ["2.3.0"],
      "el_core_news_sm": ["2.3.0"],
      "el_core_news_md": ["2.3.0"],
      "el_core_news_lg": ["2.3.0"],
      "it_core_news_sm": ["2.3.0"],
      "it_core_news_md": ["2.3.0"],
      "it_core_news_lg": ["2.3.0"],
      "ja_core_news_sm": ["2.3.2", "2.3.1", "2.3.0"],
      "ja_core_news_md": ["2.3.2", "2.3.1", "2.3.0"],
      "ja_core_news_lg": ["2.3.2", "2.3.1", "2.3.0"],
      "lt_core_news_sm": ["2.3.0"],
      "lt_core_news_md": ["2.3.0"],
      "lt_core_news_lg": ["2.3.0"],
      "nb_core_news_sm": ["2.3.0"],
      "nb_core_news_md": ["2.3.0"],
      "nb_core_news_lg": ["2.3.0"],
      "pl_core_news_sm": ["2.3.0"],
      "pl_core_news_md": ["2.3.0"],
      "pl_core_news_lg": ["2.3.0"],
      "pt_core_news_sm": ["2.3.0"],
      "pt_core_news_md": ["2.3.0"],
      "pt_core_news_lg": ["2.3.0"],
      "ro_core_news_sm": ["2.3.1", "2.3.0"],
      "ro_core_news_md": ["2.3.1", "2.3.0"],
      "ro_core_news_lg": ["2.3.1", "2.3.0"],
      "es_core_news_sm": ["2.3.1", "2.3.0"],
      "es_core_news_md": ["2.3.1", "2.3.0"],
      "es_core_news_lg": ["2.3.1", "2.3.0"],
      "xx_ent_wiki_sm": ["2.3.0"],
      "en_vectors_web_lg": ["2.3.0"],
      "en_trf_bertbaseuncased_lg": ["2.3.0"],
      "en_trf_xlnetbasecased_lg": ["2.3.0"],
      "en_trf_robertabase_lg": ["2.3.0"],
      "en_trf_distilbertbaseuncased_lg": ["2.3.0"],
      "de_trf_bertbasecased_lg": ["2.3.0"]
    },
    "2.3.4": {
      "zh_core_web_sm": ["2.3.1", "2.3.0"],
      "zh_core_web_md": ["2.3.1", "2.3.0"],
      "zh_core_web_lg": ["2.3.1", "2.3.0"],
      "da_core_news_sm": ["2.3.0"],
      "da_core_news_md": ["2.3.0"],
      "da_core_news_lg": ["2.3.0"],
      "nl_core_news_sm": ["2.3.0"],
      "nl_core_news_md": ["2.3.0"],
      "nl_core_news_lg": ["2.3.0"],
      "en_core_web_sm": ["2.3.1", "2.3.0"],
      "en_core_web_md": ["2.3.1", "2.3.0"],
      "en_core_web_lg": ["2.3.1", "2.3.0"],
      "fr_core_news_sm": ["2.3.0"],
      "fr_core_news_md": ["2.3.0"],
      "fr_core_news_lg": ["2.3.0"],
      "de_core_news_sm": ["2.3.0"],
      "de_core_news_md": ["2.3.0"],
      "de_core_news_lg": ["2.3.0"],
      "el_core_news_sm": ["2.3.0"],
      "el_core_news_md": ["2.3.0"],
      "el_core_news_lg": ["2.3.0"],
      "it_core_news_sm": ["2.3.0"],
      "it_core_news_md": ["2.3.0"],
      "it_core_news_lg": ["2.3.0"],
      "ja_core_news_sm": ["2.3.2", "2.3.1", "2.3.0"],
      "ja_core_news_md": ["2.3.2", "2.3.1", "2.3.0"],
      "ja_core_news_lg": ["2.3.2", "2.3.1", "2.3.0"],
      "lt_core_news_sm": ["2.3.0"],
      "lt_core_news_md": ["2.3.0"],
      "lt_core_news_lg": ["2.3.0"],
      "nb_core_news_sm": ["2.3.0"],
      "nb_core_news_md": ["2.3.0"],
      "nb_core_news_lg": ["2.3.0"],
      "pl_core_news_sm": ["2.3.0"],
      "pl_core_news_md": ["2.3.0"],
      "pl_core_news_lg": ["2.3.0"],
      "pt_core_news_sm": ["2.3.0"],
      "pt_core_news_md": ["2.3.0"],
      "pt_core_news_lg": ["2.3.0"],
      "ro_core_news_sm": ["2.3.1", "2.3.0"],
      "ro_core_news_md": ["2.3.1", "2.3.0"],
      "ro_core_news_lg": ["2.3.1", "2.3.0"],
      "es_core_news_sm": ["2.3.1", "2.3.0"],
      "es_core_news_md": ["2.3.1", "2.3.0"],
      "es_core_news_lg": ["2.3.1", "2.3.0"],
      "xx_ent_wiki_sm": ["2.3.0"],
      "en_vectors_web_lg": ["2.3.0"],
      "en_trf_bertbaseuncased_lg": ["2.3.0"],
      "en_trf_xlnetbasecased_lg": ["2.3.0"],
      "en_trf_robertabase_lg": ["2.3.0"],
      "en_trf_distilbertbaseuncased_lg": ["2.3.0"],
      "de_trf_bertbasecased_lg": ["2.3.0"]
    },
    "2.3.3": {
      "zh_core_web_sm": ["2.3.1", "2.3.0"],
      "zh_core_web_md": ["2.3.1", "2.3.0"],
      "zh_core_web_lg": ["2.3.1", "2.3.0"],
      "da_core_news_sm": ["2.3.0"],
      "da_core_news_md": ["2.3.0"],
      "da_core_news_lg": ["2.3.0"],
      "nl_core_news_sm": ["2.3.0"],
      "nl_core_news_md": ["2.3.0"],
      "nl_core_news_lg": ["2.3.0"],
      "en_core_web_sm": ["2.3.1", "2.3.0"],
      "en_core_web_md": ["2.3.1", "2.3.0"],
      "en_core_web_lg": ["2.3.1", "2.3.0"],
      "fr_core_news_sm": ["2.3.0"],
      "fr_core_news_md": ["2.3.0"],
      "fr_core_news_lg": ["2.3.0"],
      "de_core_news_sm": ["2.3.0"],
      "de_core_news_md": ["2.3.0"],
      "de_core_news_lg": ["2.3.0"],
      "el_core_news_sm": ["2.3.0"],
      "el_core_news_md": ["2.3.0"],
      "el_core_news_lg": ["2.3.0"],
      "it_core_news_sm": ["2.3.0"],
      "it_core_news_md": ["2.3.0"],
      "it_core_news_lg": ["2.3.0"],
      "ja_core_news_sm": ["2.3.2", "2.3.1", "2.3.0"],
      "ja_core_news_md": ["2.3.2", "2.3.1", "2.3.0"],
      "ja_core_news_lg": ["2.3.2", "2.3.1", "2.3.0"],
      "lt_core_news_sm": ["2.3.0"],
      "lt_core_news_md": ["2.3.0"],
      "lt_core_news_lg": ["2.3.0"],
      "nb_core_news_sm": ["2.3.0"],
      "nb_core_news_md": ["2.3.0"],
      "nb_core_news_lg": ["2.3.0"],
      "pl_core_news_sm": ["2.3.0"],
      "pl_core_news_md": ["2.3.0"],
      "pl_core_news_lg": ["2.3.0"],
      "pt_core_news_sm": ["2.3.0"],
      "pt_core_news_md": ["2.3.0"],
      "pt_core_news_lg": ["2.3.0"],
      "ro_core_news_sm": ["2.3.1", "2.3.0"],
      "ro_core_news_md": ["2.3.1", "2.3.0"],
      "ro_core_news_lg": ["2.3.1", "2.3.0"],
      "es_core_news_sm": ["2.3.1", "2.3.0"],
      "es_core_news_md": ["2.3.1", "2.3.0"],
      "es_core_news_lg": ["2.3.1", "2.3.0"],
      "xx_ent_wiki_sm": ["2.3.0"],
      "en_vectors_web_lg": ["2.3.0"],
      "en_trf_bertbaseuncased_lg": ["2.3.0"],
      "en_trf_xlnetbasecased_lg": ["2.3.0"],
      "en_trf_robertabase_lg": ["2.3.0"],
      "en_trf_distilbertbaseuncased_lg": ["2.3.0"],
      "de_trf_bertbasecased_lg": ["2.3.0"]
    },
    "2.3.2": {
      "zh_core_web_sm": ["2.3.1", "2.3.0"],
      "zh_core_web_md": ["2.3.1", "2.3.0"],
      "zh_core_web_lg": ["2.3.1", "2.3.0"],
      "da_core_news_sm": ["2.3.0"],
      "da_core_news_md": ["2.3.0"],
      "da_core_news_lg": ["2.3.0"],
      "nl_core_news_sm": ["2.3.0"],
      "nl_core_news_md": ["2.3.0"],
      "nl_core_news_lg": ["2.3.0"],
      "en_core_web_sm": ["2.3.1", "2.3.0"],
      "en_core_web_md": ["2.3.1", "2.3.0"],
      "en_core_web_lg": ["2.3.1", "2.3.0"],
      "fr_core_news_sm": ["2.3.0"],
      "fr_core_news_md": ["2.3.0"],
      "fr_core_news_lg": ["2.3.0"],
      "de_core_news_sm": ["2.3.0"],
      "de_core_news_md": ["2.3.0"],
      "de_core_news_lg": ["2.3.0"],
      "el_core_news_sm": ["2.3.0"],
      "el_core_news_md": ["2.3.0"],
      "el_core_news_lg": ["2.3.0"],
      "it_core_news_sm": ["2.3.0"],
      "it_core_news_md": ["2.3.0"],
      "it_core_news_lg": ["2.3.0"],
      "ja_core_news_sm": ["2.3.2", "2.3.1", "2.3.0"],
      "ja_core_news_md": ["2.3.2", "2.3.1", "2.3.0"],
      "ja_core_news_lg": ["2.3.2", "2.3.1", "2.3.0"],
      "lt_core_news_sm": ["2.3.0"],
      "lt_core_news_md": ["2.3.0"],
      "lt_core_news_lg": ["2.3.0"],
      "nb_core_news_sm": ["2.3.0"],
      "nb_core_news_md": ["2.3.0"],
      "nb_core_news_lg": ["2.3.0"],
      "pl_core_news_sm": ["2.3.0"],
      "pl_core_news_md": ["2.3.0"],
      "pl_core_news_lg": ["2.3.0"],
      "pt_core_news_sm": ["2.3.0"],
      "pt_core_news_md": ["2.3.0"],
      "pt_core_news_lg": ["2.3.0"],
      "ro_core_news_sm": ["2.3.1", "2.3.0"],
      "ro_core_news_md": ["2.3.1", "2.3.0"],
      "ro_core_news_lg": ["2.3.1", "2.3.0"],
      "es_core_news_sm": ["2.3.1", "2.3.0"],
      "es_core_news_md": ["2.3.1", "2.3.0"],
      "es_core_news_lg": ["2.3.1", "2.3.0"],
      "xx_ent_wiki_sm": ["2.3.0"],
      "en_vectors_web_lg": ["2.3.0"],
      "en_trf_bertbaseuncased_lg": ["2.3.0"],
      "en_trf_xlnetbasecased_lg": ["2.3.0"],
      "en_trf_robertabase_lg": ["2.3.0"],
      "en_trf_distilbertbaseuncased_lg": ["2.3.0"],
      "de_trf_bertbasecased_lg": ["2.3.0"]
    },
    "2.3.1": {
      "zh_core_web_sm": ["2.3.1", "2.3.0"],
      "zh_core_web_md": ["2.3.1", "2.3.0"],
      "zh_core_web_lg": ["2.3.1", "2.3.0"],
      "da_core_news_sm": ["2.3.0"],
      "da_core_news_md": ["2.3.0"],
      "da_core_news_lg": ["2.3.0"],
      "nl_core_news_sm": ["2.3.0"],
      "nl_core_news_md": ["2.3.0"],
      "nl_core_news_lg": ["2.3.0"],
      "en_core_web_sm": ["2.3.1", "2.3.0"],
      "en_core_web_md": ["2.3.1", "2.3.0"],
      "en_core_web_lg": ["2.3.1", "2.3.0"],
      "fr_core_news_sm": ["2.3.0"],
      "fr_core_news_md": ["2.3.0"],
      "fr_core_news_lg": ["2.3.0"],
      "de_core_news_sm": ["2.3.0"],
      "de_core_news_md": ["2.3.0"],
      "de_core_news_lg": ["2.3.0"],
      "el_core_news_sm": ["2.3.0"],
      "el_core_news_md": ["2.3.0"],
      "el_core_news_lg": ["2.3.0"],
      "it_core_news_sm": ["2.3.0"],
      "it_core_news_md": ["2.3.0"],
      "it_core_news_lg": ["2.3.0"],
      "ja_core_news_sm": ["2.3.2", "2.3.1", "2.3.0"],
      "ja_core_news_md": ["2.3.2", "2.3.1", "2.3.0"],
      "ja_core_news_lg": ["2.3.2", "2.3.1", "2.3.0"],
      "lt_core_news_sm": ["2.3.0"],
      "lt_core_news_md": ["2.3.0"],
      "lt_core_news_lg": ["2.3.0"],
      "nb_core_news_sm": ["2.3.0"],
      "nb_core_news_md": ["2.3.0"],
      "nb_core_news_lg": ["2.3.0"],
      "pl_core_news_sm": ["2.3.0"],
      "pl_core_news_md": ["2.3.0"],
      "pl_core_news_lg": ["2.3.0"],
      "pt_core_news_sm": ["2.3.0"],
      "pt_core_news_md": ["2.3.0"],
      "pt_core_news_lg": ["2.3.0"],
      "ro_core_news_sm": ["2.3.1", "2.3.0"],
      "ro_core_news_md": ["2.3.1", "2.3.0"],
      "ro_core_news_lg": ["2.3.1", "2.3.0"],
      "es_core_news_sm": ["2.3.1", "2.3.0"],
      "es_core_news_md": ["2.3.1", "2.3.0"],
      "es_core_news_lg": ["2.3.1", "2.3.0"],
      "xx_ent_wiki_sm": ["2.3.0"],
      "en_vectors_web_lg": ["2.3.0"],
      "en_trf_bertbaseuncased_lg": ["2.3.0"],
      "en_trf_xlnetbasecased_lg": ["2.3.0"],
      "en_trf_robertabase_lg": ["2.3.0"],
      "en_trf_distilbertbaseuncased_lg": ["2.3.0"],
      "de_trf_bertbasecased_lg": ["2.3.0"]
    },
    "2.3.0": {
      "zh_core_web_sm": ["2.3.1", "2.3.0"],
      "zh_core_web_md": ["2.3.1", "2.3.0"],
      "zh_core_web_lg": ["2.3.1", "2.3.0"],
      "da_core_news_sm": ["2.3.0"],
      "da_core_news_md": ["2.3.0"],
      "da_core_news_lg": ["2.3.0"],
      "nl_core_news_sm": ["2.3.0"],
      "nl_core_news_md": ["2.3.0"],
      "nl_core_news_lg": ["2.3.0"],
      "en_core_web_sm": ["2.3.0"],
      "en_core_web_md": ["2.3.0"],
      "en_core_web_lg": ["2.3.0"],
      "fr_core_news_sm": ["2.3.0"],
      "fr_core_news_md": ["2.3.0"],
      "fr_core_news_lg": ["2.3.0"],
      "de_core_news_sm": ["2.3.0"],
      "de_core_news_md": ["2.3.0"],
      "de_core_news_lg": ["2.3.0"],
      "el_core_news_sm": ["2.3.0"],
      "el_core_news_md": ["2.3.0"],
      "el_core_news_lg": ["2.3.0"],
      "it_core_news_sm": ["2.3.0"],
      "it_core_news_md": ["2.3.0"],
      "it_core_news_lg": ["2.3.0"],
      "ja_core_news_sm": ["2.3.1", "2.3.0"],
      "ja_core_news_md": ["2.3.1", "2.3.0"],
      "ja_core_news_lg": ["2.3.1", "2.3.0"],
      "lt_core_news_sm": ["2.3.0"],
      "lt_core_news_md": ["2.3.0"],
      "lt_core_news_lg": ["2.3.0"],
      "nb_core_news_sm": ["2.3.0"],
      "nb_core_news_md": ["2.3.0"],
      "nb_core_news_lg": ["2.3.0"],
      "pl_core_news_sm": ["2.3.0"],
      "pl_core_news_md": ["2.3.0"],
      "pl_core_news_lg": ["2.3.0"],
      "pt_core_news_sm": ["2.3.0"],
      "pt_core_news_md": ["2.3.0"],
      "pt_core_news_lg": ["2.3.0"],
      "ro_core_news_sm": ["2.3.1", "2.3.0"],
      "ro_core_news_md": ["2.3.1", "2.3.0"],
      "ro_core_news_lg": ["2.3.1", "2.3.0"],
      "es_core_news_sm": ["2.3.1", "2.3.0"],
      "es_core_news_md": ["2.3.1", "2.3.0"],
      "es_core_news_lg": ["2.3.1", "2.3.0"],
      "xx_ent_wiki_sm": ["2.3.0"],
      "en_vectors_web_lg": ["2.3.0"],
      "en_trf_bertbaseuncased_lg": ["2.3.0"],
      "en_trf_xlnetbasecased_lg": ["2.3.0"],
      "en_trf_robertabase_lg": ["2.3.0"],
      "en_trf_distilbertbaseuncased_lg": ["2.3.0"],
      "de_trf_bertbasecased_lg": ["2.3.0"]
    },
    "2.2.4": {
      "en_vectors_web_lg": ["2.1.0"],
      "en_core_web_sm": ["2.2.5", "2.2.0"],
      "en_core_web_md": ["2.2.5", "2.2.0"],
      "en_core_web_lg": ["2.2.5", "2.2.0"],
      "de_core_news_sm": ["2.2.5", "2.2.0"],
      "de_core_news_md": ["2.2.5", "2.2.0"],
      "es_core_news_sm": ["2.2.5", "2.2.0"],
      "es_core_news_md": ["2.2.5", "2.2.0"],
      "pt_core_news_sm": ["2.2.5", "2.2.0"],
      "fr_core_news_sm": ["2.2.5", "2.2.0"],
      "fr_core_news_md": ["2.2.5", "2.2.0"],
      "el_core_news_sm": ["2.2.5", "2.2.2", "2.2.0"],
      "el_core_news_md": ["2.2.5", "2.2.2", "2.2.0"],
      "it_core_news_sm": ["2.2.5", "2.2.0"],
      "nl_core_news_sm": ["2.2.5", "2.2.1", "2.2.0"],
      "nb_core_news_sm": ["2.2.5", "2.2.2", "2.2.0"],
      "lt_core_news_sm": ["2.2.5", "2.2.2", "2.2.0"],
      "xx_ent_wiki_sm": ["2.2.0"],
      "en_trf_bertbaseuncased_lg": ["2.2.0"],
      "en_trf_xlnetbasecased_lg": ["2.2.0"],
      "en_trf_robertabase_lg": ["2.2.0"],
      "en_trf_distilbertbaseuncased_lg": ["2.2.0"],
      "de_trf_bertbasecased_lg": ["2.2.0"]
    },
    "2.2.3": {
      "en_vectors_web_lg": ["2.1.0"],
      "en_core_web_sm": ["2.2.5", "2.2.0"],
      "en_core_web_md": ["2.2.5", "2.2.0"],
      "en_core_web_lg": ["2.2.5", "2.2.0"],
      "de_core_news_sm": ["2.2.5", "2.2.0"],
      "de_core_news_md": ["2.2.5", "2.2.0"],
      "es_core_news_sm": ["2.2.5", "2.2.0"],
      "es_core_news_md": ["2.2.5", "2.2.0"],
      "pt_core_news_sm": ["2.2.5", "2.2.0"],
      "fr_core_news_sm": ["2.2.5", "2.2.0"],
      "fr_core_news_md": ["2.2.5", "2.2.0"],
      "el_core_news_sm": ["2.2.5", "2.2.2", "2.2.0"],
      "el_core_news_md": ["2.2.5", "2.2.2", "2.2.0"],
      "it_core_news_sm": ["2.2.5", "2.2.0"],
      "nl_core_news_sm": ["2.2.5", "2.2.1", "2.2.0"],
      "nb_core_news_sm": ["2.2.5", "2.2.2", "2.2.0"],
      "lt_core_news_sm": ["2.2.5", "2.2.2", "2.2.0"],
      "xx_ent_wiki_sm": ["2.2.0"],
      "en_trf_bertbaseuncased_lg": ["2.2.0"],
      "en_trf_xlnetbasecased_lg": ["2.2.0"],
      "en_trf_robertabase_lg": ["2.2.0"],
      "en_trf_distilbertbaseuncased_lg": ["2.2.0"],
      "de_trf_bertbasecased_lg": ["2.2.0"]
    },
    "2.2.2": {
      "en_vectors_web_lg": ["2.1.0"],
      "en_core_web_sm": ["2.2.5", "2.2.0"],
      "en_core_web_md": ["2.2.5", "2.2.0"],
      "en_core_web_lg": ["2.2.5", "2.2.0"],
      "de_core_news_sm": ["2.2.5", "2.2.0"],
      "de_core_news_md": ["2.2.5", "2.2.0"],
      "es_core_news_sm": ["2.2.5", "2.2.0"],
      "es_core_news_md": ["2.2.5", "2.2.0"],
      "pt_core_news_sm": ["2.2.5", "2.2.0"],
      "fr_core_news_sm": ["2.2.5", "2.2.0"],
      "fr_core_news_md": ["2.2.5", "2.2.0"],
      "el_core_news_sm": ["2.2.5", "2.2.2", "2.2.0"],
      "el_core_news_md": ["2.2.5", "2.2.2", "2.2.0"],
      "it_core_news_sm": ["2.2.5", "2.2.0"],
      "nl_core_news_sm": ["2.2.5", "2.2.1", "2.2.0"],
      "nb_core_news_sm": ["2.2.5", "2.2.2", "2.2.0"],
      "lt_core_news_sm": ["2.2.5", "2.2.2", "2.2.0"],
      "xx_ent_wiki_sm": ["2.2.0"],
      "en_trf_bertbaseuncased_lg": ["2.2.0"],
      "en_trf_xlnetbasecased_lg": ["2.2.0"],
      "en_trf_robertabase_lg": ["2.2.0"],
      "en_trf_distilbertbaseuncased_lg": ["2.2.0"],
      "de_trf_bertbasecased_lg": ["2.2.0"]
    },
    "2.2.1": {
      "en_vectors_web_lg": ["2.1.0"],
      "en_core_web_sm": ["2.2.0"],
      "en_core_web_md": ["2.2.0"],
      "en_core_web_lg": ["2.2.0"],
      "de_core_news_sm": ["2.2.0"],
      "de_core_news_md": ["2.2.0"],
      "es_core_news_sm": ["2.2.0"],
      "es_core_news_md": ["2.2.0"],
      "pt_core_news_sm": ["2.2.0"],
      "fr_core_news_sm": ["2.2.0"],
      "fr_core_news_md": ["2.2.0"],
      "el_core_news_sm": ["2.2.2", "2.2.0"],
      "el_core_news_md": ["2.2.2", "2.2.0"],
      "it_core_news_sm": ["2.2.0"],
      "nl_core_news_sm": ["2.2.1", "2.2.0"],
      "nb_core_news_sm": ["2.2.2", "2.2.0"],
      "lt_core_news_sm": ["2.2.2", "2.2.0"],
      "xx_ent_wiki_sm": ["2.2.0"],
      "en_trf_bertbaseuncased_lg": ["2.2.0"],
      "en_trf_xlnetbasecased_lg": ["2.2.0"],
      "en_trf_robertabase_lg": ["2.2.0"],
      "en_trf_distilbertbaseuncased_lg": ["2.2.0"],
      "de_trf_bertbasecased_lg": ["2.2.0"]
    },
    "2.2.0": {
      "en_vectors_web_lg": ["2.1.0"],
      "en_core_web_sm": ["2.2.0"],
      "en_core_web_md": ["2.2.0"],
      "en_core_web_lg": ["2.2.0"],
      "de_core_news_sm": ["2.2.0"],
      "de_core_news_md": ["2.2.0"],
      "es_core_news_sm": ["2.2.0"],
      "es_core_news_md": ["2.2.0"],
      "pt_core_news_sm": ["2.2.0"],
      "fr_core_news_sm": ["2.2.0"],
      "fr_core_news_md": ["2.2.0"],
      "el_core_news_sm": ["2.2.2", "2.2.0"],
      "el_core_news_md": ["2.2.2", "2.2.0"],
      "it_core_news_sm": ["2.2.0"],
      "nl_core_news_sm": ["2.2.1", "2.2.0"],
      "nb_core_news_sm": ["2.2.2", "2.2.0"],
      "lt_core_news_sm": ["2.2.2", "2.2.0"],
      "xx_ent_wiki_sm": ["2.2.0"],
      "en_trf_bertbaseuncased_lg": ["2.2.0"],
      "en_trf_xlnetbasecased_lg": ["2.2.0"],
      "en_trf_robertabase_lg": ["2.2.0"],
      "en_trf_distilbertbaseuncased_lg": ["2.2.0"],
      "de_trf_bertbasecased_lg": ["2.2.0"]
    },
    "2.1.9": {
      "en_vectors_web_lg": ["2.1.0"],
      "en_core_web_sm": ["2.1.0"],
      "en_core_web_md": ["2.1.0"],
      "en_core_web_lg": ["2.1.0"],
      "de_core_news_sm": ["2.1.0"],
      "de_core_news_md": ["2.1.0"],
      "es_core_news_sm": ["2.1.0"],
      "es_core_news_md": ["2.1.0"],
      "pt_core_news_sm": ["2.1.0"],
      "fr_core_news_sm": ["2.1.0"],
      "fr_core_news_md": ["2.1.0"],
      "el_core_news_sm": ["2.1.0"],
      "el_core_news_md": ["2.1.0"],
      "it_core_news_sm": ["2.1.0"],
      "nl_core_news_sm": ["2.1.0"],
      "xx_ent_wiki_sm": ["2.1.0"],
      "en_pytt_bertbaseuncased_lg": ["2.1.1", "2.1.0"],
      "en_pytt_xlnetbasecased_lg": ["2.1.1", "2.1.0"],
      "en_pytt_robertabase_lg": ["2.1.0"],
      "en_pytt_distilbertbaseuncased_lg": ["2.1.0"],
      "de_pytt_bertbasecased_lg": ["2.1.1", "2.1.0"]
    },
    "2.1.8": {
      "en_vectors_web_lg": ["2.1.0"],
      "en_core_web_sm": ["2.1.0"],
      "en_core_web_md": ["2.1.0"],
      "en_core_web_lg": ["2.1.0"],
      "de_core_news_sm": ["2.1.0"],
      "de_core_news_md": ["2.1.0"],
      "es_core_news_sm": ["2.1.0"],
      "es_core_news_md": ["2.1.0"],
      "pt_core_news_sm": ["2.1.0"],
      "fr_core_news_sm": ["2.1.0"],
      "fr_core_news_md": ["2.1.0"],
      "el_core_news_sm": ["2.1.0"],
      "el_core_news_md": ["2.1.0"],
      "it_core_news_sm": ["2.1.0"],
      "nl_core_news_sm": ["2.1.0"],
      "xx_ent_wiki_sm": ["2.1.0"],
      "en_pytt_bertbaseuncased_lg": ["2.1.1", "2.1.0"],
      "en_pytt_xlnetbasecased_lg": ["2.1.1", "2.1.0"],
      "en_pytt_robertabase_lg": ["2.1.0"],
      "en_pytt_distilbertbaseuncased_lg": ["2.1.0"],
      "de_pytt_bertbasecased_lg": ["2.1.1", "2.1.0"]
    },
    "2.1.7": {
      "en_vectors_web_lg": ["2.1.0"],
      "en_core_web_sm": ["2.1.0"],
      "en_core_web_md": ["2.1.0"],
      "en_core_web_lg": ["2.1.0"],
      "de_core_news_sm": ["2.1.0"],
      "de_core_news_md": ["2.1.0"],
      "es_core_news_sm": ["2.1.0"],
      "es_core_news_md": ["2.1.0"],
      "pt_core_news_sm": ["2.1.0"],
      "fr_core_news_sm": ["2.1.0"],
      "fr_core_news_md": ["2.1.0"],
      "el_core_news_sm": ["2.1.0"],
      "el_core_news_md": ["2.1.0"],
      "it_core_news_sm": ["2.1.0"],
      "nl_core_news_sm": ["2.1.0"],
      "xx_ent_wiki_sm": ["2.1.0"],
      "en_pytt_bertbaseuncased_lg": ["2.1.1", "2.1.0"],
      "en_pytt_xlnetbasecased_lg": ["2.1.1", "2.1.0"],
      "en_pytt_robertabase_lg": ["2.1.0"],
      "en_pytt_distilbertbaseuncased_lg": ["2.0.0"],
      "de_pytt_bertbasecased_lg": ["2.1.1", "2.1.0"]
    },
    "2.1.6": {
      "en_vectors_web_lg": ["2.1.0"],
      "en_core_web_sm": ["2.1.0"],
      "en_core_web_md": ["2.1.0"],
      "en_core_web_lg": ["2.1.0"],
      "de_core_news_sm": ["2.1.0"],
      "de_core_news_md": ["2.1.0"],
      "es_core_news_sm": ["2.1.0"],
      "es_core_news_md": ["2.1.0"],
      "pt_core_news_sm": ["2.1.0"],
      "fr_core_news_sm": ["2.1.0"],
      "fr_core_news_md": ["2.1.0"],
      "el_core_news_sm": ["2.1.0"],
      "el_core_news_md": ["2.1.0"],
      "it_core_news_sm": ["2.1.0"],
      "nl_core_news_sm": ["2.1.0"],
      "xx_ent_wiki_sm": ["2.1.0"]
    },
    "2.1.5": {
      "en_vectors_web_lg": ["2.1.0"],
      "en_core_web_sm": ["2.1.0"],
      "en_core_web_md": ["2.1.0"],
      "en_core_web_lg": ["2.1.0"],
      "de_core_news_sm": ["2.1.0"],
      "de_core_news_md": ["2.1.0"],
      "es_core_news_sm": ["2.1.0"],
      "es_core_news_md": ["2.1.0"],
      "pt_core_news_sm": ["2.1.0"],
      "fr_core_news_sm": ["2.1.0"],
      "fr_core_news_md": ["2.1.0"],
      "el_core_news_sm": ["2.1.0"],
      "el_core_news_md": ["2.1.0"],
      "it_core_news_sm": ["2.1.0"],
      "nl_core_news_sm": ["2.1.0"],
      "xx_ent_wiki_sm": ["2.1.0"]
    },
    "2.1.4": {
      "en_vectors_web_lg": ["2.1.0"],
      "en_core_web_sm": ["2.1.0"],
      "en_core_web_md": ["2.1.0"],
      "en_core_web_lg": ["2.1.0"],
      "de_core_news_sm": ["2.1.0"],
      "de_core_news_md": ["2.1.0"],
      "es_core_news_sm": ["2.1.0"],
      "es_core_news_md": ["2.1.0"],
      "pt_core_news_sm": ["2.1.0"],
      "fr_core_news_sm": ["2.1.0"],
      "fr_core_news_md": ["2.1.0"],
      "el_core_news_sm": ["2.1.0"],
      "el_core_news_md": ["2.1.0"],
      "it_core_news_sm": ["2.1.0"],
      "nl_core_news_sm": ["2.1.0"],
      "xx_ent_wiki_sm": ["2.1.0"]
    },
    "2.1.3": {
      "en_vectors_web_lg": ["2.1.0"],
      "en_core_web_sm": ["2.1.0"],
      "en_core_web_md": ["2.1.0"],
      "en_core_web_lg": ["2.1.0"],
      "de_core_news_sm": ["2.1.0"],
      "de_core_news_md": ["2.1.0"],
      "es_core_news_sm": ["2.1.0"],
      "es_core_news_md": ["2.1.0"],
      "pt_core_news_sm": ["2.1.0"],
      "fr_core_news_sm": ["2.1.0"],
      "fr_core_news_md": ["2.1.0"],
      "el_core_news_sm": ["2.1.0"],
      "el_core_news_md": ["2.1.0"],
      "it_core_news_sm": ["2.1.0"],
      "nl_core_news_sm": ["2.1.0"],
      "xx_ent_wiki_sm": ["2.1.0"]
    },
    "2.1.2": {
      "en_vectors_web_lg": ["2.1.0"],
      "en_core_web_sm": ["2.1.0"],
      "en_core_web_md": ["2.1.0"],
      "en_core_web_lg": ["2.1.0"],
      "de_core_news_sm": ["2.1.0"],
      "de_core_news_md": ["2.1.0"],
      "es_core_news_sm": ["2.1.0"],
      "es_core_news_md": ["2.1.0"],
      "pt_core_news_sm": ["2.1.0"],
      "fr_core_news_sm": ["2.1.0"],
      "fr_core_news_md": ["2.1.0"],
      "el_core_news_sm": ["2.1.0"],
      "el_core_news_md": ["2.1.0"],
      "it_core_news_sm": ["2.1.0"],
      "nl_core_news_sm": ["2.1.0"],
      "xx_ent_wiki_sm": ["2.1.0"]
    },
    "2.1.1": {
      "en_vectors_web_lg": ["2.1.0"],
      "en_core_web_sm": ["2.1.0"],
      "en_core_web_md": ["2.1.0"],
      "en_core_web_lg": ["2.1.0"],
      "de_core_news_sm": ["2.1.0"],
      "de_core_news_md": ["2.1.0"],
      "es_core_news_sm": ["2.1.0"],
      "es_core_news_md": ["2.1.0"],
      "pt_core_news_sm": ["2.1.0"],
      "fr_core_news_sm": ["2.1.0"],
      "fr_core_news_md": ["2.1.0"],
      "el_core_news_sm": ["2.1.0"],
      "el_core_news_md": ["2.1.0"],
      "it_core_news_sm": ["2.1.0"],
      "nl_core_news_sm": ["2.1.0"],
      "xx_ent_wiki_sm": ["2.1.0"]
    },
    "2.1.0": {
      "en_vectors_web_lg": ["2.1.0"],
      "en_core_web_sm": ["2.1.0"],
      "en_core_web_md": ["2.1.0"],
      "en_core_web_lg": ["2.1.0"],
      "de_core_news_sm": ["2.1.0"],
      "de_core_news_md": ["2.1.0"],
      "es_core_news_sm": ["2.1.0"],
      "es_core_news_md": ["2.1.0"],
      "pt_core_news_sm": ["2.1.0"],
      "fr_core_news_sm": ["2.1.0"],
      "fr_core_news_md": ["2.1.0"],
      "el_core_news_sm": ["2.1.0"],
      "el_core_news_md": ["2.1.0"],
      "it_core_news_sm": ["2.1.0"],
      "nl_core_news_sm": ["2.1.0"],
      "xx_ent_wiki_sm": ["2.1.0"]
    },
    "2.0.18": {
      "en_vectors_web_lg": ["2.0.0"],
      "en_core_web_sm": ["2.0.0"],
      "en_core_web_md": ["2.0.0"],
      "en_core_web_lg": ["2.0.0"],
      "de_core_news_sm": ["2.0.0"],
      "es_core_news_sm": ["2.0.0"],
      "es_core_news_md": ["2.0.0"],
      "pt_core_news_sm": ["2.0.0"],
      "fr_core_news_sm": ["2.0.0"],
      "fr_core_news_md": ["2.0.0"],
      "it_core_news_sm": ["2.0.0"],
      "nl_core_news_sm": ["2.0.0"],
      "xx_ent_wiki_sm": ["2.0.0"]
    },
    "2.0.17": {
      "en_vectors_web_lg": ["2.0.0"],
      "en_core_web_sm": ["2.0.0"],
      "en_core_web_md": ["2.0.0"],
      "en_core_web_lg": ["2.0.0"],
      "de_core_news_sm": ["2.0.0"],
      "es_core_news_sm": ["2.0.0"],
      "es_core_news_md": ["2.0.0"],
      "pt_core_news_sm": ["2.0.0"],
      "fr_core_news_sm": ["2.0.0"],
      "fr_core_news_md": ["2.0.0"],
      "it_core_news_sm": ["2.0.0"],
      "nl_core_news_sm": ["2.0.0"],
      "xx_ent_wiki_sm": ["2.0.0"]
    },
    "2.0.16": {
      "en_vectors_web_lg": ["2.0.0"],
      "en_core_web_sm": ["2.0.0"],
      "en_core_web_md": ["2.0.0"],
      "en_core_web_lg": ["2.0.0"],
      "de_core_news_sm": ["2.0.0"],
      "es_core_news_sm": ["2.0.0"],
      "es_core_news_md": ["2.0.0"],
      "pt_core_news_sm": ["2.0.0"],
      "fr_core_news_sm": ["2.0.0"],
      "fr_core_news_md": ["2.0.0"],
      "it_core_news_sm": ["2.0.0"],
      "nl_core_news_sm": ["2.0.0"],
      "xx_ent_wiki_sm": ["2.0.0"]
    },
    "2.0.15": {
      "en_vectors_web_lg": ["2.0.0"],
      "en_core_web_sm": ["2.0.0"],
      "en_core_web_md": ["2.0.0"],
      "en_core_web_lg": ["2.0.0"],
      "de_core_news_sm": ["2.0.0"],
      "es_core_news_sm": ["2.0.0"],
      "es_core_news_md": ["2.0.0"],
      "pt_core_news_sm": ["2.0.0"],
      "fr_core_news_sm": ["2.0.0"],
      "fr_core_news_md": ["2.0.0"],
      "it_core_news_sm": ["2.0.0"],
      "nl_core_news_sm": ["2.0.0"],
      "xx_ent_wiki_sm": ["2.0.0"]
    },
    "2.0.14": {
      "en_vectors_web_lg": ["2.0.0"],
      "en_core_web_sm": ["2.0.0"],
      "en_core_web_md": ["2.0.0"],
      "en_core_web_lg": ["2.0.0"],
      "de_core_news_sm": ["2.0.0"],
      "es_core_news_sm": ["2.0.0"],
      "es_core_news_md": ["2.0.0"],
      "pt_core_news_sm": ["2.0.0"],
      "fr_core_news_sm": ["2.0.0"],
      "fr_core_news_md": ["2.0.0"],
      "it_core_news_sm": ["2.0.0"],
      "nl_core_news_sm": ["2.0.0"],
      "xx_ent_wiki_sm": ["2.0.0"]
    },
    "2.0.13": {
      "en_vectors_web_lg": ["2.0.0"],
      "en_core_web_sm": ["2.0.0"],
      "en_core_web_md": ["2.0.0"],
      "en_core_web_lg": ["2.0.0"],
      "de_core_news_sm": ["2.0.0"],
      "es_core_news_sm": ["2.0.0"],
      "es_core_news_md": ["2.0.0"],
      "pt_core_news_sm": ["2.0.0"],
      "fr_core_news_sm": ["2.0.0"],
      "fr_core_news_md": ["2.0.0"],
      "it_core_news_sm": ["2.0.0"],
      "nl_core_news_sm": ["2.0.0"],
      "xx_ent_wiki_sm": ["2.0.0"]
    },
    "2.0.12": {
      "en_vectors_web_lg": ["2.0.0"],
      "en_core_web_sm": ["2.0.0"],
      "en_core_web_md": ["2.0.0"],
      "en_core_web_lg": ["2.0.0"],
      "de_core_news_sm": ["2.0.0"],
      "es_core_news_sm": ["2.0.0"],
      "es_core_news_md": ["2.0.0"],
      "pt_core_news_sm": ["2.0.0"],
      "fr_core_news_sm": ["2.0.0"],
      "fr_core_news_md": ["2.0.0"],
      "it_core_news_sm": ["2.0.0"],
      "nl_core_news_sm": ["2.0.0"],
      "xx_ent_wiki_sm": ["2.0.0"]
    },
    "2.0.11": {
      "en_vectors_web_lg": ["2.0.0"],
      "en_core_web_sm": ["2.0.0"],
      "en_core_web_md": ["2.0.0"],
      "en_core_web_lg": ["2.0.0"],
      "de_core_news_sm": ["2.0.0"],
      "es_core_news_sm": ["2.0.0"],
      "es_core_news_md": ["2.0.0"],
      "pt_core_news_sm": ["2.0.0"],
      "fr_core_news_sm": ["2.0.0"],
      "fr_core_news_md": ["2.0.0"],
      "it_core_news_sm": ["2.0.0"],
      "nl_core_news_sm": ["2.0.0"],
      "xx_ent_wiki_sm": ["2.0.0"]
    },
    "2.0.10": {
      "en_vectors_web_lg": ["2.0.0"],
      "en_core_web_sm": ["2.0.0"],
      "en_core_web_md": ["2.0.0"],
      "en_core_web_lg": ["2.0.0"],
      "de_core_news_sm": ["2.0.0"],
      "es_core_news_sm": ["2.0.0"],
      "es_core_news_md": ["2.0.0"],
      "pt_core_news_sm": ["2.0.0"],
      "fr_core_news_sm": ["2.0.0"],
      "fr_core_news_md": ["2.0.0"],
      "it_core_news_sm": ["2.0.0"],
      "nl_core_news_sm": ["2.0.0"],
      "xx_ent_wiki_sm": ["2.0.0"]
    },
    "2.0.9": {
      "en_vectors_web_lg": ["2.0.0"],
      "en_core_web_sm": ["2.0.0"],
      "en_core_web_md": ["2.0.0"],
      "en_core_web_lg": ["2.0.0"],
      "de_core_news_sm": ["2.0.0"],
      "es_core_news_sm": ["2.0.0"],
      "es_core_news_md": ["2.0.0"],
      "pt_core_news_sm": ["2.0.0"],
      "fr_core_news_sm": ["2.0.0"],
      "fr_core_news_md": ["2.0.0"],
      "it_core_news_sm": ["2.0.0"],
      "nl_core_news_sm": ["2.0.0"],
      "xx_ent_wiki_sm": ["2.0.0"]
    },
    "2.0.8": {
      "en_vectors_web_lg": ["2.0.0"],
      "en_core_web_sm": ["2.0.0"],
      "en_core_web_md": ["2.0.0"],
      "en_core_web_lg": ["2.0.0"],
      "de_core_news_sm": ["2.0.0"],
      "es_core_news_sm": ["2.0.0"],
      "es_core_news_md": ["2.0.0"],
      "pt_core_news_sm": ["2.0.0"],
      "fr_core_news_sm": ["2.0.0"],
      "fr_core_news_md": ["2.0.0"],
      "it_core_news_sm": ["2.0.0"],
      "nl_core_news_sm": ["2.0.0"],
      "xx_ent_wiki_sm": ["2.0.0"]
    },
    "2.0.7": {
      "en_vectors_web_lg": ["2.0.0"],
      "en_core_web_sm": ["2.0.0"],
      "en_core_web_md": ["2.0.0"],
      "en_core_web_lg": ["2.0.0"],
      "de_core_news_sm": ["2.0.0"],
      "es_core_news_sm": ["2.0.0"],
      "es_core_news_md": ["2.0.0"],
      "pt_core_news_sm": ["2.0.0"],
      "fr_core_news_sm": ["2.0.0"],
      "fr_core_news_md": ["2.0.0"],
      "it_core_news_sm": ["2.0.0"],
      "nl_core_news_sm": ["2.0.0"],
      "xx_ent_wiki_sm": ["2.0.0"]
    },
    "2.0.6": {
      "en_vectors_web_lg": ["2.0.0"],
      "en_core_web_sm": ["2.0.0"],
      "en_core_web_md": ["2.0.0"],
      "en_core_web_lg": ["2.0.0"],
      "de_core_news_sm": ["2.0.0"],
      "es_core_news_sm": ["2.0.0"],
      "es_core_news_md": ["2.0.0"],
      "pt_core_news_sm": ["2.0.0"],
      "fr_core_news_sm": ["2.0.0"],
      "fr_core_news_md": ["2.0.0"],
      "it_core_news_sm": ["2.0.0"],
      "nl_core_news_sm": ["2.0.0"],
      "xx_ent_wiki_sm": ["2.0.0"]
    },
    "2.0.5": {
      "en_vectors_web_lg": ["2.0.0"],
      "en_core_web_sm": ["2.0.0"],
      "en_core_web_md": ["2.0.0"],
      "en_core_web_lg": ["2.0.0"],
      "de_core_news_sm": ["2.0.0"],
      "es_core_news_sm": ["2.0.0"],
      "es_core_news_md": ["2.0.0"],
      "pt_core_news_sm": ["2.0.0"],
      "fr_core_news_sm": ["2.0.0"],
      "fr_core_news_md": ["2.0.0"],
      "it_core_news_sm": ["2.0.0"],
      "nl_core_news_sm": ["2.0.0"],
      "xx_ent_wiki_sm": ["2.0.0"]
    },
    "2.0.4": {
      "en_vectors_web_lg": ["2.0.0"],
      "en_core_web_sm": ["2.0.0"],
      "en_core_web_md": ["2.0.0"],
      "en_core_web_lg": ["2.0.0"],
      "de_core_news_sm": ["2.0.0"],
      "es_core_news_sm": ["2.0.0"],
      "es_core_news_md": ["2.0.0"],
      "pt_core_news_sm": ["2.0.0"],
      "fr_core_news_sm": ["2.0.0"],
      "fr_core_news_md": ["2.0.0"],
      "it_core_news_sm": ["2.0.0"],
      "nl_core_news_sm": ["2.0.0"],
      "xx_ent_wiki_sm": ["2.0.0"]
    },
    "2.0.3": {
      "en_vectors_web_lg": ["2.0.0"],
      "en_core_web_sm": ["2.0.0"],
      "en_core_web_md": ["2.0.0"],
      "en_core_web_lg": ["2.0.0"],
      "de_core_news_sm": ["2.0.0"],
      "es_core_news_sm": ["2.0.0"],
      "es_core_news_md": ["2.0.0"],
      "pt_core_news_sm": ["2.0.0"],
      "fr_core_news_sm": ["2.0.0"],
      "fr_core_news_md": ["2.0.0"],
      "it_core_news_sm": ["2.0.0"],
      "nl_core_news_sm": ["2.0.0"],
      "xx_ent_wiki_sm": ["2.0.0"]
    },
    "2.0.2": {
      "en_vectors_web_lg": ["2.0.0"],
      "en_core_web_sm": ["2.0.0"],
      "en_core_web_md": ["2.0.0"],
      "en_core_web_lg": ["2.0.0"],
      "de_core_news_sm": ["2.0.0"],
      "es_core_news_sm": ["2.0.0"],
      "es_core_news_md": ["2.0.0"],
      "pt_core_news_sm": ["2.0.0"],
      "fr_core_news_sm": ["2.0.0"],
      "fr_core_news_md": ["2.0.0"],
      "it_core_news_sm": ["2.0.0"],
      "nl_core_news_sm": ["2.0.0"],
      "xx_ent_wiki_sm": ["2.0.0"]
    },
    "2.0.1": {
      "en_vectors_web_lg": ["2.0.0"],
      "en_core_web_sm": ["2.0.0"],
      "en_core_web_md": ["2.0.0"],
      "en_core_web_lg": ["2.0.0"],
      "de_core_news_sm": ["2.0.0"],
      "es_core_news_sm": ["2.0.0"],
      "es_core_news_md": ["2.0.0"],
      "pt_core_news_sm": ["2.0.0"],
      "fr_core_news_sm": ["2.0.0"],
      "fr_core_news_md": ["2.0.0"],
      "it_core_news_sm": ["2.0.0"],
      "nl_core_news_sm": ["2.0.0"],
      "xx_ent_wiki_sm": ["2.0.0"]
    },
    "2.0.0": {
      "en_vectors_web_lg": ["2.0.0"],
      "en_core_web_sm": ["2.0.0"],
      "en_core_web_md": ["2.0.0"],
      "en_core_web_lg": ["2.0.0"],
      "de_core_news_sm": ["2.0.0"],
      "es_core_news_sm": ["2.0.0"],
      "es_core_news_md": ["2.0.0"],
      "pt_core_news_sm": ["2.0.0"],
      "fr_core_news_sm": ["2.0.0"],
      "fr_core_news_md": ["2.0.0"],
      "it_core_news_sm": ["2.0.0"],
      "nl_core_news_sm": ["2.0.0"],
      "xx_ent_wiki_sm": ["2.0.0"]
    },
    "1.10.1": {
      "en_core_web_md": ["1.2.1", "1.2.0"],
      "en_core_web_sm": ["1.2.0"],
      "de_core_news_md": ["1.0.0"],
      "en_depent_web_md": ["1.2.1", "1.2.0"],
      "en_vectors_glove_md": ["1.0.0"],
      "fr_depvec_web_lg": ["1.0.0"],
      "es_core_web_md": ["1.0.0"]
    },
    "1.10.0": {
      "en_core_web_md": ["1.2.1", "1.2.0"],
      "en_core_web_sm": ["1.2.0"],
      "de_core_news_md": ["1.0.0"],
      "en_depent_web_md": ["1.2.1", "1.2.0"],
      "en_vectors_glove_md": ["1.0.0"],
      "fr_depvec_web_lg": ["1.0.0"],
      "es_core_web_md": ["1.0.0"]
    },
    "1.9.0": {
      "en_core_web_md": ["1.2.1", "1.2.0"],
      "en_core_web_sm": ["1.2.0"],
      "de_core_news_md": ["1.0.0"],
      "en_depent_web_md": ["1.2.1", "1.2.0"],
      "en_vectors_glove_md": ["1.0.0"],
      "fr_depvec_web_lg": ["1.0.0"],
      "es_core_web_md": ["1.0.0"]
    },
    "1.8.2": {
      "en_core_web_md": ["1.2.1", "1.2.0"],
      "en_core_web_sm": ["1.2.0"],
      "de_core_news_md": ["1.0.0"],
      "en_depent_web_md": ["1.2.1", "1.2.0"],
      "en_vectors_glove_md": ["1.0.0"],
      "fr_depvec_web_lg": ["1.0.0"],
      "es_core_web_md": ["1.0.0"]
    },
    "1.8.1": {
      "en_core_web_md": ["1.2.1", "1.2.0"],
      "en_core_web_sm": ["1.2.0"],
      "de_core_news_md": ["1.0.0"],
      "en_depent_web_md": ["1.2.1", "1.2.0"],
      "en_vectors_glove_md": ["1.0.0"],
      "fr_depvec_web_lg": ["1.0.0"],
      "es_core_web_md": ["1.0.0"]
    },
    "1.8.0": {
      "en_core_web_md": ["1.2.1", "1.2.0"],
      "en_core_web_sm": ["1.2.0"],
      "de_core_news_md": ["1.0.0"],
      "en_depent_web_md": ["1.2.1", "1.2.0"],
      "en_vectors_glove_md": ["1.0.0"],
      "fr_depvec_web_lg": ["1.0.0"],
      "es_core_web_md": ["1.0.0"]
    },
    "1.7.5": {
      "en_core_web_md": ["1.2.1", "1.2.0"],
      "en_core_web_sm": ["1.2.0"],
      "de_core_news_md": ["1.0.0"],
      "en_depent_web_md": ["1.2.1", "1.2.0"],
      "en_vectors_glove_md": ["1.0.0"],
      "fr_depvec_web_lg": ["1.0.0"]
    },
    "1.7.3": {
      "en_core_web_md": ["1.2.1", "1.2.0"],
      "en_core_web_sm": ["1.2.0"],
      "de_core_news_md": ["1.0.0"],
      "en_depent_web_md": ["1.2.1", "1.2.0"],
      "en_vectors_glove_md": ["1.0.0"],
      "fr_depvec_web_lg": ["1.0.0"]
    },
    "1.7.2": {
      "en_core_web_md": ["1.2.1", "1.2.0"],
      "en_core_web_sm": ["1.2.0"],
      "de_core_news_md": ["1.0.0"],
      "en_depent_web_md": ["1.2.1", "1.2.0"],
      "en_vectors_glove_md": ["1.0.0"],
      "fr_depvec_web_lg": ["1.0.0"]
    },
    "1.7.1": {
      "en_core_web_md": ["1.2.1", "1.2.0"],
      "en_core_web_sm": ["1.2.0"],
      "de_core_news_md": ["1.0.0"],
      "en_depent_web_md": ["1.2.1", "1.2.0"],
      "en_vectors_glove_md": ["1.0.0"],
      "fr_depvec_web_lg": ["1.0.0"]
    },
    "1.7.0": {
      "en_core_web_md": ["1.2.1", "1.2.0"],
      "en_core_web_sm": ["1.2.0"],
      "de_core_news_md": ["1.0.0"],
      "en_depent_web_md": ["1.2.1", "1.2.0"],
      "en_vectors_glove_md": ["1.0.0"],
      "fr_depvec_web_lg": ["1.0.0"]
    },
    "1.6.0": {
      "en_core_web_md": ["1.1.0"],
      "de_core_news_md": ["1.0.0"],
      "en_vectors_glove_md": ["1.0.0"]
    },
    "1.5.1": {
      "en_core_web_md": ["1.1.0"],
      "de_core_news_md": ["1.0.0"],
      "en_vectors_glove_md": ["1.0.0"]
    },
    "1.5.0": {
      "en_core_web_md": ["1.1.0"],
      "de_core_news_md": ["1.0.0"],
      "en_vectors_glove_md": ["1.0.0"]
    },
    "1.4.0": {
      "en_core_web_md": ["1.1.0"],
      "de_core_news_md": ["1.0.0"],
      "en_vectors_glove_md": ["1.0.0"]
    },
    "1.3.0": {
      "en_core_web_md": ["1.1.0"],
      "de_core_news_md": ["1.0.0"],
      "en_vectors_glove_md": ["1.0.0"]
    },
    "1.2.0": {
      "en_core_web_md": ["1.1.0"],
      "de_core_news_md": ["1.0.0"],
      "en_vectors_glove_md": ["1.0.0"]
    },
    "1.1.3": {
      "en_core_web_md": ["1.1.0"],
      "de_core_news_md": ["1.0.0"],
      "en_vectors_glove_md": ["1.0.0"]
    },
    "1.1.2": {
      "en_core_web_md": ["1.1.0"],
      "de_core_news_md": ["1.0.0"],
      "en_vectors_glove_md": ["1.0.0"]
    },
    "1.1.1": {
      "en_core_web_md": ["1.1.0"],
      "de_core_news_md": ["1.0.0"],
      "en_vectors_glove_md": ["1.0.0"]
    },
    "1.1.0": {
      "en_core_web_md": ["1.1.0"],
      "de_core_news_md": ["1.0.0"],
      "en_vectors_glove_md": ["1.0.0"]
    },
    "1.0.5": {
      "en_core_web_md": ["1.1.0"],
      "de_core_news_md": ["1.0.0"],
      "en_vectors_glove_md": ["1.0.0"]
    },
    "1.0.4": {
      "en_core_web_md": ["1.1.0"],
      "de_core_news_md": ["1.0.0"],
      "en_vectors_glove_md": ["1.0.0"]
    },
    "1.0.3": {
      "en_core_web_md": ["1.1.0"],
      "de_core_news_md": ["1.0.0"],
      "en_vectors_glove_md": ["1.0.0"]
    },
    "1.0.2": {
      "en_core_web_md": ["1.1.0"],
      "de_core_news_md": ["1.0.0"],
      "en_vectors_glove_md": ["1.0.0"]
    },
    "1.0.1": {
      "en_core_web_md": ["1.1.0"],
      "de_core_news_md": ["1.0.0"],
      "en_vectors_glove_md": ["1.0.0"]
    },
    "1.0.0": {
      "en_core_web_md": ["1.1.0"],
      "de_core_news_md": ["1.0.0"],
      "en_vectors_glove_md": ["1.0.0"]
    },
    "0.101.0": {
      "en_core_web_md": ["1.1.0"],
      "de_core_news_md": ["1.0.0"],
      "en_vectors_glove_md": ["1.0.0"]
    },
    "2.1.0a13": {
      "en_vectors_web_lg": ["2.1.0a0"],
      "en_core_web_sm": ["2.1.0a7"],
      "en_core_web_md": ["2.1.0a7"],
      "en_core_web_lg": ["2.1.0a7"],
      "de_core_news_sm": ["2.1.0a7"],
      "de_core_news_md": ["2.1.0a7"],
      "es_core_news_sm": ["2.1.0a7"],
      "es_core_news_md": ["2.1.0a7"],
      "pt_core_news_sm": ["2.1.0a7"],
      "fr_core_news_sm": ["2.1.0a7"],
      "fr_core_news_md": ["2.1.0a7"],
      "el_core_news_sm": ["2.1.0a7"],
      "el_core_news_md": ["2.1.0a7"],
      "it_core_news_sm": ["2.1.0a7"],
      "nl_core_news_sm": ["2.1.0a7"],
      "xx_ent_wiki_sm": ["2.1.0a7"]
    },
    "2.1.0a12": {
      "en_vectors_web_lg": ["2.1.0a0"],
      "en_core_web_sm": ["2.1.0a7"],
      "en_core_web_md": ["2.1.0a7"],
      "en_core_web_lg": ["2.1.0a7"],
      "de_core_news_sm": ["2.1.0a7"],
      "de_core_news_md": ["2.1.0a7"],
      "es_core_news_sm": ["2.1.0a7"],
      "es_core_news_md": ["2.1.0a7"],
      "pt_core_news_sm": ["2.1.0a7"],
      "fr_core_news_sm": ["2.1.0a7"],
      "fr_core_news_md": ["2.1.0a7"],
      "el_core_news_sm": ["2.1.0a7"],
      "el_core_news_md": ["2.1.0a7"],
      "it_core_news_sm": ["2.1.0a7"],
      "nl_core_news_sm": ["2.1.0a7"],
      "xx_ent_wiki_sm": ["2.1.0a7"]
    },
    "2.1.0a11": {
      "en_vectors_web_lg": ["2.1.0a0"],
      "en_core_web_sm": ["2.1.0a7"],
      "en_core_web_md": ["2.1.0a7"],
      "en_core_web_lg": ["2.1.0a7"],
      "de_core_news_sm": ["2.1.0a7"],
      "de_core_news_md": ["2.1.0a7"],
      "es_core_news_sm": ["2.1.0a7"],
      "es_core_news_md": ["2.1.0a7"],
      "pt_core_news_sm": ["2.1.0a7"],
      "fr_core_news_sm": ["2.1.0a7"],
      "fr_core_news_md": ["2.1.0a7"],
      "el_core_news_sm": ["2.1.0a7"],
      "el_core_news_md": ["2.1.0a7"],
      "it_core_news_sm": ["2.1.0a7"],
      "nl_core_news_sm": ["2.1.0a7"],
      "xx_ent_wiki_sm": ["2.1.0a7"]
    },
    "2.1.0a10": {
      "en_vectors_web_lg": ["2.1.0a0"],
      "en_core_web_sm": ["2.1.0a7"],
      "en_core_web_md": ["2.1.0a7"],
      "en_core_web_lg": ["2.1.0a7"],
      "de_core_news_sm": ["2.1.0a7"],
      "de_core_news_md": ["2.1.0a7"],
      "es_core_news_sm": ["2.1.0a7"],
      "es_core_news_md": ["2.1.0a7"],
      "pt_core_news_sm": ["2.1.0a7"],
      "fr_core_news_sm": ["2.1.0a7"],
      "fr_core_news_md": ["2.1.0a7"],
      "el_core_news_sm": ["2.1.0a7"],
      "el_core_news_md": ["2.1.0a7"],
      "it_core_news_sm": ["2.1.0a7"],
      "nl_core_news_sm": ["2.1.0a7"],
      "xx_ent_wiki_sm": ["2.1.0a7"]
    },
    "2.1.0a9": {
      "en_vectors_web_lg": ["2.1.0a0"],
      "en_core_web_sm": ["2.1.0a7"],
      "en_core_web_md": ["2.1.0a7"],
      "en_core_web_lg": ["2.1.0a7"],
      "de_core_news_sm": ["2.1.0a7"],
      "de_core_news_md": ["2.1.0a7"],
      "es_core_news_sm": ["2.1.0a7"],
      "es_core_news_md": ["2.1.0a7"],
      "pt_core_news_sm": ["2.1.0a7"],
      "fr_core_news_sm": ["2.1.0a7"],
      "fr_core_news_md": ["2.1.0a7"],
      "el_core_news_sm": ["2.1.0a7"],
      "el_core_news_md": ["2.1.0a7"],
      "it_core_news_sm": ["2.1.0a7"],
      "nl_core_news_sm": ["2.1.0a7"],
      "xx_ent_wiki_sm": ["2.1.0a7"]
    },
    "2.1.0a8": {
      "en_vectors_web_lg": ["2.1.0a0"],
      "en_core_web_sm": ["2.1.0a7"],
      "en_core_web_md": ["2.1.0a7"],
      "en_core_web_lg": ["2.1.0a7"],
      "de_core_news_sm": ["2.1.0a7"],
      "de_core_news_md": ["2.1.0a7"],
      "es_core_news_sm": ["2.1.0a7"],
      "es_core_news_md": ["2.1.0a7"],
      "pt_core_news_sm": ["2.1.0a7"],
      "fr_core_news_sm": ["2.1.0a7"],
      "fr_core_news_md": ["2.1.0a7"],
      "el_core_news_sm": ["2.1.0a7"],
      "el_core_news_md": ["2.1.0a7"],
      "it_core_news_sm": ["2.1.0a7"],
      "nl_core_news_sm": ["2.1.0a7"],
      "xx_ent_wiki_sm": ["2.1.0a7"]
    },
    "2.1.0a7": {
      "en_vectors_web_lg": ["2.1.0a0"],
      "en_core_web_sm": ["2.1.0a7"],
      "en_core_web_md": ["2.1.0a7"],
      "en_core_web_lg": ["2.1.0a7"],
      "de_core_news_sm": ["2.1.0a7"],
      "de_core_news_md": ["2.1.0a7"],
      "es_core_news_sm": ["2.1.0a7"],
      "es_core_news_md": ["2.1.0a7"],
      "pt_core_news_sm": ["2.1.0a7"],
      "fr_core_news_sm": ["2.1.0a7"],
      "fr_core_news_md": ["2.1.0a7"],
      "el_core_news_sm": ["2.1.0a7"],
      "el_core_news_md": ["2.1.0a7"],
      "it_core_news_sm": ["2.1.0a7"],
      "nl_core_news_sm": ["2.1.0a7"],
      "xx_ent_wiki_sm": ["2.1.0a7"]
    },
    "2.1.0a6": {
      "en_vectors_web_lg": ["2.0.0"],
      "en_core_web_sm": ["2.1.0a5", "2.1.0a6"],
      "en_core_web_md": ["2.1.0a5", "2.1.0a6"],
      "en_core_web_lg": ["2.1.0a5", "2.1.0a6"],
      "de_core_news_sm": ["2.1.0a5", "2.1.0a6"],
      "de_core_news_md": ["2.1.0a5", "2.1.0a6"],
      "es_core_news_sm": ["2.1.0a5", "2.1.0a6"],
      "es_core_news_md": ["2.1.0a5", "2.1.0a6"],
      "pt_core_news_sm": ["2.1.0a5", "2.1.0a6"],
      "fr_core_news_sm": ["2.1.0a5", "2.1.0a6"],
      "fr_core_news_md": ["2.1.0a5", "2.1.0a6"],
      "el_core_news_sm": ["2.1.0a5", "2.1.0a6"],
      "el_core_news_md": ["2.1.0a5", "2.1.0a6"],
      "it_core_news_sm": ["2.1.0a5", "2.1.0a6"],
      "nl_core_news_sm": ["2.1.0a5", "2.1.0a6"],
      "xx_ent_wiki_sm": ["2.1.0a5", "2.1.0a6"]
    },
    "2.1.0a5": {
      "en_vectors_web_lg": ["2.0.0"],
      "en_core_web_sm": ["2.1.0a5"],
      "en_core_web_md": ["2.1.0a5"],
      "en_core_web_lg": ["2.1.0a5"],
      "de_core_news_sm": ["2.1.0a5"],
      "de_core_news_md": ["2.1.0a5"],
      "es_core_news_sm": ["2.1.0a5"],
      "es_core_news_md": ["2.1.0a5"],
      "pt_core_news_sm": ["2.1.0a5"],
      "fr_core_news_sm": ["2.1.0a5"],
      "fr_core_news_md": ["2.1.0a5"],
      "el_core_news_sm": ["2.1.0a5"],
      "el_core_news_md": ["2.1.0a5"],
      "it_core_news_sm": ["2.1.0a5"],
      "nl_core_news_sm": ["2.1.0a5"],
      "xx_ent_wiki_sm": ["2.1.0a5"]
    },
    "2.1.0a4": {
      "en_vectors_web_lg": ["2.0.0"],
      "en_core_web_sm": ["2.1.0a5"],
      "en_core_web_md": ["2.1.0a5"],
      "en_core_web_lg": ["2.1.0a5"],
      "de_core_news_sm": ["2.1.0a5"],
      "de_core_news_md": ["2.1.0a5"],
      "es_core_news_sm": ["2.1.0a5"],
      "es_core_news_md": ["2.1.0a5"],
      "pt_core_news_sm": ["2.1.0a5"],
      "fr_core_news_sm": ["2.1.0a5"],
      "fr_core_news_md": ["2.1.0a5"],
      "el_core_news_sm": ["2.1.0a5"],
      "el_core_news_md": ["2.1.0a5"],
      "it_core_news_sm": ["2.1.0a5"],
      "nl_core_news_sm": ["2.1.0a5"],
      "xx_ent_wiki_sm": ["2.1.0a5"]
    },
    "2.1.0a3": {
      "en_vectors_web_lg": ["2.0.0"],
      "en_core_web_sm": ["2.1.0a4"],
      "en_core_web_md": ["2.1.0a4"],
      "en_core_web_lg": ["2.1.0a4"],
      "de_core_news_sm": ["2.1.0a4"],
      "de_core_news_md": ["2.1.0a4"],
      "es_core_news_sm": ["2.1.0a4"],
      "es_core_news_md": ["2.1.0a4"],
      "pt_core_news_sm": ["2.1.0a4"],
      "fr_core_news_sm": ["2.1.0a4"],
      "fr_core_news_md": ["2.1.0a4"],
      "el_core_news_sm": ["2.1.0a4"],
      "el_core_news_md": ["2.1.0a4"],
      "it_core_news_sm": ["2.1.0a4"],
      "nl_core_news_sm": ["2.1.0a4"],
      "xx_ent_wiki_sm": ["2.1.0a4"]
    },
    "2.1.0a2": {
      "en_vectors_web_lg": ["2.0.0"],
      "en_core_web_sm": ["2.1.0a0"],
      "en_core_web_md": ["2.1.0a0"],
      "en_core_web_lg": ["2.1.0a0"],
      "de_core_news_sm": ["2.1.0a0"],
      "de_core_news_md": ["2.1.0a0"],
      "es_core_news_sm": ["2.1.0a0"],
      "es_core_news_md": ["2.1.0a0"],
      "pt_core_news_sm": ["2.1.0a0"],
      "fr_core_news_sm": ["2.1.0a0"],
      "fr_core_news_md": ["2.1.0a0"],
      "el_core_news_sm": ["2.1.0a0"],
      "el_core_news_md": ["2.1.0a0"],
      "it_core_news_sm": ["2.1.0a0"],
      "nl_core_news_sm": ["2.1.0a0"],
      "xx_ent_wiki_sm": ["2.1.0a0"]
    },
    "2.1.0a1": {
      "en_vectors_web_lg": ["2.0.0"],
      "en_core_web_sm": ["2.1.0a0"],
      "en_core_web_md": ["2.1.0a0"],
      "en_core_web_lg": ["2.1.0a0"],
      "de_core_news_sm": ["2.1.0a0"],
      "de_core_news_md": ["2.1.0a0"],
      "es_core_news_sm": ["2.1.0a0"],
      "es_core_news_md": ["2.1.0a0"],
      "pt_core_news_sm": ["2.1.0a0"],
      "fr_core_news_sm": ["2.1.0a0"],
      "fr_core_news_md": ["2.1.0a0"],
      "el_core_news_sm": ["2.1.0a0"],
      "el_core_news_md": ["2.1.0a0"],
      "it_core_news_sm": ["2.1.0a0"],
      "nl_core_news_sm": ["2.1.0a0"],
      "xx_ent_wiki_sm": ["2.1.0a0"]
    },
    "2.1.0a0": {
      "en_vectors_web_lg": ["2.0.0"],
      "en_core_web_sm": ["2.1.0a0"],
      "en_core_web_md": ["2.1.0a0"],
      "en_core_web_lg": ["2.1.0a0"],
      "de_core_news_sm": ["2.1.0a0"],
      "de_core_news_md": ["2.1.0a0"],
      "es_core_news_sm": ["2.1.0a0"],
      "es_core_news_md": ["2.1.0a0"],
      "pt_core_news_sm": ["2.1.0a0"],
      "fr_core_news_sm": ["2.1.0a0"],
      "fr_core_news_md": ["2.1.0a0"],
      "it_core_news_sm": ["2.1.0a0"],
      "nl_core_news_sm": ["2.1.0a0"],
      "xx_ent_wiki_sm": ["2.1.0a0"]
    },
    "2.0.1.dev0": {
      "en_vectors_web_lg": ["2.0.0"],
      "en_core_web_sm": ["2.0.0"],
      "en_core_web_md": ["2.0.0"],
      "en_core_web_lg": ["2.0.0"],
      "de_core_news_sm": ["2.0.0"],
      "es_core_news_sm": ["2.0.0"],
      "es_core_news_md": ["2.0.0"],
      "pt_core_news_sm": ["2.0.0"],
      "fr_core_news_sm": ["2.0.0"],
      "fr_core_news_md": ["2.0.0"],
      "it_core_news_sm": ["2.0.0"],
      "nl_core_news_sm": ["2.0.0"],
      "xx_ent_wiki_sm": ["2.0.0"]
    },
    "2.0.0rc2": {
      "en_core_web_sm": ["2.0.0a8"],
      "en_core_web_lg": ["2.0.0a3"],
      "en_vectors_web_lg": ["2.0.0-alpha"],
      "de_core_news_sm": ["2.0.0a0"],
      "es_core_news_sm": ["2.0.0a0"],
      "es_core_news_md": ["2.0.0a0"],
      "pt_core_news_sm": ["2.0.0a0"],
      "fr_core_news_sm": ["2.0.0a1"],
      "it_core_news_sm": ["2.0.0a1"],
      "nl_core_news_sm": ["2.0.0a0"],
      "xx_ent_wiki_sm": ["2.0.0a3"]
    },
    "2.0.0rc1": {
      "en_core_web_sm": ["2.0.0a8"],
      "en_core_web_lg": ["2.0.0a3"],
      "en_vectors_web_lg": ["2.0.0-alpha"],
      "de_core_news_sm": ["2.0.0a0"],
      "es_core_news_sm": ["2.0.0a0"],
      "es_core_news_md": ["2.0.0a0"],
      "pt_core_news_sm": ["2.0.0a0"],
      "fr_core_news_sm": ["2.0.0a1"],
      "it_core_news_sm": ["2.0.0a1"],
      "nl_core_news_sm": ["2.0.0a0"],
      "xx_ent_wiki_sm": ["2.0.0a3"]
    },
    "2.0.0a19": {
      "en_core_web_sm": ["2.0.0a8"],
      "en_core_web_lg": ["2.0.0a3"],
      "en_vectors_web_lg": ["2.0.0-alpha"],
      "de_core_news_sm": ["2.0.0a0"],
      "es_core_news_sm": ["2.0.0a0"],
      "es_core_news_md": ["2.0.0a0"],
      "pt_core_news_sm": ["2.0.0a0"],
      "fr_core_news_sm": ["2.0.0a1"],
      "it_core_news_sm": ["2.0.0a1"],
      "nl_core_news_sm": ["2.0.0a0"],
      "xx_ent_wiki_sm": ["2.0.0a3"]
    },
    "2.0.0a18": {
      "en_core_web_sm": ["2.0.0a8"],
      "en_core_web_lg": ["2.0.0a3"],
      "en_vectors_web_lg": ["2.0.0-alpha"],
      "de_core_news_sm": ["2.0.0a0"],
      "es_core_news_sm": ["2.0.0a0"],
      "es_core_news_md": ["2.0.0a0"],
      "fr_core_news_sm": ["2.0.0a1"],
      "it_core_news_sm": ["2.0.0a1"],
      "nl_core_news_sm": ["2.0.0a0"],
      "xx_ent_wiki_sm": ["2.0.0a3"]
    },
    "2.0.0a17": {
      "en_core_web_sm": ["2.0.0a7", "2.0.0a6"],
      "en_core_web_lg": ["2.0.0a2", "2.0.0a1"],
      "en_vectors_web_lg": ["2.0.0-alpha"],
      "de_dep_news_sm": ["2.0.0a1"],
      "es_core_web_sm": ["2.0.0a1"],
      "xx_ent_wiki_sm": ["2.0.0a2"]
    },
    "2.0.0a16": {
      "en_core_web_sm": ["2.0.0a5"],
      "en_core_web_lg": ["2.0.0a0"],
      "en_vectors_web_lg": ["2.0.0-alpha"],
      "de_dep_news_sm": ["2.0.0a0"],
      "es_core_web_sm": ["2.0.0a0"],
      "xx_ent_wiki_sm": ["2.0.0a1"]
    },
    "2.0.0a15": {
      "en_core_web_sm": ["2.0.0a5"],
      "en_core_web_lg": ["2.0.0a0"],
      "en_vectors_web_lg": ["2.0.0-alpha"],
      "de_dep_news_sm": ["2.0.0a0"],
      "es_core_web_sm": ["2.0.0a0"],
      "xx_ent_wiki_sm": ["2.0.0a1"]
    },
    "2.0.0a14": {
      "en_core_web_sm": ["2.0.0-alpha4"],
      "en_vectors_web_lg": ["2.0.0-alpha"]
    },
    "2.0.0a13": {
      "en_core_web_sm": ["2.0.0-alpha3"],
      "en_vectors_web_lg": ["2.0.0-alpha"]
    },
    "2.0.0a12": {
      "en_vectors_web_lg": ["2.0.0-alpha"]
    },
    "2.0.0a11": {
      "en_core_web_sm": ["2.0.0-alpha2"],
      "en_vectors_web_lg": ["2.0.0-alpha"]
    },
    "2.0.0a10": {
      "en_core_web_sm": ["2.0.0-alpha1"],
      "en_vectors_web_lg": ["2.0.0-alpha"]
    },
    "2.0.0a9": {
      "en_core_web_sm": ["2.0.0-alpha"],
      "xx_ent_wiki_sm": ["2.0.0-alpha"]
    },
    "2.0.0a8": {
      "en_core_web_sm": ["2.0.0-alpha"],
      "xx_ent_wiki_sm": ["2.0.0-alpha"]
    },
    "2.0.0a7": {
      "en_core_web_sm": ["2.0.0-alpha"],
      "xx_ent_wiki_sm": ["2.0.0-alpha"]
    },
    "2.0.0a6": {
      "en_core_web_sm": ["2.0.0-alpha"],
      "xx_ent_wiki_sm": ["2.0.0-alpha"]
    },
    "2.0.0a5": {
      "en_core_web_sm": ["2.0.0-alpha"],
      "xx_ent_wiki_sm": ["2.0.0-alpha"]
    },
    "2.0.0a4": {
      "en_core_web_sm": ["2.0.0-alpha"],
      "xx_ent_wiki_sm": ["2.0.0-alpha"]
    },
    "2.0.0a3": {
      "en_core_web_sm": ["2.0.0-alpha"],
      "xx_ent_wiki_sm": ["2.0.0-alpha"]
    },
    "2.0.0a2": {
      "en_core_web_sm": ["2.0.0-alpha"],
      "xx_ent_wiki_sm": ["2.0.0-alpha"]
    },
    "2.0.0a1": {
      "en_core_web_sm": ["2.0.0-alpha"],
      "xx_ent_wiki_sm": ["2.0.0-alpha"]
    },
    "2.0.0a0": {
      "en_core_web_sm": ["2.0.0-alpha"],
      "xx_ent_wiki_sm": ["2.0.0-alpha"]
    }
  }
}
